时间_s,表面温度_C,表面含水率,环境温度_C,蒸发质量通量_kg_m-2_s,潜热通量_W_m-2,对流通量_W_m-2,净热通量_W_m-2
0.0000,28.0000,2.5500,28.0000,0.0000,0.0000,0.0000,0.0000
1.0000,25.5769,2.5270,28.0088,0.0013,3129.2112,60.7974,-3068.4137
2.0000,24.3720,2.5113,28.0176,0.0013,3109.6091,91.1388,-3018.4703
3.0000,23.4871,2.4992,28.0264,0.0013,3094.4361,113.4816,-2980.9545
4.0000,22.7598,2.4890,28.0352,0.0013,3081.7218,131.8862,-2949.8356
5.0000,22.1304,2.4800,28.0440,0.0013,3070.5349,147.8388,-2922.6961
6.0000,21.5697,2.4719,28.0528,0.0013,3060.3883,162.0774,-2898.3110
7.0000,21.0604,2.4644,28.0616,0.0013,3051.0022,175.0308,-2875.9713
8.0000,20.5914,2.4573,28.0704,0.0013,3042.2020,186.9745,-2855.2275
9.0000,20.1553,2.4507,28.0792,0.0013,3033.8715,198.0975,-2835.7740
10.0000,19.7465,2.4443,28.0880,0.0013,3025.9287,208.5364,-2817.3923
11.0000,19.3611,2.4382,28.0968,0.0013,3018.3134,218.3936,-2799.9198
12.0000,18.9957,2.4324,28.1056,0.0013,3010.9795,227.7481,-2783.2314
13.0000,18.6479,2.4267,28.1144,0.0013,3003.8913,236.6626,-2767.2287
14.0000,18.3157,2.4212,28.1232,0.0012,2997.0199,245.1876,-2751.8323
15.0000,17.9974,2.4158,28.1320,0.0012,2990.3418,253.3647,-2736.9771
16.0000,17.6917,2.4106,28.1408,0.0012,2983.8376,261.2285,-2722.6091
17.0000,17.3973,2.4056,28.1496,0.0012,2977.4909,268.8082,-2708.6827
18.0000,17.1132,2.4006,28.1584,0.0012,2971.2880,276.1289,-2695.1591
19.0000,16.8387,2.3957,28.1672,0.0012,2965.2168,283.2118,-2682.0050
20.0000,16.5730,2.3910,28.1760,0.0012,2959.2671,290.0758,-2669.1913
21.0000,16.3153,2.3863,28.1848,0.0012,2953.4298,296.7370,-2656.6928
22.0000,16.0652,2.3817,28.1936,0.0012,2947.6972,303.2100,-2644.4872
23.0000,15.8221,2.3772,28.2024,0.0012,2942.0621,309.5074,-2632.5547
24.0000,15.5856,2.3728,28.2112,0.0012,2936.5184,315.6406,-2620.8778
25.0000,15.3552,2.3684,28.2200,0.0012,2931.0605,321.6198,-2609.4407
26.0000,15.1306,2.3641,28.2288,0.0012,2925.6835,327.4543,-2598.2292
27.0000,14.9115,2.3599,28.2376,0.0012,2920.3827,333.1521,-2587.2306
28.0000,14.6976,2.3557,28.2464,0.0012,2915.1542,338.7210,-2576.4332
29.0000,14.4885,2.3515,28.2552,0.0012,2909.9942,344.1678,-2565.8264
30.0000,14.2841,2.3475,28.2640,0.0012,2904.8993,349.4986,-2555.4007
31.0000,14.0840,2.3434,28.2728,0.0012,2899.8665,354.7193,-2545.1471
32.0000,13.8882,2.3395,28.2816,0.0012,2894.8928,359.8352,-2535.0576
33.0000,13.6964,2.3355,28.2904,0.0012,2889.9757,364.8511,-2525.1246
34.0000,13.5083,2.3316,28.2992,0.0012,2885.1127,369.7716,-2515.3411
35.0000,13.3240,2.3278,28.3080,0.0012,2880.3016,374.6007,-2505.7009
36.0000,13.1431,2.3240,28.3168,0.0012,2875.5403,379.3424,-2496.1978
37.0000,12.9656,2.3202,28.3256,0.0012,2870.8269,384.0004,-2486.8265
38.0000,12.7913,2.3165,28.3344,0.0012,2866.1595,388.5779,-2477.5816
39.0000,12.6201,2.3128,28.3432,0.0012,2861.5366,393.0781,-2468.4585
40.0000,12.4518,2.3091,28.3520,0.0012,2856.9564,397.5040,-2459.4524
41.0000,12.2865,2.3055,28.3608,0.0012,2852.4176,401.8583,-2450.5593
42.0000,12.1239,2.3019,28.3696,0.0012,2847.9188,406.1436,-2441.7752
43.0000,11.9639,2.2983,28.3784,0.0012,2843.4586,410.3624,-2433.0962
44.0000,11.8065,2.2948,28.3872,0.0012,2839.0359,414.5170,-2424.5189
45.0000,11.6516,2.2913,28.3960,0.0012,2834.6495,418.6095,-2416.0400
46.0000,11.4991,2.2878,28.4048,0.0012,2830.2983,422.6420,-2407.6563
47.0000,11.3489,2.2843,28.4136,0.0012,2825.9812,426.6164,-2399.3648
48.0000,11.2010,2.2809,28.4224,0.0012,2821.6974,430.5346,-2391.1627
49.0000,11.0553,2.2775,28.4312,0.0012,2817.4458,434.3984,-2383.0474
50.0000,10.9116,2.2741,28.4400,0.0012,2813.2256,438.2092,-2375.0164
51.0000,10.7700,2.2708,28.4488,0.0012,2809.0360,441.9689,-2367.0672
52.0000,10.6305,2.2675,28.4576,0.0012,2804.8762,445.6787,-2359.1975
53.0000,10.4928,2.2642,28.4664,0.0012,2800.7455,449.3403,-2351.4052
54.0000,10.3570,2.2609,28.4752,0.0012,2796.6430,452.9548,-2343.6882
55.0000,10.2231,2.2576,28.4840,0.0012,2792.5682,456.5237,-2336.0445
56.0000,10.0909,2.2544,28.4928,0.0012,2788.5203,460.0481,-2328.4722
57.0000,9.9604,2.2512,28.5016,0.0012,2784.4988,463.5293,-2320.9695
58.0000,9.8317,2.2480,28.5104,0.0012,2780.5031,466.9683,-2313.5348
59.0000,9.7045,2.2448,28.5192,0.0012,2776.5326,470.3663,-2306.1663
60.0000,9.5790,2.2416,28.5280,0.0012,2772.5868,473.7243,-2298.8624
61.0000,9.4551,2.2385,28.5391,0.0012,2768.6626,477.0988,-2291.5638
62.0000,9.3327,2.2354,28.5501,0.0012,2764.7622,480.4346,-2284.3276
63.0000,9.2119,2.2323,28.5612,0.0012,2760.8850,483.7329,-2277.1522
64.0000,9.0925,2.2292,28.5723,0.0011,2757.0306,486.9945,-2270.0361
65.0000,8.9745,2.2262,28.5833,0.0011,2753.1986,490.2204,-2262.9782
66.0000,8.8579,2.2231,28.5944,0.0011,2749.3884,493.4114,-2255.9770
67.0000,8.7427,2.2201,28.6055,0.0011,2745.5997,496.5684,-2249.0313
68.0000,8.6289,2.2171,28.6165,0.0011,2741.8322,499.6921,-2242.1401
69.0000,8.5163,2.2141,28.6276,0.0011,2738.0853,502.7832,-2235.3021
70.0000,8.4050,2.2111,28.6387,0.0011,2734.3588,505.8425,-2228.5163
71.0000,8.2949,2.2081,28.6497,0.0011,2730.6523,508.8706,-2221.7816
72.0000,8.1861,2.2052,28.6608,0.0011,2726.9654,511.8683,-2215.0971
73.0000,8.0784,2.2023,28.6719,0.0011,2723.2979,514.8361,-2208.4618
74.0000,7.9719,2.1993,28.6829,0.0011,2719.6493,517.7747,-2201.8746
75.0000,7.8666,2.1964,28.6940,0.0011,2716.0195,520.6846,-2195.3348
76.0000,7.7624,2.1936,28.7051,0.0011,2712.4080,523.5665,-2188.8415
77.0000,7.6593,2.1907,28.7161,0.0011,2708.8147,526.4209,-2182.3938
78.0000,7.5573,2.1878,28.7272,0.0011,2705.2392,529.2484,-2175.9908
79.0000,7.4563,2.1850,28.7383,0.0011,2701.6812,532.0494,-2169.6319
80.0000,7.3564,2.1822,28.7493,0.0011,2698.1406,534.8244,-2163.3162
81.0000,7.2574,2.1793,28.7604,0.0011,2694.6170,537.5740,-2157.0430
82.0000,7.1595,2.1765,28.7715,0.0011,2691.1102,540.2986,-2150.8115
83.0000,7.0626,2.1738,28.7825,0.0011,2687.6199,542.9988,-2144.6212
84.0000,6.9666,2.1710,28.7936,0.0011,2684.1460,545.6748,-2138.4712
85.0000,6.8716,2.1682,28.8047,0.0011,2680.6882,548.3272,-2132.3610
86.0000,6.7775,2.1655,28.8157,0.0011,2677.2463,550.9564,-2126.2899
87.0000,6.6843,2.1627,28.8268,0.0011,2673.8201,553.5628,-2120.2572
88.0000,6.5920,2.1600,28.8379,0.0011,2670.4093,556.1468,-2114.2625
89.0000,6.5006,2.1573,28.8489,0.0011,2667.0138,558.7088,-2108.3050
90.0000,6.4100,2.1546,28.8600,0.0011,2663.6334,561.2491,-2102.3843
91.0000,6.3203,2.1519,28.8711,0.0011,2660.2678,563.7681,-2096.4997
92.0000,6.2315,2.1492,28.8821,0.0011,2656.9170,566.2662,-2090.6508
93.0000,6.1435,2.1466,28.8932,0.0011,2653.5807,568.7437,-2084.8370
94.0000,6.0562,2.1439,28.9043,0.0011,2650.2587,571.2009,-2079.0578
95.0000,5.9698,2.1413,28.9153,0.0011,2646.9509,573.6383,-2073.3126
96.0000,5.8842,2.1386,28.9264,0.0011,2643.6571,576.0560,-2067.6011
97.0000,5.7993,2.1360,28.9375,0.0011,2640.3772,578.4544,-2061.9228
98.0000,5.7152,2.1334,28.9485,0.0011,2637.1109,580.8338,-2056.2771
99.0000,5.6318,2.1308,28.9596,0.0011,2633.8582,583.1946,-2050.6637
100.0000,5.5492,2.1282,28.9707,0.0011,2630.6189,585.5369,-2045.0821
101.0000,5.4673,2.1257,28.9817,0.0011,2627.3929,587.8611,-2039.5318
102.0000,5.3861,2.1231,28.9928,0.0011,2624.1799,590.1674,-2034.0125
103.0000,5.3056,2.1205,29.0039,0.0011,2620.9799,592.4561,-2028.5237
104.0000,5.2258,2.1180,29.0149,0.0011,2617.7927,594.7275,-2023.0651
105.0000,5.1467,2.1154,29.0260,0.0011,2614.6182,596.9818,-2017.6363
106.0000,5.0683,2.1129,29.0371,0.0011,2611.4562,599.2193,-2012.2369
107.0000,4.9905,2.1104,29.0481,0.0011,2608.3067,601.4403,-2006.8664
108.0000,4.9134,2.1079,29.0592,0.0011,2605.1695,603.6448,-2001.5246
109.0000,4.8369,2.1054,29.0703,0.0011,2602.0444,605.8333,-1996.2112
110.0000,4.7611,2.1029,29.0813,0.0011,2598.9315,608.0058,-1990.9256
111.0000,4.6859,2.1004,29.0924,0.0011,2595.8305,610.1627,-1985.6677
112.0000,4.6113,2.0980,29.1035,0.0011,2592.7413,612.3042,-1980.4371
113.0000,4.5373,2.0955,29.1145,0.0011,2589.6638,614.4304,-1975.2334
114.0000,4.4639,2.0931,29.1256,0.0011,2586.5980,616.5415,-1970.0564
115.0000,4.3912,2.0906,29.1367,0.0011,2583.5436,618.6379,-1964.9057
116.0000,4.3190,2.0882,29.1477,0.0011,2580.5007,620.7196,-1959.7811
117.0000,4.2473,2.0858,29.1588,0.0011,2577.4690,622.7868,-1954.6822
118.0000,4.1763,2.0834,29.1699,0.0011,2574.4486,624.8399,-1949.6087
119.0000,4.1058,2.0810,29.1809,0.0011,2571.4392,626.8788,-1944.5604
120.0000,4.0358,2.0786,29.1920,0.0011,2568.4408,628.9039,-1939.5369
121.0000,3.9664,2.0762,29.2002,0.0011,2565.4541,630.8451,-1934.6090
122.0000,3.8975,2.0738,29.2084,0.0011,2562.4781,632.7735,-1929.7046
123.0000,3.8290,2.0714,29.2166,0.0011,2559.5127,634.6890,-1924.8237
124.0000,3.7611,2.0691,29.2248,0.0011,2556.5579,636.5919,-1919.9660
125.0000,3.6937,2.0667,29.2330,0.0011,2553.6134,638.4820,-1915.1314
126.0000,3.6268,2.0644,29.2412,0.0011,2550.6794,640.3597,-1910.3197
127.0000,3.5604,2.0621,29.2494,0.0011,2547.7555,642.2250,-1905.5306
128.0000,3.4945,2.0597,29.2576,0.0011,2544.8419,644.0780,-1900.7639
129.0000,3.4290,2.0574,29.2658,0.0011,2541.9384,645.9188,-1896.0195
130.0000,3.3641,2.0551,29.2740,0.0011,2539.0449,647.7477,-1891.2971
131.0000,3.2996,2.0528,29.2822,0.0011,2536.1613,649.5647,-1886.5965
132.0000,3.2356,2.0505,29.2904,0.0011,2533.2876,651.3700,-1881.9176
133.0000,3.1721,2.0482,29.2986,0.0011,2530.4237,653.1637,-1877.2600
134.0000,3.1090,2.0459,29.3068,0.0011,2527.5695,654.9459,-1872.6235
135.0000,3.0463,2.0437,29.3150,0.0011,2524.7249,656.7168,-1868.0081
136.0000,2.9841,2.0414,29.3232,0.0011,2521.8899,658.4765,-1863.4135
137.0000,2.9224,2.0391,29.3314,0.0010,2519.0644,660.2250,-1858.8394
138.0000,2.8611,2.0369,29.3396,0.0010,2516.2484,661.9626,-1854.2858
139.0000,2.8002,2.0347,29.3478,0.0010,2513.4417,663.6894,-1849.7523
140.0000,2.7398,2.0324,29.3560,0.0010,2510.6443,665.4054,-1845.2389
141.0000,2.6798,2.0302,29.3642,0.0010,2507.8561,667.1108,-1840.7453
142.0000,2.6202,2.0280,29.3724,0.0010,2505.0771,668.8057,-1836.2714
143.0000,2.5610,2.0258,29.3806,0.0010,2502.3072,670.4903,-1831.8170
144.0000,2.5022,2.0236,29.3888,0.0010,2499.5464,672.1646,-1827.3818
145.0000,2.4439,2.0214,29.3970,0.0010,2496.7945,673.8287,-1822.9658
146.0000,2.3859,2.0192,29.4052,0.0010,2494.0515,675.4827,-1818.5688
147.0000,2.3283,2.0170,29.4134,0.0010,2491.3173,677.1268,-1814.1905
148.0000,2.2712,2.0148,29.4216,0.0010,2488.5920,678.7611,-1809.8309
149.0000,2.2144,2.0126,29.4298,0.0010,2485.8754,680.3857,-1805.4897
150.0000,2.1580,2.0105,29.4380,0.0010,2483.1674,682.0006,-1801.1668
151.0000,2.1020,2.0083,29.4462,0.0010,2480.4681,683.6060,-1796.8621
152.0000,2.0463,2.0062,29.4544,0.0010,2477.7773,685.2019,-1792.5754
153.0000,1.9911,2.0040,29.4626,0.0010,2475.0950,686.7886,-1788.3065
154.0000,1.9362,2.0019,29.4708,0.0010,2472.4212,688.3659,-1784.0553
155.0000,1.8816,1.9998,29.4790,0.0010,2469.7558,689.9342,-1779.8216
156.0000,1.8275,1.9977,29.4872,0.0010,2467.0987,691.4934,-1775.6053
157.0000,1.7737,1.9955,29.4954,0.0010,2464.4499,693.0436,-1771.4063
158.0000,1.7202,1.9934,29.5036,0.0010,2461.8093,694.5850,-1767.2243
159.0000,1.6671,1.9913,29.5118,0.0010,2459.1769,696.1176,-1763.0593
160.0000,1.6143,1.9892,29.5200,0.0010,2456.5527,697.6415,-1758.9112
161.0000,1.5619,1.9871,29.5282,0.0010,2453.9365,699.1567,-1754.7797
162.0000,1.5099,1.9851,29.5364,0.0010,2451.3283,700.6635,-1750.6648
163.0000,1.4581,1.9830,29.5446,0.0010,2448.7282,702.1619,-1746.5663
164.0000,1.4067,1.9809,29.5528,0.0010,2446.1359,703.6518,-1742.4841
165.0000,1.3557,1.9789,29.5610,0.0010,2443.5516,705.1335,-1738.4181
166.0000,1.3049,1.9768,29.5692,0.0010,2440.9751,706.6071,-1734.3680
167.0000,1.2545,1.9747,29.5774,0.0010,2438.4064,708.0725,-1730.3339
168.0000,1.2044,1.9727,29.5856,0.0010,2435.8454,709.5298,-1726.3156
169.0000,1.1546,1.9707,29.5938,0.0010,2433.2922,710.9793,-1722.3129
170.0000,1.1052,1.9686,29.6020,0.0010,2430.7466,712.4208,-1718.3258
171.0000,1.0560,1.9666,29.6102,0.0010,2428.2086,713.8545,-1714.3541
172.0000,1.0072,1.9646,29.6184,0.0010,2425.6782,715.2805,-1710.3977
173.0000,0.9586,1.9626,29.6266,0.0010,2423.1553,716.6988,-1706.4565
174.0000,0.9104,1.9606,29.6348,0.0010,2420.6399,718.1096,-1702.5303
175.0000,0.8625,1.9586,29.6430,0.0010,2418.1319,719.5128,-1698.6191
176.0000,0.8149,1.9566,29.6512,0.0010,2415.6314,720.9086,-1694.7228
177.0000,0.7675,1.9546,29.6594,0.0010,2413.1382,722.2970,-1690.8412
178.0000,0.7205,1.9526,29.6676,0.0010,2410.6523,723.6780,-1686.9743
179.0000,0.6737,1.9506,29.6758,0.0010,2408.1737,725.0519,-1683.1218
180.0000,0.6273,1.9486,29.6840,0.0010,2405.7023,726.4185,-1679.2838
181.0000,0.5810,1.9467,29.6899,0.0010,2403.2373,727.7213,-1675.5159
182.0000,0.5351,1.9447,29.6958,0.0010,2400.7793,729.0177,-1671.7617
183.0000,0.4894,1.9428,29.7017,0.0010,2398.3284,730.3074,-1668.0210
184.0000,0.4439,1.9408,29.7075,0.0010,2395.8845,731.5906,-1664.2939
185.0000,0.3987,1.9389,29.7134,0.0010,2393.4476,732.8673,-1660.5803
186.0000,0.3538,1.9369,29.7193,0.0010,2391.0175,734.1374,-1656.8802
187.0000,0.3091,1.9350,29.7252,0.0010,2388.5944,735.4010,-1653.1934
188.0000,0.2647,1.9331,29.7311,0.0010,2386.1781,736.6581,-1649.5200
189.0000,0.2206,1.9311,29.7370,0.0010,2383.7686,737.9088,-1645.8598
190.0000,0.1767,1.9292,29.7428,0.0010,2381.3660,739.1532,-1642.2128
191.0000,0.1331,1.9273,29.7487,0.0010,2378.9700,740.3912,-1638.5788
192.0000,0.0897,1.9254,29.7546,0.0010,2376.5808,741.6230,-1634.9578
193.0000,0.0465,1.9235,29.7605,0.0010,2374.1983,742.8485,-1631.3497
194.0000,0.0037,1.9216,29.7664,0.0010,2371.8224,744.0679,-1627.7545
195.0000,-0.0390,1.9197,29.7722,0.0010,2369.4531,745.2811,-1624.1720
196.0000,-0.0814,1.9178,29.7781,0.0010,2367.0903,746.4882,-1620.6021
197.0000,-0.1236,1.9160,29.7840,0.0010,2364.7342,747.6893,-1617.0449
198.0000,-0.1655,1.9141,29.7899,0.0010,2362.3845,748.8844,-1613.5001
199.0000,-0.2072,1.9122,29.7958,0.0010,2360.0414,750.0735,-1609.9678
200.0000,-0.2486,1.9104,29.8017,0.0010,2357.7046,751.2568,-1606.4478
201.0000,-0.2898,1.9085,29.8075,0.0010,2355.3743,752.4342,-1602.9401
202.0000,-0.3308,1.9066,29.8134,0.0010,2353.0504,753.6058,-1599.4446
203.0000,-0.3715,1.9048,29.8193,0.0010,2350.7329,754.7716,-1595.9612
204.0000,-0.4121,1.9030,29.8252,0.0010,2348.4216,755.9318,-1592.4899
205.0000,-0.4524,1.9011,29.8311,0.0010,2346.1167,757.0862,-1589.0305
206.0000,-0.4924,1.8993,29.8370,0.0010,2343.8180,758.2350,-1585.5830
207.0000,-0.5323,1.8975,29.8428,0.0010,2341.5255,759.3783,-1582.1473
208.0000,-0.5719,1.8956,29.8487,0.0010,2339.2393,760.5160,-1578.7233
209.0000,-0.6113,1.8938,29.8546,0.0010,2336.9592,761.6482,-1575.3110
210.0000,-0.6505,1.8920,29.8605,0.0010,2334.6853,762.7750,-1571.9103
211.0000,-0.6895,1.8902,29.8664,0.0010,2332.4175,763.8964,-1568.5212
212.0000,-0.7282,1.8884,29.8723,0.0010,2330.1558,765.0124,-1565.1434
213.0000,-0.7668,1.8866,29.8782,0.0010,2327.9002,766.1231,-1561.7771
214.0000,-0.8051,1.8848,29.8840,0.0010,2325.6505,767.2285,-1558.4221
215.0000,-0.8432,1.8830,29.8899,0.0010,2323.4069,768.3286,-1555.0783
216.0000,-0.8811,1.8812,29.8958,0.0010,2321.1693,769.4236,-1551.7457
217.0000,-0.9189,1.8794,29.9017,0.0010,2318.9376,770.5134,-1548.4242
218.0000,-0.9564,1.8777,29.9076,0.0010,2316.7118,771.5980,-1545.1138
219.0000,-0.9937,1.8759,29.9135,0.0010,2314.4919,772.6776,-1541.8143
220.0000,-1.0308,1.8741,29.9193,0.0010,2312.2779,773.7522,-1538.5257
221.0000,-1.0677,1.8724,29.9252,0.0010,2310.0697,774.8218,-1535.2480
222.0000,-1.1044,1.8706,29.9311,0.0010,2307.8674,775.8864,-1531.9810
223.0000,-1.1409,1.8689,29.9370,0.0010,2305.6708,776.9460,-1528.7248
224.0000,-1.1772,1.8671,29.9429,0.0010,2303.4800,778.0008,-1525.4792
225.0000,-1.2133,1.8654,29.9488,0.0010,2301.2949,779.0507,-1522.2442
226.0000,-1.2492,1.8636,29.9546,0.0010,2299.1156,780.0958,-1519.0198
227.0000,-1.2849,1.8619,29.9605,0.0010,2296.9419,781.1361,-1515.8058
228.0000,-1.3205,1.8602,29.9664,0.0010,2294.7739,782.1717,-1512.6022
229.0000,-1.3558,1.8584,29.9723,0.0010,2292.6115,783.2026,-1509.4089
230.0000,-1.3910,1.8567,29.9782,0.0010,2290.4547,784.2288,-1506.2260
231.0000,-1.4260,1.8550,29.9840,0.0010,2288.3036,785.2503,-1503.0532
232.0000,-1.4608,1.8533,29.9899,0.0010,2286.1579,786.2673,-1499.8906
233.0000,-1.4954,1.8516,29.9958,0.0010,2284.0179,787.2797,-1496.7382
234.0000,-1.5298,1.8499,30.0017,0.0010,2281.8833,788.2875,-1493.5957
235.0000,-1.5641,1.8482,30.0076,0.0009,2279.7542,789.2909,-1490.4633
236.0000,-1.5981,1.8465,30.0135,0.0009,2277.6306,790.2898,-1487.3408
237.0000,-1.6320,1.8448,30.0193,0.0009,2275.5124,791.2842,-1484.2282
238.0000,-1.6657,1.8431,30.0252,0.0009,2273.3996,792.2742,-1481.1254
239.0000,-1.6993,1.8414,30.0311,0.0009,2271.2923,793.2599,-1478.0324
240.0000,-1.7326,1.8398,30.0370,0.0009,2269.1903,794.2412,-1474.9491
241.0000,-1.7657,1.8381,30.0503,0.0009,2267.0961,795.3994,-1471.6967
242.0000,-1.7985,1.8364,30.0636,0.0009,2265.0075,796.5515,-1468.4560
243.0000,-1.8311,1.8348,30.0769,0.0009,2262.9244,797.6979,-1465.2265
244.0000,-1.8634,1.8331,30.0901,0.0009,2260.8469,798.8390,-1462.0079
245.0000,-1.8956,1.8315,30.1034,0.0009,2258.7749,799.9749,-1458.8000
246.0000,-1.9275,1.8298,30.1167,0.0009,2256.7084,801.1058,-1455.6026
247.0000,-1.9593,1.8282,30.1300,0.0009,2254.6474,802.2318,-1452.4156
248.0000,-1.9909,1.8265,30.1433,0.0009,2252.5919,803.3530,-1449.2389
249.0000,-2.0222,1.8249,30.1565,0.0009,2250.5419,804.4694,-1446.0725
250.0000,-2.0534,1.8233,30.1698,0.0009,2248.4973,805.5812,-1442.9161
251.0000,-2.0844,1.8216,30.1831,0.0009,2246.4580,806.6884,-1439.7697
252.0000,-2.1152,1.8200,30.1964,0.0009,2244.4242,807.7910,-1436.6332
253.0000,-2.1459,1.8184,30.2097,0.0009,2242.3957,808.8891,-1433.5066
254.0000,-2.1763,1.8168,30.2230,0.0009,2240.3725,809.9828,-1430.3897
255.0000,-2.2066,1.8152,30.2362,0.0009,2238.3546,811.0721,-1427.2825
256.0000,-2.2367,1.8136,30.2495,0.0009,2236.3420,812.1570,-1424.1850
257.0000,-2.2667,1.8120,30.2628,0.0009,2234.3347,813.2377,-1421.0970
258.0000,-2.2965,1.8104,30.2761,0.0009,2232.3326,814.3141,-1418.0185
259.0000,-2.3261,1.8088,30.2894,0.0009,2230.3357,815.3863,-1414.9494
260.0000,-2.3555,1.8072,30.3027,0.0009,2228.3440,816.4543,-1411.8897
261.0000,-2.3848,1.8056,30.3160,0.0009,2226.3575,817.5181,-1408.8393
262.0000,-2.4139,1.8040,30.3292,0.0009,2224.3761,818.5779,-1405.7982
263.0000,-2.4428,1.8024,30.3425,0.0009,2222.3998,819.6336,-1402.7663
264.0000,-2.4716,1.8009,30.3558,0.0009,2220.4287,820.6853,-1399.7434
265.0000,-2.5002,1.7993,30.3691,0.0009,2218.4626,821.7329,-1396.7297
266.0000,-2.5287,1.7977,30.3824,0.0009,2216.5016,822.7766,-1393.7250
267.0000,-2.5570,1.7962,30.3956,0.0009,2214.5456,823.8164,-1390.7292
268.0000,-2.5852,1.7946,30.4089,0.0009,2212.5947,824.8523,-1387.7424
269.0000,-2.6132,1.7931,30.4222,0.0009,2210.6487,825.8843,-1384.7644
270.0000,-2.6410,1.7915,30.4355,0.0009,2208.7077,826.9125,-1381.7953
271.0000,-2.6687,1.7900,30.4488,0.0009,2206.7717,827.9368,-1378.8349
272.0000,-2.6962,1.7884,30.4621,0.0009,2204.8406,828.9574,-1375.8832
273.0000,-2.7236,1.7869,30.4753,0.0009,2202.9145,829.9743,-1372.9402
274.0000,-2.7509,1.7854,30.4886,0.0009,2200.9932,830.9874,-1370.0058
275.0000,-2.7780,1.7838,30.5019,0.0009,2199.0768,831.9969,-1367.0799
276.0000,-2.8049,1.7823,30.5152,0.0009,2197.1653,833.0026,-1364.1626
277.0000,-2.8317,1.7808,30.5285,0.0009,2195.2586,834.0048,-1361.2538
278.0000,-2.8584,1.7793,30.5418,0.0009,2193.3567,835.0033,-1358.3534
279.0000,-2.8849,1.7777,30.5550,0.0009,2191.4596,835.9983,-1355.4613
280.0000,-2.9113,1.7762,30.5683,0.0009,2189.5673,836.9897,-1352.5776
281.0000,-2.9375,1.7747,30.5816,0.0009,2187.6798,837.9776,-1349.7022
282.0000,-2.9636,1.7732,30.5949,0.0009,2185.7970,838.9620,-1346.8351
283.0000,-2.9895,1.7717,30.6082,0.0009,2183.9189,839.9429,-1343.9761
284.0000,-3.0153,1.7702,30.6215,0.0009,2182.0456,840.9203,-1341.1253
285.0000,-3.0410,1.7687,30.6348,0.0009,2180.1769,841.8943,-1338.2826
286.0000,-3.0666,1.7673,30.6480,0.0009,2178.3129,842.8649,-1335.4480
287.0000,-3.0920,1.7658,30.6613,0.0009,2176.4536,843.8322,-1332.6214
288.0000,-3.1172,1.7643,30.6746,0.0009,2174.5989,844.7961,-1329.8028
289.0000,-3.1424,1.7628,30.6879,0.0009,2172.7488,845.7566,-1326.9921
290.0000,-3.1674,1.7613,30.7012,0.0009,2170.9033,846.7139,-1324.1894
291.0000,-3.1923,1.7599,30.7144,0.0009,2169.0623,847.6678,-1321.3945
292.0000,-3.2170,1.7584,30.7277,0.0009,2167.2260,848.6185,-1318.6075
293.0000,-3.2416,1.7570,30.7410,0.0009,2165.3942,849.5660,-1315.8282
294.0000,-3.2661,1.7555,30.7543,0.0009,2163.5669,850.5102,-1313.0567
295.0000,-3.2905,1.7540,30.7676,0.0009,2161.7441,851.4512,-1310.2929
296.0000,-3.3147,1.7526,30.7809,0.0009,2159.9258,852.3891,-1307.5367
297.0000,-3.3388,1.7511,30.7941,0.0009,2158.1120,853.3238,-1304.7882
298.0000,-3.3628,1.7497,30.8074,0.0009,2156.3027,854.2554,-1302.0473
299.0000,-3.3866,1.7483,30.8207,0.0009,2154.4978,855.1838,-1299.3139
300.0000,-3.4104,1.7468,30.8340,0.0009,2152.6973,856.1092,-1296.5881
301.0000,-3.4341,1.7454,30.8417,0.0009,2150.9007,856.8937,-1294.0070
302.0000,-3.4578,1.7440,30.8493,0.0009,2149.1083,857.6765,-1291.4318
303.0000,-3.4813,1.7425,30.8570,0.0009,2147.3200,858.4574,-1288.8626
304.0000,-3.5048,1.7411,30.8646,0.0009,2145.5359,859.2361,-1286.2998
305.0000,-3.5283,1.7397,30.8723,0.0009,2143.7559,860.0126,-1283.7433
306.0000,-3.5516,1.7383,30.8799,0.0009,2141.9800,860.7868,-1281.1932
307.0000,-3.5748,1.7369,30.8876,0.0009,2140.2082,861.5587,-1278.6495
308.0000,-3.5979,1.7355,30.8952,0.0009,2138.4404,862.3281,-1276.1123
309.0000,-3.6210,1.7341,30.9029,0.0009,2136.6767,863.0952,-1273.5815
310.0000,-3.6439,1.7327,30.9105,0.0009,2134.9171,863.8599,-1271.0572
311.0000,-3.6667,1.7313,30.9182,0.0009,2133.1614,864.6221,-1268.5393
312.0000,-3.6895,1.7299,30.9258,0.0009,2131.4098,865.3820,-1266.0279
313.0000,-3.7121,1.7285,30.9335,0.0009,2129.6622,866.1394,-1263.5229
314.0000,-3.7347,1.7271,30.9411,0.0009,2127.9186,866.8943,-1261.0243
315.0000,-3.7571,1.7257,30.9488,0.0009,2126.1790,867.6469,-1258.5321
316.0000,-3.7795,1.7243,30.9564,0.0009,2124.4433,868.3970,-1256.0463
317.0000,-3.8017,1.7229,30.9641,0.0009,2122.7116,869.1447,-1253.5669
318.0000,-3.8239,1.7215,30.9717,0.0009,2120.9838,869.8900,-1251.0938
319.0000,-3.8460,1.7202,30.9794,0.0009,2119.2600,870.6329,-1248.6271
320.0000,-3.8679,1.7188,30.9870,0.0009,2117.5400,871.3734,-1246.1666
321.0000,-3.8898,1.7174,30.9947,0.0009,2115.8240,872.1115,-1243.7125
322.0000,-3.9116,1.7161,31.0023,0.0009,2114.1118,872.8472,-1241.2647
323.0000,-3.9333,1.7147,31.0099,0.0009,2112.4036,873.5805,-1238.8231
324.0000,-3.9549,1.7133,31.0176,0.0009,2110.6991,874.3115,-1236.3877
325.0000,-3.9764,1.7120,31.0252,0.0009,2108.9986,875.0401,-1233.9585
326.0000,-3.9978,1.7106,31.0329,0.0009,2107.3018,875.7663,-1231.5355
327.0000,-4.0191,1.7093,31.0405,0.0009,2105.6089,876.4902,-1229.1187
328.0000,-4.0403,1.7079,31.0482,0.0009,2103.9198,877.2118,-1226.7080
329.0000,-4.0614,1.7066,31.0558,0.0009,2102.2345,877.9311,-1224.3035
330.0000,-4.0824,1.7053,31.0635,0.0009,2100.5530,878.6480,-1221.9050
331.0000,-4.1034,1.7039,31.0711,0.0009,2098.8753,879.3627,-1219.5126
332.0000,-4.1242,1.7026,31.0788,0.0009,2097.2013,880.0751,-1217.1262
333.0000,-4.1450,1.7013,31.0864,0.0009,2095.5311,880.7852,-1214.7459
334.0000,-4.1656,1.6999,31.0941,0.0009,2093.8646,881.4930,-1212.3716
335.0000,-4.1862,1.6986,31.1017,0.0009,2092.2018,882.1986,-1210.0032
336.0000,-4.2067,1.6973,31.1094,0.0009,2090.5427,882.9019,-1207.6408
337.0000,-4.2271,1.6960,31.1170,0.0009,2088.8874,883.6030,-1205.2844
338.0000,-4.2474,1.6946,31.1247,0.0009,2087.2357,884.3018,-1202.9338
339.0000,-4.2676,1.6933,31.1323,0.0009,2085.5877,884.9985,-1200.5892
340.0000,-4.2877,1.6920,31.1400,0.0009,2083.9433,885.6930,-1198.2504
341.0000,-4.3078,1.6907,31.1476,0.0009,2082.3026,886.3852,-1195.9174
342.0000,-4.3277,1.6894,31.1553,0.0009,2080.6655,887.0753,-1193.5902
343.0000,-4.3476,1.6881,31.1629,0.0009,2079.0321,887.7632,-1191.2689
344.0000,-4.3674,1.6868,31.1706,0.0009,2077.4023,888.4490,-1188.9533
345.0000,-4.3871,1.6855,31.1782,0.0009,2075.7760,889.1326,-1186.6434
346.0000,-4.4067,1.6842,31.1859,0.0009,2074.1534,889.8141,-1184.3393
347.0000,-4.4262,1.6829,31.1935,0.0009,2072.5343,890.4934,-1182.0409
348.0000,-4.4456,1.6816,31.2012,0.0009,2070.9188,891.1706,-1179.7481
349.0000,-4.4650,1.6804,31.2088,0.0009,2069.3068,891.8458,-1177.4610
350.0000,-4.4843,1.6791,31.2165,0.0009,2067.6984,892.5188,-1175.1796
351.0000,-4.5034,1.6778,31.2241,0.0009,2066.0935,893.1898,-1172.9037
352.0000,-4.5225,1.6765,31.2318,0.0009,2064.4921,893.8587,-1170.6335
353.0000,-4.5416,1.6752,31.2394,0.0009,2062.8943,894.5255,-1168.3688
354.0000,-4.5605,1.6740,31.2471,0.0009,2061.2999,895.1903,-1166.1096
355.0000,-4.5794,1.6727,31.2547,0.0009,2059.7090,895.8530,-1163.8560
356.0000,-4.5981,1.6714,31.2624,0.0009,2058.1215,896.5137,-1161.6078
357.0000,-4.6168,1.6702,31.2700,0.0009,2056.5376,897.1724,-1159.3651
358.0000,-4.6355,1.6689,31.2777,0.0009,2054.9571,897.8291,-1157.1279
359.0000,-4.6540,1.6677,31.2853,0.0009,2053.3800,898.4838,-1154.8961
360.0000,-4.6725,1.6664,31.2930,0.0009,2051.8063,899.1365,-1152.6698
361.0000,-4.6908,1.6652,31.3018,0.0009,2050.2355,899.8150,-1150.4205
362.0000,-4.7091,1.6639,31.3106,0.0009,2048.6681,900.4912,-1148.1769
363.0000,-4.7273,1.6627,31.3194,0.0009,2047.1041,901.1652,-1145.9389
364.0000,-4.7453,1.6614,31.3281,0.0009,2045.5436,901.8370,-1143.7065
365.0000,-4.7634,1.6602,31.3369,0.0009,2043.9865,902.5068,-1141.4797
366.0000,-4.7813,1.6589,31.3457,0.0009,2042.4328,903.1746,-1139.2582
367.0000,-4.7991,1.6577,31.3545,0.0009,2040.8825,903.8402,-1137.0423
368.0000,-4.8169,1.6565,31.3633,0.0008,2039.3356,904.5039,-1134.8317
369.0000,-4.8346,1.6552,31.3720,0.0008,2037.7920,905.1656,-1132.6265
370.0000,-4.8522,1.6540,31.3808,0.0008,2036.2519,905.8253,-1130.4266
371.0000,-4.8697,1.6528,31.3896,0.0008,2034.7150,906.4830,-1128.2321
372.0000,-4.8871,1.6516,31.3984,0.0008,2033.1816,907.1387,-1126.0428
373.0000,-4.9045,1.6504,31.4072,0.0008,2031.6514,907.7926,-1123.8588
374.0000,-4.9218,1.6491,31.4160,0.0008,2030.1246,908.4444,-1121.6801
375.0000,-4.9390,1.6479,31.4247,0.0008,2028.6010,909.0944,-1119.5066
376.0000,-4.9562,1.6467,31.4335,0.0008,2027.0808,909.7425,-1117.3383
377.0000,-4.9732,1.6455,31.4423,0.0008,2025.5638,910.3887,-1115.1751
378.0000,-4.9902,1.6443,31.4511,0.0008,2024.0501,911.0330,-1113.0171
379.0000,-5.0071,1.6431,31.4599,0.0008,2022.5397,911.6755,-1110.8642
380.0000,-5.0240,1.6419,31.4687,0.0008,2021.0325,912.3161,-1108.7164
381.0000,-5.0407,1.6407,31.4775,0.0008,2019.5285,912.9548,-1106.5737
382.0000,-5.0574,1.6395,31.4862,0.0008,2018.0278,913.5918,-1104.4361
383.0000,-5.0741,1.6383,31.4950,0.0008,2016.5303,914.2269,-1102.3035
384.0000,-5.0906,1.6371,31.5038,0.0008,2015.0360,914.8602,-1100.1759
385.0000,-5.1071,1.6359,31.5126,0.0008,2013.5449,915.4917,-1098.0533
386.0000,-5.1235,1.6348,31.5214,0.0008,2012.0570,916.1214,-1095.9356
387.0000,-5.1398,1.6336,31.5301,0.0008,2010.5723,916.7493,-1093.8230
388.0000,-5.1561,1.6324,31.5389,0.0008,2009.0907,917.3755,-1091.7152
389.0000,-5.1723,1.6312,31.5477,0.0008,2007.6123,917.9999,-1089.6124
390.0000,-5.1884,1.6300,31.5565,0.0008,2006.1370,918.6226,-1087.5144
391.0000,-5.2045,1.6289,31.5653,0.0008,2004.6648,919.2435,-1085.4214
392.0000,-5.2204,1.6277,31.5741,0.0008,2003.1958,919.8627,-1083.3331
393.0000,-5.2364,1.6265,31.5829,0.0008,2001.7299,920.4802,-1081.2497
394.0000,-5.2522,1.6254,31.5916,0.0008,2000.2671,921.0959,-1079.1712
395.0000,-5.2680,1.6242,31.6004,0.0008,1998.8074,921.7100,-1077.0974
396.0000,-5.2837,1.6230,31.6092,0.0008,1997.3507,922.3224,-1075.0283
397.0000,-5.2993,1.6219,31.6180,0.0008,1995.8971,922.9331,-1072.9641
398.0000,-5.3149,1.6207,31.6268,0.0008,1994.4466,923.5421,-1070.9045
399.0000,-5.3304,1.6196,31.6355,0.0008,1992.9992,924.1495,-1068.8497
400.0000,-5.3459,1.6184,31.6443,0.0008,1991.5548,924.7552,-1066.7996
401.0000,-5.3613,1.6173,31.6531,0.0008,1990.1134,925.3593,-1064.7541
402.0000,-5.3766,1.6161,31.6619,0.0008,1988.6750,925.9617,-1062.7133
403.0000,-5.3918,1.6150,31.6707,0.0008,1987.2397,926.5625,-1060.6772
404.0000,-5.4070,1.6139,31.6795,0.0008,1985.8073,927.1617,-1058.6456
405.0000,-5.4221,1.6127,31.6883,0.0008,1984.3780,927.7593,-1056.6187
406.0000,-5.4372,1.6116,31.6970,0.0008,1982.9516,928.3552,-1054.5964
407.0000,-5.4522,1.6104,31.7058,0.0008,1981.5282,928.9496,-1052.5786
408.0000,-5.4671,1.6093,31.7146,0.0008,1980.1078,929.5424,-1050.5653
409.0000,-5.4820,1.6082,31.7234,0.0008,1978.6903,930.1336,-1048.5566
410.0000,-5.4968,1.6071,31.7322,0.0008,1977.2757,930.7233,-1046.5524
411.0000,-5.5115,1.6059,31.7410,0.0008,1975.8641,931.3114,-1044.5528
412.0000,-5.5262,1.6048,31.7497,0.0008,1974.4555,931.8979,-1042.5575
413.0000,-5.5408,1.6037,31.7585,0.0008,1973.0497,932.4829,-1040.5668
414.0000,-5.5554,1.6026,31.7673,0.0008,1971.6469,933.0664,-1038.5805
415.0000,-5.5699,1.6015,31.7761,0.0008,1970.2469,933.6483,-1036.5986
416.0000,-5.5843,1.6004,31.7849,0.0008,1968.8499,934.2288,-1034.6211
417.0000,-5.5987,1.5992,31.7936,0.0008,1967.4557,934.8077,-1032.6480
418.0000,-5.6130,1.5981,31.8024,0.0008,1966.0644,935.3851,-1030.6793
419.0000,-5.6272,1.5970,31.8112,0.0008,1964.6759,935.9610,-1028.7149
420.0000,-5.6414,1.5959,31.8200,0.0008,1963.2903,936.5354,-1026.7549
421.0000,-5.6556,1.5948,31.8250,0.0008,1961.9071,937.0162,-1024.8909
422.0000,-5.6698,1.5937,31.8300,0.0008,1960.5265,937.4965,-1023.0300
423.0000,-5.6840,1.5926,31.8350,0.0008,1959.1487,937.9761,-1021.1726
424.0000,-5.6981,1.5915,31.8401,0.0008,1957.7735,938.4548,-1019.3187
425.0000,-5.7122,1.5904,31.8451,0.0008,1956.4010,938.9326,-1017.4684
426.0000,-5.7263,1.5894,31.8501,0.0008,1955.0311,939.4093,-1015.6217
427.0000,-5.7403,1.5883,31.8551,0.0008,1953.6638,939.8851,-1013.7787
428.0000,-5.7543,1.5872,31.8601,0.0008,1952.2992,940.3598,-1011.9394
429.0000,-5.7682,1.5861,31.8651,0.0008,1950.9372,940.8334,-1010.1038
430.0000,-5.7821,1.5850,31.8702,0.0008,1949.5778,941.3059,-1008.2719
431.0000,-5.7959,1.5839,31.8752,0.0008,1948.2210,941.7773,-1006.4437
432.0000,-5.8097,1.5829,31.8802,0.0008,1946.8668,942.2476,-1004.6192
433.0000,-5.8235,1.5818,31.8852,0.0008,1945.5152,942.7168,-1002.7984
434.0000,-5.8372,1.5807,31.8902,0.0008,1944.1662,943.1849,-1000.9813
435.0000,-5.8508,1.5796,31.8953,0.0008,1942.8198,943.6519,-999.1679
436.0000,-5.8644,1.5786,31.9003,0.0008,1941.4759,944.1177,-997.3582
437.0000,-5.8780,1.5775,31.9053,0.0008,1940.1346,944.5824,-995.5523
438.0000,-5.8915,1.5764,31.9103,0.0008,1938.7959,945.0459,-993.7500
439.0000,-5.9050,1.5754,31.9153,0.0008,1937.4597,945.5083,-991.9514
440.0000,-5.9185,1.5743,31.9203,0.0008,1936.1261,945.9696,-990.1565
441.0000,-5.9318,1.5733,31.9254,0.0008,1934.7950,946.4298,-988.3652
442.0000,-5.9452,1.5722,31.9304,0.0008,1933.4664,946.8888,-986.5776
443.0000,-5.9585,1.5711,31.9354,0.0008,1932.1404,947.3467,-984.7937
444.0000,-5.9717,1.5701,31.9404,0.0008,1930.8169,947.8034,-983.0135
445.0000,-5.9849,1.5690,31.9454,0.0008,1929.4959,948.2590,-981.2368
446.0000,-5.9981,1.5680,31.9504,0.0008,1928.1773,948.7135,-979.4638
447.0000,-6.0112,1.5670,31.9555,0.0008,1926.8613,949.1669,-977.6945
448.0000,-6.0243,1.5659,31.9605,0.0008,1925.5478,949.6191,-975.9287
449.0000,-6.0373,1.5649,31.9655,0.0008,1924.2368,950.0702,-974.1665
450.0000,-6.0503,1.5638,31.9705,0.0008,1922.9282,950.5202,-972.4080
451.0000,-6.0632,1.5628,31.9755,0.0008,1921.6221,950.9691,-970.6530
452.0000,-6.0761,1.5617,31.9805,0.0008,1920.3185,951.4169,-968.9016
453.0000,-6.0890,1.5607,31.9855,0.0008,1919.0173,951.8635,-967.1538
454.0000,-6.1018,1.5597,31.9906,0.0008,1917.7186,952.3091,-965.4095
455.0000,-6.1146,1.5586,31.9956,0.0008,1916.4223,952.7535,-963.6688
456.0000,-6.1273,1.5576,32.0006,0.0008,1915.1285,953.1969,-961.9316
457.0000,-6.1399,1.5566,32.0056,0.0008,1913.8371,953.6391,-960.1980
458.0000,-6.1526,1.5556,32.0106,0.0008,1912.5481,954.0803,-958.4678
459.0000,-6.1652,1.5545,32.0157,0.0008,1911.2615,954.5203,-956.7412
460.0000,-6.1777,1.5535,32.0207,0.0008,1909.9773,954.9593,-955.0180
461.0000,-6.1902,1.5525,32.0257,0.0008,1908.6956,955.3972,-953.2984
462.0000,-6.2027,1.5515,32.0307,0.0008,1907.4162,955.8340,-951.5822
463.0000,-6.2151,1.5505,32.0357,0.0008,1906.1392,956.2697,-949.8695
464.0000,-6.2274,1.5495,32.0407,0.0008,1904.8646,956.7044,-948.1602
465.0000,-6.2398,1.5484,32.0457,0.0008,1903.5924,957.1379,-946.4544
466.0000,-6.2521,1.5474,32.0508,0.0008,1902.3225,957.5705,-944.7520
467.0000,-6.2643,1.5464,32.0558,0.0008,1901.0550,958.0019,-943.0531
468.0000,-6.2765,1.5454,32.0608,0.0008,1899.7898,958.4323,-941.3575
469.0000,-6.2886,1.5444,32.0658,0.0008,1898.5271,958.8616,-939.6654
470.0000,-6.3008,1.5434,32.0708,0.0008,1897.2666,959.2899,-937.9767
471.0000,-6.3128,1.5424,32.0759,0.0008,1896.0085,959.7172,-936.2913
472.0000,-6.3249,1.5414,32.0809,0.0008,1894.7527,960.1434,-934.6093
473.0000,-6.3369,1.5404,32.0859,0.0008,1893.4992,960.5685,-932.9307
474.0000,-6.3488,1.5394,32.0909,0.0008,1892.2480,960.9927,-931.2554
475.0000,-6.3607,1.5384,32.0959,0.0008,1890.9992,961.4158,-929.5834
476.0000,-6.3726,1.5374,32.1009,0.0008,1889.7527,961.8378,-927.9148
477.0000,-6.3844,1.5365,32.1059,0.0008,1888.5084,962.2589,-926.2495
478.0000,-6.3962,1.5355,32.1110,0.0008,1887.2664,962.6789,-924.5875
479.0000,-6.4079,1.5345,32.1160,0.0008,1886.0268,963.0979,-922.9289
480.0000,-6.4196,1.5335,32.1210,0.0008,1884.7894,963.5159,-921.2735
481.0000,-6.4312,1.5325,32.1312,0.0008,1883.5533,964.0584,-919.4950
482.0000,-6.4426,1.5315,32.1413,0.0008,1882.3198,964.5985,-917.7213
483.0000,-6.4540,1.5306,32.1515,0.0008,1881.0887,965.1366,-915.9521
484.0000,-6.4653,1.5296,32.1616,0.0008,1879.8600,965.6729,-914.1871
485.0000,-6.4765,1.5286,32.1718,0.0008,1878.6339,966.2075,-912.4264
486.0000,-6.4877,1.5276,32.1819,0.0008,1877.4101,966.7404,-910.6697
487.0000,-6.4988,1.5267,32.1921,0.0008,1876.1889,967.2719,-908.9170
488.0000,-6.5099,1.5257,32.2022,0.0008,1874.9701,967.8018,-907.1683
489.0000,-6.5209,1.5247,32.2124,0.0008,1873.7537,968.3303,-905.4235
490.0000,-6.5318,1.5238,32.2225,0.0008,1872.5398,968.8573,-903.6825
491.0000,-6.5427,1.5228,32.2326,0.0008,1871.3283,969.3830,-901.9454
492.0000,-6.5535,1.5218,32.2428,0.0008,1870.1192,969.9072,-900.2120
493.0000,-6.5643,1.5209,32.2529,0.0008,1868.9125,970.4302,-898.4824
494.0000,-6.5750,1.5199,32.2631,0.0008,1867.7083,970.9518,-896.7565
495.0000,-6.5856,1.5190,32.2732,0.0008,1866.5064,971.4721,-895.0343
496.0000,-6.5962,1.5180,32.2834,0.0008,1865.3068,971.9911,-893.3157
497.0000,-6.6068,1.5171,32.2936,0.0008,1864.1097,972.5089,-891.6008
498.0000,-6.6173,1.5161,32.3037,0.0008,1862.9149,973.0254,-889.8895
499.0000,-6.6278,1.5152,32.3139,0.0008,1861.7224,973.5406,-888.1818
500.0000,-6.6382,1.5142,32.3240,0.0008,1860.5324,974.0546,-886.4777
501.0000,-6.6485,1.5133,32.3342,0.0008,1859.3446,974.5674,-884.7772
502.0000,-6.6589,1.5124,32.3443,0.0008,1858.1592,975.0791,-883.0801
503.0000,-6.6691,1.5114,32.3544,0.0008,1856.9761,975.5895,-881.3866
504.0000,-6.6793,1.5105,32.3646,0.0008,1855.7953,976.0987,-879.6966
505.0000,-6.6895,1.5095,32.3747,0.0008,1854.6168,976.6068,-878.0100
506.0000,-6.6996,1.5086,32.3849,0.0008,1853.4406,977.1137,-876.3269
507.0000,-6.7097,1.5077,32.3950,0.0008,1852.2667,977.6194,-874.6473
508.0000,-6.7198,1.5067,32.4052,0.0008,1851.0951,978.1240,-872.9711
509.0000,-6.7298,1.5058,32.4153,0.0008,1849.9258,978.6275,-871.2982
510.0000,-6.7397,1.5049,32.4255,0.0008,1848.7587,979.1299,-869.6288
511.0000,-6.7496,1.5040,32.4357,0.0008,1847.5939,979.6311,-867.9628
512.0000,-6.7594,1.5030,32.4458,0.0008,1846.4313,980.1312,-866.3001
513.0000,-6.7693,1.5021,32.4560,0.0008,1845.2710,980.6303,-864.6407
514.0000,-6.7790,1.5012,32.4661,0.0008,1844.1130,981.1282,-862.9847
515.0000,-6.7888,1.5003,32.4763,0.0008,1842.9571,981.6251,-861.3320
516.0000,-6.7984,1.4994,32.4864,0.0008,1841.8035,982.1208,-859.6827
517.0000,-6.8081,1.4985,32.4965,0.0008,1840.6521,982.6156,-858.0366
518.0000,-6.8177,1.4975,32.5067,0.0008,1839.5029,983.1092,-856.3937
519.0000,-6.8272,1.4966,32.5168,0.0008,1838.3560,983.6018,-854.7542
520.0000,-6.8367,1.4957,32.5270,0.0008,1837.2112,984.0933,-853.1179
521.0000,-6.8462,1.4948,32.5371,0.0008,1836.0686,984.5838,-851.4848
522.0000,-6.8556,1.4939,32.5473,0.0008,1834.9282,985.0733,-849.8550
523.0000,-6.8650,1.4930,32.5574,0.0008,1833.7900,985.5617,-848.2283
524.0000,-6.8744,1.4921,32.5676,0.0008,1832.6540,986.0491,-846.6049
525.0000,-6.8837,1.4912,32.5777,0.0008,1831.5201,986.5355,-844.9846
526.0000,-6.8929,1.4903,32.5879,0.0008,1830.3883,987.0208,-843.3675
527.0000,-6.9022,1.4894,32.5981,0.0008,1829.2588,987.5052,-841.7536
528.0000,-6.9113,1.4885,32.6082,0.0008,1828.1313,987.9885,-840.1428
529.0000,-6.9205,1.4876,32.6183,0.0008,1827.0061,988.4709,-838.5352
530.0000,-6.9296,1.4867,32.6285,0.0008,1825.8829,988.9523,-836.9306
531.0000,-6.9387,1.4858,32.6386,0.0008,1824.7619,989.4326,-835.3292
532.0000,-6.9477,1.4850,32.6488,0.0008,1823.6430,989.9120,-833.7309
533.0000,-6.9567,1.4841,32.6589,0.0008,1822.5262,990.3905,-832.1357
534.0000,-6.9656,1.4832,32.6691,0.0008,1821.4115,990.8679,-830.5435
535.0000,-6.9745,1.4823,32.6792,0.0008,1820.2989,991.3444,-828.9545
536.0000,-6.9834,1.4814,32.6894,0.0008,1819.1884,991.8200,-827.3684
537.0000,-6.9922,1.4805,32.6995,0.0008,1818.0800,992.2945,-825.7855
538.0000,-7.0010,1.4797,32.7097,0.0008,1816.9737,992.7682,-824.2055
539.0000,-7.0098,1.4788,32.7198,0.0008,1815.8694,993.2408,-822.6286
540.0000,-7.0185,1.4779,32.7300,0.0008,1814.7673,993.7126,-821.0547
541.0000,-7.0272,1.4770,32.7379,0.0008,1813.6673,994.1276,-819.5397
542.0000,-7.0360,1.4762,32.7457,0.0008,1812.5693,994.5422,-818.0271
543.0000,-7.0447,1.4753,32.7536,0.0008,1811.4733,994.9564,-816.5169
544.0000,-7.0533,1.4744,32.7615,0.0008,1810.3792,995.3701,-815.0092
545.0000,-7.0620,1.4736,32.7693,0.0008,1809.2871,995.7831,-813.5040
546.0000,-7.0706,1.4727,32.7772,0.0008,1808.1969,996.1955,-812.0014
547.0000,-7.0792,1.4718,32.7851,0.0008,1807.1087,996.6073,-810.5014
548.0000,-7.0878,1.4710,32.7929,0.0008,1806.0224,997.0183,-809.0040
549.0000,-7.0963,1.4701,32.8008,0.0008,1804.9380,997.4287,-807.5093
550.0000,-7.1049,1.4693,32.8087,0.0008,1803.8555,997.8384,-806.0171
551.0000,-7.1134,1.4684,32.8165,0.0008,1802.7749,998.2474,-804.5275
552.0000,-7.1218,1.4675,32.8244,0.0008,1801.6962,998.6556,-803.0406
553.0000,-7.1303,1.4667,32.8323,0.0008,1800.6195,999.0632,-801.5562
554.0000,-7.1387,1.4658,32.8401,0.0007,1799.5446,999.4701,-800.0745
555.0000,-7.1470,1.4650,32.8480,0.0007,1798.4716,999.8762,-798.5954
556.0000,-7.1554,1.4641,32.8559,0.0007,1797.4005,1000.2816,-797.1190
557.0000,-7.1637,1.4633,32.8637,0.0007,1796.3313,1000.6863,-795.6451
558.0000,-7.1720,1.4624,32.8716,0.0007,1795.2640,1001.0902,-794.1738
559.0000,-7.1803,1.4616,32.8795,0.0007,1794.1986,1001.4934,-792.7051
560.0000,-7.1885,1.4607,32.8873,0.0007,1793.1350,1001.8959,-791.2391
561.0000,-7.1967,1.4599,32.8952,0.0007,1792.0733,1002.2977,-789.7756
562.0000,-7.2049,1.4591,32.9031,0.0007,1791.0135,1002.6988,-788.3147
563.0000,-7.2130,1.4582,32.9109,0.0007,1789.9555,1003.0991,-786.8564
564.0000,-7.2211,1.4574,32.9188,0.0007,1788.8994,1003.4987,-785.4007
565.0000,-7.2292,1.4566,32.9267,0.0007,1787.8451,1003.8976,-783.9475
566.0000,-7.2373,1.4557,32.9345,0.0007,1786.7927,1004.2957,-782.4969
567.0000,-7.2453,1.4549,32.9424,0.0007,1785.7421,1004.6931,-781.0489
568.0000,-7.2533,1.4541,32.9503,0.0007,1784.6933,1005.0898,-779.6035
569.0000,-7.2613,1.4532,32.9581,0.0007,1783.6464,1005.4858,-778.1605
570.0000,-7.2692,1.4524,32.9660,0.0007,1782.6013,1005.8811,-776.7202
571.0000,-7.2772,1.4516,32.9739,0.0007,1781.5580,1006.2756,-775.2824
572.0000,-7.2850,1.4507,32.9817,0.0007,1780.5165,1006.6695,-773.8471
573.0000,-7.2929,1.4499,32.9896,0.0007,1779.4769,1007.0626,-772.4143
574.0000,-7.3007,1.4491,32.9975,0.0007,1778.4390,1007.4550,-770.9841
575.0000,-7.3085,1.4483,33.0053,0.0007,1777.4030,1007.8467,-769.5563
576.0000,-7.3163,1.4474,33.0132,0.0007,1776.3688,1008.2376,-768.1311
577.0000,-7.3240,1.4466,33.0211,0.0007,1775.3363,1008.6279,-766.7084
578.0000,-7.3318,1.4458,33.0289,0.0007,1774.3057,1009.0175,-765.2882
579.0000,-7.3395,1.4450,33.0368,0.0007,1773.2768,1009.4063,-763.8705
580.0000,-7.3471,1.4442,33.0447,0.0007,1772.2497,1009.7945,-762.4552
581.0000,-7.3547,1.4434,33.0525,0.0007,1771.2244,1010.1819,-761.0425
582.0000,-7.3623,1.4426,33.0604,0.0007,1770.2009,1010.5687,-759.6322
583.0000,-7.3699,1.4417,33.0683,0.0007,1769.1791,1010.9547,-758.2244
584.0000,-7.3775,1.4409,33.0761,0.0007,1768.1591,1011.3401,-756.8190
585.0000,-7.3850,1.4401,33.0840,0.0007,1767.1408,1011.7247,-755.4161
586.0000,-7.3925,1.4393,33.0919,0.0007,1766.1244,1012.1087,-754.0156
587.0000,-7.3999,1.4385,33.0997,0.0007,1765.1096,1012.4920,-752.6176
588.0000,-7.4074,1.4377,33.1076,0.0007,1764.0966,1012.8746,-751.2220
589.0000,-7.4148,1.4369,33.1155,0.0007,1763.0854,1013.2565,-749.8289
590.0000,-7.4222,1.4361,33.1233,0.0007,1762.0759,1013.6377,-748.4382
591.0000,-7.4295,1.4353,33.1312,0.0007,1761.0681,1014.0182,-747.0498
592.0000,-7.4369,1.4345,33.1391,0.0007,1760.0620,1014.3981,-745.6639
593.0000,-7.4442,1.4337,33.1469,0.0007,1759.0577,1014.7773,-744.2804
594.0000,-7.4514,1.4329,33.1548,0.0007,1758.0551,1015.1558,-742.8993
595.0000,-7.4587,1.4321,33.1627,0.0007,1757.0542,1015.5336,-741.5206
596.0000,-7.4659,1.4313,33.1705,0.0007,1756.0550,1015.9108,-740.1442
597.0000,-7.4731,1.4306,33.1784,0.0007,1755.0575,1016.2872,-738.7703
598.0000,-7.4803,1.4298,33.1863,0.0007,1754.0618,1016.6631,-737.3987
599.0000,-7.4874,1.4290,33.1941,0.0007,1753.0677,1017.0382,-736.0295
600.0000,-7.4945,1.4282,33.2020,0.0007,1752.0753,1017.4127,-734.6626
601.0000,-7.5015,1.4274,33.2133,0.0007,1751.0876,1017.8701,-733.2175
602.0000,-7.5085,1.4266,33.2246,0.0007,1750.1016,1018.3259,-731.7757
603.0000,-7.5154,1.4258,33.2358,0.0007,1749.1174,1018.7805,-730.3369
604.0000,-7.5222,1.4251,33.2471,0.0007,1748.1350,1019.2338,-728.9012
605.0000,-7.5290,1.4243,33.2584,0.0007,1747.1544,1019.6861,-727.4683
606.0000,-7.5358,1.4235,33.2697,0.0007,1746.1756,1020.1373,-726.0383
607.0000,-7.5425,1.4227,33.2810,0.0007,1745.1985,1020.5875,-724.6111
608.0000,-7.5492,1.4219,33.2923,0.0007,1744.2233,1021.0366,-723.1866
609.0000,-7.5558,1.4212,33.3036,0.0007,1743.2498,1021.4849,-721.7649
610.0000,-7.5625,1.4204,33.3148,0.0007,1742.2781,1021.9322,-720.3459
611.0000,-7.5690,1.4196,33.3261,0.0007,1741.3081,1022.3786,-718.9296
612.0000,-7.5756,1.4189,33.3374,0.0007,1740.3400,1022.8240,-717.5159
613.0000,-7.5821,1.4181,33.3487,0.0007,1739.3736,1023.2686,-716.1049
614.0000,-7.5885,1.4173,33.3600,0.0007,1738.4089,1023.7124,-714.6966
615.0000,-7.5950,1.4166,33.3712,0.0007,1737.4460,1024.1552,-713.2908
616.0000,-7.6014,1.4158,33.3825,0.0007,1736.4849,1024.5972,-711.8876
617.0000,-7.6077,1.4150,33.3938,0.0007,1735.5254,1025.0384,-710.4870
618.0000,-7.6141,1.4143,33.4051,0.0007,1734.5678,1025.4788,-709.0890
619.0000,-7.6203,1.4135,33.4164,0.0007,1733.6118,1025.9183,-707.6935
620.0000,-7.6266,1.4128,33.4277,0.0007,1732.6576,1026.3570,-706.3006
621.0000,-7.6328,1.4120,33.4389,0.0007,1731.7051,1026.7949,-704.9102
622.0000,-7.6390,1.4112,33.4502,0.0007,1730.7543,1027.2321,-703.5223
623.0000,-7.6452,1.4105,33.4615,0.0007,1729.8052,1027.6684,-702.1369
624.0000,-7.6514,1.4097,33.4728,0.0007,1728.8579,1028.1039,-700.7540
625.0000,-7.6575,1.4090,33.4841,0.0007,1727.9122,1028.5387,-699.3735
626.0000,-7.6635,1.4082,33.4954,0.0007,1726.9682,1028.9727,-697.9956
627.0000,-7.6696,1.4075,33.5067,0.0007,1726.0260,1029.4059,-696.6201
628.0000,-7.6756,1.4067,33.5179,0.0007,1725.0854,1029.8384,-695.2470
629.0000,-7.6816,1.4060,33.5292,0.0007,1724.1465,1030.2701,-693.8764
630.0000,-7.6875,1.4052,33.5405,0.0007,1723.2093,1030.7010,-692.5082
631.0000,-7.6935,1.4045,33.5518,0.0007,1722.2737,1031.1313,-691.1424
632.0000,-7.6994,1.4038,33.5631,0.0007,1721.3398,1031.5607,-689.7791
633.0000,-7.7052,1.4030,33.5743,0.0007,1720.4076,1031.9895,-688.4181
634.0000,-7.7111,1.4023,33.5856,0.0007,1719.4771,1032.4175,-687.0595
635.0000,-7.7169,1.4015,33.5969,0.0007,1718.5482,1032.8448,-685.7034
636.0000,-7.7227,1.4008,33.6082,0.0007,1717.6209,1033.2714,-684.3495
637.0000,-7.7284,1.4001,33.6195,0.0007,1716.6953,1033.6972,-682.9981
638.0000,-7.7341,1.3993,33.6308,0.0007,1715.7713,1034.1223,-681.6490
639.0000,-7.7398,1.3986,33.6420,0.0007,1714.8490,1034.5468,-680.3023
640.0000,-7.7455,1.3979,33.6533,0.0007,1713.9283,1034.9705,-678.9579
641.0000,-7.7511,1.3971,33.6646,0.0007,1713.0093,1035.3935,-677.6158
642.0000,-7.7567,1.3964,33.6759,0.0007,1712.0918,1035.8158,-676.2760
643.0000,-7.7623,1.3957,33.6872,0.0007,1711.1760,1036.2374,-674.9386
644.0000,-7.7679,1.3950,33.6985,0.0007,1710.2618,1036.6584,-673.6035
645.0000,-7.7734,1.3942,33.7097,0.0007,1709.3492,1037.0786,-672.2707
646.0000,-7.7789,1.3935,33.7210,0.0007,1708.4383,1037.4981,-670.9401
647.0000,-7.7844,1.3928,33.7323,0.0007,1707.5289,1037.9170,-669.6119
648.0000,-7.7898,1.3921,33.7436,0.0007,1706.6211,1038.3352,-668.2859
649.0000,-7.7952,1.3913,33.7549,0.0007,1705.7150,1038.7527,-666.9622
650.0000,-7.8006,1.3906,33.7662,0.0007,1704.8104,1039.1696,-665.6408
651.0000,-7.8060,1.3899,33.7774,0.0007,1703.9074,1039.5858,-664.3216
652.0000,-7.8113,1.3892,33.7887,0.0007,1703.0060,1040.0013,-663.0047
653.0000,-7.8166,1.3885,33.8000,0.0007,1702.1061,1040.4161,-661.6900
654.0000,-7.8219,1.3878,33.8113,0.0007,1701.2079,1040.8303,-660.3775
655.0000,-7.8272,1.3870,33.8226,0.0007,1700.3112,1041.2439,-659.0673
656.0000,-7.8324,1.3863,33.8339,0.0007,1699.4161,1041.6568,-657.7593
657.0000,-7.8376,1.3856,33.8451,0.0007,1698.5225,1042.0690,-656.4535
658.0000,-7.8428,1.3849,33.8564,0.0007,1697.6305,1042.4806,-655.1499
659.0000,-7.8479,1.3842,33.8677,0.0007,1696.7401,1042.8915,-653.8486
660.0000,-7.8531,1.3835,33.8790,0.0007,1695.8512,1043.3018,-652.5494
661.0000,-7.8583,1.3828,33.8855,0.0007,1694.9629,1043.5942,-651.3688
662.0000,-7.8635,1.3821,33.8920,0.0007,1694.0760,1043.8872,-650.1889
663.0000,-7.8688,1.3814,33.8984,0.0007,1693.1905,1044.1805,-649.0101
664.0000,-7.8740,1.3807,33.9049,0.0007,1692.3064,1044.4739,-647.8325
665.0000,-7.8793,1.3800,33.9114,0.0007,1691.4236,1044.7674,-646.6562
666.0000,-7.8845,1.3793,33.9179,0.0007,1690.5421,1045.0608,-645.4813
667.0000,-7.8898,1.3786,33.9244,0.0007,1689.6619,1045.3542,-644.3078
668.0000,-7.8950,1.3779,33.9309,0.0007,1688.7831,1045.6473,-643.1358
669.0000,-7.9003,1.3772,33.9373,0.0007,1687.9056,1045.9404,-641.9652
670.0000,-7.9055,1.3765,33.9438,0.0007,1687.0294,1046.2332,-640.7962
671.0000,-7.9107,1.3758,33.9503,0.0007,1686.1546,1046.5258,-639.6288
672.0000,-7.9159,1.3751,33.9568,0.0007,1685.2811,1046.8182,-638.4629
673.0000,-7.9211,1.3744,33.9633,0.0007,1684.4088,1047.1103,-637.2985
674.0000,-7.9263,1.3737,33.9698,0.0007,1683.5379,1047.4022,-636.1358
675.0000,-7.9315,1.3730,33.9763,0.0007,1682.6683,1047.6937,-634.9746
676.0000,-7.9367,1.3724,33.9827,0.0007,1681.8001,1047.9850,-633.8150
677.0000,-7.9418,1.3717,33.9892,0.0007,1680.9331,1048.2760,-632.6571
678.0000,-7.9470,1.3710,33.9957,0.0007,1680.0674,1048.5667,-631.5008
679.0000,-7.9521,1.3703,34.0022,0.0007,1679.2031,1048.8570,-630.3461
680.0000,-7.9572,1.3696,34.0087,0.0007,1678.3401,1049.1471,-629.1930
681.0000,-7.9623,1.3689,34.0151,0.0007,1677.4783,1049.4368,-628.0415
682.0000,-7.9674,1.3682,34.0216,0.0007,1676.6179,1049.7261,-626.8917
683.0000,-7.9725,1.3676,34.0281,0.0007,1675.7587,1050.0152,-625.7436
684.0000,-7.9776,1.3669,34.0346,0.0007,1674.9009,1050.3038,-624.5971
685.0000,-7.9826,1.3662,34.0411,0.0007,1674.0444,1050.5922,-623.4522
686.0000,-7.9876,1.3655,34.0476,0.0007,1673.1891,1050.8801,-622.3090
687.0000,-7.9927,1.3648,34.0540,0.0007,1672.3351,1051.1678,-621.1674
688.0000,-7.9977,1.3642,34.0605,0.0007,1671.4825,1051.4550,-620.0275
689.0000,-8.0027,1.3635,34.0670,0.0007,1670.6311,1051.7419,-618.8892
690.0000,-8.0076,1.3628,34.0735,0.0007,1669.7810,1052.0284,-617.7526
691.0000,-8.0126,1.3621,34.0800,0.0007,1668.9322,1052.3146,-616.6176
692.0000,-8.0175,1.3615,34.0865,0.0007,1668.0847,1052.6004,-615.4843
693.0000,-8.0225,1.3608,34.0930,0.0007,1667.2384,1052.8858,-614.3526
694.0000,-8.0274,1.3601,34.0994,0.0007,1666.3935,1053.1708,-613.2226
695.0000,-8.0323,1.3595,34.1059,0.0007,1665.5498,1053.4555,-612.0942
696.0000,-8.0372,1.3588,34.1124,0.0007,1664.7073,1053.7398,-610.9675
697.0000,-8.0421,1.3581,34.1189,0.0007,1663.8662,1054.0237,-609.8425
698.0000,-8.0469,1.3575,34.1254,0.0007,1663.0263,1054.3072,-608.7191
699.0000,-8.0518,1.3568,34.1319,0.0007,1662.1877,1054.5904,-607.5973
700.0000,-8.0566,1.3561,34.1383,0.0007,1661.3503,1054.8731,-606.4772
701.0000,-8.0614,1.3555,34.1448,0.0007,1660.5143,1055.1555,-605.3588
702.0000,-8.0662,1.3548,34.1513,0.0007,1659.6794,1055.4375,-604.2419
703.0000,-8.0710,1.3541,34.1578,0.0007,1658.8459,1055.7191,-603.1268
704.0000,-8.0757,1.3535,34.1643,0.0007,1658.0135,1056.0003,-602.0132
705.0000,-8.0805,1.3528,34.1707,0.0007,1657.1825,1056.2811,-600.9014
706.0000,-8.0852,1.3522,34.1772,0.0007,1656.3527,1056.5616,-599.7911
707.0000,-8.0899,1.3515,34.1837,0.0007,1655.5241,1056.8416,-598.6825
708.0000,-8.0947,1.3509,34.1902,0.0007,1654.6968,1057.1213,-597.5755
709.0000,-8.0993,1.3502,34.1967,0.0007,1653.8707,1057.4005,-596.4702
710.0000,-8.1040,1.3495,34.2032,0.0007,1653.0459,1057.6794,-595.3665
711.0000,-8.1087,1.3489,34.2097,0.0007,1652.2223,1057.9579,-594.2644
712.0000,-8.1133,1.3482,34.2161,0.0007,1651.4000,1058.2360,-593.1640
713.0000,-8.1179,1.3476,34.2226,0.0007,1650.5789,1058.5137,-592.0652
714.0000,-8.1225,1.3469,34.2291,0.0007,1649.7590,1058.7910,-590.9680
715.0000,-8.1271,1.3463,34.2356,0.0007,1648.9403,1059.0680,-589.8724
716.0000,-8.1317,1.3456,34.2421,0.0007,1648.1229,1059.3445,-588.7784
717.0000,-8.1363,1.3450,34.2486,0.0007,1647.3067,1059.6206,-587.6861
718.0000,-8.1408,1.3444,34.2550,0.0007,1646.4918,1059.8964,-586.5954
719.0000,-8.1454,1.3437,34.2615,0.0007,1645.6780,1060.1717,-585.5063
720.0000,-8.1499,1.3431,34.2680,0.0007,1644.8655,1060.4467,-584.4188
721.0000,-8.1543,1.3424,34.2770,0.0007,1644.0532,1060.7819,-583.2713
722.0000,-8.1587,1.3418,34.2859,0.0007,1643.2423,1061.1160,-582.1262
723.0000,-8.1631,1.3411,34.2949,0.0007,1642.4326,1061.4493,-580.9833
724.0000,-8.1674,1.3405,34.3039,0.0007,1641.6243,1061.7817,-579.8426
725.0000,-8.1717,1.3399,34.3128,0.0007,1640.8173,1062.1134,-578.7038
726.0000,-8.1760,1.3392,34.3218,0.0007,1640.0116,1062.4444,-577.5672
727.0000,-8.1802,1.3386,34.3308,0.0007,1639.2072,1062.7748,-576.4324
728.0000,-8.1844,1.3379,34.3397,0.0007,1638.4042,1063.1045,-575.2997
729.0000,-8.1886,1.3373,34.3487,0.0007,1637.6024,1063.4335,-574.1689
730.0000,-8.1928,1.3367,34.3577,0.0007,1636.8020,1063.7619,-573.0400
731.0000,-8.1970,1.3360,34.3666,0.0007,1636.0028,1064.0898,-571.9130
732.0000,-8.2011,1.3354,34.3756,0.0007,1635.2050,1064.4170,-570.7879
733.0000,-8.2052,1.3348,34.3846,0.0007,1634.4084,1064.7437,-569.6647
734.0000,-8.2093,1.3342,34.3935,0.0007,1633.6131,1065.0698,-568.5433
735.0000,-8.2133,1.3335,34.4025,0.0007,1632.8192,1065.3954,-567.4238
736.0000,-8.2173,1.3329,34.4115,0.0007,1632.0265,1065.7203,-566.3061
737.0000,-8.2214,1.3323,34.4204,0.0007,1631.2351,1066.0448,-565.1903
738.0000,-8.2253,1.3316,34.4294,0.0007,1630.4449,1066.3687,-564.0762
739.0000,-8.2293,1.3310,34.4384,0.0007,1629.6561,1066.6921,-562.9640
740.0000,-8.2333,1.3304,34.4473,0.0007,1628.8685,1067.0149,-561.8536
741.0000,-8.2372,1.3298,34.4563,0.0007,1628.0821,1067.3372,-560.7449
742.0000,-8.2411,1.3292,34.4653,0.0007,1627.2971,1067.6590,-559.6381
743.0000,-8.2450,1.3285,34.4742,0.0007,1626.5133,1067.9803,-558.5330
744.0000,-8.2488,1.3279,34.4832,0.0007,1625.7307,1068.3010,-557.4297
745.0000,-8.2527,1.3273,34.4922,0.0007,1624.9494,1068.6213,-556.3282
746.0000,-8.2565,1.3267,34.5011,0.0007,1624.1694,1068.9410,-555.2284
747.0000,-8.2603,1.3261,34.5101,0.0007,1623.3906,1069.2603,-554.1303
748.0000,-8.2641,1.3254,34.5191,0.0007,1622.6131,1069.5790,-553.0340
749.0000,-8.2679,1.3248,34.5280,0.0007,1621.8367,1069.8973,-551.9395
750.0000,-8.2716,1.3242,34.5370,0.0007,1621.0617,1070.2150,-550.8466
751.0000,-8.2753,1.3236,34.5460,0.0007,1620.2878,1070.5323,-549.7555
752.0000,-8.2790,1.3230,34.5549,0.0007,1619.5152,1070.8491,-548.6661
753.0000,-8.2827,1.3224,34.5639,0.0007,1618.7439,1071.1654,-547.5785
754.0000,-8.2864,1.3218,34.5729,0.0007,1617.9737,1071.4812,-546.4925
755.0000,-8.2900,1.3212,34.5818,0.0007,1617.2048,1071.7966,-545.4082
756.0000,-8.2937,1.3206,34.5908,0.0007,1616.4371,1072.1114,-544.3257
757.0000,-8.2973,1.3200,34.5998,0.0007,1615.6706,1072.4258,-543.2448
758.0000,-8.3009,1.3193,34.6087,0.0007,1614.9054,1072.7397,-542.1656
759.0000,-8.3044,1.3187,34.6177,0.0007,1614.1413,1073.0532,-541.0881
760.0000,-8.3080,1.3181,34.6267,0.0007,1613.3785,1073.3662,-540.0123
761.0000,-8.3115,1.3175,34.6356,0.0007,1612.6168,1073.6787,-538.9381
762.0000,-8.3150,1.3169,34.6446,0.0007,1611.8564,1073.9907,-537.8657
763.0000,-8.3185,1.3163,34.6536,0.0007,1611.0972,1074.3023,-536.7948
764.0000,-8.3220,1.3157,34.6625,0.0007,1610.3391,1074.6135,-535.7257
765.0000,-8.3255,1.3151,34.6715,0.0007,1609.5823,1074.9241,-534.6582
766.0000,-8.3289,1.3145,34.6805,0.0007,1608.8267,1075.2344,-533.5923
767.0000,-8.3323,1.3139,34.6894,0.0007,1608.0722,1075.5441,-532.5281
768.0000,-8.3357,1.3133,34.6984,0.0007,1607.3189,1075.8534,-531.4655
769.0000,-8.3391,1.3127,34.7074,0.0007,1606.5669,1076.1623,-530.4046
770.0000,-8.3425,1.3122,34.7163,0.0007,1605.8160,1076.4707,-529.3453
771.0000,-8.3458,1.3116,34.7253,0.0007,1605.0663,1076.7787,-528.2876
772.0000,-8.3492,1.3110,34.7343,0.0007,1604.3177,1077.0862,-527.2316
773.0000,-8.3525,1.3104,34.7432,0.0007,1603.5704,1077.3933,-526.1771
774.0000,-8.3558,1.3098,34.7522,0.0007,1602.8242,1077.6999,-525.1243
775.0000,-8.3591,1.3092,34.7612,0.0007,1602.0792,1078.0061,-524.0731
776.0000,-8.3623,1.3086,34.7701,0.0007,1601.3353,1078.3118,-523.0235
777.0000,-8.3656,1.3080,34.7791,0.0007,1600.5927,1078.6171,-521.9755
778.0000,-8.3688,1.3074,34.7881,0.0007,1599.8511,1078.9220,-520.9291
779.0000,-8.3720,1.3069,34.7970,0.0007,1599.1108,1079.2265,-519.8843
780.0000,-8.3752,1.3063,34.8060,0.0007,1598.3716,1079.5305,-518.8411
781.0000,-8.3785,1.3057,34.8116,0.0007,1597.6306,1079.7517,-517.8789
782.0000,-8.3817,1.3051,34.8172,0.0007,1596.8907,1079.9735,-516.9172
783.0000,-8.3850,1.3045,34.8228,0.0007,1596.1518,1080.1954,-515.9564
784.0000,-8.3883,1.3039,34.8284,0.0007,1595.4140,1080.4175,-514.9966
785.0000,-8.3916,1.3034,34.8340,0.0007,1594.6773,1080.6396,-514.0377
786.0000,-8.3949,1.3028,34.8396,0.0007,1593.9416,1080.8616,-513.0799
787.0000,-8.3981,1.3022,34.8452,0.0007,1593.2069,1081.0836,-512.1232
788.0000,-8.4014,1.3016,34.8508,0.0007,1592.4732,1081.3055,-511.1676
789.0000,-8.4047,1.3010,34.8564,0.0007,1591.7405,1081.5273,-510.2132
790.0000,-8.4080,1.3005,34.8620,0.0007,1591.0089,1081.7490,-509.2598
791.0000,-8.4112,1.2999,34.8676,0.0007,1590.2782,1081.9705,-508.3077
792.0000,-8.4145,1.2993,34.8732,0.0007,1589.5486,1082.1919,-507.3567
793.0000,-8.4177,1.2987,34.8788,0.0007,1588.8200,1082.4131,-506.4069
794.0000,-8.4210,1.2982,34.8844,0.0007,1588.0924,1082.6341,-505.4583
795.0000,-8.4242,1.2976,34.8900,0.0007,1587.3658,1082.8549,-504.5109
796.0000,-8.4274,1.2970,34.8956,0.0007,1586.6403,1083.0756,-503.5647
797.0000,-8.4306,1.2965,34.9012,0.0007,1585.9157,1083.2960,-502.6197
798.0000,-8.4338,1.2959,34.9068,0.0007,1585.1921,1083.5162,-501.6759
799.0000,-8.4370,1.2953,34.9124,0.0007,1584.4696,1083.7362,-500.7334
800.0000,-8.4402,1.2947,34.9180,0.0007,1583.7480,1083.9560,-499.7920
801.0000,-8.4434,1.2942,34.9236,0.0007,1583.0274,1084.1755,-498.8519
802.0000,-8.4466,1.2936,34.9292,0.0007,1582.3079,1084.3948,-497.9131
803.0000,-8.4498,1.2930,34.9348,0.0007,1581.5893,1084.6139,-496.9754
804.0000,-8.4529,1.2925,34.9404,0.0007,1580.8717,1084.8327,-496.0390
805.0000,-8.4561,1.2919,34.9460,0.0007,1580.1552,1085.0513,-495.1039
806.0000,-8.4592,1.2914,34.9516,0.0007,1579.4396,1085.2697,-494.1699
807.0000,-8.4623,1.2908,34.9572,0.0007,1578.7250,1085.4878,-493.2373
808.0000,-8.4654,1.2902,34.9628,0.0007,1578.0114,1085.7056,-492.3058
809.0000,-8.4685,1.2897,34.9684,0.0007,1577.2988,1085.9232,-491.3756
810.0000,-8.4716,1.2891,34.9740,0.0007,1576.5872,1086.1405,-490.4467
811.0000,-8.4747,1.2886,34.9796,0.0007,1575.8766,1086.3576,-489.5190
812.0000,-8.4778,1.2880,34.9852,0.0007,1575.1669,1086.5744,-488.5925
813.0000,-8.4808,1.2874,34.9908,0.0007,1574.4583,1086.7910,-487.6673
814.0000,-8.4839,1.2869,34.9964,0.0007,1573.7506,1087.0073,-486.7433
815.0000,-8.4869,1.2863,35.0020,0.0007,1573.0439,1087.2233,-485.8206
816.0000,-8.4900,1.2858,35.0076,0.0007,1572.3382,1087.4391,-484.8991
817.0000,-8.4930,1.2852,35.0132,0.0007,1571.6335,1087.6546,-483.9788
818.0000,-8.4960,1.2847,35.0188,0.0007,1570.9297,1087.8699,-483.0598
819.0000,-8.4990,1.2841,35.0244,0.0007,1570.2269,1088.0848,-482.1421
820.0000,-8.5020,1.2836,35.0300,0.0007,1569.5251,1088.2995,-481.2256
821.0000,-8.5050,1.2830,35.0356,0.0007,1568.8243,1088.5140,-480.3103
822.0000,-8.5079,1.2824,35.0412,0.0007,1568.1244,1088.7281,-479.3963
823.0000,-8.5109,1.2819,35.0468,0.0007,1567.4255,1088.9420,-478.4835
824.0000,-8.5138,1.2814,35.0524,0.0007,1566.7276,1089.1556,-477.5720
825.0000,-8.5168,1.2808,35.0580,0.0007,1566.0306,1089.3689,-476.6617
826.0000,-8.5197,1.2803,35.0636,0.0007,1565.3346,1089.5820,-475.7527
827.0000,-8.5226,1.2797,35.0692,0.0007,1564.6396,1089.7948,-474.8449
828.0000,-8.5255,1.2792,35.0748,0.0007,1563.9456,1090.0073,-473.9383
829.0000,-8.5284,1.2786,35.0804,0.0007,1563.2524,1090.2195,-473.0330
830.0000,-8.5313,1.2781,35.0860,0.0007,1562.5603,1090.4314,-472.1289
831.0000,-8.5341,1.2775,35.0916,0.0007,1561.8691,1090.6431,-471.2260
832.0000,-8.5370,1.2770,35.0972,0.0007,1561.1789,1090.8545,-470.3244
833.0000,-8.5398,1.2764,35.1028,0.0007,1560.4896,1091.0656,-469.4240
834.0000,-8.5427,1.2759,35.1084,0.0006,1559.8013,1091.2764,-468.5249
835.0000,-8.5455,1.2754,35.1140,0.0006,1559.1139,1091.4870,-467.6269
836.0000,-8.5483,1.2748,35.1196,0.0006,1558.4275,1091.6972,-466.7302
837.0000,-8.5511,1.2743,35.1252,0.0006,1557.7420,1091.9072,-465.8348
838.0000,-8.5539,1.2737,35.1308,0.0006,1557.0575,1092.1169,-464.9405
839.0000,-8.5567,1.2732,35.1364,0.0006,1556.3739,1092.3264,-464.0475
840.0000,-8.5594,1.2727,35.1420,0.0006,1555.6913,1092.5355,-463.1558
841.0000,-8.5622,1.2721,35.1484,0.0006,1555.0121,1092.7632,-462.2489
842.0000,-8.5649,1.2716,35.1547,0.0006,1554.3338,1092.9903,-461.3435
843.0000,-8.5676,1.2711,35.1611,0.0006,1553.6564,1093.2171,-460.4394
844.0000,-8.5703,1.2705,35.1675,0.0006,1552.9800,1093.4435,-459.5366
845.0000,-8.5729,1.2700,35.1738,0.0006,1552.3046,1093.6694,-458.6351
846.0000,-8.5756,1.2695,35.1802,0.0006,1551.6301,1093.8951,-457.7350
847.0000,-8.5782,1.2689,35.1866,0.0006,1550.9565,1094.1203,-456.8362
848.0000,-8.5809,1.2684,35.1929,0.0006,1550.2839,1094.3452,-455.9387
849.0000,-8.5835,1.2679,35.1993,0.0006,1549.6122,1094.5698,-455.0424
850.0000,-8.5861,1.2673,35.2057,0.0006,1548.9415,1094.7940,-454.1475
851.0000,-8.5887,1.2668,35.2120,0.0006,1548.2717,1095.0179,-453.2538
852.0000,-8.5913,1.2663,35.2184,0.0006,1547.6028,1095.2414,-452.3614
853.0000,-8.5938,1.2658,35.2248,0.0006,1546.9349,1095.4646,-451.4703
854.0000,-8.5964,1.2652,35.2311,0.0006,1546.2680,1095.6875,-450.5805
855.0000,-8.5989,1.2647,35.2375,0.0006,1545.6019,1095.9101,-449.6919
856.0000,-8.6014,1.2642,35.2439,0.0006,1544.9368,1096.1323,-448.8046
857.0000,-8.6039,1.2637,35.2502,0.0006,1544.2727,1096.3542,-447.9185
858.0000,-8.6064,1.2631,35.2566,0.0006,1543.6095,1096.5757,-447.0338
859.0000,-8.6089,1.2626,35.2630,0.0006,1542.9472,1096.7970,-446.1502
860.0000,-8.6114,1.2621,35.2693,0.0006,1542.2858,1097.0179,-445.2679
861.0000,-8.6138,1.2616,35.2757,0.0006,1541.6254,1097.2385,-444.3869
862.0000,-8.6163,1.2610,35.2821,0.0006,1540.9659,1097.4588,-443.5071
863.0000,-8.6187,1.2605,35.2884,0.0006,1540.3073,1097.6787,-442.6286
864.0000,-8.6211,1.2600,35.2948,0.0006,1539.6497,1097.8984,-441.7513
865.0000,-8.6235,1.2595,35.3012,0.0006,1538.9930,1098.1177,-440.8753
866.0000,-8.6259,1.2590,35.3075,0.0006,1538.3372,1098.3367,-440.0005
867.0000,-8.6283,1.2585,35.3139,0.0006,1537.6823,1098.5554,-439.1269
868.0000,-8.6307,1.2579,35.3203,0.0006,1537.0283,1098.7738,-438.2546
869.0000,-8.6330,1.2574,35.3266,0.0006,1536.3753,1098.9918,-437.3835
870.0000,-8.6354,1.2569,35.3330,0.0006,1535.7232,1099.2096,-436.5136
871.0000,-8.6377,1.2564,35.3394,0.0006,1535.0720,1099.4270,-435.6449
872.0000,-8.6400,1.2559,35.3457,0.0006,1534.4217,1099.6442,-434.7775
873.0000,-8.6423,1.2554,35.3521,0.0006,1533.7723,1099.8610,-433.9113
874.0000,-8.6446,1.2549,35.3585,0.0006,1533.1238,1100.0775,-433.0463
875.0000,-8.6469,1.2543,35.3648,0.0006,1532.4763,1100.2937,-432.1825
876.0000,-8.6492,1.2538,35.3712,0.0006,1531.8296,1100.5096,-431.3200
877.0000,-8.6514,1.2533,35.3776,0.0006,1531.1839,1100.7252,-430.4586
878.0000,-8.6537,1.2528,35.3839,0.0006,1530.5390,1100.9405,-429.5985
879.0000,-8.6559,1.2523,35.3903,0.0006,1529.8951,1101.1555,-428.7396
880.0000,-8.6581,1.2518,35.3967,0.0006,1529.2520,1101.3702,-427.8819
881.0000,-8.6603,1.2513,35.4030,0.0006,1528.6099,1101.5846,-427.0254
882.0000,-8.6625,1.2508,35.4094,0.0006,1527.9687,1101.7986,-426.1700
883.0000,-8.6647,1.2503,35.4158,0.0006,1527.3283,1102.0124,-425.3159
884.0000,-8.6669,1.2498,35.4221,0.0006,1526.6889,1102.2259,-424.4630
885.0000,-8.6691,1.2493,35.4285,0.0006,1526.0503,1102.4390,-423.6113
886.0000,-8.6712,1.2488,35.4349,0.0006,1525.4127,1102.6519,-422.7608
887.0000,-8.6733,1.2483,35.4412,0.0006,1524.7759,1102.8644,-421.9115
888.0000,-8.6755,1.2478,35.4476,0.0006,1524.1400,1103.0767,-421.0633
889.0000,-8.6776,1.2473,35.4540,0.0006,1523.5051,1103.2887,-420.2164
890.0000,-8.6797,1.2468,35.4603,0.0006,1522.8710,1103.5003,-419.3706
891.0000,-8.6818,1.2463,35.4667,0.0006,1522.2378,1103.7117,-418.5261
892.0000,-8.6838,1.2458,35.4731,0.0006,1521.6054,1103.9228,-417.6827
893.0000,-8.6859,1.2453,35.4794,0.0006,1520.9740,1104.1335,-416.8404
894.0000,-8.6880,1.2448,35.4858,0.0006,1520.3434,1104.3440,-415.9994
895.0000,-8.6900,1.2443,35.4922,0.0006,1519.7137,1104.5542,-415.1596
896.0000,-8.6920,1.2438,35.4985,0.0006,1519.0849,1104.7641,-414.3209
897.0000,-8.6940,1.2433,35.5049,0.0006,1518.4570,1104.9736,-413.4834
898.0000,-8.6961,1.2428,35.5113,0.0006,1517.8299,1105.1829,-412.6470
899.0000,-8.6980,1.2423,35.5176,0.0006,1517.2038,1105.3919,-411.8118
900.0000,-8.7000,1.2418,35.5240,0.0006,1516.5785,1105.6006,-410.9778
901.0000,-8.7019,1.2413,35.5335,0.0006,1515.9584,1105.8844,-410.0740
902.0000,-8.7038,1.2408,35.5429,0.0006,1515.3392,1106.1671,-409.1721
903.0000,-8.7056,1.2403,35.5524,0.0006,1514.7210,1106.4489,-408.2721
904.0000,-8.7074,1.2398,35.5618,0.0006,1514.1037,1106.7300,-407.3738
905.0000,-8.7092,1.2394,35.5712,0.0006,1513.4874,1107.0103,-406.4771
906.0000,-8.7109,1.2389,35.5807,0.0006,1512.8720,1107.2900,-405.5820
907.0000,-8.7126,1.2384,35.5902,0.0006,1512.2576,1107.5691,-404.6885
908.0000,-8.7143,1.2379,35.5996,0.0006,1511.6441,1107.8475,-403.7965
909.0000,-8.7160,1.2374,35.6091,0.0006,1511.0315,1108.1254,-402.9061
910.0000,-8.7176,1.2369,35.6185,0.0006,1510.4200,1108.4028,-402.0172
911.0000,-8.7192,1.2364,35.6279,0.0006,1509.8093,1108.6796,-401.1297
912.0000,-8.7208,1.2359,35.6374,0.0006,1509.1996,1108.9559,-400.2438
913.0000,-8.7224,1.2355,35.6469,0.0006,1508.5909,1109.2317,-399.3592
914.0000,-8.7240,1.2350,35.6563,0.0006,1507.9831,1109.5069,-398.4762
915.0000,-8.7255,1.2345,35.6658,0.0006,1507.3763,1109.7817,-397.5945
916.0000,-8.7270,1.2340,35.6752,0.0006,1506.7704,1110.0560,-396.7143
917.0000,-8.7285,1.2335,35.6846,0.0006,1506.1654,1110.3299,-395.8355
918.0000,-8.7300,1.2331,35.6941,0.0006,1505.5614,1110.6032,-394.9581
919.0000,-8.7315,1.2326,35.7035,0.0006,1504.9583,1110.8762,-394.0821
920.0000,-8.7329,1.2321,35.7130,0.0006,1504.3561,1111.1486,-393.2075
921.0000,-8.7344,1.2316,35.7225,0.0006,1503.7549,1111.4206,-392.3343
922.0000,-8.7358,1.2311,35.7319,0.0006,1503.1546,1111.6922,-391.4624
923.0000,-8.7372,1.2307,35.7414,0.0006,1502.5553,1111.9633,-390.5919
924.0000,-8.7386,1.2302,35.7508,0.0006,1501.9569,1112.2340,-389.7228
925.0000,-8.7399,1.2297,35.7602,0.0006,1501.3593,1112.5043,-388.8550
926.0000,-8.7413,1.2293,35.7697,0.0006,1500.7628,1112.7742,-387.9886
927.0000,-8.7426,1.2288,35.7792,0.0006,1500.1671,1113.0436,-387.1235
928.0000,-8.7439,1.2283,35.7886,0.0006,1499.5724,1113.3126,-386.2598
929.0000,-8.7452,1.2278,35.7981,0.0006,1498.9785,1113.5812,-385.3973
930.0000,-8.7465,1.2274,35.8075,0.0006,1498.3856,1113.8494,-384.5362
931.0000,-8.7477,1.2269,35.8169,0.0006,1497.7936,1114.1172,-383.6765
932.0000,-8.7490,1.2264,35.8264,0.0006,1497.2025,1114.3846,-382.8180
933.0000,-8.7502,1.2260,35.8359,0.0006,1496.6124,1114.6515,-381.9608
934.0000,-8.7514,1.2255,35.8453,0.0006,1496.0231,1114.9181,-381.1050
935.0000,-8.7526,1.2250,35.8548,0.0006,1495.4347,1115.1843,-380.2504
936.0000,-8.7538,1.2246,35.8642,0.0006,1494.8473,1115.4501,-379.3972
937.0000,-8.7550,1.2241,35.8736,0.0006,1494.2607,1115.7155,-378.5452
938.0000,-8.7561,1.2236,35.8831,0.0006,1493.6751,1115.9805,-377.6945
939.0000,-8.7573,1.2232,35.8925,0.0006,1493.0903,1116.2452,-376.8452
940.0000,-8.7584,1.2227,35.9020,0.0006,1492.5064,1116.5094,-375.9970
941.0000,-8.7595,1.2222,35.9115,0.0006,1491.9235,1116.7733,-375.1502
942.0000,-8.7606,1.2218,35.9209,0.0006,1491.3414,1117.0368,-374.3046
943.0000,-8.7616,1.2213,35.9304,0.0006,1490.7602,1117.2999,-373.4603
944.0000,-8.7627,1.2209,35.9398,0.0006,1490.1799,1117.5626,-372.6173
945.0000,-8.7637,1.2204,35.9492,0.0006,1489.6005,1117.8250,-371.7755
946.0000,-8.7648,1.2199,35.9587,0.0006,1489.0220,1118.0870,-370.9350
947.0000,-8.7658,1.2195,35.9682,0.0006,1488.4444,1118.3486,-370.0957
948.0000,-8.7668,1.2190,35.9776,0.0006,1487.8676,1118.6099,-369.2577
949.0000,-8.7678,1.2186,35.9871,0.0006,1487.2917,1118.8708,-368.4210
950.0000,-8.7688,1.2181,35.9965,0.0006,1486.7167,1119.1313,-367.5854
951.0000,-8.7697,1.2176,36.0059,0.0006,1486.1426,1119.3915,-366.7511
952.0000,-8.7707,1.2172,36.0154,0.0006,1485.5694,1119.6513,-365.9181
953.0000,-8.7716,1.2167,36.0249,0.0006,1484.9970,1119.9108,-365.0862
954.0000,-8.7725,1.2163,36.0343,0.0006,1484.4255,1120.1699,-364.2557
955.0000,-8.7734,1.2158,36.0438,0.0006,1483.8549,1120.4286,-363.4263
956.0000,-8.7743,1.2154,36.0532,0.0006,1483.2851,1120.6870,-362.5981
957.0000,-8.7752,1.2149,36.0626,0.0006,1482.7162,1120.9450,-361.7712
958.0000,-8.7760,1.2145,36.0721,0.0006,1482.1482,1121.2027,-360.9455
959.0000,-8.7769,1.2140,36.0816,0.0006,1481.5810,1121.4601,-360.1210
960.0000,-8.7777,1.2136,36.0910,0.0006,1481.0147,1121.7170,-359.2977
961.0000,-8.7786,1.2131,36.0954,0.0006,1480.4455,1121.8499,-358.5956
962.0000,-8.7796,1.2127,36.0998,0.0006,1479.8770,1121.9838,-357.8932
963.0000,-8.7806,1.2122,36.1042,0.0006,1479.3092,1122.1183,-357.1909
964.0000,-8.7816,1.2118,36.1085,0.0006,1478.7422,1122.2533,-356.4889
965.0000,-8.7826,1.2113,36.1129,0.0006,1478.1758,1122.3887,-355.7871
966.0000,-8.7837,1.2109,36.1173,0.0006,1477.6101,1122.5243,-355.0858
967.0000,-8.7847,1.2105,36.1217,0.0006,1477.0451,1122.6602,-354.3849
968.0000,-8.7858,1.2100,36.1261,0.0006,1476.4807,1122.7962,-353.6845
969.0000,-8.7868,1.2096,36.1305,0.0006,1475.9171,1122.9324,-352.9847
970.0000,-8.7879,1.2091,36.1348,0.0006,1475.3541,1123.0687,-352.2854
971.0000,-8.7890,1.2087,36.1392,0.0006,1474.7918,1123.2050,-351.5867
972.0000,-8.7901,1.2082,36.1436,0.0006,1474.2301,1123.3414,-350.8887
973.0000,-8.7911,1.2078,36.1480,0.0006,1473.6691,1123.4779,-350.1912
974.0000,-8.7922,1.2074,36.1524,0.0006,1473.1088,1123.6144,-349.4944
975.0000,-8.7933,1.2069,36.1568,0.0006,1472.5491,1123.7509,-348.7983
976.0000,-8.7944,1.2065,36.1611,0.0006,1471.9902,1123.8874,-348.1028
977.0000,-8.7954,1.2060,36.1655,0.0006,1471.4318,1124.0239,-347.4080
978.0000,-8.7965,1.2056,36.1699,0.0006,1470.8742,1124.1603,-346.7139
979.0000,-8.7976,1.2052,36.1743,0.0006,1470.3172,1124.2968,-346.0205
980.0000,-8.7987,1.2047,36.1787,0.0006,1469.7609,1124.4331,-345.3278
981.0000,-8.7997,1.2043,36.1831,0.0006,1469.2053,1124.5695,-344.6358
982.0000,-8.8008,1.2038,36.1874,0.0006,1468.6503,1124.7058,-343.9445
983.0000,-8.8019,1.2034,36.1918,0.0006,1468.0960,1124.8420,-343.2540
984.0000,-8.8029,1.2030,36.1962,0.0006,1467.5423,1124.9781,-342.5642
985.0000,-8.8040,1.2025,36.2006,0.0006,1466.9894,1125.1142,-341.8752
986.0000,-8.8050,1.2021,36.2050,0.0006,1466.4371,1125.2502,-341.1869
987.0000,-8.8061,1.2017,36.2094,0.0006,1465.8854,1125.3861,-340.4993
988.0000,-8.8071,1.2012,36.2137,0.0006,1465.3344,1125.5219,-339.8126
989.0000,-8.8082,1.2008,36.2181,0.0006,1464.7841,1125.6576,-339.1265
990.0000,-8.8092,1.2004,36.2225,0.0006,1464.2345,1125.7932,-338.4413
991.0000,-8.8103,1.1999,36.2269,0.0006,1463.6855,1125.9287,-337.7568
992.0000,-8.8113,1.1995,36.2313,0.0006,1463.1372,1126.0642,-337.0731
993.0000,-8.8123,1.1991,36.2356,0.0006,1462.5896,1126.1995,-336.3901
994.0000,-8.8134,1.1986,36.2400,0.0006,1462.0426,1126.3347,-335.7079
995.0000,-8.8144,1.1982,36.2444,0.0006,1461.4963,1126.4697,-335.0265
996.0000,-8.8154,1.1978,36.2488,0.0006,1460.9506,1126.6047,-334.3459
997.0000,-8.8164,1.1973,36.2532,0.0006,1460.4056,1126.7395,-333.6661
998.0000,-8.8174,1.1969,36.2576,0.0006,1459.8613,1126.8742,-332.9871
999.0000,-8.8184,1.1965,36.2619,0.0006,1459.3176,1127.0088,-332.3088
1000.0000,-8.8194,1.1961,36.2663,0.0006,1458.7746,1127.1433,-331.6314
1001.0000,-8.8204,1.1956,36.2707,0.0006,1458.2323,1127.2776,-330.9547
1002.0000,-8.8214,1.1952,36.2751,0.0006,1457.6906,1127.4118,-330.2788
1003.0000,-8.8223,1.1948,36.2795,0.0006,1457.1496,1127.5458,-329.6038
1004.0000,-8.8233,1.1944,36.2839,0.0006,1456.6093,1127.6797,-328.9295
1005.0000,-8.8243,1.1939,36.2882,0.0006,1456.0696,1127.8135,-328.2560
1006.0000,-8.8253,1.1935,36.2926,0.0006,1455.5305,1127.9472,-327.5834
1007.0000,-8.8262,1.1931,36.2970,0.0006,1454.9921,1128.0807,-326.9115
1008.0000,-8.8272,1.1927,36.3014,0.0006,1454.4544,1128.2140,-326.2404
1009.0000,-8.8281,1.1922,36.3058,0.0006,1453.9174,1128.3472,-325.5701
1010.0000,-8.8290,1.1918,36.3102,0.0006,1453.3810,1128.4803,-324.9007
1011.0000,-8.8300,1.1914,36.3145,0.0006,1452.8452,1128.6132,-324.2320
1012.0000,-8.8309,1.1910,36.3189,0.0006,1452.3101,1128.7460,-323.5642
1013.0000,-8.8318,1.1905,36.3233,0.0006,1451.7757,1128.8786,-322.8971
1014.0000,-8.8327,1.1901,36.3277,0.0006,1451.2419,1129.0110,-322.2309
1015.0000,-8.8337,1.1897,36.3321,0.0006,1450.7088,1129.1433,-321.5654
1016.0000,-8.8346,1.1893,36.3365,0.0006,1450.1763,1129.2755,-320.9008
1017.0000,-8.8354,1.1889,36.3408,0.0006,1449.6445,1129.4075,-320.2370
1018.0000,-8.8363,1.1885,36.3452,0.0006,1449.1133,1129.5393,-319.5740
1019.0000,-8.8372,1.1880,36.3496,0.0006,1448.5828,1129.6710,-318.9118
1020.0000,-8.8381,1.1876,36.3540,0.0006,1448.0529,1129.8025,-318.2504
1021.0000,-8.8388,1.1872,36.3659,0.0006,1447.5206,1130.1169,-317.4037
1022.0000,-8.8394,1.1868,36.3778,0.0006,1446.9892,1130.4290,-316.5602
1023.0000,-8.8399,1.1864,36.3896,0.0006,1446.4588,1130.7393,-315.7194
1024.0000,-8.8404,1.1860,36.4015,0.0006,1445.9293,1131.0483,-314.8810
1025.0000,-8.8408,1.1855,36.4134,0.0006,1445.4008,1131.3559,-314.0448
1026.0000,-8.8412,1.1851,36.4253,0.0006,1444.8732,1131.6625,-313.2107
1027.0000,-8.8415,1.1847,36.4372,0.0006,1444.3467,1131.9680,-312.3786
1028.0000,-8.8418,1.1843,36.4491,0.0006,1443.8211,1132.2726,-311.5485
1029.0000,-8.8421,1.1839,36.4609,0.0006,1443.2964,1132.5763,-310.7202
1030.0000,-8.8423,1.1835,36.4728,0.0006,1442.7728,1132.8791,-309.8937
1031.0000,-8.8425,1.1831,36.4847,0.0006,1442.2501,1133.1811,-309.0690
1032.0000,-8.8427,1.1827,36.4966,0.0006,1441.7283,1133.4823,-308.2460
1033.0000,-8.8428,1.1823,36.5085,0.0006,1441.2075,1133.7828,-307.4247
1034.0000,-8.8429,1.1819,36.5204,0.0006,1440.6876,1134.0826,-306.6050
1035.0000,-8.8430,1.1815,36.5322,0.0006,1440.1687,1134.3817,-305.7870
1036.0000,-8.8431,1.1810,36.5441,0.0006,1439.6507,1134.6801,-304.9707
1037.0000,-8.8431,1.1806,36.5560,0.0006,1439.1336,1134.9778,-304.1558
1038.0000,-8.8431,1.1802,36.5679,0.0006,1438.6175,1135.2749,-303.3426
1039.0000,-8.8431,1.1798,36.5798,0.0006,1438.1023,1135.5714,-302.5309
1040.0000,-8.8430,1.1794,36.5917,0.0006,1437.5880,1135.8672,-301.7207
1041.0000,-8.8430,1.1790,36.6035,0.0006,1437.0746,1136.1625,-300.9121
1042.0000,-8.8429,1.1786,36.6154,0.0006,1436.5621,1136.4572,-300.1049
1043.0000,-8.8427,1.1782,36.6273,0.0006,1436.0505,1136.7513,-299.2992
1044.0000,-8.8426,1.1778,36.6392,0.0006,1435.5398,1137.0449,-298.4949
1045.0000,-8.8424,1.1774,36.6511,0.0006,1435.0301,1137.3379,-297.6921
1046.0000,-8.8422,1.1770,36.6630,0.0006,1434.5212,1137.6304,-296.8908
1047.0000,-8.8420,1.1766,36.6748,0.0006,1434.0132,1137.9223,-296.0909
1048.0000,-8.8418,1.1762,36.6867,0.0006,1433.5061,1138.2137,-295.2923
1049.0000,-8.8416,1.1759,36.6986,0.0006,1432.9998,1138.5046,-294.4952
1050.0000,-8.8413,1.1755,36.7105,0.0006,1432.4945,1138.7950,-293.6995
1051.0000,-8.8410,1.1751,36.7224,0.0006,1431.9900,1139.0849,-292.9052
1052.0000,-8.8407,1.1747,36.7343,0.0006,1431.4865,1139.3743,-292.1122
1053.0000,-8.8404,1.1743,36.7462,0.0006,1430.9837,1139.6632,-291.3206
1054.0000,-8.8400,1.1739,36.7580,0.0006,1430.4819,1139.9516,-290.5303
1055.0000,-8.8397,1.1735,36.7699,0.0006,1429.9809,1140.2395,-289.7414
1056.0000,-8.8393,1.1731,36.7818,0.0006,1429.4808,1140.5270,-288.9538
1057.0000,-8.8389,1.1727,36.7937,0.0006,1428.9816,1140.8140,-288.1676
1058.0000,-8.8385,1.1723,36.8056,0.0006,1428.4832,1141.1005,-287.3827
1059.0000,-8.8380,1.1719,36.8175,0.0006,1427.9856,1141.3866,-286.5991
1060.0000,-8.8376,1.1715,36.8293,0.0006,1427.4890,1141.6722,-285.8167
1061.0000,-8.8371,1.1712,36.8412,0.0006,1426.9931,1141.9574,-285.0357
1062.0000,-8.8366,1.1708,36.8531,0.0006,1426.4982,1142.2421,-284.2560
1063.0000,-8.8361,1.1704,36.8650,0.0006,1426.0040,1142.5264,-283.4776
1064.0000,-8.8355,1.1700,36.8769,0.0006,1425.5108,1142.8103,-282.7005
1065.0000,-8.8350,1.1696,36.8888,0.0006,1425.0183,1143.0937,-281.9246
1066.0000,-8.8344,1.1692,36.9006,0.0006,1424.5267,1143.3767,-281.1500
1067.0000,-8.8339,1.1689,36.9125,0.0006,1424.0359,1143.6593,-280.3766
1068.0000,-8.8333,1.1685,36.9244,0.0006,1423.5460,1143.9415,-279.6045
1069.0000,-8.8326,1.1681,36.9363,0.0006,1423.0569,1144.2232,-278.8337
1070.0000,-8.8320,1.1677,36.9482,0.0006,1422.5687,1144.5046,-278.0641
1071.0000,-8.8314,1.1673,36.9601,0.0006,1422.0812,1144.7855,-277.2957
1072.0000,-8.8307,1.1669,36.9719,0.0006,1421.5946,1145.0660,-276.5286
1073.0000,-8.8300,1.1666,36.9838,0.0006,1421.1088,1145.3461,-275.7627
1074.0000,-8.8293,1.1662,36.9957,0.0006,1420.6238,1145.6258,-274.9981
1075.0000,-8.8286,1.1658,37.0076,0.0006,1420.1397,1145.9051,-274.2346
1076.0000,-8.8279,1.1654,37.0195,0.0006,1419.6564,1146.1840,-273.4724
1077.0000,-8.8272,1.1651,37.0314,0.0006,1419.1739,1146.4625,-272.7113
1078.0000,-8.8264,1.1647,37.0432,0.0006,1418.6922,1146.7406,-271.9515
1079.0000,-8.8256,1.1643,37.0551,0.0006,1418.2113,1147.0184,-271.1929
1080.0000,-8.8248,1.1639,37.0670,0.0006,1417.7312,1147.2957,-270.4355
1081.0000,-8.8242,1.1636,37.0729,0.0006,1417.2575,1147.4260,-269.8316
1082.0000,-8.8236,1.1632,37.0787,0.0006,1416.7844,1147.5576,-269.2268
1083.0000,-8.8230,1.1628,37.0846,0.0006,1416.3118,1147.6901,-268.6217
1084.0000,-8.8225,1.1624,37.0905,0.0006,1415.8398,1147.8233,-268.0164
1085.0000,-8.8219,1.1621,37.0963,0.0006,1415.3682,1147.9570,-267.4112
1086.0000,-8.8214,1.1617,37.1022,0.0006,1414.8971,1148.0911,-266.8060
1087.0000,-8.8210,1.1613,37.1081,0.0006,1414.4266,1148.2256,-266.2010
1088.0000,-8.8205,1.1610,37.1139,0.0006,1413.9566,1148.3603,-265.5963
1089.0000,-8.8200,1.1606,37.1198,0.0006,1413.4870,1148.4953,-264.9918
1090.0000,-8.8196,1.1602,37.1257,0.0006,1413.0181,1148.6304,-264.3876
1091.0000,-8.8191,1.1598,37.1315,0.0006,1412.5496,1148.7658,-263.7838
1092.0000,-8.8186,1.1595,37.1374,0.0006,1412.0816,1148.9012,-263.1804
1093.0000,-8.8182,1.1591,37.1433,0.0006,1411.6142,1149.0368,-262.5774
1094.0000,-8.8178,1.1587,37.1491,0.0006,1411.1473,1149.1725,-261.9748
1095.0000,-8.8173,1.1584,37.1550,0.0006,1410.6809,1149.3083,-261.3727
1096.0000,-8.8169,1.1580,37.1609,0.0006,1410.2151,1149.4441,-260.7710
1097.0000,-8.8165,1.1576,37.1667,0.0006,1409.7498,1149.5799,-260.1698
1098.0000,-8.8160,1.1573,37.1726,0.0006,1409.2850,1149.7158,-259.5692
1099.0000,-8.8156,1.1569,37.1785,0.0006,1408.8208,1149.8517,-258.9690
1100.0000,-8.8152,1.1565,37.1843,0.0006,1408.3571,1149.9877,-258.3694
1101.0000,-8.8147,1.1562,37.1902,0.0006,1407.8939,1150.1236,-257.7703
1102.0000,-8.8143,1.1558,37.1961,0.0006,1407.4313,1150.2595,-257.1718
1103.0000,-8.8139,1.1554,37.2019,0.0006,1406.9692,1150.3954,-256.5738
1104.0000,-8.8135,1.1551,37.2078,0.0006,1406.5077,1150.5313,-255.9764
1105.0000,-8.8130,1.1547,37.2137,0.0006,1406.0467,1150.6671,-255.3796
1106.0000,-8.8126,1.1543,37.2195,0.0006,1405.5862,1150.8029,-254.7833
1107.0000,-8.8121,1.1540,37.2254,0.0006,1405.1263,1150.9387,-254.1876
1108.0000,-8.8117,1.1536,37.2313,0.0006,1404.6669,1151.0744,-253.5926
1109.0000,-8.8113,1.1533,37.2371,0.0006,1404.2081,1151.2100,-252.9981
1110.0000,-8.8108,1.1529,37.2430,0.0006,1403.7499,1151.3456,-252.4042
1111.0000,-8.8104,1.1525,37.2489,0.0006,1403.2921,1151.4812,-251.8110
1112.0000,-8.8099,1.1522,37.2547,0.0006,1402.8350,1151.6166,-251.2183
1113.0000,-8.8095,1.1518,37.2606,0.0006,1402.3783,1151.7520,-250.6263
1114.0000,-8.8090,1.1515,37.2665,0.0006,1401.9223,1151.8873,-250.0349
1115.0000,-8.8086,1.1511,37.2723,0.0006,1401.4667,1152.0226,-249.4441
1116.0000,-8.8081,1.1507,37.2782,0.0006,1401.0117,1152.1577,-248.8540
1117.0000,-8.8076,1.1504,37.2841,0.0006,1400.5573,1152.2928,-248.2645
1118.0000,-8.8072,1.1500,37.2899,0.0006,1400.1034,1152.4278,-247.6756
1119.0000,-8.8067,1.1497,37.2958,0.0006,1399.6501,1152.5626,-247.0874
1120.0000,-8.8062,1.1493,37.3017,0.0006,1399.1973,1152.6974,-246.4998
1121.0000,-8.8058,1.1489,37.3075,0.0006,1398.7450,1152.8321,-245.9129
1122.0000,-8.8053,1.1486,37.3134,0.0006,1398.2933,1152.9667,-245.3266
1123.0000,-8.8048,1.1482,37.3193,0.0006,1397.8422,1153.1012,-244.7410
1124.0000,-8.8043,1.1479,37.3251,0.0006,1397.3916,1153.2356,-244.1560
1125.0000,-8.8038,1.1475,37.3310,0.0006,1396.9415,1153.3698,-243.5717
1126.0000,-8.8033,1.1472,37.3369,0.0006,1396.4920,1153.5040,-242.9881
1127.0000,-8.8028,1.1468,37.3427,0.0006,1396.0431,1153.6380,-242.4051
1128.0000,-8.8023,1.1465,37.3486,0.0006,1395.5947,1153.7720,-241.8227
1129.0000,-8.8018,1.1461,37.3545,0.0006,1395.1468,1153.9058,-241.2410
1130.0000,-8.8012,1.1458,37.3603,0.0006,1394.6995,1154.0395,-240.6600
1131.0000,-8.8007,1.1454,37.3662,0.0006,1394.2527,1154.1731,-240.0797
1132.0000,-8.8002,1.1450,37.3721,0.0006,1393.8065,1154.3065,-239.5000
1133.0000,-8.7997,1.1447,37.3779,0.0006,1393.3609,1154.4399,-238.9210
1134.0000,-8.7991,1.1443,37.3838,0.0006,1392.9157,1154.5731,-238.3427
1135.0000,-8.7986,1.1440,37.3897,0.0006,1392.4712,1154.7062,-237.7650
1136.0000,-8.7980,1.1436,37.3955,0.0006,1392.0271,1154.8391,-237.1880
1137.0000,-8.7975,1.1433,37.4014,0.0006,1391.5837,1154.9720,-236.6117
1138.0000,-8.7969,1.1429,37.4073,0.0006,1391.1407,1155.1047,-236.0361
1139.0000,-8.7964,1.1426,37.4131,0.0006,1390.6983,1155.2373,-235.4611
1140.0000,-8.7958,1.1422,37.4190,0.0006,1390.2565,1155.3697,-234.8868
1141.0000,-8.7952,1.1419,37.4267,0.0006,1389.8087,1155.5470,-234.2617
1142.0000,-8.7945,1.1416,37.4344,0.0006,1389.3615,1155.7236,-233.6380
1143.0000,-8.7938,1.1412,37.4421,0.0006,1388.9151,1155.8996,-233.0155
1144.0000,-8.7931,1.1409,37.4499,0.0006,1388.4693,1156.0751,-232.3942
1145.0000,-8.7924,1.1405,37.4576,0.0006,1388.0243,1156.2502,-231.7741
1146.0000,-8.7917,1.1402,37.4653,0.0006,1387.5799,1156.4249,-231.1550
1147.0000,-8.7910,1.1398,37.4730,0.0006,1387.1361,1156.5992,-230.5369
1148.0000,-8.7902,1.1395,37.4807,0.0006,1386.6931,1156.7732,-229.9199
1149.0000,-8.7894,1.1391,37.4885,0.0006,1386.2507,1156.9468,-229.3039
1150.0000,-8.7886,1.1388,37.4962,0.0006,1385.8089,1157.1200,-228.6889
1151.0000,-8.7878,1.1384,37.5039,0.0006,1385.3678,1157.2930,-228.0748
1152.0000,-8.7870,1.1381,37.5116,0.0006,1384.9274,1157.4657,-227.4617
1153.0000,-8.7862,1.1378,37.5193,0.0006,1384.4876,1157.6380,-226.8496
1154.0000,-8.7854,1.1374,37.5270,0.0006,1384.0485,1157.8101,-226.2384
1155.0000,-8.7845,1.1371,37.5347,0.0006,1383.6100,1157.9819,-225.6281
1156.0000,-8.7837,1.1367,37.5425,0.0006,1383.1721,1158.1534,-225.0187
1157.0000,-8.7828,1.1364,37.5502,0.0006,1382.7349,1158.3246,-224.4103
1158.0000,-8.7819,1.1361,37.5579,0.0006,1382.2983,1158.4955,-223.8028
1159.0000,-8.7810,1.1357,37.5656,0.0006,1381.8624,1158.6662,-223.1961
1160.0000,-8.7801,1.1354,37.5733,0.0006,1381.4270,1158.8366,-222.5904
1161.0000,-8.7792,1.1351,37.5810,0.0006,1380.9923,1159.0068,-221.9856
1162.0000,-8.7783,1.1347,37.5888,0.0006,1380.5583,1159.1766,-221.3816
1163.0000,-8.7774,1.1344,37.5965,0.0006,1380.1248,1159.3463,-220.7786
1164.0000,-8.7764,1.1340,37.6042,0.0006,1379.6920,1159.5157,-220.1764
1165.0000,-8.7755,1.1337,37.6119,0.0006,1379.2598,1159.6848,-219.5750
1166.0000,-8.7745,1.1334,37.6196,0.0006,1378.8283,1159.8537,-218.9746
1167.0000,-8.7735,1.1330,37.6273,0.0006,1378.3973,1160.0223,-218.3750
1168.0000,-8.7726,1.1327,37.6351,0.0006,1377.9670,1160.1907,-217.7763
1169.0000,-8.7716,1.1324,37.6428,0.0006,1377.5373,1160.3588,-217.1784
1170.0000,-8.7706,1.1320,37.6505,0.0006,1377.1081,1160.5267,-216.5814
1171.0000,-8.7696,1.1317,37.6582,0.0006,1376.6797,1160.6944,-215.9853
1172.0000,-8.7685,1.1314,37.6659,0.0006,1376.2518,1160.8618,-215.3900
1173.0000,-8.7675,1.1310,37.6736,0.0006,1375.8245,1161.0290,-214.7955
1174.0000,-8.7665,1.1307,37.6814,0.0006,1375.3979,1161.1960,-214.2019
1175.0000,-8.7654,1.1304,37.6891,0.0006,1374.9718,1161.3627,-213.6091
1176.0000,-8.7644,1.1300,37.6968,0.0006,1374.5464,1161.5292,-213.0172
1177.0000,-8.7633,1.1297,37.7045,0.0006,1374.1215,1161.6954,-212.4261
1178.0000,-8.7622,1.1294,37.7122,0.0006,1373.6973,1161.8615,-211.8358
1179.0000,-8.7611,1.1291,37.7199,0.0006,1373.2736,1162.0273,-211.2464
1180.0000,-8.7600,1.1287,37.7277,0.0006,1372.8506,1162.1928,-210.6578
1181.0000,-8.7589,1.1284,37.7354,0.0006,1372.4282,1162.3582,-210.0700
1182.0000,-8.7578,1.1281,37.7431,0.0006,1372.0063,1162.5233,-209.4830
1183.0000,-8.7567,1.1278,37.7508,0.0006,1371.5851,1162.6882,-208.8969
1184.0000,-8.7556,1.1274,37.7585,0.0006,1371.1645,1162.8529,-208.3116
1185.0000,-8.7544,1.1271,37.7662,0.0006,1370.7444,1163.0173,-207.7271
1186.0000,-8.7533,1.1268,37.7740,0.0006,1370.3250,1163.1815,-207.1434
1187.0000,-8.7521,1.1265,37.7817,0.0006,1369.9061,1163.3455,-206.5606
1188.0000,-8.7510,1.1261,37.7894,0.0006,1369.4879,1163.5093,-205.9785
1189.0000,-8.7498,1.1258,37.7971,0.0006,1369.0702,1163.6729,-205.3973
1190.0000,-8.7486,1.1255,37.8048,0.0006,1368.6531,1163.8362,-204.8169
1191.0000,-8.7474,1.1252,37.8125,0.0006,1368.2366,1163.9994,-204.2373
1192.0000,-8.7462,1.1248,37.8203,0.0006,1367.8207,1164.1623,-203.6584
1193.0000,-8.7450,1.1245,37.8280,0.0006,1367.4054,1164.3250,-203.0804
1194.0000,-8.7438,1.1242,37.8357,0.0006,1366.9907,1164.4874,-202.5032
1195.0000,-8.7426,1.1239,37.8434,0.0006,1366.5765,1164.6497,-201.9268
1196.0000,-8.7413,1.1235,37.8511,0.0006,1366.1630,1164.8118,-201.3512
1197.0000,-8.7401,1.1232,37.8588,0.0006,1365.7500,1164.9736,-200.7764
1198.0000,-8.7388,1.1229,37.8666,0.0006,1365.3376,1165.1352,-200.2024
1199.0000,-8.7376,1.1226,37.8743,0.0006,1364.9258,1165.2966,-199.6292
1200.0000,-8.7363,1.1223,37.8820,0.0006,1364.5145,1165.4578,-199.0567
1201.0000,-8.7351,1.1220,37.8862,0.0006,1364.1110,1165.5332,-198.5778
1202.0000,-8.7340,1.1216,37.8904,0.0006,1363.7078,1165.6094,-198.0984
1203.0000,-8.7328,1.1213,37.8946,0.0006,1363.3050,1165.6862,-197.6188
1204.0000,-8.7317,1.1210,37.8988,0.0006,1362.9026,1165.7634,-197.1392
1205.0000,-8.7306,1.1207,37.9030,0.0006,1362.5005,1165.8409,-196.6596
1206.0000,-8.7295,1.1204,37.9072,0.0006,1362.0988,1165.9187,-196.1800
1207.0000,-8.7285,1.1200,37.9114,0.0006,1361.6975,1165.9968,-195.7007
1208.0000,-8.7274,1.1197,37.9156,0.0006,1361.2965,1166.0750,-195.2215
1209.0000,-8.7263,1.1194,37.9198,0.0006,1360.8960,1166.1534,-194.7425
1210.0000,-8.7253,1.1191,37.9240,0.0006,1360.4958,1166.2319,-194.2639
1211.0000,-8.7242,1.1188,37.9282,0.0006,1360.0960,1166.3106,-193.7854
1212.0000,-8.7232,1.1185,37.9324,0.0006,1359.6966,1166.3893,-193.3073
1213.0000,-8.7221,1.1182,37.9366,0.0006,1359.2976,1166.4682,-192.8295
1214.0000,-8.7211,1.1178,37.9408,0.0006,1358.8991,1166.5470,-192.3520
1215.0000,-8.7200,1.1175,37.9450,0.0006,1358.5009,1166.6260,-191.8749
1216.0000,-8.7190,1.1172,37.9492,0.0006,1358.1031,1166.7050,-191.3981
1217.0000,-8.7180,1.1169,37.9534,0.0006,1357.7057,1166.7840,-190.9217
1218.0000,-8.7169,1.1166,37.9576,0.0006,1357.3087,1166.8631,-190.4456
1219.0000,-8.7159,1.1163,37.9618,0.0006,1356.9121,1166.9422,-189.9700
1220.0000,-8.7149,1.1160,37.9660,0.0006,1356.5160,1167.0213,-189.4947
1221.0000,-8.7138,1.1156,37.9702,0.0006,1356.1202,1167.1004,-189.0198
1222.0000,-8.7128,1.1153,37.9744,0.0006,1355.7249,1167.1795,-188.5454
1223.0000,-8.7117,1.1150,37.9786,0.0006,1355.3300,1167.2586,-188.0713
1224.0000,-8.7107,1.1147,37.9828,0.0006,1354.9354,1167.3377,-187.5977
1225.0000,-8.7097,1.1144,37.9870,0.0006,1354.5413,1167.4168,-187.1245
1226.0000,-8.7086,1.1141,37.9912,0.0006,1354.1476,1167.4959,-186.6518
1227.0000,-8.7076,1.1138,37.9954,0.0006,1353.7544,1167.5749,-186.1795
1228.0000,-8.7066,1.1135,37.9996,0.0006,1353.3615,1167.6539,-185.7076
1229.0000,-8.7055,1.1132,38.0038,0.0006,1352.9691,1167.7329,-185.2362
1230.0000,-8.7045,1.1129,38.0080,0.0006,1352.5771,1167.8119,-184.7652
1231.0000,-8.7034,1.1125,38.0122,0.0006,1352.1855,1167.8908,-184.2947
1232.0000,-8.7024,1.1122,38.0164,0.0006,1351.7943,1167.9696,-183.8246
1233.0000,-8.7013,1.1119,38.0206,0.0006,1351.4035,1168.0485,-183.3550
1234.0000,-8.7003,1.1116,38.0248,0.0006,1351.0132,1168.1273,-182.8859
1235.0000,-8.6992,1.1113,38.0290,0.0006,1350.6233,1168.2060,-182.4173
1236.0000,-8.6982,1.1110,38.0332,0.0006,1350.2338,1168.2847,-181.9491
1237.0000,-8.6971,1.1107,38.0374,0.0006,1349.8447,1168.3633,-181.4813
1238.0000,-8.6961,1.1104,38.0416,0.0006,1349.4560,1168.4419,-181.0141
1239.0000,-8.6950,1.1101,38.0458,0.0006,1349.0678,1168.5204,-180.5473
1240.0000,-8.6940,1.1098,38.0500,0.0006,1348.6800,1168.5989,-180.0811
1241.0000,-8.6929,1.1095,38.0542,0.0006,1348.2926,1168.6773,-179.6153
1242.0000,-8.6918,1.1092,38.0584,0.0006,1347.9056,1168.7556,-179.1500
1243.0000,-8.6908,1.1089,38.0626,0.0006,1347.5191,1168.8339,-178.6851
1244.0000,-8.6897,1.1086,38.0668,0.0006,1347.1329,1168.9121,-178.2208
1245.0000,-8.6886,1.1083,38.0710,0.0006,1346.7472,1168.9903,-177.7570
1246.0000,-8.6875,1.1080,38.0752,0.0006,1346.3620,1169.0683,-177.2936
1247.0000,-8.6865,1.1077,38.0794,0.0006,1345.9771,1169.1463,-176.8308
1248.0000,-8.6854,1.1073,38.0836,0.0006,1345.5927,1169.2243,-176.3684
1249.0000,-8.6843,1.1070,38.0878,0.0006,1345.2087,1169.3021,-175.9066
1250.0000,-8.6832,1.1067,38.0920,0.0006,1344.8251,1169.3799,-175.4452
1251.0000,-8.6821,1.1064,38.0962,0.0006,1344.4419,1169.4576,-174.9843
1252.0000,-8.6810,1.1061,38.1004,0.0006,1344.0592,1169.5352,-174.5240
1253.0000,-8.6799,1.1058,38.1046,0.0006,1343.6769,1169.6127,-174.0641
1254.0000,-8.6788,1.1055,38.1088,0.0006,1343.2950,1169.6902,-173.6048
1255.0000,-8.6777,1.1052,38.1130,0.0006,1342.9135,1169.7676,-173.1459
1256.0000,-8.6766,1.1049,38.1172,0.0006,1342.5325,1169.8449,-172.6876
1257.0000,-8.6755,1.1046,38.1214,0.0006,1342.1518,1169.9221,-172.2298
1258.0000,-8.6744,1.1043,38.1256,0.0006,1341.7717,1169.9992,-171.7725
1259.0000,-8.6732,1.1040,38.1298,0.0006,1341.3919,1170.0762,-171.3157
1260.0000,-8.6721,1.1037,38.1340,0.0006,1341.0125,1170.1532,-170.8594
1261.0000,-8.6708,1.1034,38.1446,0.0006,1340.6317,1170.3849,-170.2468
1262.0000,-8.6695,1.1031,38.1551,0.0006,1340.2515,1170.6147,-169.6368
1263.0000,-8.6681,1.1028,38.1656,0.0006,1339.8719,1170.8431,-169.0288
1264.0000,-8.6666,1.1025,38.1762,0.0006,1339.4931,1171.0703,-168.4227
1265.0000,-8.6651,1.1023,38.1868,0.0006,1339.1149,1171.2965,-167.8183
1266.0000,-8.6636,1.1020,38.1973,0.0006,1338.7374,1171.5218,-167.2156
1267.0000,-8.6620,1.1017,38.2079,0.0006,1338.3605,1171.7463,-166.6143
1268.0000,-8.6604,1.1014,38.2184,0.0006,1337.9844,1171.9699,-166.0145
1269.0000,-8.6588,1.1011,38.2289,0.0006,1337.6089,1172.1929,-165.4160
1270.0000,-8.6571,1.1008,38.2395,0.0006,1337.2341,1172.4152,-164.8190
1271.0000,-8.6554,1.1005,38.2501,0.0006,1336.8600,1172.6368,-164.2232
1272.0000,-8.6537,1.1002,38.2606,0.0006,1336.4865,1172.8578,-163.6287
1273.0000,-8.6520,1.0999,38.2711,0.0006,1336.1137,1173.0782,-163.0355
1274.0000,-8.6502,1.0996,38.2817,0.0006,1335.7416,1173.2981,-162.4435
1275.0000,-8.6484,1.0993,38.2923,0.0006,1335.3701,1173.5174,-161.8528
1276.0000,-8.6466,1.0990,38.3028,0.0006,1334.9993,1173.7362,-161.2632
1277.0000,-8.6448,1.0987,38.3133,0.0006,1334.6292,1173.9544,-160.6747
1278.0000,-8.6430,1.0984,38.3239,0.0006,1334.2597,1174.1722,-160.0875
1279.0000,-8.6411,1.0982,38.3345,0.0006,1333.8908,1174.3895,-159.5013
1280.0000,-8.6393,1.0979,38.3450,0.0006,1333.5226,1174.6063,-158.9163
1281.0000,-8.6374,1.0976,38.3556,0.0006,1333.1550,1174.8226,-158.3324
1282.0000,-8.6354,1.0973,38.3661,0.0006,1332.7880,1175.0385,-157.7495
1283.0000,-8.6335,1.0970,38.3766,0.0006,1332.4217,1175.2540,-157.1678
1284.0000,-8.6316,1.0967,38.3872,0.0006,1332.0561,1175.4690,-156.5871
1285.0000,-8.6296,1.0964,38.3978,0.0006,1331.6910,1175.6836,-156.0074
1286.0000,-8.6276,1.0962,38.4083,0.0006,1331.3266,1175.8978,-155.4288
1287.0000,-8.6256,1.0959,38.4188,0.0006,1330.9628,1176.1115,-154.8513
1288.0000,-8.6236,1.0956,38.4294,0.0006,1330.5997,1176.3249,-154.2747
1289.0000,-8.6216,1.0953,38.4400,0.0006,1330.2371,1176.5379,-153.6992
1290.0000,-8.6195,1.0950,38.4505,0.0006,1329.8752,1176.7505,-153.1247
1291.0000,-8.6175,1.0947,38.4611,0.0006,1329.5139,1176.9627,-152.5512
1292.0000,-8.6154,1.0944,38.4716,0.0006,1329.1532,1177.1745,-151.9787
1293.0000,-8.6133,1.0942,38.4822,0.0006,1328.7932,1177.3860,-151.4072
1294.0000,-8.6112,1.0939,38.4927,0.0006,1328.4337,1177.5970,-150.8367
1295.0000,-8.6091,1.0936,38.5033,0.0006,1328.0748,1177.8078,-150.2671
1296.0000,-8.6069,1.0933,38.5138,0.0006,1327.7166,1178.0181,-149.6985
1297.0000,-8.6048,1.0930,38.5244,0.0006,1327.3590,1178.2281,-149.1308
1298.0000,-8.6026,1.0928,38.5349,0.0006,1327.0019,1178.4378,-148.5641
1299.0000,-8.6004,1.0925,38.5455,0.0006,1326.6455,1178.6471,-147.9984
1300.0000,-8.5982,1.0922,38.5560,0.0006,1326.2897,1178.8561,-147.4336
1301.0000,-8.5960,1.0919,38.5665,0.0006,1325.9345,1179.0647,-146.8697
1302.0000,-8.5938,1.0917,38.5771,0.0006,1325.5798,1179.2730,-146.3068
1303.0000,-8.5916,1.0914,38.5877,0.0006,1325.2258,1179.4810,-145.7448
1304.0000,-8.5893,1.0911,38.5982,0.0006,1324.8724,1179.6886,-145.1837
1305.0000,-8.5871,1.0908,38.6088,0.0006,1324.5195,1179.8959,-144.6236
1306.0000,-8.5848,1.0905,38.6193,0.0006,1324.1673,1180.1029,-144.0643
1307.0000,-8.5825,1.0903,38.6299,0.0006,1323.8156,1180.3096,-143.5060
1308.0000,-8.5802,1.0900,38.6404,0.0006,1323.4645,1180.5160,-142.9486
1309.0000,-8.5779,1.0897,38.6510,0.0006,1323.1140,1180.7220,-142.3920
1310.0000,-8.5756,1.0895,38.6615,0.0006,1322.7641,1180.9278,-141.8364
1311.0000,-8.5733,1.0892,38.6721,0.0006,1322.4148,1181.1332,-141.2816
1312.0000,-8.5709,1.0889,38.6826,0.0006,1322.0661,1181.3383,-140.7278
1313.0000,-8.5686,1.0886,38.6932,0.0006,1321.7179,1181.5431,-140.1748
1314.0000,-8.5662,1.0884,38.7037,0.0006,1321.3703,1181.7477,-139.6227
1315.0000,-8.5638,1.0881,38.7142,0.0006,1321.0233,1181.9519,-139.0715
1316.0000,-8.5614,1.0878,38.7248,0.0006,1320.6769,1182.1558,-138.5211
1317.0000,-8.5590,1.0875,38.7354,0.0006,1320.3311,1182.3594,-137.9716
1318.0000,-8.5566,1.0873,38.7459,0.0005,1319.9858,1182.5628,-137.4230
1319.0000,-8.5542,1.0870,38.7565,0.0005,1319.6411,1182.7658,-136.8753
1320.0000,-8.5517,1.0867,38.7670,0.0005,1319.2970,1182.9686,-136.3284
1321.0000,-8.5494,1.0865,38.7730,0.0005,1318.9476,1183.0591,-135.8885
1322.0000,-8.5471,1.0862,38.7789,0.0005,1318.5987,1183.1506,-135.4481
1323.0000,-8.5448,1.0859,38.7849,0.0005,1318.2503,1183.2428,-135.0076
1324.0000,-8.5425,1.0857,38.7909,0.0005,1317.9024,1183.3353,-134.5670
1325.0000,-8.5403,1.0854,38.7968,0.0005,1317.5549,1183.4283,-134.1266
1326.0000,-8.5381,1.0851,38.8028,0.0005,1317.2079,1183.5215,-133.6864
1327.0000,-8.5358,1.0849,38.8088,0.0005,1316.8613,1183.6150,-133.2463
1328.0000,-8.5336,1.0846,38.8147,0.0005,1316.5151,1183.7086,-132.8065
1329.0000,-8.5314,1.0843,38.8207,0.0005,1316.1694,1183.8024,-132.3670
1330.0000,-8.5292,1.0841,38.8267,0.0005,1315.8241,1183.8963,-131.9277
1331.0000,-8.5270,1.0838,38.8326,0.0005,1315.4792,1183.9904,-131.4888
1332.0000,-8.5248,1.0835,38.8386,0.0005,1315.1347,1184.0845,-131.0502
1333.0000,-8.5226,1.0833,38.8446,0.0005,1314.7907,1184.1787,-130.6120
1334.0000,-8.5204,1.0830,38.8505,0.0005,1314.4471,1184.2730,-130.1741
1335.0000,-8.5182,1.0827,38.8565,0.0005,1314.1039,1184.3673,-129.7366
1336.0000,-8.5160,1.0825,38.8625,0.0005,1313.7612,1184.4616,-129.2995
1337.0000,-8.5138,1.0822,38.8684,0.0005,1313.4188,1184.5560,-128.8628
1338.0000,-8.5116,1.0820,38.8744,0.0005,1313.0769,1184.6504,-128.4265
1339.0000,-8.5094,1.0817,38.8804,0.0005,1312.7354,1184.7448,-127.9906
1340.0000,-8.5072,1.0814,38.8863,0.0005,1312.3943,1184.8392,-127.5551
1341.0000,-8.5050,1.0812,38.8923,0.0005,1312.0536,1184.9336,-127.1201
1342.0000,-8.5029,1.0809,38.8983,0.0005,1311.7134,1185.0279,-126.6855
1343.0000,-8.5007,1.0807,38.9042,0.0005,1311.3736,1185.1223,-126.2513
1344.0000,-8.4985,1.0804,38.9102,0.0005,1311.0341,1185.2166,-125.8175
1345.0000,-8.4963,1.0801,38.9162,0.0005,1310.6951,1185.3109,-125.3842
1346.0000,-8.4941,1.0799,38.9221,0.0005,1310.3566,1185.4052,-124.9514
1347.0000,-8.4919,1.0796,38.9281,0.0005,1310.0184,1185.4994,-124.5190
1348.0000,-8.4897,1.0794,38.9341,0.0005,1309.6807,1185.5936,-124.0871
1349.0000,-8.4875,1.0791,38.9400,0.0005,1309.3434,1185.6877,-123.6556
1350.0000,-8.4853,1.0788,38.9460,0.0005,1309.0065,1185.7818,-123.2246
1351.0000,-8.4831,1.0786,38.9520,0.0005,1308.6700,1185.8759,-122.7941
1352.0000,-8.4809,1.0783,38.9579,0.0005,1308.3339,1185.9698,-122.3641
1353.0000,-8.4787,1.0781,38.9639,0.0005,1307.9982,1186.0638,-121.9345
1354.0000,-8.4764,1.0778,38.9699,0.0005,1307.6630,1186.1576,-121.5054
1355.0000,-8.4742,1.0775,38.9758,0.0005,1307.3282,1186.2514,-121.0767
1356.0000,-8.4720,1.0773,38.9818,0.0005,1306.9938,1186.3452,-120.6486
1357.0000,-8.4698,1.0770,38.9878,0.0005,1306.6598,1186.4388,-120.2209
1358.0000,-8.4676,1.0768,38.9937,0.0005,1306.3262,1186.5324,-119.7937
1359.0000,-8.4653,1.0765,38.9997,0.0005,1305.9930,1186.6260,-119.3670
1360.0000,-8.4631,1.0763,39.0057,0.0005,1305.6603,1186.7194,-118.9408
1361.0000,-8.4609,1.0760,39.0116,0.0005,1305.3279,1186.8128,-118.5151
1362.0000,-8.4586,1.0758,39.0176,0.0005,1304.9960,1186.9061,-118.0899
1363.0000,-8.4564,1.0755,39.0236,0.0005,1304.6645,1186.9993,-117.6651
1364.0000,-8.4542,1.0752,39.0295,0.0005,1304.3334,1187.0925,-117.2409
1365.0000,-8.4519,1.0750,39.0355,0.0005,1304.0027,1187.1856,-116.8171
1366.0000,-8.4497,1.0747,39.0415,0.0005,1303.6724,1187.2785,-116.3939
1367.0000,-8.4474,1.0745,39.0474,0.0005,1303.3425,1187.3714,-115.9711
1368.0000,-8.4452,1.0742,39.0534,0.0005,1303.0131,1187.4642,-115.5488
1369.0000,-8.4429,1.0740,39.0594,0.0005,1302.6840,1187.5570,-115.1271
1370.0000,-8.4407,1.0737,39.0653,0.0005,1302.3554,1187.6496,-114.7058
1371.0000,-8.4384,1.0735,39.0713,0.0005,1302.0272,1187.7422,-114.2850
1372.0000,-8.4361,1.0732,39.0773,0.0005,1301.6994,1187.8346,-113.8648
1373.0000,-8.4338,1.0730,39.0832,0.0005,1301.3720,1187.9270,-113.4450
1374.0000,-8.4316,1.0727,39.0892,0.0005,1301.0450,1188.0193,-113.0257
1375.0000,-8.4293,1.0725,39.0952,0.0005,1300.7184,1188.1114,-112.6070
1376.0000,-8.4270,1.0722,39.1011,0.0005,1300.3922,1188.2035,-112.1887
1377.0000,-8.4247,1.0720,39.1071,0.0005,1300.0665,1188.2955,-111.7709
1378.0000,-8.4224,1.0717,39.1131,0.0005,1299.7411,1188.3874,-111.3537
1379.0000,-8.4201,1.0715,39.1190,0.0005,1299.4161,1188.4792,-110.9369
1380.0000,-8.4178,1.0712,39.1250,0.0005,1299.0916,1188.5709,-110.5207
1381.0000,-8.4156,1.0710,39.1305,0.0005,1298.7769,1188.6526,-110.1243
1382.0000,-8.4133,1.0707,39.1361,0.0005,1298.4624,1188.7344,-109.7280
1383.0000,-8.4110,1.0705,39.1416,0.0005,1298.1482,1188.8162,-109.3320
1384.0000,-8.4087,1.0702,39.1472,0.0005,1297.8344,1188.8981,-108.9362
1385.0000,-8.4065,1.0700,39.1527,0.0005,1297.5208,1188.9800,-108.5407
1386.0000,-8.4042,1.0697,39.1583,0.0005,1297.2075,1189.0619,-108.1455
1387.0000,-8.4019,1.0695,39.1638,0.0005,1296.8945,1189.1438,-107.7507
1388.0000,-8.3996,1.0692,39.1694,0.0005,1296.5818,1189.2257,-107.3562
1389.0000,-8.3974,1.0690,39.1750,0.0005,1296.2695,1189.3075,-106.9620
1390.0000,-8.3951,1.0688,39.1805,0.0005,1295.9575,1189.3893,-106.5682
1391.0000,-8.3928,1.0685,39.1861,0.0005,1295.6458,1189.4711,-106.1747
1392.0000,-8.3905,1.0683,39.1916,0.0005,1295.3344,1189.5528,-105.7816
1393.0000,-8.3882,1.0680,39.1972,0.0005,1295.0234,1189.6344,-105.3889
1394.0000,-8.3859,1.0678,39.2027,0.0005,1294.7126,1189.7160,-104.9966
1395.0000,-8.3837,1.0675,39.2082,0.0005,1294.4023,1189.7976,-104.6047
1396.0000,-8.3814,1.0673,39.2138,0.0005,1294.0923,1189.8791,-104.2132
1397.0000,-8.3791,1.0670,39.2193,0.0005,1293.7826,1189.9605,-103.8220
1398.0000,-8.3768,1.0668,39.2249,0.0005,1293.4732,1190.0419,-103.4313
1399.0000,-8.3745,1.0665,39.2304,0.0005,1293.1642,1190.1232,-103.0410
1400.0000,-8.3722,1.0663,39.2360,0.0005,1292.8555,1190.2045,-102.6511
1401.0000,-8.3699,1.0661,39.2415,0.0005,1292.5472,1190.2856,-102.2616
1402.0000,-8.3676,1.0658,39.2471,0.0005,1292.2392,1190.3667,-101.8725
1403.0000,-8.3653,1.0656,39.2527,0.0005,1291.9316,1190.4478,-101.4838
1404.0000,-8.3630,1.0653,39.2582,0.0005,1291.6243,1190.5288,-101.0956
1405.0000,-8.3606,1.0651,39.2638,0.0005,1291.3174,1190.6096,-100.7077
1406.0000,-8.3583,1.0648,39.2693,0.0005,1291.0108,1190.6905,-100.3203
1407.0000,-8.3560,1.0646,39.2749,0.0005,1290.7045,1190.7712,-99.9333
1408.0000,-8.3537,1.0644,39.2804,0.0005,1290.3987,1190.8519,-99.5468
1409.0000,-8.3513,1.0641,39.2859,0.0005,1290.0931,1190.9325,-99.1607
1410.0000,-8.3490,1.0639,39.2915,0.0005,1289.7879,1191.0130,-98.7750
1411.0000,-8.3467,1.0636,39.2970,0.0005,1289.4831,1191.0934,-98.3897
1412.0000,-8.3443,1.0634,39.3026,0.0005,1289.1786,1191.1737,-98.0048
1413.0000,-8.3420,1.0632,39.3081,0.0005,1288.8744,1191.2540,-97.6204
1414.0000,-8.3397,1.0629,39.3137,0.0005,1288.5706,1191.3342,-97.2364
1415.0000,-8.3373,1.0627,39.3192,0.0005,1288.2672,1191.4143,-96.8529
1416.0000,-8.3350,1.0624,39.3248,0.0005,1287.9641,1191.4943,-96.4698
1417.0000,-8.3326,1.0622,39.3303,0.0005,1287.6613,1191.5742,-96.0871
1418.0000,-8.3303,1.0620,39.3359,0.0005,1287.3589,1191.6540,-95.7049
1419.0000,-8.3279,1.0617,39.3415,0.0005,1287.0569,1191.7338,-95.3231
1420.0000,-8.3255,1.0615,39.3470,0.0005,1286.7552,1191.8135,-94.9417
1421.0000,-8.3232,1.0613,39.3526,0.0005,1286.4538,1191.8930,-94.5608
1422.0000,-8.3208,1.0610,39.3581,0.0005,1286.1529,1191.9725,-94.1803
1423.0000,-8.3184,1.0608,39.3636,0.0005,1285.8522,1192.0519,-93.8003
1424.0000,-8.3160,1.0605,39.3692,0.0005,1285.5519,1192.1312,-93.4207
1425.0000,-8.3137,1.0603,39.3747,0.0005,1285.2520,1192.2105,-93.0415
1426.0000,-8.3113,1.0601,39.3803,0.0005,1284.9524,1192.2896,-92.6628
1427.0000,-8.3089,1.0598,39.3858,0.0005,1284.6532,1192.3686,-92.2845
1428.0000,-8.3065,1.0596,39.3914,0.0005,1284.3543,1192.4476,-91.9067
1429.0000,-8.3041,1.0594,39.3969,0.0005,1284.0557,1192.5264,-91.5293
1430.0000,-8.3017,1.0591,39.4025,0.0005,1283.7576,1192.6052,-91.1524
1431.0000,-8.2993,1.0589,39.4080,0.0005,1283.4597,1192.6839,-90.7759
1432.0000,-8.2969,1.0587,39.4136,0.0005,1283.1623,1192.7624,-90.3998
1433.0000,-8.2945,1.0584,39.4192,0.0005,1282.8651,1192.8409,-90.0242
1434.0000,-8.2921,1.0582,39.4247,0.0005,1282.5683,1192.9193,-89.6490
1435.0000,-8.2897,1.0580,39.4303,0.0005,1282.2719,1192.9976,-89.2743
1436.0000,-8.2872,1.0577,39.4358,0.0005,1281.9758,1193.0758,-88.9000
1437.0000,-8.2848,1.0575,39.4413,0.0005,1281.6801,1193.1539,-88.5262
1438.0000,-8.2824,1.0573,39.4469,0.0005,1281.3847,1193.2319,-88.1528
1439.0000,-8.2799,1.0570,39.4524,0.0005,1281.0897,1193.3098,-87.7799
1440.0000,-8.2775,1.0568,39.4580,0.0005,1280.7950,1193.3877,-87.4074
1441.0000,-8.2751,1.0566,39.4603,0.0005,1280.4955,1193.3856,-87.1100
1442.0000,-8.2728,1.0563,39.4626,0.0005,1280.1963,1193.3843,-86.8121
1443.0000,-8.2705,1.0561,39.4648,0.0005,1279.8975,1193.3835,-86.5139
1444.0000,-8.2682,1.0559,39.4671,0.0005,1279.5989,1193.3832,-86.2156
1445.0000,-8.2659,1.0556,39.4694,0.0005,1279.3006,1193.3833,-85.9173
1446.0000,-8.2636,1.0554,39.4717,0.0005,1279.0025,1193.3836,-85.6189
1447.0000,-8.2614,1.0552,39.4740,0.0005,1278.7048,1193.3842,-85.3206
1448.0000,-8.2591,1.0549,39.4763,0.0005,1278.4073,1193.3850,-85.0222
1449.0000,-8.2569,1.0547,39.4785,0.0005,1278.1100,1193.3861,-84.7240
1450.0000,-8.2547,1.0545,39.4808,0.0005,1277.8131,1193.3873,-84.4258
1451.0000,-8.2524,1.0542,39.4831,0.0005,1277.5164,1193.3887,-84.1277
1452.0000,-8.2502,1.0540,39.4854,0.0005,1277.2200,1193.3902,-83.8297
1453.0000,-8.2480,1.0538,39.4877,0.0005,1276.9238,1193.3919,-83.5319
1454.0000,-8.2458,1.0536,39.4900,0.0005,1276.6279,1193.3938,-83.2341
1455.0000,-8.2436,1.0533,39.4922,0.0005,1276.3322,1193.3957,-82.9365
1456.0000,-8.2414,1.0531,39.4945,0.0005,1276.0369,1193.3977,-82.6391
1457.0000,-8.2392,1.0529,39.4968,0.0005,1275.7417,1193.3999,-82.3418
1458.0000,-8.2370,1.0526,39.4991,0.0005,1275.4469,1193.4021,-82.0447
1459.0000,-8.2348,1.0524,39.5014,0.0005,1275.1523,1193.4045,-81.7478
1460.0000,-8.2326,1.0522,39.5037,0.0005,1274.8579,1193.4069,-81.4511
1461.0000,-8.2304,1.0520,39.5059,0.0005,1274.5639,1193.4094,-81.1545
1462.0000,-8.2282,1.0517,39.5082,0.0005,1274.2701,1193.4119,-80.8581
1463.0000,-8.2261,1.0515,39.5105,0.0005,1273.9765,1193.4145,-80.5620
1464.0000,-8.2239,1.0513,39.5128,0.0005,1273.6832,1193.4172,-80.2660
1465.0000,-8.2217,1.0511,39.5151,0.0005,1273.3902,1193.4200,-79.9703
1466.0000,-8.2195,1.0508,39.5174,0.0005,1273.0975,1193.4227,-79.6747
1467.0000,-8.2174,1.0506,39.5196,0.0005,1272.8050,1193.4256,-79.3794
1468.0000,-8.2152,1.0504,39.5219,0.0005,1272.5127,1193.4285,-79.0843
1469.0000,-8.2130,1.0501,39.5242,0.0005,1272.2208,1193.4314,-78.7894
1470.0000,-8.2109,1.0499,39.5265,0.0005,1271.9291,1193.4343,-78.4948
1471.0000,-8.2087,1.0497,39.5288,0.0005,1271.6377,1193.4373,-78.2003
1472.0000,-8.2065,1.0495,39.5311,0.0005,1271.3465,1193.4404,-77.9061
1473.0000,-8.2044,1.0492,39.5333,0.0005,1271.0556,1193.4434,-77.6122
1474.0000,-8.2022,1.0490,39.5356,0.0005,1270.7650,1193.4465,-77.3185
1475.0000,-8.2001,1.0488,39.5379,0.0005,1270.4746,1193.4496,-77.0250
1476.0000,-8.1979,1.0486,39.5402,0.0005,1270.1845,1193.4527,-76.7318
1477.0000,-8.1958,1.0483,39.5425,0.0005,1269.8947,1193.4559,-76.4388
1478.0000,-8.1936,1.0481,39.5448,0.0005,1269.6051,1193.4590,-76.1461
1479.0000,-8.1914,1.0479,39.5470,0.0005,1269.3158,1193.4622,-75.8536
1480.0000,-8.1893,1.0477,39.5493,0.0005,1269.0268,1193.4654,-75.5614
1481.0000,-8.1871,1.0474,39.5516,0.0005,1268.7380,1193.4686,-75.2694
1482.0000,-8.1850,1.0472,39.5539,0.0005,1268.4495,1193.4718,-74.9777
1483.0000,-8.1828,1.0470,39.5562,0.0005,1268.1613,1193.4750,-74.6863
1484.0000,-8.1807,1.0468,39.5585,0.0005,1267.8733,1193.4782,-74.3951
1485.0000,-8.1785,1.0466,39.5607,0.0005,1267.5856,1193.4814,-74.1042
1486.0000,-8.1764,1.0463,39.5630,0.0005,1267.2982,1193.4846,-73.8135
1487.0000,-8.1742,1.0461,39.5653,0.0005,1267.0110,1193.4879,-73.5231
1488.0000,-8.1720,1.0459,39.5676,0.0005,1266.7241,1193.4911,-73.2330
1489.0000,-8.1699,1.0457,39.5699,0.0005,1266.4375,1193.4943,-72.9432
1490.0000,-8.1677,1.0454,39.5722,0.0005,1266.1511,1193.4975,-72.6536
1491.0000,-8.1656,1.0452,39.5744,0.0005,1265.8650,1193.5007,-72.3643
1492.0000,-8.1634,1.0450,39.5767,0.0005,1265.5792,1193.5039,-72.0753
1493.0000,-8.1613,1.0448,39.5790,0.0005,1265.2937,1193.5071,-71.7865
1494.0000,-8.1591,1.0446,39.5813,0.0005,1265.0084,1193.5103,-71.4981
1495.0000,-8.1570,1.0443,39.5836,0.0005,1264.7233,1193.5134,-71.2099
1496.0000,-8.1548,1.0441,39.5859,0.0005,1264.4386,1193.5166,-70.9220
1497.0000,-8.1526,1.0439,39.5881,0.0005,1264.1541,1193.5197,-70.6344
1498.0000,-8.1505,1.0437,39.5904,0.0005,1263.8699,1193.5229,-70.3470
1499.0000,-8.1483,1.0435,39.5927,0.0005,1263.5860,1193.5260,-70.0600
1500.0000,-8.1462,1.0432,39.5950,0.0005,1263.3023,1193.5291,-69.7732
1501.0000,-8.1439,1.0430,39.6028,0.0005,1263.0206,1193.6659,-69.3547
1502.0000,-8.1415,1.0428,39.6105,0.0005,1262.7394,1193.8012,-68.9382
1503.0000,-8.1391,1.0426,39.6183,0.0005,1262.4586,1193.9353,-68.5233
1504.0000,-8.1367,1.0424,39.6261,0.0005,1262.1782,1194.0684,-68.1098
1505.0000,-8.1342,1.0421,39.6338,0.0005,1261.8982,1194.2007,-67.6975
1506.0000,-8.1317,1.0419,39.6416,0.0005,1261.6187,1194.3323,-67.2864
1507.0000,-8.1292,1.0417,39.6494,0.0005,1261.3397,1194.4633,-66.8764
1508.0000,-8.1266,1.0415,39.6571,0.0005,1261.0611,1194.5936,-66.4675
1509.0000,-8.1240,1.0413,39.6649,0.0005,1260.7830,1194.7234,-66.0596
1510.0000,-8.1214,1.0411,39.6727,0.0005,1260.5053,1194.8526,-65.6527
1511.0000,-8.1188,1.0408,39.6804,0.0005,1260.2281,1194.9814,-65.2467
1512.0000,-8.1162,1.0406,39.6882,0.0005,1259.9514,1195.1097,-64.8417
1513.0000,-8.1135,1.0404,39.6960,0.0005,1259.6751,1195.2375,-64.4375
1514.0000,-8.1109,1.0402,39.7037,0.0005,1259.3992,1195.3649,-64.0343
1515.0000,-8.1082,1.0400,39.7115,0.0005,1259.1238,1195.4919,-63.6319
1516.0000,-8.1055,1.0398,39.7193,0.0005,1258.8488,1195.6185,-63.2303
1517.0000,-8.1028,1.0396,39.7270,0.0005,1258.5743,1195.7447,-62.8296
1518.0000,-8.1000,1.0394,39.7348,0.0005,1258.3002,1195.8705,-62.4297
1519.0000,-8.0973,1.0391,39.7426,0.0005,1258.0266,1195.9960,-62.0306
1520.0000,-8.0945,1.0389,39.7503,0.0005,1257.7534,1196.1211,-61.6323
1521.0000,-8.0917,1.0387,39.7581,0.0005,1257.4806,1196.2459,-61.2347
1522.0000,-8.0889,1.0385,39.7659,0.0005,1257.2083,1196.3704,-60.8379
1523.0000,-8.0861,1.0383,39.7736,0.0005,1256.9364,1196.4945,-60.4419
1524.0000,-8.0833,1.0381,39.7814,0.0005,1256.6650,1196.6183,-60.0467
1525.0000,-8.0805,1.0379,39.7892,0.0005,1256.3939,1196.7418,-59.6521
1526.0000,-8.0777,1.0377,39.7969,0.0005,1256.1233,1196.8650,-59.2584
1527.0000,-8.0748,1.0374,39.8047,0.0005,1255.8532,1196.9879,-58.8653
1528.0000,-8.0720,1.0372,39.8125,0.0005,1255.5834,1197.1105,-58.4729
1529.0000,-8.0691,1.0370,39.8202,0.0005,1255.3141,1197.2328,-58.0813
1530.0000,-8.0662,1.0368,39.8280,0.0005,1255.0452,1197.3548,-57.6904
1531.0000,-8.0633,1.0366,39.8358,0.0005,1254.7767,1197.4766,-57.3001
1532.0000,-8.0604,1.0364,39.8435,0.0005,1254.5087,1197.5981,-56.9106
1533.0000,-8.0575,1.0362,39.8513,0.0005,1254.2411,1197.7193,-56.5217
1534.0000,-8.0545,1.0360,39.8591,0.0005,1253.9739,1197.8403,-56.1336
1535.0000,-8.0516,1.0358,39.8668,0.0005,1253.7071,1197.9610,-55.7461
1536.0000,-8.0487,1.0356,39.8746,0.0005,1253.4407,1198.0814,-55.3593
1537.0000,-8.0457,1.0354,39.8824,0.0005,1253.1747,1198.2016,-54.9731
1538.0000,-8.0427,1.0352,39.8901,0.0005,1252.9092,1198.3216,-54.5876
1539.0000,-8.0398,1.0350,39.8979,0.0005,1252.6441,1198.4413,-54.2028
1540.0000,-8.0368,1.0347,39.9057,0.0005,1252.3794,1198.5607,-53.8186
1541.0000,-8.0338,1.0345,39.9134,0.0005,1252.1151,1198.6800,-53.4351
1542.0000,-8.0308,1.0343,39.9212,0.0005,1251.8512,1198.7989,-53.0522
1543.0000,-8.0277,1.0341,39.9290,0.0005,1251.5877,1198.9177,-52.6700
1544.0000,-8.0247,1.0339,39.9367,0.0005,1251.3246,1199.0362,-52.2884
1545.0000,-8.0217,1.0337,39.9445,0.0005,1251.0619,1199.1545,-51.9074
1546.0000,-8.0186,1.0335,39.9523,0.0005,1250.7997,1199.2726,-51.5271
1547.0000,-8.0156,1.0333,39.9600,0.0005,1250.5378,1199.3904,-51.1474
1548.0000,-8.0125,1.0331,39.9678,0.0005,1250.2763,1199.5080,-50.7683
1549.0000,-8.0095,1.0329,39.9756,0.0005,1250.0153,1199.6255,-50.3898
1550.0000,-8.0064,1.0327,39.9833,0.0005,1249.7546,1199.7426,-50.0120
1551.0000,-8.0033,1.0325,39.9911,0.0005,1249.4944,1199.8596,-49.6348
1552.0000,-8.0002,1.0323,39.9989,0.0005,1249.2345,1199.9764,-49.2582
1553.0000,-7.9971,1.0321,40.0066,0.0005,1248.9751,1200.0929,-48.8822
1554.0000,-7.9940,1.0319,40.0144,0.0005,1248.7160,1200.2093,-48.5068
1555.0000,-7.9908,1.0317,40.0222,0.0005,1248.4574,1200.3254,-48.1320
1556.0000,-7.9877,1.0315,40.0299,0.0005,1248.1991,1200.4413,-47.7578
1557.0000,-7.9846,1.0313,40.0377,0.0005,1247.9413,1200.5571,-47.3842
1558.0000,-7.9814,1.0311,40.0455,0.0005,1247.6838,1200.6726,-47.0112
1559.0000,-7.9783,1.0309,40.0532,0.0005,1247.4267,1200.7879,-46.6388
1560.0000,-7.9751,1.0307,40.0610,0.0005,1247.1700,1200.9030,-46.2670
1561.0000,-7.9721,1.0305,40.0639,0.0005,1246.9130,1200.9005,-46.0126
1562.0000,-7.9691,1.0303,40.0669,0.0005,1246.6563,1200.8991,-45.7572
1563.0000,-7.9661,1.0301,40.0699,0.0005,1246.3998,1200.8986,-45.5012
1564.0000,-7.9631,1.0299,40.0728,0.0005,1246.1435,1200.8987,-45.2448
1565.0000,-7.9602,1.0297,40.0757,0.0005,1245.8875,1200.8993,-44.9882
1566.0000,-7.9573,1.0295,40.0787,0.0005,1245.6317,1200.9004,-44.7313
1567.0000,-7.9544,1.0293,40.0817,0.0005,1245.3761,1200.9018,-44.4743
1568.0000,-7.9515,1.0291,40.0846,0.0005,1245.1207,1200.9036,-44.2172
1569.0000,-7.9487,1.0289,40.0876,0.0005,1244.8656,1200.9056,-43.9600
1570.0000,-7.9458,1.0287,40.0905,0.0005,1244.6106,1200.9079,-43.7027
1571.0000,-7.9430,1.0285,40.0934,0.0005,1244.3559,1200.9104,-43.4455
1572.0000,-7.9401,1.0283,40.0964,0.0005,1244.1014,1200.9132,-43.1882
1573.0000,-7.9373,1.0281,40.0994,0.0005,1243.8471,1200.9161,-42.9310
1574.0000,-7.9345,1.0279,40.1023,0.0005,1243.5930,1200.9192,-42.6738
1575.0000,-7.9317,1.0277,40.1052,0.0005,1243.3392,1200.9225,-42.4167
1576.0000,-7.9288,1.0275,40.1082,0.0005,1243.0856,1200.9259,-42.1596
1577.0000,-7.9260,1.0273,40.1112,0.0005,1242.8322,1200.9295,-41.9027
1578.0000,-7.9232,1.0272,40.1141,0.0005,1242.5790,1200.9332,-41.6458
1579.0000,-7.9204,1.0270,40.1170,0.0005,1242.3261,1200.9370,-41.3891
1580.0000,-7.9176,1.0268,40.1200,0.0005,1242.0733,1200.9409,-41.1325
1581.0000,-7.9148,1.0266,40.1230,0.0005,1241.8208,1200.9449,-40.8760
1582.0000,-7.9121,1.0264,40.1259,0.0005,1241.5686,1200.9490,-40.6196
1583.0000,-7.9093,1.0262,40.1288,0.0005,1241.3165,1200.9532,-40.3634
1584.0000,-7.9065,1.0260,40.1318,0.0005,1241.0647,1200.9574,-40.1073
1585.0000,-7.9037,1.0258,40.1347,0.0005,1240.8131,1200.9617,-39.8514
1586.0000,-7.9009,1.0256,40.1377,0.0005,1240.5618,1200.9661,-39.5956
1587.0000,-7.8982,1.0254,40.1407,0.0005,1240.3106,1200.9706,-39.3400
1588.0000,-7.8954,1.0252,40.1436,0.0005,1240.0597,1200.9751,-39.0846
1589.0000,-7.8926,1.0250,40.1465,0.0005,1239.8091,1200.9797,-38.8294
1590.0000,-7.8899,1.0248,40.1495,0.0005,1239.5587,1200.9843,-38.5743
1591.0000,-7.8871,1.0246,40.1525,0.0005,1239.3085,1200.9890,-38.3195
1592.0000,-7.8843,1.0244,40.1554,0.0005,1239.0585,1200.9937,-38.0648
1593.0000,-7.8816,1.0242,40.1583,0.0005,1238.8088,1200.9984,-37.8103
1594.0000,-7.8788,1.0240,40.1613,0.0005,1238.5593,1201.0032,-37.5560
1595.0000,-7.8761,1.0239,40.1643,0.0005,1238.3100,1201.0080,-37.3019
1596.0000,-7.8733,1.0237,40.1672,0.0005,1238.0610,1201.0129,-37.0481
1597.0000,-7.8706,1.0235,40.1701,0.0005,1237.8122,1201.0177,-36.7944
1598.0000,-7.8678,1.0233,40.1731,0.0005,1237.5636,1201.0226,-36.5410
1599.0000,-7.8651,1.0231,40.1760,0.0005,1237.3153,1201.0275,-36.2877
1600.0000,-7.8623,1.0229,40.1790,0.0005,1237.0672,1201.0325,-36.0347
1601.0000,-7.8595,1.0227,40.1820,0.0005,1236.8193,1201.0374,-35.7819
1602.0000,-7.8568,1.0225,40.1849,0.0005,1236.5717,1201.0424,-35.5293
1603.0000,-7.8540,1.0223,40.1878,0.0005,1236.3243,1201.0473,-35.2770
1604.0000,-7.8513,1.0221,40.1908,0.0005,1236.0772,1201.0523,-35.0248
1605.0000,-7.8485,1.0219,40.1938,0.0005,1235.8302,1201.0573,-34.7729
1606.0000,-7.8458,1.0217,40.1967,0.0005,1235.5836,1201.0623,-34.5213
1607.0000,-7.8430,1.0216,40.1996,0.0005,1235.3371,1201.0673,-34.2698
1608.0000,-7.8403,1.0214,40.2026,0.0005,1235.0909,1201.0723,-34.0186
1609.0000,-7.8375,1.0212,40.2056,0.0005,1234.8450,1201.0773,-33.7677
1610.0000,-7.8348,1.0210,40.2085,0.0005,1234.5992,1201.0823,-33.5170
1611.0000,-7.8320,1.0208,40.2114,0.0005,1234.3537,1201.0873,-33.2665
1612.0000,-7.8293,1.0206,40.2144,0.0005,1234.1085,1201.0922,-33.0162
1613.0000,-7.8265,1.0204,40.2173,0.0005,1233.8635,1201.0972,-32.7662
1614.0000,-7.8238,1.0202,40.2203,0.0005,1233.6187,1201.1022,-32.5165
1615.0000,-7.8210,1.0200,40.2233,0.0005,1233.3742,1201.1072,-32.2670
1616.0000,-7.8183,1.0198,40.2262,0.0005,1233.1298,1201.1121,-32.0177
1617.0000,-7.8155,1.0197,40.2291,0.0005,1232.8858,1201.1171,-31.7687
1618.0000,-7.8128,1.0195,40.2321,0.0005,1232.6420,1201.1220,-31.5200
1619.0000,-7.8100,1.0193,40.2351,0.0005,1232.3984,1201.1269,-31.2714
1620.0000,-7.8073,1.0191,40.2380,0.0005,1232.1550,1201.1318,-31.0232
1621.0000,-7.8044,1.0189,40.2444,0.0005,1231.9124,1201.2204,-30.6919
1622.0000,-7.8016,1.0187,40.2508,0.0005,1231.6701,1201.3080,-30.3620
1623.0000,-7.7986,1.0185,40.2572,0.0005,1231.4281,1201.3949,-30.0332
1624.0000,-7.7957,1.0183,40.2635,0.0005,1231.1865,1201.4811,-29.7054
1625.0000,-7.7928,1.0182,40.2699,0.0005,1230.9452,1201.5669,-29.3784
1626.0000,-7.7898,1.0180,40.2763,0.0005,1230.7043,1201.6521,-29.0522
1627.0000,-7.7868,1.0178,40.2827,0.0005,1230.4638,1201.7370,-28.7268
1628.0000,-7.7838,1.0176,40.2891,0.0005,1230.2236,1201.8214,-28.4022
1629.0000,-7.7808,1.0174,40.2955,0.0005,1229.9838,1201.9055,-28.0783
1630.0000,-7.7777,1.0172,40.3018,0.0005,1229.7443,1201.9892,-27.7551
1631.0000,-7.7747,1.0170,40.3082,0.0005,1229.5052,1202.0727,-27.4325
1632.0000,-7.7716,1.0169,40.3146,0.0005,1229.2664,1202.1558,-27.1107
1633.0000,-7.7686,1.0167,40.3210,0.0005,1229.0280,1202.2386,-26.7894
1634.0000,-7.7655,1.0165,40.3274,0.0005,1228.7900,1202.3211,-26.4688
1635.0000,-7.7624,1.0163,40.3338,0.0005,1228.5523,1202.4034,-26.1489
1636.0000,-7.7593,1.0161,40.3401,0.0005,1228.3149,1202.4854,-25.8295
1637.0000,-7.7562,1.0159,40.3465,0.0005,1228.0779,1202.5672,-25.5108
1638.0000,-7.7530,1.0158,40.3529,0.0005,1227.8413,1202.6487,-25.1926
1639.0000,-7.7499,1.0156,40.3593,0.0005,1227.6049,1202.7299,-24.8750
1640.0000,-7.7468,1.0154,40.3657,0.0005,1227.3690,1202.8110,-24.5580
1641.0000,-7.7436,1.0152,40.3721,0.0005,1227.1334,1202.8918,-24.2416
1642.0000,-7.7405,1.0150,40.3784,0.0005,1226.8981,1202.9724,-23.9257
1643.0000,-7.7373,1.0148,40.3848,0.0005,1226.6632,1203.0528,-23.6104
1644.0000,-7.7341,1.0147,40.3912,0.0005,1226.4286,1203.1329,-23.2956
1645.0000,-7.7309,1.0145,40.3976,0.0005,1226.1943,1203.2129,-22.9814
1646.0000,-7.7277,1.0143,40.4040,0.0005,1225.9604,1203.2926,-22.6678
1647.0000,-7.7245,1.0141,40.4104,0.0005,1225.7268,1203.3722,-22.3546
1648.0000,-7.7213,1.0139,40.4167,0.0005,1225.4936,1203.4516,-22.0420
1649.0000,-7.7181,1.0138,40.4231,0.0005,1225.2607,1203.5307,-21.7300
1650.0000,-7.7149,1.0136,40.4295,0.0005,1225.0281,1203.6097,-21.4184
1651.0000,-7.7117,1.0134,40.4359,0.0005,1224.7959,1203.6885,-21.1074
1652.0000,-7.7084,1.0132,40.4423,0.0005,1224.5640,1203.7671,-20.7969
1653.0000,-7.7052,1.0130,40.4487,0.0005,1224.3325,1203.8455,-20.4869
1654.0000,-7.7019,1.0129,40.4550,0.0005,1224.1012,1203.9238,-20.1774
1655.0000,-7.6987,1.0127,40.4614,0.0005,1223.8703,1204.0019,-19.8685
1656.0000,-7.6954,1.0125,40.4678,0.0005,1223.6398,1204.0798,-19.5600
1657.0000,-7.6921,1.0123,40.4742,0.0005,1223.4095,1204.1575,-19.2520
1658.0000,-7.6888,1.0122,40.4806,0.0005,1223.1796,1204.2351,-18.9446
1659.0000,-7.6855,1.0120,40.4870,0.0005,1222.9501,1204.3125,-18.6376
1660.0000,-7.6823,1.0118,40.4933,0.0005,1222.7208,1204.3897,-18.3311
1661.0000,-7.6790,1.0116,40.4997,0.0005,1222.4919,1204.4667,-18.0251
1662.0000,-7.6756,1.0114,40.5061,0.0005,1222.2633,1204.5437,-17.7196
1663.0000,-7.6723,1.0113,40.5125,0.0005,1222.0350,1204.6204,-17.4146
1664.0000,-7.6690,1.0111,40.5189,0.0005,1221.8071,1204.6970,-17.1101
1665.0000,-7.6657,1.0109,40.5252,0.0005,1221.5795,1204.7734,-16.8061
1666.0000,-7.6624,1.0107,40.5316,0.0005,1221.3522,1204.8497,-16.5025
1667.0000,-7.6590,1.0106,40.5380,0.0005,1221.1252,1204.9258,-16.1994
1668.0000,-7.6557,1.0104,40.5444,0.0005,1220.8986,1205.0017,-15.8968
1669.0000,-7.6523,1.0102,40.5508,0.0005,1220.6722,1205.0775,-15.5947
1670.0000,-7.6490,1.0100,40.5572,0.0005,1220.4462,1205.1532,-15.2930
1671.0000,-7.6456,1.0099,40.5635,0.0005,1220.2205,1205.2287,-14.9918
1672.0000,-7.6422,1.0097,40.5699,0.0005,1219.9952,1205.3041,-14.6911
1673.0000,-7.6389,1.0095,40.5763,0.0005,1219.7701,1205.3793,-14.3908
1674.0000,-7.6355,1.0093,40.5827,0.0005,1219.5454,1205.4543,-14.0911
1675.0000,-7.6321,1.0092,40.5891,0.0005,1219.3210,1205.5293,-13.7917
1676.0000,-7.6287,1.0090,40.5955,0.0005,1219.0969,1205.6040,-13.4929
1677.0000,-7.6253,1.0088,40.6018,0.0005,1218.8731,1205.6787,-13.1944
1678.0000,-7.6219,1.0087,40.6082,0.0005,1218.6497,1205.7532,-12.8965
1679.0000,-7.6185,1.0085,40.6146,0.0005,1218.4265,1205.8275,-12.5990
1680.0000,-7.6151,1.0083,40.6210,0.0005,1218.2037,1205.9017,-12.3020
1681.0000,-7.6116,1.0081,40.6301,0.0005,1217.9806,1206.0416,-11.9390
1682.0000,-7.6081,1.0080,40.6392,0.0005,1217.7579,1206.1806,-11.5774
1683.0000,-7.6045,1.0078,40.6483,0.0005,1217.5357,1206.3188,-11.2169
1684.0000,-7.6009,1.0076,40.6573,0.0005,1217.3138,1206.4564,-10.8574
1685.0000,-7.5973,1.0075,40.6664,0.0005,1217.0923,1206.5935,-10.4988
1686.0000,-7.5937,1.0073,40.6755,0.0005,1216.8713,1206.7301,-10.1412
1687.0000,-7.5901,1.0071,40.6846,0.0005,1216.6507,1206.8662,-9.7844
1688.0000,-7.5864,1.0070,40.6937,0.0005,1216.4305,1207.0020,-9.4285
1689.0000,-7.5827,1.0068,40.7028,0.0005,1216.2106,1207.1373,-9.0734
1690.0000,-7.5791,1.0066,40.7118,0.0005,1215.9912,1207.2722,-8.7191
1691.0000,-7.5754,1.0064,40.7209,0.0005,1215.7722,1207.4067,-8.3655
1692.0000,-7.5716,1.0063,40.7300,0.0005,1215.5536,1207.5409,-8.0127
1693.0000,-7.5679,1.0061,40.7391,0.0005,1215.3355,1207.6748,-7.6607
1694.0000,-7.5642,1.0059,40.7482,0.0005,1215.1177,1207.8083,-7.3094
1695.0000,-7.5604,1.0058,40.7572,0.0005,1214.9003,1207.9415,-6.9588
1696.0000,-7.5566,1.0056,40.7663,0.0005,1214.6833,1208.0744,-6.6089
1697.0000,-7.5529,1.0054,40.7754,0.0005,1214.4667,1208.2070,-6.2597
1698.0000,-7.5491,1.0053,40.7845,0.0005,1214.2505,1208.3393,-5.9112
1699.0000,-7.5453,1.0051,40.7936,0.0005,1214.0347,1208.4713,-5.5634
1700.0000,-7.5415,1.0049,40.8027,0.0005,1213.8193,1208.6030,-5.2163
1701.0000,-7.5376,1.0048,40.8118,0.0005,1213.6042,1208.7344,-4.8698
1702.0000,-7.5338,1.0046,40.8208,0.0005,1213.3896,1208.8656,-4.5241
1703.0000,-7.5299,1.0045,40.8299,0.0005,1213.1754,1208.9964,-4.1789
1704.0000,-7.5261,1.0043,40.8390,0.0005,1212.9615,1209.1271,-3.8344
1705.0000,-7.5222,1.0041,40.8481,0.0005,1212.7480,1209.2574,-3.4906
1706.0000,-7.5183,1.0040,40.8572,0.0005,1212.5349,1209.3875,-3.1474
1707.0000,-7.5144,1.0038,40.8663,0.0005,1212.3222,1209.5174,-2.8049
1708.0000,-7.5105,1.0036,40.8753,0.0005,1212.1099,1209.6470,-2.4629
1709.0000,-7.5066,1.0035,40.8844,0.0005,1211.8979,1209.7763,-2.1216
1710.0000,-7.5027,1.0033,40.8935,0.0005,1211.6864,1209.9054,-1.7809
1711.0000,-7.4988,1.0031,40.9026,0.0005,1211.4752,1210.0343,-1.4409
1712.0000,-7.4949,1.0030,40.9117,0.0005,1211.2643,1210.1629,-1.1014
1713.0000,-7.4909,1.0028,40.9207,0.0005,1211.0539,1210.2913,-0.7626
1714.0000,-7.4869,1.0027,40.9298,0.0005,1210.8438,1210.4195,-0.4243
1715.0000,-7.4830,1.0025,40.9389,0.0005,1210.6341,1210.5474,-0.0867
1716.0000,-7.4790,1.0023,40.9480,0.0005,1210.4248,1210.6752,0.2504
1717.0000,-7.4750,1.0022,40.9571,0.0005,1210.2158,1210.8026,0.5868
1718.0000,-7.4710,1.0020,40.9662,0.0005,1210.0072,1210.9299,0.9227
1719.0000,-7.4670,1.0019,40.9752,0.0005,1209.7990,1211.0570,1.2580
1720.0000,-7.4630,1.0017,40.9843,0.0005,1209.5912,1211.1838,1.5926
1721.0000,-7.4590,1.0015,40.9934,0.0005,1209.3837,1211.3105,1.9268
1722.0000,-7.4550,1.0014,41.0025,0.0005,1209.1766,1211.4369,2.2603
1723.0000,-7.4509,1.0012,41.0116,0.0005,1208.9698,1211.5631,2.5932
1724.0000,-7.4469,1.0011,41.0207,0.0005,1208.7634,1211.6891,2.9256
1725.0000,-7.4428,1.0009,41.0297,0.0005,1208.5574,1211.8149,3.2575
1726.0000,-7.4388,1.0008,41.0388,0.0005,1208.3517,1211.9405,3.5887
1727.0000,-7.4347,1.0006,41.0479,0.0005,1208.1464,1212.0658,3.9194
1728.0000,-7.4306,1.0004,41.0570,0.0005,1207.9415,1212.1910,4.2495
1729.0000,-7.4266,1.0003,41.0661,0.0005,1207.7369,1212.3160,4.5791
1730.0000,-7.4225,1.0001,41.0752,0.0005,1207.5327,1212.4408,4.9081
1731.0000,-7.4184,1.0000,41.0842,0.0005,1207.3288,1212.5654,5.2366
1732.0000,-7.4143,0.9998,41.0933,0.0005,1207.1253,1212.6898,5.5645
1733.0000,-7.4101,0.9997,41.1024,0.0005,1206.9221,1212.8140,5.8919
1734.0000,-7.4060,0.9995,41.1115,0.0005,1206.7193,1212.9380,6.2187
1735.0000,-7.4019,0.9993,41.1206,0.0005,1206.5169,1213.0618,6.5449
1736.0000,-7.3978,0.9992,41.1297,0.0005,1206.3148,1213.1855,6.8707
1737.0000,-7.3936,0.9990,41.1387,0.0005,1206.1131,1213.3089,7.1959
1738.0000,-7.3895,0.9989,41.1478,0.0005,1205.9117,1213.4322,7.5205
1739.0000,-7.3853,0.9987,41.1569,0.0005,1205.7106,1213.5553,7.8446
1740.0000,-7.3811,0.9986,41.1660,0.0005,1205.5099,1213.6782,8.1682
1741.0000,-7.3770,0.9984,41.1718,0.0005,1205.3091,1213.7204,8.4113
1742.0000,-7.3730,0.9983,41.1776,0.0005,1205.1086,1213.7635,8.6549
1743.0000,-7.3689,0.9981,41.1833,0.0005,1204.9083,1213.8070,8.8988
1744.0000,-7.3649,0.9980,41.1891,0.0005,1204.7082,1213.8510,9.1428
1745.0000,-7.3609,0.9978,41.1949,0.0005,1204.5084,1213.8952,9.3869
1746.0000,-7.3569,0.9977,41.2007,0.0005,1204.3088,1213.9398,9.6310
1747.0000,-7.3529,0.9975,41.2065,0.0005,1204.1094,1213.9845,9.8751
1748.0000,-7.3489,0.9974,41.2123,0.0005,1203.9103,1214.0294,10.1191
1749.0000,-7.3449,0.9972,41.2180,0.0005,1203.7114,1214.0745,10.3630
1750.0000,-7.3410,0.9970,41.2238,0.0005,1203.5128,1214.1197,10.6069
1751.0000,-7.3370,0.9969,41.2296,0.0005,1203.3143,1214.1650,10.8507
1752.0000,-7.3330,0.9967,41.2354,0.0005,1203.1161,1214.2104,11.0943
1753.0000,-7.3291,0.9966,41.2412,0.0005,1202.9181,1214.2559,11.3378
1754.0000,-7.3251,0.9964,41.2470,0.0005,1202.7204,1214.3015,11.5811
1755.0000,-7.3211,0.9963,41.2527,0.0005,1202.5229,1214.3472,11.8242
1756.0000,-7.3172,0.9961,41.2585,0.0005,1202.3256,1214.3929,12.0672
1757.0000,-7.3132,0.9960,41.2643,0.0005,1202.1286,1214.4386,12.3100
1758.0000,-7.3093,0.9958,41.2701,0.0005,1201.9318,1214.4844,12.5527
1759.0000,-7.3053,0.9957,41.2759,0.0005,1201.7352,1214.5303,12.7951
1760.0000,-7.3014,0.9955,41.2817,0.0005,1201.5389,1214.5762,13.0373
1761.0000,-7.2974,0.9954,41.2874,0.0005,1201.3428,1214.6221,13.2793
1762.0000,-7.2935,0.9952,41.2932,0.0005,1201.1469,1214.6680,13.5211
1763.0000,-7.2895,0.9951,41.2990,0.0005,1200.9513,1214.7139,13.7627
1764.0000,-7.2856,0.9949,41.3048,0.0005,1200.7559,1214.7599,14.0040
1765.0000,-7.2816,0.9948,41.3106,0.0005,1200.5607,1214.8058,14.2451
1766.0000,-7.2777,0.9946,41.3164,0.0005,1200.3658,1214.8518,14.4860
1767.0000,-7.2738,0.9945,41.3222,0.0005,1200.1711,1214.8978,14.7267
1768.0000,-7.2698,0.9943,41.3279,0.0005,1199.9766,1214.9437,14.9671
1769.0000,-7.2659,0.9942,41.3337,0.0005,1199.7824,1214.9897,15.2073
1770.0000,-7.2619,0.9941,41.3395,0.0005,1199.5884,1215.0356,15.4472
1771.0000,-7.2580,0.9939,41.3453,0.0005,1199.3946,1215.0816,15.6869
1772.0000,-7.2540,0.9938,41.3511,0.0005,1199.2011,1215.1275,15.9264
1773.0000,-7.2501,0.9936,41.3568,0.0005,1199.0078,1215.1734,16.1656
1774.0000,-7.2461,0.9935,41.3626,0.0005,1198.8148,1215.2193,16.4045
1775.0000,-7.2422,0.9933,41.3684,0.0005,1198.6220,1215.2652,16.6432
1776.0000,-7.2382,0.9932,41.3742,0.0005,1198.4294,1215.3111,16.8817
1777.0000,-7.2343,0.9930,41.3800,0.0005,1198.2371,1215.3569,17.1198
1778.0000,-7.2303,0.9929,41.3858,0.0005,1198.0450,1215.4027,17.3577
1779.0000,-7.2264,0.9927,41.3915,0.0005,1197.8531,1215.4485,17.5954
1780.0000,-7.2224,0.9926,41.3973,0.0005,1197.6615,1215.4943,17.8328
1781.0000,-7.2185,0.9924,41.4031,0.0005,1197.4701,1215.5400,18.0699
1782.0000,-7.2145,0.9923,41.4089,0.0005,1197.2790,1215.5857,18.3068
1783.0000,-7.2106,0.9921,41.4147,0.0005,1197.0880,1215.6314,18.5434
1784.0000,-7.2066,0.9920,41.4205,0.0005,1196.8974,1215.6771,18.7797
1785.0000,-7.2027,0.9919,41.4262,0.0005,1196.7069,1215.7227,19.0158
1786.0000,-7.1987,0.9917,41.4320,0.0005,1196.5167,1215.7682,19.2515
1787.0000,-7.1947,0.9916,41.4378,0.0005,1196.3267,1215.8138,19.4871
1788.0000,-7.1908,0.9914,41.4436,0.0005,1196.1370,1215.8593,19.7223
1789.0000,-7.1868,0.9913,41.4494,0.0005,1195.9475,1215.9047,19.9573
1790.0000,-7.1828,0.9911,41.4552,0.0005,1195.7582,1215.9502,20.1920
1791.0000,-7.1789,0.9910,41.4609,0.0005,1195.5692,1215.9956,20.4264
1792.0000,-7.1749,0.9908,41.4667,0.0005,1195.3804,1216.0409,20.6605
1793.0000,-7.1709,0.9907,41.4725,0.0005,1195.1918,1216.0862,20.8944
1794.0000,-7.1670,0.9906,41.4783,0.0005,1195.0035,1216.1315,21.1280
1795.0000,-7.1630,0.9904,41.4841,0.0005,1194.8154,1216.1767,21.3613
1796.0000,-7.1590,0.9903,41.4899,0.0005,1194.6275,1216.2219,21.5943
1797.0000,-7.1550,0.9901,41.4956,0.0005,1194.4399,1216.2670,21.8271
1798.0000,-7.1511,0.9900,41.5014,0.0005,1194.2525,1216.3121,22.0596
1799.0000,-7.1471,0.9898,41.5072,0.0005,1194.0654,1216.3571,22.2918
1800.0000,-7.1431,0.9897,41.5130,0.0005,1193.8784,1216.4021,22.5237
1801.0000,-7.1391,0.9896,41.5197,0.0005,1193.6932,1216.4707,22.7775
1802.0000,-7.1351,0.9894,41.5265,0.0005,1193.5082,1216.5389,23.0307
1803.0000,-7.1310,0.9893,41.5332,0.0005,1193.3235,1216.6069,23.2834
1804.0000,-7.1270,0.9891,41.5400,0.0005,1193.1390,1216.6747,23.5357
1805.0000,-7.1229,0.9890,41.5467,0.0005,1192.9547,1216.7423,23.7876
1806.0000,-7.1189,0.9889,41.5535,0.0005,1192.7707,1216.8097,24.0390
1807.0000,-7.1148,0.9887,41.5602,0.0005,1192.5870,1216.8770,24.2900
1808.0000,-7.1108,0.9886,41.5670,0.0005,1192.4035,1216.9441,24.5406
1809.0000,-7.1067,0.9884,41.5737,0.0005,1192.2203,1217.0111,24.7908
1810.0000,-7.1026,0.9883,41.5805,0.0005,1192.0373,1217.0779,25.0406
1811.0000,-7.0985,0.9882,41.5872,0.0005,1191.8546,1217.1446,25.2900
1812.0000,-7.0944,0.9880,41.5940,0.0005,1191.6722,1217.2112,25.5390
1813.0000,-7.0904,0.9879,41.6007,0.0005,1191.4900,1217.2777,25.7877
1814.0000,-7.0863,0.9877,41.6075,0.0005,1191.3080,1217.3440,26.0360
1815.0000,-7.0822,0.9876,41.6142,0.0005,1191.1263,1217.4102,26.2839
1816.0000,-7.0781,0.9875,41.6210,0.0005,1190.9449,1217.4763,26.5314
1817.0000,-7.0739,0.9873,41.6277,0.0005,1190.7637,1217.5423,26.7786
1818.0000,-7.0698,0.9872,41.6345,0.0005,1190.5828,1217.6082,27.0254
1819.0000,-7.0657,0.9870,41.6412,0.0005,1190.4022,1217.6739,27.2718
1820.0000,-7.0616,0.9869,41.6480,0.0005,1190.2217,1217.7396,27.5179
1821.0000,-7.0575,0.9868,41.6547,0.0005,1190.0416,1217.8051,27.7636
1822.0000,-7.0533,0.9866,41.6615,0.0005,1189.8617,1217.8706,28.0089
1823.0000,-7.0492,0.9865,41.6683,0.0005,1189.6820,1217.9359,28.2539
1824.0000,-7.0450,0.9863,41.6750,0.0005,1189.5026,1218.0011,28.4985
1825.0000,-7.0409,0.9862,41.6818,0.0005,1189.3235,1218.0663,28.7428
1826.0000,-7.0368,0.9861,41.6885,0.0005,1189.1446,1218.1313,28.9867
1827.0000,-7.0326,0.9859,41.6953,0.0005,1188.9660,1218.1962,29.2303
1828.0000,-7.0284,0.9858,41.7020,0.0005,1188.7876,1218.2610,29.4735
1829.0000,-7.0243,0.9857,41.7088,0.0005,1188.6094,1218.3258,29.7163
1830.0000,-7.0201,0.9855,41.7155,0.0005,1188.4315,1218.3904,29.9589
1831.0000,-7.0159,0.9854,41.7222,0.0005,1188.2539,1218.4549,30.2010
1832.0000,-7.0118,0.9853,41.7290,0.0005,1188.0765,1218.5194,30.4428
1833.0000,-7.0076,0.9851,41.7357,0.0005,1187.8994,1218.5837,30.6843
1834.0000,-7.0034,0.9850,41.7425,0.0005,1187.7225,1218.6479,30.9254
1835.0000,-6.9992,0.9849,41.7492,0.0005,1187.5459,1218.7121,31.1662
1836.0000,-6.9950,0.9847,41.7560,0.0005,1187.3695,1218.7761,31.4066
1837.0000,-6.9909,0.9846,41.7627,0.0005,1187.1934,1218.8401,31.6467
1838.0000,-6.9867,0.9844,41.7695,0.0005,1187.0175,1218.9039,31.8865
1839.0000,-6.9825,0.9843,41.7762,0.0005,1186.8418,1218.9677,32.1259
1840.0000,-6.9783,0.9842,41.7830,0.0005,1186.6664,1219.0314,32.3649
1841.0000,-6.9740,0.9840,41.7897,0.0005,1186.4913,1219.0950,32.6037
1842.0000,-6.9698,0.9839,41.7965,0.0005,1186.3164,1219.1584,32.8420
1843.0000,-6.9656,0.9838,41.8032,0.0005,1186.1418,1219.2218,33.0801
1844.0000,-6.9614,0.9836,41.8100,0.0005,1185.9673,1219.2851,33.3178
1845.0000,-6.9572,0.9835,41.8167,0.0005,1185.7932,1219.3484,33.5552
1846.0000,-6.9530,0.9834,41.8235,0.0005,1185.6193,1219.4115,33.7922
1847.0000,-6.9487,0.9832,41.8302,0.0005,1185.4456,1219.4745,34.0289
1848.0000,-6.9445,0.9831,41.8370,0.0005,1185.2722,1219.5375,34.2653
1849.0000,-6.9403,0.9830,41.8438,0.0005,1185.0990,1219.6003,34.5013
1850.0000,-6.9360,0.9828,41.8505,0.0005,1184.9261,1219.6631,34.7370
1851.0000,-6.9318,0.9827,41.8573,0.0005,1184.7534,1219.7258,34.9724
1852.0000,-6.9275,0.9826,41.8640,0.0005,1184.5810,1219.7884,35.2074
1853.0000,-6.9233,0.9825,41.8708,0.0005,1184.4088,1219.8509,35.4421
1854.0000,-6.9190,0.9823,41.8775,0.0005,1184.2368,1219.9133,35.6765
1855.0000,-6.9148,0.9822,41.8843,0.0005,1184.0651,1219.9756,35.9105
1856.0000,-6.9105,0.9821,41.8910,0.0005,1183.8936,1220.0378,36.1442
1857.0000,-6.9062,0.9819,41.8978,0.0005,1183.7224,1220.1000,36.3776
1858.0000,-6.9020,0.9818,41.9045,0.0005,1183.5514,1220.1621,36.6106
1859.0000,-6.8977,0.9817,41.9113,0.0005,1183.3807,1220.2240,36.8433
1860.0000,-6.8934,0.9815,41.9180,0.0005,1183.2102,1220.2859,37.0757
1861.0000,-6.8893,0.9814,41.9186,0.0005,1183.0357,1220.1969,37.1612
1862.0000,-6.8853,0.9813,41.9191,0.0005,1182.8614,1220.1096,37.2482
1863.0000,-6.8812,0.9811,41.9197,0.0005,1182.6871,1220.0235,37.3364
1864.0000,-6.8773,0.9810,41.9203,0.0005,1182.5130,1219.9384,37.4254
1865.0000,-6.8733,0.9809,41.9208,0.0005,1182.3389,1219.8540,37.5152
1866.0000,-6.8694,0.9808,41.9214,0.0005,1182.1649,1219.7704,37.6056
1867.0000,-6.8655,0.9806,41.9220,0.0005,1181.9909,1219.6875,37.6966
1868.0000,-6.8617,0.9805,41.9225,0.0005,1181.8170,1219.6051,37.7881
1869.0000,-6.8578,0.9804,41.9231,0.0005,1181.6432,1219.5232,37.8800
1870.0000,-6.8540,0.9802,41.9237,0.0005,1181.4694,1219.4418,37.9724
1871.0000,-6.8502,0.9801,41.9242,0.0005,1181.2956,1219.3608,38.0652
1872.0000,-6.8464,0.9800,41.9248,0.0005,1181.1220,1219.2803,38.1583
1873.0000,-6.8426,0.9798,41.9254,0.0005,1180.9484,1219.2002,38.2518
1874.0000,-6.8389,0.9797,41.9259,0.0005,1180.7748,1219.1204,38.3456
1875.0000,-6.8351,0.9796,41.9265,0.0005,1180.6013,1219.0410,38.4397
1876.0000,-6.8314,0.9795,41.9271,0.0005,1180.4279,1218.9619,38.5340
1877.0000,-6.8277,0.9793,41.9276,0.0005,1180.2545,1218.8831,38.6287
1878.0000,-6.8240,0.9792,41.9282,0.0005,1180.0812,1218.8047,38.7235
1879.0000,-6.8203,0.9791,41.9288,0.0005,1179.9079,1218.7265,38.8186
1880.0000,-6.8166,0.9789,41.9293,0.0005,1179.7348,1218.6486,38.9139
1881.0000,-6.8129,0.9788,41.9299,0.0005,1179.5616,1218.5710,39.0094
1882.0000,-6.8093,0.9787,41.9305,0.0005,1179.3886,1218.4936,39.1051
1883.0000,-6.8056,0.9786,41.9310,0.0005,1179.2156,1218.4165,39.2009
1884.0000,-6.8020,0.9784,41.9316,0.0005,1179.0427,1218.3396,39.2969
1885.0000,-6.7984,0.9783,41.9322,0.0005,1178.8699,1218.2630,39.3931
1886.0000,-6.7947,0.9782,41.9327,0.0005,1178.6971,1218.1866,39.4895
1887.0000,-6.7911,0.9780,41.9333,0.0005,1178.5244,1218.1103,39.5859
1888.0000,-6.7875,0.9779,41.9339,0.0005,1178.3518,1218.0343,39.6826
1889.0000,-6.7839,0.9778,41.9344,0.0005,1178.1792,1217.9585,39.7793
1890.0000,-6.7803,0.9777,41.9350,0.0005,1178.0068,1217.8829,39.8762
1891.0000,-6.7767,0.9775,41.9356,0.0005,1177.8344,1217.8075,39.9731
1892.0000,-6.7732,0.9774,41.9361,0.0005,1177.6620,1217.7322,40.0702
1893.0000,-6.7696,0.9773,41.9367,0.0005,1177.4898,1217.6572,40.1674
1894.0000,-6.7660,0.9771,41.9373,0.0005,1177.3176,1217.5823,40.2647
1895.0000,-6.7625,0.9770,41.9378,0.0005,1177.1455,1217.5075,40.3620
1896.0000,-6.7589,0.9769,41.9384,0.0005,1176.9735,1217.4330,40.4595
1897.0000,-6.7554,0.9768,41.9390,0.0005,1176.8016,1217.3586,40.5570
1898.0000,-6.7518,0.9766,41.9395,0.0005,1176.6297,1217.2843,40.6546
1899.0000,-6.7483,0.9765,41.9401,0.0005,1176.4580,1217.2102,40.7523
1900.0000,-6.7448,0.9764,41.9407,0.0005,1176.2863,1217.1363,40.8500
1901.0000,-6.7413,0.9762,41.9412,0.0005,1176.1147,1217.0625,40.9478
1902.0000,-6.7378,0.9761,41.9418,0.0005,1175.9432,1216.9888,41.0456
1903.0000,-6.7342,0.9760,41.9424,0.0005,1175.7717,1216.9153,41.1435
1904.0000,-6.7307,0.9759,41.9429,0.0005,1175.6004,1216.8419,41.2415
1905.0000,-6.7272,0.9757,41.9435,0.0005,1175.4291,1216.7686,41.3395
1906.0000,-6.7238,0.9756,41.9441,0.0005,1175.2579,1216.6955,41.4375
1907.0000,-6.7203,0.9755,41.9446,0.0005,1175.0868,1216.6224,41.5356
1908.0000,-6.7168,0.9754,41.9452,0.0005,1174.9158,1216.5495,41.6337
1909.0000,-6.7133,0.9752,41.9458,0.0005,1174.7449,1216.4768,41.7318
1910.0000,-6.7098,0.9751,41.9463,0.0005,1174.5741,1216.4041,41.8300
1911.0000,-6.7064,0.9750,41.9469,0.0005,1174.4033,1216.3316,41.9282
1912.0000,-6.7029,0.9748,41.9475,0.0005,1174.2327,1216.2591,42.0264
1913.0000,-6.6994,0.9747,41.9480,0.0005,1174.0621,1216.1868,42.1247
1914.0000,-6.6960,0.9746,41.9486,0.0005,1173.8916,1216.1146,42.2229
1915.0000,-6.6925,0.9745,41.9492,0.0005,1173.7213,1216.0424,42.3212
1916.0000,-6.6891,0.9743,41.9497,0.0005,1173.5510,1215.9704,42.4195
1917.0000,-6.6856,0.9742,41.9503,0.0005,1173.3808,1215.8985,42.5177
1918.0000,-6.6822,0.9741,41.9509,0.0005,1173.2106,1215.8267,42.6160
1919.0000,-6.6788,0.9740,41.9514,0.0005,1173.0406,1215.7550,42.7143
1920.0000,-6.6753,0.9738,41.9520,0.0005,1172.8707,1215.6833,42.8126
1921.0000,-6.6718,0.9737,41.9572,0.0005,1172.7038,1215.7244,43.0206
1922.0000,-6.6682,0.9736,41.9624,0.0005,1172.5371,1215.7642,43.2271
1923.0000,-6.6646,0.9735,41.9675,0.0005,1172.3706,1215.8031,43.4325
1924.0000,-6.6609,0.9733,41.9727,0.0005,1172.2043,1215.8413,43.6370
1925.0000,-6.6572,0.9732,41.9779,0.0005,1172.0382,1215.8790,43.8407
1926.0000,-6.6535,0.9731,41.9831,0.0005,1171.8724,1215.9161,44.0437
1927.0000,-6.6498,0.9729,41.9883,0.0005,1171.7068,1215.9527,44.2459
1928.0000,-6.6461,0.9728,41.9935,0.0005,1171.5414,1215.9890,44.4476
1929.0000,-6.6423,0.9727,41.9986,0.0005,1171.3762,1216.0248,44.6486
1930.0000,-6.6386,0.9726,42.0038,0.0005,1171.2113,1216.0604,44.8491
1931.0000,-6.6348,0.9724,42.0090,0.0005,1171.0466,1216.0956,45.0490
1932.0000,-6.6310,0.9723,42.0142,0.0005,1170.8821,1216.1305,45.2483
1933.0000,-6.6272,0.9722,42.0194,0.0005,1170.7179,1216.1651,45.4472
1934.0000,-6.6234,0.9721,42.0246,0.0005,1170.5539,1216.1994,45.6455
1935.0000,-6.6196,0.9720,42.0297,0.0005,1170.3901,1216.2335,45.8434
1936.0000,-6.6158,0.9718,42.0349,0.0005,1170.2266,1216.2674,46.0408
1937.0000,-6.6119,0.9717,42.0401,0.0005,1170.0633,1216.3010,46.2377
1938.0000,-6.6081,0.9716,42.0453,0.0005,1169.9002,1216.3344,46.4342
1939.0000,-6.6042,0.9715,42.0505,0.0005,1169.7373,1216.3675,46.6302
1940.0000,-6.6004,0.9713,42.0557,0.0005,1169.5747,1216.4005,46.8258
1941.0000,-6.5965,0.9712,42.0608,0.0005,1169.4123,1216.4333,47.0210
1942.0000,-6.5926,0.9711,42.0660,0.0005,1169.2501,1216.4658,47.2158
1943.0000,-6.5887,0.9710,42.0712,0.0005,1169.0881,1216.4982,47.4101
1944.0000,-6.5848,0.9708,42.0764,0.0005,1168.9264,1216.5305,47.6041
1945.0000,-6.5809,0.9707,42.0816,0.0005,1168.7649,1216.5625,47.7976
1946.0000,-6.5770,0.9706,42.0868,0.0005,1168.6036,1216.5944,47.9908
1947.0000,-6.5731,0.9705,42.0919,0.0005,1168.4425,1216.6261,48.1836
1948.0000,-6.5692,0.9704,42.0971,0.0005,1168.2816,1216.6576,48.3760
1949.0000,-6.5652,0.9702,42.1023,0.0005,1168.1210,1216.6890,48.5680
1950.0000,-6.5613,0.9701,42.1075,0.0005,1167.9606,1216.7203,48.7597
1951.0000,-6.5574,0.9700,42.1127,0.0005,1167.8004,1216.7514,48.9510
1952.0000,-6.5534,0.9699,42.1179,0.0005,1167.6404,1216.7823,49.1419
1953.0000,-6.5495,0.9698,42.1230,0.0005,1167.4806,1216.8131,49.3325
1954.0000,-6.5455,0.9696,42.1282,0.0005,1167.3211,1216.8438,49.5227
1955.0000,-6.5416,0.9695,42.1334,0.0005,1167.1618,1216.8743,49.7126
1956.0000,-6.5376,0.9694,42.1386,0.0005,1167.0026,1216.9047,49.9021
1957.0000,-6.5336,0.9693,42.1438,0.0005,1166.8437,1216.9350,50.0913
1958.0000,-6.5296,0.9692,42.1490,0.0005,1166.6851,1216.9651,50.2801
1959.0000,-6.5257,0.9690,42.1542,0.0005,1166.5266,1216.9952,50.4686
1960.0000,-6.5217,0.9689,42.1593,0.0005,1166.3683,1217.0251,50.6567
1961.0000,-6.5177,0.9688,42.1645,0.0005,1166.2103,1217.0548,50.8445
1962.0000,-6.5137,0.9687,42.1697,0.0005,1166.0524,1217.0845,51.0320
1963.0000,-6.5097,0.9686,42.1749,0.0005,1165.8948,1217.1140,51.2192
1964.0000,-6.5057,0.9684,42.1801,0.0005,1165.7374,1217.1434,51.4060
1965.0000,-6.5017,0.9683,42.1852,0.0005,1165.5802,1217.1727,51.5925
1966.0000,-6.4976,0.9682,42.1904,0.0005,1165.4232,1217.2019,51.7787
1967.0000,-6.4936,0.9681,42.1956,0.0005,1165.2665,1217.2310,51.9646
1968.0000,-6.4896,0.9680,42.2008,0.0005,1165.1099,1217.2600,52.1501
1969.0000,-6.4856,0.9678,42.2060,0.0005,1164.9535,1217.2888,52.3353
1970.0000,-6.4815,0.9677,42.2112,0.0005,1164.7974,1217.3176,52.5202
1971.0000,-6.4775,0.9676,42.2163,0.0005,1164.6414,1217.3463,52.7048
1972.0000,-6.4735,0.9675,42.2215,0.0005,1164.4857,1217.3748,52.8891
1973.0000,-6.4694,0.9674,42.2267,0.0005,1164.3302,1217.4033,53.0731
1974.0000,-6.4654,0.9673,42.2319,0.0005,1164.1749,1217.4316,53.2567
1975.0000,-6.4613,0.9671,42.2371,0.0005,1164.0198,1217.4599,53.4401
1976.0000,-6.4573,0.9670,42.2423,0.0005,1163.8649,1217.4880,53.6231
1977.0000,-6.4532,0.9669,42.2475,0.0005,1163.7102,1217.5161,53.8059
1978.0000,-6.4491,0.9668,42.2526,0.0005,1163.5557,1217.5440,53.9883
1979.0000,-6.4451,0.9667,42.2578,0.0005,1163.4014,1217.5719,54.1705
1980.0000,-6.4410,0.9666,42.2630,0.0005,1163.2473,1217.5996,54.3523
1981.0000,-6.4369,0.9664,42.2684,0.0005,1163.0965,1217.6335,54.5370
1982.0000,-6.4328,0.9663,42.2739,0.0005,1162.9459,1217.6672,54.7213
1983.0000,-6.4287,0.9662,42.2793,0.0005,1162.7954,1217.7008,54.9053
1984.0000,-6.4246,0.9661,42.2847,0.0005,1162.6451,1217.7342,55.0891
1985.0000,-6.4205,0.9660,42.2902,0.0005,1162.4951,1217.7676,55.2725
1986.0000,-6.4164,0.9659,42.2956,0.0005,1162.3452,1217.8009,55.4557
1987.0000,-6.4123,0.9658,42.3010,0.0005,1162.1954,1217.8340,55.6386
1988.0000,-6.4082,0.9656,42.3065,0.0005,1162.0459,1217.8671,55.8212
1989.0000,-6.4041,0.9655,42.3119,0.0005,1161.8965,1217.9000,56.0035
1990.0000,-6.4000,0.9654,42.3173,0.0005,1161.7474,1217.9329,56.1855
1991.0000,-6.3959,0.9653,42.3228,0.0005,1161.5984,1217.9656,56.3672
1992.0000,-6.3917,0.9652,42.3282,0.0005,1161.4497,1217.9983,56.5486
1993.0000,-6.3876,0.9651,42.3336,0.0005,1161.3011,1218.0308,56.7297
1994.0000,-6.3835,0.9649,42.3391,0.0005,1161.1527,1218.0633,56.9106
1995.0000,-6.3793,0.9648,42.3445,0.0005,1161.0045,1218.0956,57.0912
1996.0000,-6.3752,0.9647,42.3499,0.0005,1160.8565,1218.1279,57.2714
1997.0000,-6.3710,0.9646,42.3554,0.0005,1160.7086,1218.1601,57.4514
1998.0000,-6.3669,0.9645,42.3608,0.0005,1160.5610,1218.1922,57.6312
1999.0000,-6.3627,0.9644,42.3662,0.0005,1160.4136,1218.2242,57.8106
2000.0000,-6.3586,0.9643,42.3717,0.0005,1160.2663,1218.2561,57.9898
2001.0000,-6.3544,0.9642,42.3771,0.0005,1160.1193,1218.2879,58.1686
2002.0000,-6.3503,0.9640,42.3825,0.0005,1159.9724,1218.3197,58.3472
2003.0000,-6.3461,0.9639,42.3880,0.0005,1159.8258,1218.3513,58.5255
2004.0000,-6.3419,0.9638,42.3934,0.0005,1159.6793,1218.3829,58.7036
2005.0000,-6.3377,0.9637,42.3988,0.0005,1159.5330,1218.4144,58.8813
2006.0000,-6.3336,0.9636,42.4043,0.0005,1159.3869,1218.4458,59.0588
2007.0000,-6.3294,0.9635,42.4097,0.0005,1159.2410,1218.4771,59.2360
2008.0000,-6.3252,0.9634,42.4151,0.0005,1159.0953,1218.5083,59.4130
2009.0000,-6.3210,0.9633,42.4206,0.0005,1158.9498,1218.5395,59.5896
2010.0000,-6.3168,0.9631,42.4260,0.0005,1158.8045,1218.5705,59.7660
2011.0000,-6.3126,0.9630,42.4314,0.0005,1158.6594,1218.6015,59.9421
2012.0000,-6.3084,0.9629,42.4369,0.0005,1158.5144,1218.6324,60.1180
2013.0000,-6.3042,0.9628,42.4423,0.0005,1158.3697,1218.6632,60.2935
2014.0000,-6.3000,0.9627,42.4477,0.0005,1158.2251,1218.6940,60.4688
2015.0000,-6.2958,0.9626,42.4532,0.0005,1158.0808,1218.7246,60.6439
2016.0000,-6.2916,0.9625,42.4586,0.0005,1157.9366,1218.7552,60.8186
2017.0000,-6.2874,0.9624,42.4640,0.0005,1157.7926,1218.7857,60.9931
2018.0000,-6.2832,0.9623,42.4695,0.0005,1157.6488,1218.8161,61.1674
2019.0000,-6.2790,0.9621,42.4749,0.0005,1157.5052,1218.8465,61.3413
2020.0000,-6.2747,0.9620,42.4803,0.0005,1157.3618,1218.8768,61.5150
2021.0000,-6.2705,0.9619,42.4858,0.0005,1157.2185,1218.9070,61.6884
2022.0000,-6.2663,0.9618,42.4912,0.0005,1157.0755,1218.9371,61.8616
2023.0000,-6.2621,0.9617,42.4966,0.0005,1156.9326,1218.9671,62.0345
2024.0000,-6.2578,0.9616,42.5021,0.0005,1156.7900,1218.9971,62.2071
2025.0000,-6.2536,0.9615,42.5075,0.0005,1156.6475,1219.0270,62.3795
2026.0000,-6.2493,0.9614,42.5129,0.0005,1156.5052,1219.0568,62.5516
2027.0000,-6.2451,0.9613,42.5184,0.0005,1156.3631,1219.0866,62.7234
2028.0000,-6.2408,0.9612,42.5238,0.0005,1156.2212,1219.1162,62.8950
2029.0000,-6.2366,0.9611,42.5292,0.0005,1156.0795,1219.1458,63.0663
2030.0000,-6.2323,0.9609,42.5347,0.0005,1155.9380,1219.1754,63.2374
2031.0000,-6.2281,0.9608,42.5401,0.0005,1155.7966,1219.2048,63.4082
2032.0000,-6.2238,0.9607,42.5455,0.0005,1155.6554,1219.2342,63.5788
2033.0000,-6.2196,0.9606,42.5510,0.0005,1155.5145,1219.2635,63.7490
2034.0000,-6.2153,0.9605,42.5564,0.0005,1155.3737,1219.2928,63.9191
2035.0000,-6.2110,0.9604,42.5618,0.0005,1155.2331,1219.3219,64.0888
2036.0000,-6.2068,0.9603,42.5673,0.0005,1155.0927,1219.3510,64.2584
2037.0000,-6.2025,0.9602,42.5727,0.0005,1154.9524,1219.3800,64.4276
2038.0000,-6.1982,0.9601,42.5781,0.0005,1154.8124,1219.4090,64.5966
2039.0000,-6.1939,0.9600,42.5836,0.0005,1154.6725,1219.4379,64.7654
2040.0000,-6.1897,0.9599,42.5890,0.0005,1154.5329,1219.4667,64.9338
2041.0000,-6.1855,0.9598,42.5916,0.0005,1154.3917,1219.4264,65.0347
2042.0000,-6.1813,0.9597,42.5942,0.0005,1154.2506,1219.3868,65.1362
2043.0000,-6.1771,0.9595,42.5968,0.0005,1154.1097,1219.3477,65.2380
2044.0000,-6.1730,0.9594,42.5994,0.0005,1153.9689,1219.3091,65.3402
2045.0000,-6.1688,0.9593,42.6020,0.0005,1153.8282,1219.2708,65.4426
2046.0000,-6.1647,0.9592,42.6046,0.0005,1153.6876,1219.2328,65.5453
2047.0000,-6.1606,0.9591,42.6072,0.0005,1153.5471,1219.1951,65.6481
2048.0000,-6.1565,0.9590,42.6098,0.0005,1153.4067,1219.1577,65.7510
2049.0000,-6.1524,0.9589,42.6124,0.0005,1153.2664,1219.1204,65.8540
2050.0000,-6.1483,0.9588,42.6150,0.0005,1153.1262,1219.0833,65.9571
2051.0000,-6.1443,0.9587,42.6176,0.0005,1152.9861,1219.0464,66.0604
2052.0000,-6.1402,0.9586,42.6202,0.0005,1152.8461,1219.0097,66.1636
2053.0000,-6.1361,0.9585,42.6228,0.0005,1152.7062,1218.9731,66.2670
2054.0000,-6.1321,0.9584,42.6254,0.0005,1152.5664,1218.9367,66.3703
2055.0000,-6.1280,0.9583,42.6280,0.0005,1152.4267,1218.9004,66.4737
2056.0000,-6.1240,0.9582,42.6306,0.0005,1152.2871,1218.8643,66.5772
2057.0000,-6.1199,0.9581,42.6332,0.0005,1152.1476,1218.8282,66.6806
2058.0000,-6.1159,0.9580,42.6358,0.0005,1152.0083,1218.7923,66.7841
2059.0000,-6.1119,0.9578,42.6384,0.0005,1151.8690,1218.7565,66.8875
2060.0000,-6.1078,0.9577,42.6410,0.0005,1151.7298,1218.7208,66.9910
2061.0000,-6.1038,0.9576,42.6436,0.0005,1151.5907,1218.6852,67.0944
2062.0000,-6.0998,0.9575,42.6462,0.0005,1151.4518,1218.6497,67.1979
2063.0000,-6.0958,0.9574,42.6488,0.0005,1151.3129,1218.6142,67.3013
2064.0000,-6.0918,0.9573,42.6514,0.0005,1151.1742,1218.5789,67.4047
2065.0000,-6.0877,0.9572,42.6540,0.0005,1151.0355,1218.5436,67.5081
2066.0000,-6.0837,0.9571,42.6566,0.0005,1150.8970,1218.5084,67.6114
2067.0000,-6.0797,0.9570,42.6592,0.0005,1150.7585,1218.4733,67.7148
2068.0000,-6.0757,0.9569,42.6618,0.0005,1150.6202,1218.4382,67.8180
2069.0000,-6.0717,0.9568,42.6644,0.0005,1150.4820,1218.4033,67.9213
2070.0000,-6.0677,0.9567,42.6670,0.0005,1150.3439,1218.3683,68.0245
2071.0000,-6.0637,0.9566,42.6696,0.0005,1150.2059,1218.3335,68.1276
2072.0000,-6.0597,0.9565,42.6722,0.0005,1150.0680,1218.2987,68.2307
2073.0000,-6.0558,0.9564,42.6748,0.0005,1149.9302,1218.2640,68.3338
2074.0000,-6.0518,0.9563,42.6774,0.0005,1149.7925,1218.2293,68.4368
2075.0000,-6.0478,0.9562,42.6800,0.0005,1149.6549,1218.1947,68.5397
2076.0000,-6.0438,0.9561,42.6826,0.0005,1149.5175,1218.1601,68.6426
2077.0000,-6.0398,0.9560,42.6852,0.0005,1149.3801,1218.1256,68.7454
2078.0000,-6.0358,0.9559,42.6878,0.0005,1149.2429,1218.0911,68.8482
2079.0000,-6.0319,0.9558,42.6904,0.0005,1149.1058,1218.0566,68.9509
2080.0000,-6.0279,0.9557,42.6930,0.0005,1148.9687,1218.0222,69.0535
2081.0000,-6.0239,0.9556,42.6956,0.0005,1148.8318,1217.9879,69.1561
2082.0000,-6.0199,0.9554,42.6982,0.0005,1148.6950,1217.9536,69.2586
2083.0000,-6.0160,0.9553,42.7008,0.0005,1148.5583,1217.9193,69.3610
2084.0000,-6.0120,0.9552,42.7034,0.0005,1148.4217,1217.8851,69.4634
2085.0000,-6.0080,0.9551,42.7060,0.0005,1148.2853,1217.8509,69.5656
2086.0000,-6.0041,0.9550,42.7086,0.0005,1148.1489,1217.8168,69.6678
2087.0000,-6.0001,0.9549,42.7112,0.0005,1148.0127,1217.7826,69.7700
2088.0000,-5.9961,0.9548,42.7138,0.0005,1147.8765,1217.7485,69.8720
2089.0000,-5.9922,0.9547,42.7164,0.0005,1147.7405,1217.7145,69.9740
2090.0000,-5.9882,0.9546,42.7190,0.0005,1147.6046,1217.6805,70.0759
2091.0000,-5.9843,0.9545,42.7216,0.0005,1147.4688,1217.6465,70.1777
2092.0000,-5.9803,0.9544,42.7242,0.0005,1147.3331,1217.6125,70.2794
2093.0000,-5.9763,0.9543,42.7268,0.0005,1147.1975,1217.5786,70.3810
2094.0000,-5.9724,0.9542,42.7294,0.0005,1147.0621,1217.5447,70.4826
2095.0000,-5.9684,0.9541,42.7320,0.0005,1146.9267,1217.5108,70.5841
2096.0000,-5.9645,0.9540,42.7346,0.0005,1146.7915,1217.4769,70.6854
2097.0000,-5.9605,0.9539,42.7372,0.0005,1146.6563,1217.4431,70.7867
2098.0000,-5.9566,0.9538,42.7398,0.0005,1146.5213,1217.4093,70.8879
2099.0000,-5.9526,0.9537,42.7424,0.0005,1146.3864,1217.3755,70.9890
2100.0000,-5.9487,0.9536,42.7450,0.0005,1146.2516,1217.3417,71.0901
2101.0000,-5.9447,0.9535,42.7490,0.0005,1146.1153,1217.3420,71.2267
2102.0000,-5.9407,0.9534,42.7530,0.0005,1145.9792,1217.3419,71.3627
2103.0000,-5.9367,0.9533,42.7570,0.0005,1145.8433,1217.3415,71.4983
2104.0000,-5.9326,0.9532,42.7610,0.0005,1145.7075,1217.3409,71.6334
2105.0000,-5.9286,0.9531,42.7650,0.0005,1145.5719,1217.3401,71.7682
2106.0000,-5.9246,0.9530,42.7690,0.0005,1145.4365,1217.3391,71.9026
2107.0000,-5.9205,0.9529,42.7730,0.0005,1145.3012,1217.3379,72.0367
2108.0000,-5.9165,0.9528,42.7770,0.0005,1145.1661,1217.3366,72.1704
2109.0000,-5.9124,0.9527,42.7810,0.0005,1145.0312,1217.3351,72.3039
2110.0000,-5.9083,0.9526,42.7850,0.0005,1144.8965,1217.3336,72.4371
2111.0000,-5.9043,0.9525,42.7890,0.0005,1144.7619,1217.3319,72.5700
2112.0000,-5.9002,0.9524,42.7930,0.0005,1144.6275,1217.3301,72.7026
2113.0000,-5.8961,0.9523,42.7970,0.0005,1144.4933,1217.3282,72.8349
2114.0000,-5.8920,0.9522,42.8010,0.0005,1144.3592,1217.3262,72.9670
2115.0000,-5.8880,0.9521,42.8050,0.0005,1144.2253,1217.3241,73.0988
2116.0000,-5.8839,0.9520,42.8090,0.0005,1144.0915,1217.3219,73.2304
2117.0000,-5.8798,0.9519,42.8130,0.0005,1143.9580,1217.3197,73.3617
2118.0000,-5.8757,0.9518,42.8170,0.0005,1143.8246,1217.3173,73.4928
2119.0000,-5.8716,0.9517,42.8210,0.0005,1143.6913,1217.3149,73.6236
2120.0000,-5.8675,0.9516,42.8250,0.0005,1143.5582,1217.3124,73.7542
2121.0000,-5.8634,0.9515,42.8290,0.0005,1143.4253,1217.3098,73.8845
2122.0000,-5.8593,0.9514,42.8330,0.0005,1143.2925,1217.3072,74.0147
2123.0000,-5.8552,0.9513,42.8370,0.0005,1143.1599,1217.3045,74.1446
2124.0000,-5.8511,0.9512,42.8410,0.0005,1143.0275,1217.3017,74.2742
2125.0000,-5.8470,0.9511,42.8450,0.0005,1142.8952,1217.2988,74.4036
2126.0000,-5.8428,0.9510,42.8490,0.0005,1142.7630,1217.2959,74.5328
2127.0000,-5.8387,0.9509,42.8530,0.0005,1142.6311,1217.2929,74.6618
2128.0000,-5.8346,0.9508,42.8570,0.0005,1142.4993,1217.2898,74.7906
2129.0000,-5.8305,0.9507,42.8610,0.0005,1142.3676,1217.2867,74.9191
2130.0000,-5.8263,0.9506,42.8650,0.0005,1142.2361,1217.2836,75.0475
2131.0000,-5.8222,0.9505,42.8690,0.0005,1142.1048,1217.2803,75.1756
2132.0000,-5.8181,0.9504,42.8730,0.0005,1141.9736,1217.2770,75.3035
2133.0000,-5.8139,0.9503,42.8770,0.0005,1141.8425,1217.2737,75.4311
2134.0000,-5.8098,0.9502,42.8810,0.0005,1141.7117,1217.2703,75.5586
2135.0000,-5.8057,0.9501,42.8850,0.0005,1141.5810,1217.2668,75.6859
2136.0000,-5.8015,0.9500,42.8890,0.0005,1141.4504,1217.2633,75.8129
2137.0000,-5.7974,0.9499,42.8930,0.0005,1141.3200,1217.2597,75.9397
2138.0000,-5.7932,0.9498,42.8970,0.0005,1141.1897,1217.2561,76.0664
2139.0000,-5.7891,0.9497,42.9010,0.0005,1141.0596,1217.2524,76.1928
2140.0000,-5.7849,0.9496,42.9050,0.0005,1140.9297,1217.2487,76.3190
2141.0000,-5.7808,0.9495,42.9090,0.0005,1140.7999,1217.2449,76.4450
2142.0000,-5.7766,0.9494,42.9130,0.0005,1140.6703,1217.2411,76.5708
2143.0000,-5.7725,0.9493,42.9170,0.0005,1140.5408,1217.2372,76.6964
2144.0000,-5.7683,0.9493,42.9210,0.0005,1140.4114,1217.2333,76.8218
2145.0000,-5.7642,0.9492,42.9250,0.0005,1140.2823,1217.2293,76.9470
2146.0000,-5.7600,0.9491,42.9290,0.0005,1140.1532,1217.2253,77.0720
2147.0000,-5.7558,0.9490,42.9330,0.0005,1140.0244,1217.2212,77.1968
2148.0000,-5.7517,0.9489,42.9370,0.0005,1139.8956,1217.2171,77.3214
2149.0000,-5.7475,0.9488,42.9410,0.0005,1139.7671,1217.2129,77.4458
2150.0000,-5.7433,0.9487,42.9450,0.0005,1139.6387,1217.2087,77.5700
2151.0000,-5.7392,0.9486,42.9490,0.0005,1139.5104,1217.2044,77.6940
2152.0000,-5.7350,0.9485,42.9530,0.0005,1139.3823,1217.2001,77.8179
2153.0000,-5.7308,0.9484,42.9570,0.0005,1139.2543,1217.1958,77.9415
2154.0000,-5.7267,0.9483,42.9610,0.0005,1139.1265,1217.1914,78.0649
2155.0000,-5.7225,0.9482,42.9650,0.0005,1138.9988,1217.1869,78.1881
2156.0000,-5.7183,0.9481,42.9690,0.0005,1138.8713,1217.1824,78.3112
2157.0000,-5.7141,0.9480,42.9730,0.0005,1138.7439,1217.1779,78.4340
2158.0000,-5.7099,0.9479,42.9770,0.0005,1138.6167,1217.1733,78.5566
2159.0000,-5.7057,0.9478,42.9810,0.0005,1138.4896,1217.1687,78.6791
2160.0000,-5.7016,0.9477,42.9850,0.0005,1138.3627,1217.1641,78.8013
2161.0000,-5.6973,0.9476,42.9918,0.0005,1138.2348,1217.2276,78.9928
2162.0000,-5.6930,0.9475,42.9986,0.0005,1138.1070,1217.2901,79.1831
2163.0000,-5.6887,0.9474,43.0054,0.0005,1137.9796,1217.3521,79.3725
2164.0000,-5.6843,0.9474,43.0122,0.0005,1137.8523,1217.4135,79.5611
2165.0000,-5.6800,0.9473,43.0190,0.0005,1137.7254,1217.4744,79.7490
2166.0000,-5.6756,0.9472,43.0258,0.0005,1137.5986,1217.5349,79.9362
2167.0000,-5.6712,0.9471,43.0326,0.0005,1137.4722,1217.5950,80.1228
2168.0000,-5.6668,0.9470,43.0394,0.0005,1137.3459,1217.6547,80.3088
2169.0000,-5.6624,0.9469,43.0462,0.0005,1137.2199,1217.7142,80.4942
2170.0000,-5.6579,0.9468,43.0530,0.0005,1137.0942,1217.7733,80.6791
2171.0000,-5.6535,0.9467,43.0598,0.0005,1136.9687,1217.8321,80.8634
2172.0000,-5.6490,0.9466,43.0666,0.0005,1136.8435,1217.8907,81.0472
2173.0000,-5.6446,0.9465,43.0734,0.0005,1136.7184,1217.9489,81.2305
2174.0000,-5.6401,0.9464,43.0802,0.0005,1136.5937,1218.0069,81.4133
2175.0000,-5.6356,0.9463,43.0870,0.0005,1136.4691,1218.0647,81.5956
2176.0000,-5.6311,0.9462,43.0938,0.0005,1136.3448,1218.1223,81.7775
2177.0000,-5.6266,0.9462,43.1006,0.0005,1136.2207,1218.1796,81.9588
2178.0000,-5.6221,0.9461,43.1074,0.0005,1136.0969,1218.2367,82.1398
2179.0000,-5.6175,0.9460,43.1142,0.0005,1135.9733,1218.2935,82.3202
2180.0000,-5.6130,0.9459,43.1210,0.0005,1135.8499,1218.3502,82.5003
2181.0000,-5.6085,0.9458,43.1278,0.0005,1135.7268,1218.4066,82.6799
2182.0000,-5.6039,0.9457,43.1346,0.0005,1135.6038,1218.4629,82.8591
2183.0000,-5.5994,0.9456,43.1414,0.0005,1135.4812,1218.5190,83.0378
2184.0000,-5.5948,0.9455,43.1482,0.0005,1135.3587,1218.5748,83.2162
2185.0000,-5.5902,0.9454,43.1550,0.0005,1135.2365,1218.6305,83.3941
2186.0000,-5.5856,0.9453,43.1618,0.0005,1135.1144,1218.6861,83.5716
2187.0000,-5.5811,0.9453,43.1686,0.0005,1134.9926,1218.7414,83.7487
2188.0000,-5.5765,0.9452,43.1754,0.0005,1134.8711,1218.7966,83.9255
2189.0000,-5.5719,0.9451,43.1822,0.0005,1134.7497,1218.8515,84.1018
2190.0000,-5.5673,0.9450,43.1890,0.0005,1134.6286,1218.9064,84.2778
2191.0000,-5.5626,0.9449,43.1958,0.0005,1134.5077,1218.9610,84.4533
2192.0000,-5.5580,0.9448,43.2026,0.0005,1134.3870,1219.0155,84.6285
2193.0000,-5.5534,0.9447,43.2094,0.0005,1134.2665,1219.0699,84.8033
2194.0000,-5.5488,0.9446,43.2162,0.0005,1134.1463,1219.1241,84.9778
2195.0000,-5.5441,0.9446,43.2230,0.0005,1134.0263,1219.1781,85.1518
2196.0000,-5.5395,0.9445,43.2298,0.0005,1133.9064,1219.2320,85.3256
2197.0000,-5.5348,0.9444,43.2366,0.0005,1133.7868,1219.2857,85.4989
2198.0000,-5.5302,0.9443,43.2434,0.0005,1133.6674,1219.3393,85.6719
2199.0000,-5.5255,0.9442,43.2502,0.0005,1133.5483,1219.3928,85.8445
2200.0000,-5.5208,0.9441,43.2570,0.0005,1133.4293,1219.4461,86.0168
2201.0000,-5.5162,0.9440,43.2638,0.0005,1133.3106,1219.4992,86.1887
2202.0000,-5.5115,0.9439,43.2706,0.0005,1133.1920,1219.5523,86.3602
2203.0000,-5.5068,0.9439,43.2774,0.0005,1133.0737,1219.6052,86.5315
2204.0000,-5.5021,0.9438,43.2842,0.0005,1132.9556,1219.6579,86.7023
2205.0000,-5.4974,0.9437,43.2910,0.0005,1132.8377,1219.7105,86.8729
2206.0000,-5.4927,0.9436,43.2978,0.0005,1132.7200,1219.7630,87.0430
2207.0000,-5.4880,0.9435,43.3046,0.0005,1132.6025,1219.8154,87.2129
2208.0000,-5.4833,0.9434,43.3114,0.0005,1132.4852,1219.8676,87.3824
2209.0000,-5.4786,0.9433,43.3182,0.0005,1132.3681,1219.9197,87.5516
2210.0000,-5.4739,0.9433,43.3250,0.0005,1132.2513,1219.9717,87.7204
2211.0000,-5.4691,0.9432,43.3318,0.0005,1132.1346,1220.0236,87.8890
2212.0000,-5.4644,0.9431,43.3386,0.0005,1132.0182,1220.0753,88.0571
2213.0000,-5.4597,0.9430,43.3454,0.0005,1131.9019,1220.1269,88.2250
2214.0000,-5.4549,0.9429,43.3522,0.0005,1131.7859,1220.1784,88.3925
2215.0000,-5.4502,0.9428,43.3590,0.0005,1131.6700,1220.2298,88.5598
2216.0000,-5.4454,0.9428,43.3658,0.0005,1131.5544,1220.2810,88.7267
2217.0000,-5.4407,0.9427,43.3726,0.0005,1131.4390,1220.3322,88.8932
2218.0000,-5.4359,0.9426,43.3794,0.0005,1131.3237,1220.3832,89.0595
2219.0000,-5.4312,0.9425,43.3862,0.0005,1131.2087,1220.4341,89.2254
2220.0000,-5.4264,0.9424,43.3930,0.0005,1131.0939,1220.4849,89.3911
2221.0000,-5.4217,0.9423,43.3954,0.0005,1130.9820,1220.4273,89.4452
2222.0000,-5.4171,0.9422,43.3977,0.0005,1130.8702,1220.3709,89.5006
2223.0000,-5.4126,0.9422,43.4001,0.0005,1130.7585,1220.3153,89.5569
2224.0000,-5.4080,0.9421,43.4024,0.0005,1130.6468,1220.2605,89.6138
2225.0000,-5.4035,0.9420,43.4047,0.0005,1130.5351,1220.2063,89.6712
2226.0000,-5.3990,0.9419,43.4071,0.0005,1130.4234,1220.1525,89.7291
2227.0000,-5.3945,0.9418,43.4094,0.0005,1130.3118,1220.0993,89.7875
2228.0000,-5.3901,0.9417,43.4118,0.0005,1130.2002,1220.0464,89.8462
2229.0000,-5.3856,0.9417,43.4141,0.0005,1130.0886,1219.9938,89.9052
2230.0000,-5.3812,0.9416,43.4165,0.0005,1129.9771,1219.9416,89.9645
2231.0000,-5.3767,0.9415,43.4188,0.0005,1129.8656,1219.8897,90.0241
2232.0000,-5.3723,0.9414,43.4212,0.0005,1129.7542,1219.8381,90.0839
2233.0000,-5.3679,0.9413,43.4235,0.0005,1129.6428,1219.7867,90.1440
2234.0000,-5.3635,0.9412,43.4259,0.0005,1129.5314,1219.7356,90.2042
2235.0000,-5.3591,0.9412,43.4282,0.0005,1129.4201,1219.6848,90.2647
2236.0000,-5.3548,0.9411,43.4306,0.0005,1129.3088,1219.6341,90.3253
2237.0000,-5.3504,0.9410,43.4329,0.0005,1129.1976,1219.5836,90.3860
2238.0000,-5.3460,0.9409,43.4353,0.0005,1129.0865,1219.5334,90.4469
2239.0000,-5.3417,0.9408,43.4376,0.0005,1128.9753,1219.4833,90.5080
2240.0000,-5.3373,0.9408,43.4400,0.0005,1128.8643,1219.4334,90.5692
2241.0000,-5.3330,0.9407,43.4423,0.0005,1128.7533,1219.3837,90.6304
2242.0000,-5.3287,0.9406,43.4447,0.0005,1128.6423,1219.3341,90.6918
2243.0000,-5.3243,0.9405,43.4470,0.0005,1128.5314,1219.2847,90.7533
2244.0000,-5.3200,0.9404,43.4494,0.0005,1128.4206,1219.2355,90.8149
2245.0000,-5.3157,0.9403,43.4517,0.0005,1128.3098,1219.1864,90.8766
2246.0000,-5.3114,0.9403,43.4541,0.0005,1128.1990,1219.1374,90.9383
2247.0000,-5.3071,0.9402,43.4564,0.0005,1128.0884,1219.0885,91.0002
2248.0000,-5.3028,0.9401,43.4588,0.0005,1127.9778,1219.0398,91.0621
2249.0000,-5.2985,0.9400,43.4611,0.0005,1127.8672,1218.9912,91.1240
2250.0000,-5.2942,0.9399,43.4635,0.0005,1127.7567,1218.9427,91.1860
2251.0000,-5.2899,0.9398,43.4659,0.0005,1127.6463,1218.8944,91.2481
2252.0000,-5.2856,0.9398,43.4682,0.0005,1127.5359,1218.8461,91.3102
2253.0000,-5.2814,0.9397,43.4706,0.0005,1127.4256,1218.7980,91.3723
2254.0000,-5.2771,0.9396,43.4729,0.0005,1127.3154,1218.7499,91.4345
2255.0000,-5.2728,0.9395,43.4753,0.0005,1127.2052,1218.7020,91.4968
2256.0000,-5.2686,0.9394,43.4776,0.0005,1127.0951,1218.6541,91.5590
2257.0000,-5.2643,0.9394,43.4800,0.0005,1126.9851,1218.6064,91.6213
2258.0000,-5.2600,0.9393,43.4823,0.0005,1126.8751,1218.5587,91.6836
2259.0000,-5.2558,0.9392,43.4847,0.0005,1126.7652,1218.5112,91.7459
2260.0000,-5.2515,0.9391,43.4870,0.0005,1126.6554,1218.4637,91.8083
2261.0000,-5.2473,0.9390,43.4894,0.0005,1126.5456,1218.4163,91.8707
2262.0000,-5.2431,0.9389,43.4917,0.0005,1126.4359,1218.3689,91.9330
2263.0000,-5.2388,0.9389,43.4941,0.0005,1126.3262,1218.3217,91.9954
2264.0000,-5.2346,0.9388,43.4964,0.0005,1126.2167,1218.2745,92.0578
2265.0000,-5.2303,0.9387,43.4988,0.0005,1126.1072,1218.2274,92.1202
2266.0000,-5.2261,0.9386,43.5011,0.0005,1125.9977,1218.1804,92.1827
2267.0000,-5.2219,0.9385,43.5035,0.0005,1125.8884,1218.1335,92.2451
2268.0000,-5.2177,0.9385,43.5058,0.0005,1125.7791,1218.0866,92.3075
2269.0000,-5.2134,0.9384,43.5082,0.0005,1125.6699,1218.0398,92.3699
2270.0000,-5.2092,0.9383,43.5105,0.0005,1125.5607,1217.9930,92.4323
2271.0000,-5.2050,0.9382,43.5129,0.0005,1125.4517,1217.9463,92.4947
2272.0000,-5.2008,0.9381,43.5152,0.0005,1125.3426,1217.8997,92.5571
2273.0000,-5.1966,0.9380,43.5175,0.0005,1125.2337,1217.8531,92.6194
2274.0000,-5.1924,0.9380,43.5199,0.0005,1125.1249,1217.8066,92.6818
2275.0000,-5.1882,0.9379,43.5222,0.0005,1125.0161,1217.7602,92.7441
2276.0000,-5.1840,0.9378,43.5246,0.0005,1124.9073,1217.7138,92.8065
2277.0000,-5.1797,0.9377,43.5269,0.0005,1124.7987,1217.6675,92.8688
2278.0000,-5.1755,0.9376,43.5293,0.0005,1124.6901,1217.6212,92.9311
2279.0000,-5.1713,0.9376,43.5316,0.0005,1124.5816,1217.5750,92.9933
2280.0000,-5.1672,0.9375,43.5340,0.0005,1124.4732,1217.5288,93.0556
2281.0000,-5.1628,0.9374,43.5413,0.0005,1124.3711,1217.6026,93.2315
2282.0000,-5.1585,0.9373,43.5485,0.0005,1124.2691,1217.6751,93.4060
2283.0000,-5.1541,0.9372,43.5558,0.0005,1124.1673,1217.7466,93.5793
2284.0000,-5.1496,0.9372,43.5631,0.0005,1124.0656,1217.8173,93.7517
2285.0000,-5.1452,0.9371,43.5703,0.0005,1123.9641,1217.8873,93.9232
2286.0000,-5.1407,0.9370,43.5776,0.0005,1123.8627,1217.9567,94.0940
2287.0000,-5.1362,0.9369,43.5849,0.0005,1123.7616,1218.0257,94.2641
2288.0000,-5.1316,0.9368,43.5921,0.0005,1123.6606,1218.0941,94.4335
2289.0000,-5.1271,0.9368,43.5994,0.0005,1123.5599,1218.1621,94.6023
2290.0000,-5.1225,0.9367,43.6067,0.0005,1123.4593,1218.2297,94.7704
2291.0000,-5.1179,0.9366,43.6139,0.0005,1123.3589,1218.2969,94.9380
2292.0000,-5.1134,0.9365,43.6212,0.0005,1123.2587,1218.3638,95.1051
2293.0000,-5.1087,0.9364,43.6285,0.0005,1123.1587,1218.4303,95.2716
2294.0000,-5.1041,0.9364,43.6357,0.0005,1123.0589,1218.4965,95.4376
2295.0000,-5.0995,0.9363,43.6430,0.0005,1122.9593,1218.5624,95.6031
2296.0000,-5.0949,0.9362,43.6503,0.0005,1122.8598,1218.6280,95.7681
2297.0000,-5.0902,0.9361,43.6575,0.0005,1122.7606,1218.6933,95.9327
2298.0000,-5.0855,0.9360,43.6648,0.0005,1122.6616,1218.7583,96.0968
2299.0000,-5.0809,0.9360,43.6721,0.0005,1122.5627,1218.8231,96.2604
2300.0000,-5.0762,0.9359,43.6793,0.0005,1122.4641,1218.8876,96.4236
2301.0000,-5.0715,0.9358,43.6866,0.0005,1122.3656,1218.9519,96.5863
2302.0000,-5.0668,0.9357,43.6939,0.0005,1122.2673,1219.0160,96.7487
2303.0000,-5.0621,0.9357,43.7011,0.0005,1122.1692,1219.0798,96.9106
2304.0000,-5.0573,0.9356,43.7084,0.0005,1122.0713,1219.1434,97.0721
2305.0000,-5.0526,0.9355,43.7157,0.0005,1121.9736,1219.2068,97.2332
2306.0000,-5.0479,0.9354,43.7229,0.0005,1121.8761,1219.2700,97.3939
2307.0000,-5.0431,0.9354,43.7302,0.0005,1121.7788,1219.3329,97.5542
2308.0000,-5.0384,0.9353,43.7375,0.0005,1121.6816,1219.3957,97.7141
2309.0000,-5.0336,0.9352,43.7447,0.0005,1121.5847,1219.4583,97.8736
2310.0000,-5.0288,0.9351,43.7520,0.0005,1121.4879,1219.5207,98.0328
2311.0000,-5.0240,0.9350,43.7593,0.0005,1121.3913,1219.5829,98.1916
2312.0000,-5.0193,0.9350,43.7665,0.0005,1121.2949,1219.6449,98.3500
2313.0000,-5.0145,0.9349,43.7738,0.0005,1121.1987,1219.7068,98.5080
2314.0000,-5.0097,0.9348,43.7811,0.0005,1121.1027,1219.7684,98.6657
2315.0000,-5.0049,0.9347,43.7883,0.0005,1121.0069,1219.8299,98.8231
2316.0000,-5.0001,0.9347,43.7956,0.0005,1120.9112,1219.8913,98.9801
2317.0000,-4.9952,0.9346,43.8029,0.0005,1120.8157,1219.9524,99.1367
2318.0000,-4.9904,0.9345,43.8101,0.0005,1120.7204,1220.0134,99.2930
2319.0000,-4.9856,0.9344,43.8174,0.0005,1120.6253,1220.0743,99.4490
2320.0000,-4.9807,0.9344,43.8247,0.0005,1120.5304,1220.1350,99.6046
2321.0000,-4.9759,0.9343,43.8319,0.0005,1120.4356,1220.1955,99.7599
2322.0000,-4.9710,0.9342,43.8392,0.0005,1120.3411,1220.2559,99.9149
2323.0000,-4.9662,0.9341,43.8465,0.0005,1120.2467,1220.3162,100.0695
2324.0000,-4.9613,0.9341,43.8537,0.0005,1120.1525,1220.3763,100.2238
2325.0000,-4.9564,0.9340,43.8610,0.0005,1120.0584,1220.4362,100.3778
2326.0000,-4.9516,0.9339,43.8683,0.0005,1119.9646,1220.4960,100.5314
2327.0000,-4.9467,0.9338,43.8755,0.0005,1119.8709,1220.5557,100.6848
2328.0000,-4.9418,0.9338,43.8828,0.0005,1119.7774,1220.6152,100.8378
2329.0000,-4.9369,0.9337,43.8901,0.0005,1119.6841,1220.6746,100.9905
2330.0000,-4.9320,0.9336,43.8973,0.0005,1119.5910,1220.7339,101.1429
2331.0000,-4.9271,0.9336,43.9046,0.0005,1119.4980,1220.7930,101.2950
2332.0000,-4.9222,0.9335,43.9119,0.0005,1119.4052,1220.8520,101.4468
2333.0000,-4.9173,0.9334,43.9191,0.0005,1119.3126,1220.9109,101.5983
2334.0000,-4.9124,0.9333,43.9264,0.0005,1119.2202,1220.9696,101.7494
2335.0000,-4.9075,0.9333,43.9337,0.0005,1119.1279,1221.0282,101.9003
2336.0000,-4.9025,0.9332,43.9409,0.0005,1119.0358,1221.0867,102.0509
2337.0000,-4.8976,0.9331,43.9482,0.0005,1118.9439,1221.1451,102.2012
2338.0000,-4.8927,0.9330,43.9555,0.0005,1118.8522,1221.2033,102.3511
2339.0000,-4.8877,0.9330,43.9627,0.0005,1118.7606,1221.2615,102.5008
2340.0000,-4.8828,0.9329,43.9700,0.0005,1118.6692,1221.3195,102.6502
2341.0000,-4.8779,0.9328,43.9722,0.0005,1118.5710,1221.2537,102.6828
2342.0000,-4.8732,0.9328,43.9744,0.0005,1118.4728,1221.1894,102.7165
2343.0000,-4.8684,0.9327,43.9766,0.0005,1118.3748,1221.1259,102.7511
2344.0000,-4.8637,0.9326,43.9788,0.0005,1118.2768,1221.0632,102.7864
2345.0000,-4.8590,0.9325,43.9810,0.0005,1118.1790,1221.0011,102.8221
2346.0000,-4.8544,0.9325,43.9832,0.0005,1118.0812,1220.9396,102.8584
2347.0000,-4.8497,0.9324,43.9854,0.0005,1117.9835,1220.8785,102.8950
2348.0000,-4.8451,0.9323,43.9876,0.0005,1117.8858,1220.8178,102.9320
2349.0000,-4.8405,0.9323,43.9898,0.0005,1117.7882,1220.7576,102.9694
2350.0000,-4.8359,0.9322,43.9920,0.0005,1117.6906,1220.6976,103.0070
2351.0000,-4.8313,0.9321,43.9942,0.0005,1117.5931,1220.6381,103.0449
2352.0000,-4.8268,0.9320,43.9964,0.0005,1117.4957,1220.5788,103.0831
2353.0000,-4.8222,0.9320,43.9986,0.0005,1117.3983,1220.5198,103.1215
2354.0000,-4.8176,0.9319,44.0008,0.0005,1117.3009,1220.4611,103.1601
2355.0000,-4.8131,0.9318,44.0030,0.0005,1117.2037,1220.4026,103.1989
2356.0000,-4.8086,0.9318,44.0052,0.0005,1117.1064,1220.3443,103.2379
2357.0000,-4.8041,0.9317,44.0074,0.0005,1117.0092,1220.2863,103.2771
2358.0000,-4.7995,0.9316,44.0096,0.0005,1116.9121,1220.2285,103.3164
2359.0000,-4.7950,0.9315,44.0118,0.0005,1116.8150,1220.1709,103.3559
2360.0000,-4.7905,0.9315,44.0140,0.0005,1116.7180,1220.1135,103.3955
2361.0000,-4.7861,0.9314,44.0162,0.0005,1116.6210,1220.0563,103.4353
2362.0000,-4.7816,0.9313,44.0184,0.0005,1116.5241,1219.9993,103.4752
2363.0000,-4.7771,0.9313,44.0206,0.0005,1116.4272,1219.9424,103.5152
2364.0000,-4.7726,0.9312,44.0228,0.0005,1116.3304,1219.8857,103.5553
2365.0000,-4.7682,0.9311,44.0250,0.0005,1116.2337,1219.8292,103.5955
2366.0000,-4.7637,0.9310,44.0272,0.0005,1116.1370,1219.7728,103.6359
2367.0000,-4.7593,0.9310,44.0294,0.0005,1116.0403,1219.7166,103.6763
2368.0000,-4.7548,0.9309,44.0316,0.0005,1115.9437,1219.6605,103.7168
2369.0000,-4.7504,0.9308,44.0338,0.0005,1115.8472,1219.6045,103.7573
2370.0000,-4.7459,0.9308,44.0360,0.0005,1115.7507,1219.5487,103.7980
2371.0000,-4.7415,0.9307,44.0382,0.0005,1115.6543,1219.4930,103.8387
2372.0000,-4.7371,0.9306,44.0404,0.0005,1115.5579,1219.4374,103.8795
2373.0000,-4.7327,0.9306,44.0426,0.0005,1115.4616,1219.3820,103.9204
2374.0000,-4.7283,0.9305,44.0448,0.0005,1115.3653,1219.3266,103.9613
2375.0000,-4.7239,0.9304,44.0470,0.0005,1115.2691,1219.2714,104.0023
2376.0000,-4.7195,0.9303,44.0492,0.0005,1115.1730,1219.2163,104.0434
2377.0000,-4.7151,0.9303,44.0514,0.0005,1115.0769,1219.1613,104.0845
2378.0000,-4.7107,0.9302,44.0536,0.0005,1114.9808,1219.1064,104.1256
2379.0000,-4.7063,0.9301,44.0558,0.0005,1114.8848,1219.0516,104.1668
2380.0000,-4.7019,0.9301,44.0580,0.0005,1114.7889,1218.9969,104.2080
2381.0000,-4.6975,0.9300,44.0602,0.0005,1114.6931,1218.9423,104.2493
2382.0000,-4.6931,0.9299,44.0624,0.0005,1114.5973,1218.8878,104.2906
2383.0000,-4.6887,0.9299,44.0646,0.0005,1114.5015,1218.8334,104.3319
2384.0000,-4.6844,0.9298,44.0668,0.0005,1114.4058,1218.7791,104.3733
2385.0000,-4.6800,0.9297,44.0690,0.0005,1114.3102,1218.7248,104.4147
2386.0000,-4.6756,0.9296,44.0712,0.0005,1114.2146,1218.6707,104.4561
2387.0000,-4.6713,0.9296,44.0734,0.0005,1114.1191,1218.6166,104.4975
2388.0000,-4.6669,0.9295,44.0756,0.0005,1114.0237,1218.5626,104.5390
2389.0000,-4.6625,0.9294,44.0778,0.0005,1113.9283,1218.5087,104.5805
2390.0000,-4.6582,0.9294,44.0800,0.0005,1113.8329,1218.4549,104.6220
2391.0000,-4.6538,0.9293,44.0822,0.0005,1113.7377,1218.4011,104.6635
2392.0000,-4.6495,0.9292,44.0844,0.0005,1113.6424,1218.3475,104.7050
2393.0000,-4.6452,0.9292,44.0866,0.0005,1113.5473,1218.2939,104.7466
2394.0000,-4.6408,0.9291,44.0888,0.0005,1113.4522,1218.2403,104.7881
2395.0000,-4.6365,0.9290,44.0910,0.0005,1113.3572,1218.1869,104.8297
2396.0000,-4.6321,0.9289,44.0932,0.0005,1113.2622,1218.1335,104.8713
2397.0000,-4.6278,0.9289,44.0954,0.0005,1113.1673,1218.0801,104.9128
2398.0000,-4.6235,0.9288,44.0976,0.0005,1113.0724,1218.0269,104.9544
2399.0000,-4.6191,0.9287,44.0998,0.0005,1112.9776,1217.9737,104.9960
2400.0000,-4.6148,0.9287,44.1020,0.0005,1112.8829,1217.9205,105.0376
2401.0000,-4.6104,0.9286,44.1087,0.0005,1112.7891,1217.9767,105.1875
2402.0000,-4.6059,0.9285,44.1154,0.0005,1112.6955,1218.0316,105.3360
2403.0000,-4.6014,0.9285,44.1220,0.0005,1112.6021,1218.0855,105.4834
2404.0000,-4.5968,0.9284,44.1287,0.0005,1112.5089,1218.1387,105.6299
2405.0000,-4.5922,0.9283,44.1354,0.0005,1112.4158,1218.1913,105.7755
2406.0000,-4.5876,0.9283,44.1421,0.0005,1112.3230,1218.2434,105.9204
2407.0000,-4.5830,0.9282,44.1488,0.0005,1112.2303,1218.2950,106.0647
2408.0000,-4.5784,0.9281,44.1555,0.0005,1112.1379,1218.3461,106.2082
2409.0000,-4.5737,0.9281,44.1621,0.0005,1112.0456,1218.3968,106.3512
2410.0000,-4.5691,0.9280,44.1688,0.0005,1111.9535,1218.4472,106.4936
2411.0000,-4.5644,0.9279,44.1755,0.0005,1111.8617,1218.4972,106.6355
2412.0000,-4.5597,0.9279,44.1822,0.0005,1111.7700,1218.5468,106.7769
2413.0000,-4.5550,0.9278,44.1889,0.0005,1111.6785,1218.5962,106.9177
2414.0000,-4.5502,0.9277,44.1956,0.0005,1111.5872,1218.6453,107.0581
2415.0000,-4.5455,0.9277,44.2022,0.0005,1111.4961,1218.6941,107.1980
2416.0000,-4.5408,0.9276,44.2089,0.0005,1111.4052,1218.7426,107.3374
2417.0000,-4.5360,0.9275,44.2156,0.0005,1111.3144,1218.7908,107.4764
2418.0000,-4.5313,0.9275,44.2223,0.0005,1111.2239,1218.8389,107.6150
2419.0000,-4.5265,0.9274,44.2290,0.0005,1111.1335,1218.8867,107.7531
2420.0000,-4.5217,0.9273,44.2357,0.0005,1111.0434,1218.9342,107.8908
2421.0000,-4.5169,0.9273,44.2423,0.0005,1110.9534,1218.9816,108.0282
2422.0000,-4.5121,0.9272,44.2490,0.0005,1110.8636,1219.0287,108.1651
2423.0000,-4.5073,0.9271,44.2557,0.0005,1110.7740,1219.0756,108.3017
2424.0000,-4.5025,0.9271,44.2624,0.0005,1110.6845,1219.1223,108.4378
2425.0000,-4.4977,0.9270,44.2691,0.0005,1110.5953,1219.1689,108.5736
2426.0000,-4.4928,0.9269,44.2758,0.0005,1110.5062,1219.2152,108.7091
2427.0000,-4.4880,0.9269,44.2824,0.0005,1110.4173,1219.2614,108.8441
2428.0000,-4.4832,0.9268,44.2891,0.0005,1110.3285,1219.3074,108.9789
2429.0000,-4.4783,0.9267,44.2958,0.0005,1110.2400,1219.3532,109.1132
2430.0000,-4.4735,0.9267,44.3025,0.0005,1110.1516,1219.3989,109.2473
2431.0000,-4.4686,0.9266,44.3092,0.0005,1110.0634,1219.4444,109.3810
2432.0000,-4.4637,0.9265,44.3159,0.0005,1109.9754,1219.4897,109.5143
2433.0000,-4.4588,0.9265,44.3225,0.0005,1109.8875,1219.5349,109.6473
2434.0000,-4.4540,0.9264,44.3292,0.0005,1109.7999,1219.5799,109.7800
2435.0000,-4.4491,0.9263,44.3359,0.0005,1109.7124,1219.6248,109.9124
2436.0000,-4.4442,0.9263,44.3426,0.0005,1109.6250,1219.6695,110.0445
2437.0000,-4.4393,0.9262,44.3493,0.0005,1109.5379,1219.7141,110.1762
2438.0000,-4.4344,0.9262,44.3560,0.0005,1109.4509,1219.7585,110.3076
2439.0000,-4.4295,0.9261,44.3627,0.0005,1109.3640,1219.8028,110.4387
2440.0000,-4.4245,0.9260,44.3693,0.0005,1109.2774,1219.8469,110.5696
2441.0000,-4.4196,0.9260,44.3760,0.0005,1109.1909,1219.8910,110.7001
2442.0000,-4.4147,0.9259,44.3827,0.0005,1109.1046,1219.9349,110.8303
2443.0000,-4.4098,0.9258,44.3894,0.0005,1109.0184,1219.9786,110.9602
2444.0000,-4.4048,0.9258,44.3961,0.0005,1108.9325,1220.0223,111.0898
2445.0000,-4.3999,0.9257,44.4027,0.0005,1108.8466,1220.0658,111.2192
2446.0000,-4.3949,0.9257,44.4094,0.0005,1108.7610,1220.1092,111.3482
2447.0000,-4.3900,0.9256,44.4161,0.0005,1108.6755,1220.1525,111.4770
2448.0000,-4.3850,0.9255,44.4228,0.0005,1108.5902,1220.1956,111.6054
2449.0000,-4.3801,0.9255,44.4295,0.0005,1108.5050,1220.2386,111.7336
2450.0000,-4.3751,0.9254,44.4362,0.0005,1108.4200,1220.2816,111.8615
2451.0000,-4.3701,0.9253,44.4428,0.0005,1108.3352,1220.3244,111.9892
2452.0000,-4.3651,0.9253,44.4495,0.0005,1108.2505,1220.3671,112.1165
2453.0000,-4.3602,0.9252,44.4562,0.0005,1108.1660,1220.4096,112.2436
2454.0000,-4.3552,0.9252,44.4629,0.0005,1108.0817,1220.4521,112.3704
2455.0000,-4.3502,0.9251,44.4696,0.0005,1107.9975,1220.4945,112.4970
2456.0000,-4.3452,0.9250,44.4763,0.0005,1107.9135,1220.5367,112.6232
2457.0000,-4.3402,0.9250,44.4830,0.0005,1107.8296,1220.5789,112.7493
2458.0000,-4.3352,0.9249,44.4896,0.0005,1107.7459,1220.6209,112.8750
2459.0000,-4.3302,0.9249,44.4963,0.0005,1107.6624,1220.6629,113.0005
2460.0000,-4.3252,0.9248,44.5030,0.0005,1107.5790,1220.7047,113.1257
2461.0000,-4.3203,0.9247,44.5057,0.0005,1107.4961,1220.6486,113.1525
2462.0000,-4.3154,0.9247,44.5083,0.0005,1107.4133,1220.5937,113.1804
2463.0000,-4.3106,0.9246,44.5110,0.0005,1107.3305,1220.5395,113.2090
2464.0000,-4.3058,0.9246,44.5137,0.0005,1107.2477,1220.4859,113.2382
2465.0000,-4.3010,0.9245,44.5163,0.0005,1107.1650,1220.4329,113.2679
2466.0000,-4.2962,0.9244,44.5190,0.0005,1107.0823,1220.3803,113.2980
2467.0000,-4.2915,0.9244,44.5217,0.0005,1106.9997,1220.3281,113.3285
2468.0000,-4.2867,0.9243,44.5243,0.0005,1106.9170,1220.2763,113.3593
2469.0000,-4.2820,0.9242,44.5270,0.0005,1106.8344,1220.2248,113.3904
2470.0000,-4.2773,0.9242,44.5297,0.0005,1106.7518,1220.1736,113.4218
2471.0000,-4.2726,0.9241,44.5323,0.0005,1106.6693,1220.1226,113.4534
2472.0000,-4.2679,0.9241,44.5350,0.0005,1106.5867,1220.0720,113.4852
2473.0000,-4.2632,0.9240,44.5377,0.0005,1106.5043,1220.0215,113.5173
2474.0000,-4.2585,0.9239,44.5403,0.0005,1106.4218,1219.9713,113.5495
2475.0000,-4.2539,0.9239,44.5430,0.0005,1106.3394,1219.9213,113.5819
2476.0000,-4.2492,0.9238,44.5457,0.0005,1106.2570,1219.8715,113.6145
2477.0000,-4.2445,0.9238,44.5483,0.0005,1106.1747,1219.8218,113.6472
2478.0000,-4.2399,0.9237,44.5510,0.0005,1106.0923,1219.7724,113.6800
2479.0000,-4.2353,0.9236,44.5537,0.0005,1106.0101,1219.7231,113.7130
2480.0000,-4.2306,0.9236,44.5563,0.0005,1105.9278,1219.6740,113.7462
2481.0000,-4.2260,0.9235,44.5590,0.0005,1105.8456,1219.6250,113.7794
2482.0000,-4.2214,0.9235,44.5617,0.0005,1105.7635,1219.5762,113.8127
2483.0000,-4.2168,0.9234,44.5643,0.0005,1105.6814,1219.5276,113.8462
2484.0000,-4.2122,0.9233,44.5670,0.0005,1105.5993,1219.4790,113.8797
2485.0000,-4.2076,0.9233,44.5697,0.0005,1105.5173,1219.4306,113.9134
2486.0000,-4.2030,0.9232,44.5723,0.0005,1105.4353,1219.3824,113.9471
2487.0000,-4.1984,0.9232,44.5750,0.0005,1105.3533,1219.3342,113.9809
2488.0000,-4.1938,0.9231,44.5777,0.0005,1105.2714,1219.2862,114.0147
2489.0000,-4.1892,0.9230,44.5803,0.0005,1105.1896,1219.2382,114.0487
2490.0000,-4.1846,0.9230,44.5830,0.0005,1105.1078,1219.1904,114.0827
2491.0000,-4.1800,0.9229,44.5857,0.0005,1105.0260,1219.1427,114.1167
2492.0000,-4.1755,0.9229,44.5883,0.0005,1104.9443,1219.0951,114.1508
2493.0000,-4.1709,0.9228,44.5910,0.0005,1104.8626,1219.0476,114.1850
2494.0000,-4.1663,0.9227,44.5937,0.0005,1104.7810,1219.0002,114.2192
2495.0000,-4.1618,0.9227,44.5963,0.0005,1104.6994,1218.9529,114.2535
2496.0000,-4.1572,0.9226,44.5990,0.0005,1104.6179,1218.9057,114.2878
2497.0000,-4.1527,0.9226,44.6017,0.0005,1104.5364,1218.8586,114.3222
2498.0000,-4.1481,0.9225,44.6043,0.0005,1104.4549,1218.8115,114.3566
2499.0000,-4.1436,0.9225,44.6070,0.0005,1104.3736,1218.7646,114.3910
2500.0000,-4.1390,0.9224,44.6097,0.0005,1104.2922,1218.7177,114.4255
2501.0000,-4.1345,0.9223,44.6123,0.0005,1104.2109,1218.6709,114.4600
2502.0000,-4.1300,0.9223,44.6150,0.0005,1104.1297,1218.6242,114.4945
2503.0000,-4.1254,0.9222,44.6177,0.0005,1104.0485,1218.5775,114.5291
2504.0000,-4.1209,0.9222,44.6203,0.0005,1103.9673,1218.5310,114.5636
2505.0000,-4.1164,0.9221,44.6230,0.0005,1103.8862,1218.4845,114.5982
2506.0000,-4.1119,0.9220,44.6257,0.0005,1103.8052,1218.4381,114.6329
2507.0000,-4.1073,0.9220,44.6283,0.0005,1103.7242,1218.3917,114.6675
2508.0000,-4.1028,0.9219,44.6310,0.0005,1103.6433,1218.3454,114.7022
2509.0000,-4.0983,0.9219,44.6337,0.0005,1103.5624,1218.2992,114.7368
2510.0000,-4.0938,0.9218,44.6363,0.0005,1103.4815,1218.2530,114.7715
2511.0000,-4.0893,0.9217,44.6390,0.0005,1103.4007,1218.2069,114.8062
2512.0000,-4.0848,0.9217,44.6417,0.0005,1103.3200,1218.1609,114.8409
2513.0000,-4.0803,0.9216,44.6443,0.0005,1103.2393,1218.1149,114.8756
2514.0000,-4.0758,0.9216,44.6470,0.0005,1103.1587,1218.0690,114.9103
2515.0000,-4.0713,0.9215,44.6497,0.0005,1103.0781,1218.0232,114.9451
2516.0000,-4.0668,0.9214,44.6523,0.0005,1102.9976,1217.9774,114.9798
2517.0000,-4.0623,0.9214,44.6550,0.0005,1102.9171,1217.9316,115.0145
2518.0000,-4.0578,0.9213,44.6577,0.0005,1102.8367,1217.8859,115.0492
2519.0000,-4.0533,0.9213,44.6603,0.0005,1102.7563,1217.8403,115.0840
2520.0000,-4.0488,0.9212,44.6630,0.0005,1102.6760,1217.7947,115.1187
2521.0000,-4.0443,0.9212,44.6636,0.0005,1102.5934,1217.6996,115.1061
2522.0000,-4.0399,0.9211,44.6643,0.0005,1102.5109,1217.6051,115.0942
2523.0000,-4.0355,0.9210,44.6649,0.0005,1102.4284,1217.5111,115.0827
2524.0000,-4.0312,0.9210,44.6655,0.0005,1102.3459,1217.4175,115.0716
2525.0000,-4.0268,0.9209,44.6662,0.0005,1102.2635,1217.3242,115.0608
2526.0000,-4.0225,0.9209,44.6668,0.0005,1102.1810,1217.2313,115.0503
2527.0000,-4.0181,0.9208,44.6674,0.0005,1102.0986,1217.1386,115.0401
2528.0000,-4.0138,0.9207,44.6681,0.0005,1102.0161,1217.0462,115.0301
2529.0000,-4.0095,0.9207,44.6687,0.0005,1101.9337,1216.9541,115.0204
2530.0000,-4.0052,0.9206,44.6693,0.0005,1101.8513,1216.8622,115.0109
2531.0000,-4.0009,0.9206,44.6700,0.0005,1101.7689,1216.7705,115.0016
2532.0000,-3.9966,0.9205,44.6706,0.0005,1101.6865,1216.6790,114.9925
2533.0000,-3.9923,0.9205,44.6712,0.0005,1101.6041,1216.5877,114.9836
2534.0000,-3.9880,0.9204,44.6719,0.0005,1101.5217,1216.4966,114.9749
2535.0000,-3.9837,0.9203,44.6725,0.0005,1101.4393,1216.4057,114.9664
2536.0000,-3.9795,0.9203,44.6731,0.0005,1101.3569,1216.3149,114.9580
2537.0000,-3.9752,0.9202,44.6738,0.0005,1101.2745,1216.2244,114.9498
2538.0000,-3.9710,0.9202,44.6744,0.0005,1101.1922,1216.1340,114.9418
2539.0000,-3.9667,0.9201,44.6750,0.0005,1101.1098,1216.0437,114.9339
2540.0000,-3.9625,0.9200,44.6757,0.0005,1101.0275,1215.9536,114.9261
2541.0000,-3.9582,0.9200,44.6763,0.0005,1100.9452,1215.8637,114.9185
2542.0000,-3.9540,0.9199,44.6769,0.0005,1100.8628,1215.7739,114.9111
2543.0000,-3.9498,0.9199,44.6776,0.0005,1100.7805,1215.6843,114.9037
2544.0000,-3.9456,0.9198,44.6782,0.0005,1100.6982,1215.5948,114.8965
2545.0000,-3.9414,0.9198,44.6788,0.0005,1100.6160,1215.5054,114.8895
2546.0000,-3.9372,0.9197,44.6795,0.0005,1100.5337,1215.4162,114.8825
2547.0000,-3.9330,0.9196,44.6801,0.0005,1100.4514,1215.3271,114.8757
2548.0000,-3.9288,0.9196,44.6807,0.0005,1100.3692,1215.2381,114.8689
2549.0000,-3.9246,0.9195,44.6814,0.0005,1100.2869,1215.1493,114.8623
2550.0000,-3.9204,0.9195,44.6820,0.0005,1100.2047,1215.0605,114.8558
2551.0000,-3.9162,0.9194,44.6826,0.0005,1100.1225,1214.9719,114.8494
2552.0000,-3.9121,0.9193,44.6833,0.0005,1100.0403,1214.8834,114.8431
2553.0000,-3.9079,0.9193,44.6839,0.0005,1099.9581,1214.7951,114.8369
2554.0000,-3.9037,0.9192,44.6845,0.0005,1099.8760,1214.7068,114.8308
2555.0000,-3.8996,0.9192,44.6852,0.0005,1099.7938,1214.6187,114.8248
2556.0000,-3.8954,0.9191,44.6858,0.0005,1099.7117,1214.5306,114.8189
2557.0000,-3.8913,0.9191,44.6864,0.0005,1099.6296,1214.4427,114.8131
2558.0000,-3.8871,0.9190,44.6871,0.0005,1099.5475,1214.3549,114.8074
2559.0000,-3.8830,0.9189,44.6877,0.0005,1099.4654,1214.2672,114.8018
2560.0000,-3.8788,0.9189,44.6883,0.0005,1099.3833,1214.1795,114.7962
2561.0000,-3.8747,0.9188,44.6890,0.0005,1099.3013,1214.0920,114.7908
2562.0000,-3.8706,0.9188,44.6896,0.0005,1099.2192,1214.0046,114.7854
2563.0000,-3.8665,0.9187,44.6902,0.0005,1099.1372,1213.9173,114.7801
2564.0000,-3.8623,0.9187,44.6909,0.0005,1099.0552,1213.8301,114.7748
2565.0000,-3.8582,0.9186,44.6915,0.0005,1098.9732,1213.7429,114.7697
2566.0000,-3.8541,0.9185,44.6921,0.0005,1098.8913,1213.6559,114.7646
2567.0000,-3.8500,0.9185,44.6928,0.0005,1098.8093,1213.5689,114.7596
2568.0000,-3.8459,0.9184,44.6934,0.0005,1098.7274,1213.4821,114.7547
2569.0000,-3.8418,0.9184,44.6940,0.0005,1098.6455,1213.3953,114.7498
2570.0000,-3.8377,0.9183,44.6947,0.0005,1098.5636,1213.3086,114.7450
2571.0000,-3.8336,0.9182,44.6953,0.0005,1098.4817,1213.2220,114.7403
2572.0000,-3.8295,0.9182,44.6959,0.0005,1098.3999,1213.1355,114.7357
2573.0000,-3.8254,0.9181,44.6966,0.0005,1098.3180,1213.0491,114.7311
2574.0000,-3.8213,0.9181,44.6972,0.0005,1098.2362,1212.9628,114.7265
2575.0000,-3.8172,0.9180,44.6978,0.0005,1098.1544,1212.8765,114.7221
2576.0000,-3.8131,0.9180,44.6985,0.0005,1098.0727,1212.7903,114.7177
2577.0000,-3.8091,0.9179,44.6991,0.0005,1097.9909,1212.7043,114.7133
2578.0000,-3.8050,0.9178,44.6997,0.0005,1097.9092,1212.6182,114.7090
2579.0000,-3.8009,0.9178,44.7004,0.0005,1097.8275,1212.5323,114.7048
2580.0000,-3.7969,0.9177,44.7010,0.0005,1097.7458,1212.4464,114.7006
2581.0000,-3.7926,0.9177,44.7083,0.0005,1097.6680,1212.5227,114.8548
2582.0000,-3.7883,0.9176,44.7156,0.0005,1097.5902,1212.5971,115.0069
2583.0000,-3.7840,0.9176,44.7229,0.0005,1097.5127,1212.6701,115.1575
2584.0000,-3.7795,0.9175,44.7301,0.0005,1097.4353,1212.7421,115.3068
2585.0000,-3.7751,0.9174,44.7374,0.0005,1097.3581,1212.8131,115.4549
2586.0000,-3.7706,0.9174,44.7447,0.0005,1097.2811,1212.8832,115.6021
2587.0000,-3.7661,0.9173,44.7520,0.0005,1097.2043,1212.9527,115.7484
2588.0000,-3.7616,0.9173,44.7593,0.0005,1097.1277,1213.0215,115.8938
2589.0000,-3.7570,0.9172,44.7666,0.0005,1097.0513,1213.0897,116.0384
2590.0000,-3.7525,0.9172,44.7738,0.0005,1096.9751,1213.1573,116.1822
2591.0000,-3.7479,0.9171,44.7811,0.0005,1096.8991,1213.2244,116.3253
2592.0000,-3.7432,0.9170,44.7884,0.0005,1096.8233,1213.2910,116.4677
2593.0000,-3.7386,0.9170,44.7957,0.0005,1096.7477,1213.3572,116.6095
2594.0000,-3.7339,0.9169,44.8030,0.0005,1096.6723,1213.4229,116.7506
2595.0000,-3.7293,0.9169,44.8103,0.0005,1096.5971,1213.4882,116.8911
2596.0000,-3.7246,0.9168,44.8175,0.0005,1096.5221,1213.5531,117.0310
2597.0000,-3.7199,0.9168,44.8248,0.0005,1096.4472,1213.6176,117.1704
2598.0000,-3.7152,0.9167,44.8321,0.0005,1096.3726,1213.6818,117.3092
2599.0000,-3.7104,0.9167,44.8394,0.0005,1096.2982,1213.7456,117.4474
2600.0000,-3.7057,0.9166,44.8467,0.0005,1096.2239,1213.8091,117.5851
2601.0000,-3.7009,0.9165,44.8539,0.0005,1096.1499,1213.8722,117.7223
2602.0000,-3.6962,0.9165,44.8612,0.0005,1096.0760,1213.9350,117.8591
2603.0000,-3.6914,0.9164,44.8685,0.0005,1096.0023,1213.9976,117.9953
2604.0000,-3.6866,0.9164,44.8758,0.0005,1095.9288,1214.0598,118.1310
2605.0000,-3.6818,0.9163,44.8831,0.0005,1095.8555,1214.1217,118.2663
2606.0000,-3.6770,0.9163,44.8904,0.0005,1095.7823,1214.1834,118.4011
2607.0000,-3.6721,0.9162,44.8976,0.0005,1095.7094,1214.2448,118.5355
2608.0000,-3.6673,0.9162,44.9049,0.0005,1095.6366,1214.3060,118.6694
2609.0000,-3.6625,0.9161,44.9122,0.0005,1095.5640,1214.3669,118.8029
2610.0000,-3.6576,0.9161,44.9195,0.0005,1095.4916,1214.4275,118.9359
2611.0000,-3.6527,0.9160,44.9268,0.0005,1095.4194,1214.4879,119.0686
2612.0000,-3.6479,0.9160,44.9341,0.0005,1095.3473,1214.5481,119.2008
2613.0000,-3.6430,0.9159,44.9413,0.0005,1095.2754,1214.6080,119.3326
2614.0000,-3.6381,0.9158,44.9486,0.0005,1095.2037,1214.6678,119.4641
2615.0000,-3.6332,0.9158,44.9559,0.0005,1095.1322,1214.7273,119.5951
2616.0000,-3.6283,0.9157,44.9632,0.0005,1095.0608,1214.7866,119.7257
2617.0000,-3.6233,0.9157,44.9705,0.0005,1094.9897,1214.8456,119.8560
2618.0000,-3.6184,0.9156,44.9778,0.0005,1094.9186,1214.9045,119.9859
2619.0000,-3.6135,0.9156,44.9851,0.0005,1094.8478,1214.9632,120.1154
2620.0000,-3.6085,0.9155,44.9923,0.0005,1094.7771,1215.0216,120.2445
2621.0000,-3.6036,0.9155,44.9996,0.0005,1094.7067,1215.0799,120.3733
2622.0000,-3.5986,0.9154,45.0069,0.0005,1094.6363,1215.1380,120.5017
2623.0000,-3.5937,0.9154,45.0142,0.0005,1094.5662,1215.1959,120.6297
2624.0000,-3.5887,0.9153,45.0215,0.0005,1094.4962,1215.2536,120.7574
2625.0000,-3.5837,0.9153,45.0288,0.0005,1094.4264,1215.3112,120.8848
2626.0000,-3.5787,0.9152,45.0360,0.0005,1094.3567,1215.3685,121.0118
2627.0000,-3.5737,0.9152,45.0433,0.0005,1094.2873,1215.4257,121.1385
2628.0000,-3.5687,0.9151,45.0506,0.0005,1094.2180,1215.4827,121.2648
2629.0000,-3.5637,0.9151,45.0579,0.0005,1094.1488,1215.5396,121.3908
2630.0000,-3.5587,0.9150,45.0652,0.0005,1094.0798,1215.5963,121.5165
2631.0000,-3.5537,0.9150,45.0724,0.0005,1094.0110,1215.6528,121.6418
2632.0000,-3.5486,0.9149,45.0797,0.0005,1093.9424,1215.7092,121.7668
2633.0000,-3.5436,0.9149,45.0870,0.0005,1093.8739,1215.7654,121.8915
2634.0000,-3.5386,0.9148,45.0943,0.0005,1093.8055,1215.8214,122.0159
2635.0000,-3.5335,0.9148,45.1016,0.0005,1093.7374,1215.8773,122.1400
2636.0000,-3.5285,0.9147,45.1089,0.0005,1093.6694,1215.9331,122.2637
2637.0000,-3.5234,0.9147,45.1161,0.0005,1093.6015,1215.9887,122.3872
2638.0000,-3.5183,0.9146,45.1234,0.0005,1093.5338,1216.0441,122.5103
2639.0000,-3.5133,0.9146,45.1307,0.0005,1093.4663,1216.0994,122.6331
2640.0000,-3.5082,0.9145,45.1380,0.0005,1093.3989,1216.1546,122.7557
2641.0000,-3.5032,0.9145,45.1411,0.0005,1093.3337,1216.1074,122.7737
2642.0000,-3.4983,0.9144,45.1442,0.0005,1093.2685,1216.0613,122.7928
2643.0000,-3.4934,0.9144,45.1472,0.0005,1093.2033,1216.0161,122.8128
2644.0000,-3.4885,0.9143,45.1503,0.0005,1093.1382,1215.9715,122.8333
2645.0000,-3.4837,0.9143,45.1534,0.0005,1093.0730,1215.9274,122.8544
2646.0000,-3.4789,0.9142,45.1565,0.0005,1093.0079,1215.8838,122.8759
2647.0000,-3.4740,0.9142,45.1596,0.0005,1092.9428,1215.8405,122.8978
2648.0000,-3.4692,0.9141,45.1627,0.0005,1092.8777,1215.7976,122.9200
2649.0000,-3.4645,0.9141,45.1657,0.0005,1092.8126,1215.7551,122.9425
2650.0000,-3.4597,0.9140,45.1688,0.0005,1092.7475,1215.7128,122.9653
2651.0000,-3.4549,0.9140,45.1719,0.0005,1092.6824,1215.6708,122.9883
2652.0000,-3.4502,0.9139,45.1750,0.0005,1092.6174,1215.6290,123.0116
2653.0000,-3.4454,0.9139,45.1781,0.0005,1092.5524,1215.5874,123.0351
2654.0000,-3.4407,0.9138,45.1812,0.0005,1092.4874,1215.5461,123.0587
2655.0000,-3.4359,0.9138,45.1842,0.0005,1092.4224,1215.5050,123.0825
2656.0000,-3.4312,0.9137,45.1873,0.0005,1092.3575,1215.4640,123.1065
2657.0000,-3.4265,0.9137,45.1904,0.0005,1092.2926,1215.4232,123.1306
2658.0000,-3.4218,0.9136,45.1935,0.0005,1092.2277,1215.3826,123.1549
2659.0000,-3.4171,0.9136,45.1966,0.0005,1092.1628,1215.3422,123.1793
2660.0000,-3.4124,0.9135,45.1997,0.0005,1092.0980,1215.3018,123.2038
2661.0000,-3.4077,0.9135,45.2028,0.0005,1092.0332,1215.2617,123.2285
2662.0000,-3.4030,0.9134,45.2058,0.0005,1091.9684,1215.2216,123.2532
2663.0000,-3.3984,0.9134,45.2089,0.0005,1091.9037,1215.1817,123.2780
2664.0000,-3.3937,0.9133,45.2120,0.0005,1091.8390,1215.1419,123.3029
2665.0000,-3.3890,0.9133,45.2151,0.0005,1091.7743,1215.1023,123.3280
2666.0000,-3.3843,0.9132,45.2182,0.0005,1091.7097,1215.0627,123.3530
2667.0000,-3.3797,0.9132,45.2212,0.0005,1091.6451,1215.0233,123.3782
2668.0000,-3.3750,0.9131,45.2243,0.0005,1091.5805,1214.9839,123.4034
2669.0000,-3.3704,0.9131,45.2274,0.0005,1091.5160,1214.9447,123.4287
2670.0000,-3.3657,0.9131,45.2305,0.0005,1091.4515,1214.9056,123.4541
2671.0000,-3.3611,0.9130,45.2336,0.0005,1091.3870,1214.8665,123.4795
2672.0000,-3.3564,0.9130,45.2367,0.0005,1091.3226,1214.8275,123.5049
2673.0000,-3.3518,0.9129,45.2398,0.0005,1091.2582,1214.7887,123.5304
2674.0000,-3.3472,0.9129,45.2428,0.0005,1091.1939,1214.7499,123.5560
2675.0000,-3.3425,0.9128,45.2459,0.0005,1091.1296,1214.7112,123.5816
2676.0000,-3.3379,0.9128,45.2490,0.0005,1091.0653,1214.6725,123.6072
2677.0000,-3.3333,0.9127,45.2521,0.0005,1091.0011,1214.6340,123.6329
2678.0000,-3.3287,0.9127,45.2552,0.0005,1090.9369,1214.5955,123.6586
2679.0000,-3.3240,0.9126,45.2582,0.0005,1090.8727,1214.5571,123.6844
2680.0000,-3.3194,0.9126,45.2613,0.0005,1090.8086,1214.5187,123.7101
2681.0000,-3.3148,0.9125,45.2644,0.0005,1090.7445,1214.4805,123.7359
2682.0000,-3.3102,0.9125,45.2675,0.0005,1090.6805,1214.4423,123.7618
2683.0000,-3.3056,0.9124,45.2706,0.0005,1090.6165,1214.4041,123.7876
2684.0000,-3.3010,0.9124,45.2737,0.0005,1090.5526,1214.3660,123.8135
2685.0000,-3.2964,0.9123,45.2767,0.0005,1090.4886,1214.3280,123.8394
2686.0000,-3.2918,0.9123,45.2798,0.0005,1090.4248,1214.2900,123.8653
2687.0000,-3.2872,0.9122,45.2829,0.0005,1090.3610,1214.2521,123.8912
2688.0000,-3.2826,0.9122,45.2860,0.0005,1090.2972,1214.2143,123.9171
2689.0000,-3.2780,0.9121,45.2891,0.0005,1090.2334,1214.1765,123.9430
2690.0000,-3.2734,0.9121,45.2922,0.0005,1090.1697,1214.1387,123.9690
2691.0000,-3.2688,0.9120,45.2953,0.0005,1090.1061,1214.1010,123.9950
2692.0000,-3.2642,0.9120,45.2983,0.0005,1090.0425,1214.0634,124.0209
2693.0000,-3.2596,0.9119,45.3014,0.0005,1089.9789,1214.0258,124.0469
2694.0000,-3.2550,0.9119,45.3045,0.0005,1089.9154,1213.9883,124.0729
2695.0000,-3.2504,0.9118,45.3076,0.0005,1089.8519,1213.9508,124.0988
2696.0000,-3.2459,0.9118,45.3107,0.0005,1089.7885,1213.9133,124.1248
2697.0000,-3.2413,0.9117,45.3137,0.0005,1089.7251,1213.8759,124.1508
2698.0000,-3.2367,0.9117,45.3168,0.0005,1089.6617,1213.8385,124.1768
2699.0000,-3.2321,0.9117,45.3199,0.0005,1089.5984,1213.8012,124.2028
2700.0000,-3.2276,0.9116,45.3230,0.0005,1089.5352,1213.7639,124.2287
2701.0000,-3.2231,0.9116,45.3230,0.0005,1089.4664,1213.6518,124.1855
2702.0000,-3.2186,0.9115,45.3230,0.0005,1089.3976,1213.5407,124.1430
2703.0000,-3.2142,0.9115,45.3231,0.0005,1089.3289,1213.4302,124.1013
2704.0000,-3.2097,0.9114,45.3231,0.0005,1089.2602,1213.3202,124.0601
2705.0000,-3.2053,0.9114,45.3231,0.0005,1089.1914,1213.2108,124.0193
2706.0000,-3.2010,0.9113,45.3231,0.0005,1089.1227,1213.1017,123.9790
2707.0000,-3.1966,0.9113,45.3231,0.0005,1089.0540,1212.9931,123.9391
2708.0000,-3.1923,0.9112,45.3231,0.0005,1088.9853,1212.8848,123.8995
2709.0000,-3.1879,0.9112,45.3231,0.0005,1088.9165,1212.7769,123.8603
2710.0000,-3.1836,0.9111,45.3232,0.0005,1088.8478,1212.6692,123.8214
2711.0000,-3.1793,0.9111,45.3232,0.0005,1088.7790,1212.5619,123.7829
2712.0000,-3.1750,0.9110,45.3232,0.0005,1088.7102,1212.4548,123.7446
2713.0000,-3.1707,0.9110,45.3232,0.0005,1088.6415,1212.3480,123.7066
2714.0000,-3.1664,0.9109,45.3232,0.0005,1088.5727,1212.2415,123.6688
2715.0000,-3.1622,0.9109,45.3233,0.0005,1088.5039,1212.1352,123.6313
2716.0000,-3.1579,0.9108,45.3233,0.0005,1088.4350,1212.0291,123.5941
2717.0000,-3.1536,0.9108,45.3233,0.0005,1088.3662,1211.9233,123.5571
2718.0000,-3.1494,0.9107,45.3233,0.0005,1088.2974,1211.8177,123.5203
2719.0000,-3.1452,0.9107,45.3233,0.0005,1088.2285,1211.7123,123.4838
2720.0000,-3.1409,0.9107,45.3233,0.0005,1088.1596,1211.6071,123.4474
2721.0000,-3.1367,0.9106,45.3233,0.0005,1088.0907,1211.5021,123.4113
2722.0000,-3.1325,0.9106,45.3234,0.0005,1088.0219,1211.3973,123.3754
2723.0000,-3.1283,0.9105,45.3234,0.0005,1087.9529,1211.2926,123.3397
2724.0000,-3.1241,0.9105,45.3234,0.0005,1087.8840,1211.1882,123.3042
2725.0000,-3.1199,0.9104,45.3234,0.0005,1087.8151,1211.0840,123.2688
2726.0000,-3.1158,0.9104,45.3234,0.0005,1087.7462,1210.9799,123.2337
2727.0000,-3.1116,0.9103,45.3235,0.0005,1087.6772,1210.8760,123.1987
2728.0000,-3.1074,0.9103,45.3235,0.0005,1087.6083,1210.7722,123.1639
2729.0000,-3.1033,0.9102,45.3235,0.0005,1087.5393,1210.6686,123.1293
2730.0000,-3.0991,0.9102,45.3235,0.0005,1087.4703,1210.5652,123.0949
2731.0000,-3.0950,0.9101,45.3235,0.0005,1087.4013,1210.4619,123.0606
2732.0000,-3.0908,0.9101,45.3235,0.0005,1087.3324,1210.3588,123.0265
2733.0000,-3.0867,0.9100,45.3235,0.0005,1087.2634,1210.2559,122.9925
2734.0000,-3.0826,0.9100,45.3236,0.0005,1087.1944,1210.1530,122.9587
2735.0000,-3.0784,0.9099,45.3236,0.0005,1087.1253,1210.0504,122.9250
2736.0000,-3.0743,0.9099,45.3236,0.0005,1087.0563,1209.9478,122.8915
2737.0000,-3.0702,0.9098,45.3236,0.0005,1086.9873,1209.8454,122.8582
2738.0000,-3.0661,0.9098,45.3236,0.0005,1086.9183,1209.7432,122.8249
2739.0000,-3.0620,0.9097,45.3237,0.0005,1086.8492,1209.6411,122.7919
2740.0000,-3.0579,0.9097,45.3237,0.0005,1086.7802,1209.5391,122.7589
2741.0000,-3.0538,0.9096,45.3237,0.0005,1086.7111,1209.4372,122.7261
2742.0000,-3.0497,0.9096,45.3237,0.0005,1086.6420,1209.3355,122.6934
2743.0000,-3.0456,0.9096,45.3237,0.0005,1086.5730,1209.2339,122.6609
2744.0000,-3.0416,0.9095,45.3237,0.0005,1086.5039,1209.1324,122.6285
2745.0000,-3.0375,0.9095,45.3237,0.0005,1086.4348,1209.0310,122.5962
2746.0000,-3.0334,0.9094,45.3238,0.0005,1086.3658,1208.9298,122.5640
2747.0000,-3.0294,0.9094,45.3238,0.0005,1086.2967,1208.8286,122.5320
2748.0000,-3.0253,0.9093,45.3238,0.0005,1086.2276,1208.7276,122.5000
2749.0000,-3.0213,0.9093,45.3238,0.0005,1086.1585,1208.6267,122.4682
2750.0000,-3.0172,0.9092,45.3238,0.0005,1086.0894,1208.5260,122.4365
2751.0000,-3.0132,0.9092,45.3239,0.0005,1086.0203,1208.4253,122.4050
2752.0000,-3.0091,0.9091,45.3239,0.0005,1085.9512,1208.3247,122.3735
2753.0000,-3.0051,0.9091,45.3239,0.0005,1085.8821,1208.2243,122.3422
2754.0000,-3.0011,0.9090,45.3239,0.0005,1085.8130,1208.1239,122.3109
2755.0000,-2.9970,0.9090,45.3239,0.0005,1085.7439,1208.0237,122.2798
2756.0000,-2.9930,0.9089,45.3239,0.0005,1085.6748,1207.9236,122.2488
2757.0000,-2.9890,0.9089,45.3239,0.0005,1085.6057,1207.8235,122.2178
2758.0000,-2.9850,0.9088,45.3240,0.0005,1085.5366,1207.7236,122.1870
2759.0000,-2.9810,0.9088,45.3240,0.0005,1085.4675,1207.6238,122.1563
2760.0000,-2.9770,0.9087,45.3240,0.0005,1085.3983,1207.5240,122.1257
2761.0000,-2.9729,0.9087,45.3263,0.0005,1085.3309,1207.4801,122.1491
2762.0000,-2.9688,0.9086,45.3286,0.0005,1085.2635,1207.4355,122.1720
2763.0000,-2.9647,0.9086,45.3309,0.0005,1085.1961,1207.3905,122.1944
2764.0000,-2.9606,0.9085,45.3332,0.0005,1085.1288,1207.3453,122.2164
2765.0000,-2.9565,0.9085,45.3355,0.0005,1085.0616,1207.2997,122.2382
2766.0000,-2.9524,0.9085,45.3378,0.0005,1084.9944,1207.2540,122.2596
2767.0000,-2.9482,0.9084,45.3401,0.0005,1084.9272,1207.2081,122.2809
2768.0000,-2.9441,0.9084,45.3424,0.0005,1084.8601,1207.1620,122.3019
2769.0000,-2.9399,0.9083,45.3447,0.0005,1084.7931,1207.1158,122.3227
2770.0000,-2.9358,0.9083,45.3470,0.0005,1084.7261,1207.0695,122.3433
2771.0000,-2.9316,0.9082,45.3493,0.0005,1084.6592,1207.0230,122.3638
2772.0000,-2.9275,0.9082,45.3516,0.0005,1084.5924,1206.9765,122.3841
2773.0000,-2.9233,0.9081,45.3539,0.0005,1084.5256,1206.9298,122.4043
2774.0000,-2.9191,0.9081,45.3562,0.0005,1084.4588,1206.8831,122.4243
2775.0000,-2.9149,0.9080,45.3585,0.0005,1084.3921,1206.8362,122.4441
2776.0000,-2.9108,0.9080,45.3608,0.0005,1084.3255,1206.7893,122.4638
2777.0000,-2.9066,0.9079,45.3631,0.0005,1084.2589,1206.7424,122.4834
2778.0000,-2.9024,0.9079,45.3654,0.0005,1084.1924,1206.6953,122.5029
2779.0000,-2.8982,0.9078,45.3677,0.0005,1084.1260,1206.6482,122.5223
2780.0000,-2.8940,0.9078,45.3700,0.0005,1084.0596,1206.6011,122.5415
2781.0000,-2.8899,0.9077,45.3723,0.0005,1083.9932,1206.5539,122.5607
2782.0000,-2.8857,0.9077,45.3746,0.0005,1083.9269,1206.5066,122.5797
2783.0000,-2.8815,0.9076,45.3769,0.0005,1083.8607,1206.4593,122.5986
2784.0000,-2.8773,0.9076,45.3792,0.0005,1083.7945,1206.4120,122.6174
2785.0000,-2.8731,0.9076,45.3815,0.0005,1083.7284,1206.3646,122.6362
2786.0000,-2.8689,0.9075,45.3838,0.0005,1083.6624,1206.3172,122.6548
2787.0000,-2.8647,0.9075,45.3861,0.0005,1083.5964,1206.2697,122.6734
2788.0000,-2.8605,0.9074,45.3884,0.0005,1083.5304,1206.2222,122.6918
2789.0000,-2.8563,0.9074,45.3907,0.0005,1083.4645,1206.1747,122.7102
2790.0000,-2.8521,0.9073,45.3930,0.0005,1083.3987,1206.1271,122.7284
2791.0000,-2.8479,0.9073,45.3953,0.0005,1083.3329,1206.0795,122.7466
2792.0000,-2.8437,0.9072,45.3976,0.0005,1083.2671,1206.0319,122.7648
2793.0000,-2.8395,0.9072,45.3999,0.0005,1083.2015,1205.9843,122.7828
2794.0000,-2.8353,0.9071,45.4022,0.0005,1083.1359,1205.9366,122.8007
2795.0000,-2.8311,0.9071,45.4045,0.0005,1083.0703,1205.8889,122.8186
2796.0000,-2.8268,0.9070,45.4068,0.0005,1083.0048,1205.8412,122.8364
2797.0000,-2.8226,0.9070,45.4091,0.0005,1082.9393,1205.7934,122.8541
2798.0000,-2.8184,0.9070,45.4114,0.0005,1082.8739,1205.7457,122.8718
2799.0000,-2.8142,0.9069,45.4137,0.0005,1082.8086,1205.6979,122.8894
2800.0000,-2.8100,0.9069,45.4160,0.0005,1082.7433,1205.6501,122.9069
2801.0000,-2.8058,0.9068,45.4183,0.0005,1082.6780,1205.6023,122.9243
2802.0000,-2.8016,0.9068,45.4206,0.0005,1082.6128,1205.5545,122.9417
2803.0000,-2.7974,0.9067,45.4229,0.0005,1082.5477,1205.5066,122.9590
2804.0000,-2.7932,0.9067,45.4252,0.0005,1082.4826,1205.4588,122.9762
2805.0000,-2.7889,0.9066,45.4275,0.0005,1082.4176,1205.4109,122.9933
2806.0000,-2.7847,0.9066,45.4298,0.0005,1082.3526,1205.3630,123.0104
2807.0000,-2.7805,0.9065,45.4321,0.0005,1082.2877,1205.3151,123.0275
2808.0000,-2.7763,0.9065,45.4344,0.0005,1082.2228,1205.2672,123.0444
2809.0000,-2.7721,0.9064,45.4367,0.0005,1082.1580,1205.2193,123.0613
2810.0000,-2.7679,0.9064,45.4390,0.0005,1082.0932,1205.1714,123.0782
2811.0000,-2.7636,0.9064,45.4413,0.0005,1082.0285,1205.1234,123.0949
2812.0000,-2.7594,0.9063,45.4436,0.0005,1081.9638,1205.0755,123.1116
2813.0000,-2.7552,0.9063,45.4459,0.0005,1081.8992,1205.0275,123.1283
2814.0000,-2.7510,0.9062,45.4482,0.0005,1081.8347,1204.9795,123.1449
2815.0000,-2.7468,0.9062,45.4505,0.0005,1081.7702,1204.9316,123.1614
2816.0000,-2.7425,0.9061,45.4528,0.0005,1081.7057,1204.8836,123.1779
2817.0000,-2.7383,0.9061,45.4551,0.0005,1081.6413,1204.8356,123.1943
2818.0000,-2.7341,0.9060,45.4574,0.0005,1081.5770,1204.7876,123.2106
2819.0000,-2.7299,0.9060,45.4597,0.0005,1081.5127,1204.7396,123.2269
2820.0000,-2.7257,0.9059,45.4620,0.0005,1081.4484,1204.6916,123.2431
2821.0000,-2.7214,0.9059,45.4679,0.0005,1081.3890,1204.7322,123.3432
2822.0000,-2.7170,0.9059,45.4739,0.0005,1081.3297,1204.7717,123.4420
2823.0000,-2.7126,0.9058,45.4798,0.0005,1081.2705,1204.8105,123.5400
2824.0000,-2.7082,0.9058,45.4857,0.0005,1081.2113,1204.8486,123.6373
2825.0000,-2.7038,0.9057,45.4917,0.0005,1081.1523,1204.8862,123.7339
2826.0000,-2.6993,0.9057,45.4976,0.0005,1081.0934,1204.9233,123.8299
2827.0000,-2.6949,0.9056,45.5035,0.0005,1081.0347,1204.9600,123.9253
2828.0000,-2.6904,0.9056,45.5095,0.0005,1080.9760,1204.9963,124.0202
2829.0000,-2.6859,0.9055,45.5154,0.0005,1080.9175,1205.0322,124.1147
2830.0000,-2.6814,0.9055,45.5213,0.0005,1080.8591,1205.0678,124.2087
2831.0000,-2.6769,0.9055,45.5273,0.0005,1080.8009,1205.1030,124.3022
2832.0000,-2.6723,0.9054,45.5332,0.0005,1080.7427,1205.1380,124.3953
2833.0000,-2.6678,0.9054,45.5391,0.0005,1080.6847,1205.1727,124.4879
2834.0000,-2.6632,0.9053,45.5451,0.0005,1080.6268,1205.2071,124.5802
2835.0000,-2.6586,0.9053,45.5510,0.0005,1080.5691,1205.2412,124.6721
2836.0000,-2.6541,0.9052,45.5569,0.0005,1080.5115,1205.2751,124.7636
2837.0000,-2.6495,0.9052,45.5629,0.0005,1080.4540,1205.3087,124.8547
2838.0000,-2.6449,0.9051,45.5688,0.0005,1080.3966,1205.3421,124.9455
2839.0000,-2.6403,0.9051,45.5747,0.0005,1080.3394,1205.3753,125.0359
2840.0000,-2.6357,0.9051,45.5807,0.0005,1080.2823,1205.4083,125.1260
2841.0000,-2.6310,0.9050,45.5866,0.0005,1080.2253,1205.4411,125.2158
2842.0000,-2.6264,0.9050,45.5925,0.0005,1080.1684,1205.4737,125.3052
2843.0000,-2.6218,0.9049,45.5985,0.0005,1080.1117,1205.5060,125.3943
2844.0000,-2.6171,0.9049,45.6044,0.0005,1080.0551,1205.5382,125.4831
2845.0000,-2.6125,0.9048,45.6103,0.0004,1079.9986,1205.5702,125.5716
2846.0000,-2.6078,0.9048,45.6163,0.0004,1079.9423,1205.6021,125.6598
2847.0000,-2.6031,0.9048,45.6222,0.0004,1079.8860,1205.6337,125.7477
2848.0000,-2.5985,0.9047,45.6281,0.0004,1079.8299,1205.6652,125.8353
2849.0000,-2.5938,0.9047,45.6341,0.0004,1079.7739,1205.6965,125.9225
2850.0000,-2.5891,0.9046,45.6400,0.0004,1079.7181,1205.7276,126.0096
2851.0000,-2.5844,0.9046,45.6459,0.0004,1079.6623,1205.7586,126.0963
2852.0000,-2.5797,0.9045,45.6519,0.0004,1079.6067,1205.7895,126.1828
2853.0000,-2.5750,0.9045,45.6578,0.0004,1079.5512,1205.8202,126.2689
2854.0000,-2.5703,0.9045,45.6637,0.0004,1079.4958,1205.8507,126.3548
2855.0000,-2.5656,0.9044,45.6697,0.0004,1079.4406,1205.8811,126.4405
2856.0000,-2.5609,0.9044,45.6756,0.0004,1079.3854,1205.9113,126.5259
2857.0000,-2.5561,0.9043,45.6815,0.0004,1079.3304,1205.9414,126.6110
2858.0000,-2.5514,0.9043,45.6875,0.0004,1079.2755,1205.9714,126.6959
2859.0000,-2.5466,0.9043,45.6934,0.0004,1079.2207,1206.0012,126.7805
2860.0000,-2.5419,0.9042,45.6993,0.0004,1079.1661,1206.0309,126.8649
2861.0000,-2.5372,0.9042,45.7053,0.0004,1079.1115,1206.0605,126.9490
2862.0000,-2.5324,0.9041,45.7112,0.0004,1079.0571,1206.0900,127.0329
2863.0000,-2.5276,0.9041,45.7171,0.0004,1079.0028,1206.1193,127.1165
2864.0000,-2.5229,0.9040,45.7231,0.0004,1078.9486,1206.1485,127.1999
2865.0000,-2.5181,0.9040,45.7290,0.0004,1078.8945,1206.1776,127.2830
2866.0000,-2.5133,0.9040,45.7349,0.0004,1078.8406,1206.2065,127.3659
2867.0000,-2.5085,0.9039,45.7409,0.0004,1078.7867,1206.2354,127.4486
2868.0000,-2.5038,0.9039,45.7468,0.0004,1078.7330,1206.2641,127.5311
2869.0000,-2.4990,0.9038,45.7527,0.0004,1078.6794,1206.2927,127.6133
2870.0000,-2.4942,0.9038,45.7587,0.0004,1078.6259,1206.3212,127.6953
2871.0000,-2.4894,0.9038,45.7646,0.0004,1078.5725,1206.3496,127.7771
2872.0000,-2.4846,0.9037,45.7705,0.0004,1078.5193,1206.3779,127.8586
2873.0000,-2.4798,0.9037,45.7765,0.0004,1078.4661,1206.4061,127.9400
2874.0000,-2.4750,0.9036,45.7824,0.0004,1078.4131,1206.4341,128.0211
2875.0000,-2.4702,0.9036,45.7883,0.0004,1078.3601,1206.4621,128.1020
2876.0000,-2.4653,0.9036,45.7943,0.0004,1078.3073,1206.4900,128.1827
2877.0000,-2.4605,0.9035,45.8002,0.0004,1078.2546,1206.5177,128.2631
2878.0000,-2.4557,0.9035,45.8061,0.0004,1078.2020,1206.5454,128.3434
2879.0000,-2.4509,0.9034,45.8121,0.0004,1078.1495,1206.5730,128.4234
2880.0000,-2.4460,0.9034,45.8180,0.0004,1078.0972,1206.6004,128.5033
2881.0000,-2.4414,0.9034,45.8167,0.0004,1078.0356,1206.4510,128.4154
2882.0000,-2.4368,0.9033,45.8154,0.0004,1077.9740,1206.3036,128.3296
2883.0000,-2.4323,0.9033,45.8140,0.0004,1077.9125,1206.1576,128.2452
2884.0000,-2.4278,0.9032,45.8127,0.0004,1077.8510,1206.0128,128.1619
2885.0000,-2.4233,0.9032,45.8114,0.0004,1077.7894,1205.8690,128.0796
2886.0000,-2.4189,0.9032,45.8101,0.0004,1077.7278,1205.7261,127.9982
2887.0000,-2.4146,0.9031,45.8088,0.0004,1077.6662,1205.5839,127.9177
2888.0000,-2.4102,0.9031,45.8075,0.0004,1077.6046,1205.4424,127.8378
2889.0000,-2.4059,0.9030,45.8061,0.0004,1077.5429,1205.3015,127.7586
2890.0000,-2.4016,0.9030,45.8048,0.0004,1077.4811,1205.1612,127.6801
2891.0000,-2.3973,0.9030,45.8035,0.0004,1077.4193,1205.0215,127.6022
2892.0000,-2.3931,0.9029,45.8022,0.0004,1077.3575,1204.8823,127.5248
2893.0000,-2.3889,0.9029,45.8009,0.0004,1077.2956,1204.7436,127.4480
2894.0000,-2.3846,0.9028,45.7996,0.0004,1077.2337,1204.6053,127.3716
2895.0000,-2.3804,0.9028,45.7982,0.0004,1077.1717,1204.4675,127.2958
2896.0000,-2.3763,0.9028,45.7969,0.0004,1077.1097,1204.3301,127.2204
2897.0000,-2.3721,0.9027,45.7956,0.0004,1077.0476,1204.1931,127.1454
2898.0000,-2.3680,0.9027,45.7943,0.0004,1076.9855,1204.0565,127.0709
2899.0000,-2.3638,0.9026,45.7930,0.0004,1076.9234,1203.9202,126.9968
2900.0000,-2.3597,0.9026,45.7917,0.0004,1076.8612,1203.7843,126.9231
2901.0000,-2.3556,0.9026,45.7903,0.0004,1076.7989,1203.6487,126.8498
2902.0000,-2.3515,0.9025,45.7890,0.0004,1076.7366,1203.5135,126.7768
2903.0000,-2.3474,0.9025,45.7877,0.0004,1076.6743,1203.3785,126.7042
2904.0000,-2.3434,0.9024,45.7864,0.0004,1076.6119,1203.2439,126.6320
2905.0000,-2.3393,0.9024,45.7851,0.0004,1076.5495,1203.1096,126.5601
2906.0000,-2.3353,0.9024,45.7838,0.0004,1076.4870,1202.9755,126.4885
2907.0000,-2.3312,0.9023,45.7824,0.0004,1076.4245,1202.8418,126.4172
2908.0000,-2.3272,0.9023,45.7811,0.0004,1076.3620,1202.7083,126.3463
2909.0000,-2.3232,0.9022,45.7798,0.0004,1076.2994,1202.5751,126.2757
2910.0000,-2.3192,0.9022,45.7785,0.0004,1076.2368,1202.4421,126.2053
2911.0000,-2.3152,0.9022,45.7772,0.0004,1076.1741,1202.3094,126.1353
2912.0000,-2.3112,0.9021,45.7759,0.0004,1076.1114,1202.1769,126.0655
2913.0000,-2.3072,0.9021,45.7745,0.0004,1076.0486,1202.0447,125.9960
2914.0000,-2.3033,0.9020,45.7732,0.0004,1075.9858,1201.9127,125.9268
2915.0000,-2.2993,0.9020,45.7719,0.0004,1075.9230,1201.7809,125.8579
2916.0000,-2.2954,0.9020,45.7706,0.0004,1075.8602,1201.6493,125.7892
2917.0000,-2.2914,0.9019,45.7693,0.0004,1075.7973,1201.5180,125.7208
2918.0000,-2.2875,0.9019,45.7680,0.0004,1075.7343,1201.3869,125.6526
2919.0000,-2.2836,0.9018,45.7666,0.0004,1075.6713,1201.2560,125.5846
2920.0000,-2.2797,0.9018,45.7653,0.0004,1075.6083,1201.1253,125.5169
2921.0000,-2.2758,0.9018,45.7640,0.0004,1075.5453,1200.9948,125.4495
2922.0000,-2.2719,0.9017,45.7627,0.0004,1075.4822,1200.8644,125.3823
2923.0000,-2.2680,0.9017,45.7614,0.0004,1075.4191,1200.7343,125.3153
2924.0000,-2.2641,0.9016,45.7601,0.0004,1075.3559,1200.6044,125.2485
2925.0000,-2.2602,0.9016,45.7587,0.0004,1075.2927,1200.4747,125.1819
2926.0000,-2.2564,0.9016,45.7574,0.0004,1075.2295,1200.3451,125.1156
2927.0000,-2.2525,0.9015,45.7561,0.0004,1075.1663,1200.2157,125.0495
2928.0000,-2.2487,0.9015,45.7548,0.0004,1075.1030,1200.0865,124.9835
2929.0000,-2.2448,0.9014,45.7535,0.0004,1075.0397,1199.9575,124.9178
2930.0000,-2.2410,0.9014,45.7522,0.0004,1074.9763,1199.8286,124.8523
2931.0000,-2.2371,0.9013,45.7508,0.0004,1074.9129,1199.6999,124.7870
2932.0000,-2.2333,0.9013,45.7495,0.0004,1074.8495,1199.5714,124.7219
2933.0000,-2.2295,0.9013,45.7482,0.0004,1074.7861,1199.4431,124.6570
2934.0000,-2.2257,0.9012,45.7469,0.0004,1074.7226,1199.3149,124.5923
2935.0000,-2.2219,0.9012,45.7456,0.0004,1074.6591,1199.1868,124.5277
2936.0000,-2.2181,0.9011,45.7443,0.0004,1074.5955,1199.0589,124.4634
2937.0000,-2.2143,0.9011,45.7430,0.0004,1074.5320,1198.9312,124.3992
2938.0000,-2.2105,0.9011,45.7416,0.0004,1074.4684,1198.8036,124.3352
2939.0000,-2.2067,0.9010,45.7403,0.0004,1074.4048,1198.6762,124.2714
2940.0000,-2.2030,0.9010,45.7390,0.0004,1074.3411,1198.5489,124.2078
2941.0000,-2.1991,0.9009,45.7422,0.0004,1074.2900,1198.5317,124.2417
2942.0000,-2.1952,0.9009,45.7454,0.0004,1074.2388,1198.5134,124.2745
2943.0000,-2.1912,0.9009,45.7485,0.0004,1074.1876,1198.4943,124.3067
2944.0000,-2.1873,0.9008,45.7517,0.0004,1074.1364,1198.4746,124.3383
2945.0000,-2.1833,0.9008,45.7549,0.0004,1074.0851,1198.4545,124.3693
2946.0000,-2.1793,0.9007,45.7581,0.0004,1074.0339,1198.4339,124.4000
2947.0000,-2.1752,0.9007,45.7613,0.0004,1073.9826,1198.4129,124.4303
2948.0000,-2.1712,0.9006,45.7645,0.0004,1073.9314,1198.3917,124.4603
2949.0000,-2.1672,0.9006,45.7676,0.0004,1073.8802,1198.3701,124.4899
2950.0000,-2.1631,0.9006,45.7708,0.0004,1073.8290,1198.3483,124.5192
2951.0000,-2.1590,0.9005,45.7740,0.0004,1073.7779,1198.3262,124.5483
2952.0000,-2.1550,0.9005,45.7772,0.0004,1073.7268,1198.3039,124.5771
2953.0000,-2.1509,0.9004,45.7804,0.0004,1073.6758,1198.2814,124.6056
2954.0000,-2.1468,0.9004,45.7836,0.0004,1073.6247,1198.2587,124.6339
2955.0000,-2.1427,0.9004,45.7867,0.0004,1073.5737,1198.2358,124.6620
2956.0000,-2.1386,0.9003,45.7899,0.0004,1073.5228,1198.2127,124.6899
2957.0000,-2.1345,0.9003,45.7931,0.0004,1073.4719,1198.1895,124.7176
2958.0000,-2.1303,0.9002,45.7963,0.0004,1073.4210,1198.1661,124.7451
2959.0000,-2.1262,0.9002,45.7995,0.0004,1073.3702,1198.1426,124.7724
2960.0000,-2.1221,0.9002,45.8027,0.0004,1073.3194,1198.1189,124.7995
2961.0000,-2.1180,0.9001,45.8058,0.0004,1073.2687,1198.0951,124.8264
2962.0000,-2.1138,0.9001,45.8090,0.0004,1073.2180,1198.0712,124.8532
2963.0000,-2.1097,0.9000,45.8122,0.0004,1073.1674,1198.0472,124.8798
2964.0000,-2.1055,0.9000,45.8154,0.0004,1073.1168,1198.0231,124.9063
2965.0000,-2.1014,0.9000,45.8186,0.0004,1073.0663,1197.9988,124.9326
2966.0000,-2.0972,0.8999,45.8218,0.0004,1073.0158,1197.9745,124.9587
2967.0000,-2.0931,0.8999,45.8250,0.0004,1072.9653,1197.9500,124.9847
2968.0000,-2.0889,0.8998,45.8281,0.0004,1072.9149,1197.9255,125.0106
2969.0000,-2.0847,0.8998,45.8313,0.0004,1072.8645,1197.9008,125.0363
2970.0000,-2.0805,0.8997,45.8345,0.0004,1072.8142,1197.8761,125.0619
2971.0000,-2.0764,0.8997,45.8377,0.0004,1072.7640,1197.8513,125.0873
2972.0000,-2.0722,0.8997,45.8409,0.0004,1072.7137,1197.8264,125.1126
2973.0000,-2.0680,0.8996,45.8440,0.0004,1072.6636,1197.8014,125.1378
2974.0000,-2.0638,0.8996,45.8472,0.0004,1072.6135,1197.7764,125.1629
2975.0000,-2.0596,0.8995,45.8504,0.0004,1072.5634,1197.7513,125.1879
2976.0000,-2.0554,0.8995,45.8536,0.0004,1072.5134,1197.7261,125.2127
2977.0000,-2.0512,0.8995,45.8568,0.0004,1072.4634,1197.7008,125.2374
2978.0000,-2.0471,0.8994,45.8600,0.0004,1072.4135,1197.6755,125.2620
2979.0000,-2.0429,0.8994,45.8631,0.0004,1072.3636,1197.6501,125.2865
2980.0000,-2.0387,0.8993,45.8663,0.0004,1072.3137,1197.6246,125.3109
2981.0000,-2.0344,0.8993,45.8695,0.0004,1072.2640,1197.5991,125.3351
2982.0000,-2.0302,0.8993,45.8727,0.0004,1072.2142,1197.5735,125.3593
2983.0000,-2.0260,0.8992,45.8759,0.0004,1072.1645,1197.5479,125.3833
2984.0000,-2.0218,0.8992,45.8791,0.0004,1072.1149,1197.5222,125.4073
2985.0000,-2.0176,0.8991,45.8822,0.0004,1072.0653,1197.4965,125.4311
2986.0000,-2.0134,0.8991,45.8854,0.0004,1072.0158,1197.4707,125.4549
2987.0000,-2.0092,0.8991,45.8886,0.0004,1071.9663,1197.4448,125.4785
2988.0000,-2.0050,0.8990,45.8918,0.0004,1071.9168,1197.4189,125.5021
2989.0000,-2.0007,0.8990,45.8950,0.0004,1071.8675,1197.3930,125.5255
2990.0000,-1.9965,0.8989,45.8982,0.0004,1071.8181,1197.3670,125.5489
2991.0000,-1.9923,0.8989,45.9014,0.0004,1071.7688,1197.3409,125.5721
2992.0000,-1.9881,0.8989,45.9045,0.0004,1071.7196,1197.3148,125.5953
2993.0000,-1.9838,0.8988,45.9077,0.0004,1071.6704,1197.2887,125.6183
2994.0000,-1.9796,0.8988,45.9109,0.0004,1071.6212,1197.2625,125.6413
2995.0000,-1.9754,0.8987,45.9141,0.0004,1071.5721,1197.2363,125.6642
2996.0000,-1.9711,0.8987,45.9173,0.0004,1071.5231,1197.2101,125.6870
2997.0000,-1.9669,0.8987,45.9205,0.0004,1071.4741,1197.1838,125.7097
2998.0000,-1.9627,0.8986,45.9236,0.0004,1071.4251,1197.1574,125.7323
2999.0000,-1.9584,0.8986,45.9268,0.0004,1071.3762,1197.1311,125.7549
3000.0000,-1.9542,0.8985,45.9300,0.0004,1071.3274,1197.1047,125.7773
3001.0000,-1.9500,0.8985,45.9312,0.0004,1071.2648,1197.0283,125.7636
3002.0000,-1.9458,0.8985,45.9323,0.0004,1071.2024,1196.9525,125.7501
3003.0000,-1.9416,0.8984,45.9335,0.0004,1071.1401,1196.8769,125.7368
3004.0000,-1.9375,0.8984,45.9346,0.0004,1071.0780,1196.8015,125.7236
3005.0000,-1.9333,0.8984,45.9357,0.0004,1071.0159,1196.7264,125.7104
3006.0000,-1.9292,0.8983,45.9369,0.0004,1070.9540,1196.6514,125.6974
3007.0000,-1.9250,0.8983,45.9380,0.0004,1070.8922,1196.5766,125.6844
3008.0000,-1.9209,0.8982,45.9392,0.0004,1070.8304,1196.5019,125.6715
3009.0000,-1.9167,0.8982,45.9404,0.0004,1070.7687,1196.4274,125.6587
3010.0000,-1.9126,0.8982,45.9415,0.0004,1070.7071,1196.3530,125.6459
3011.0000,-1.9085,0.8981,45.9427,0.0004,1070.6456,1196.2787,125.6331
3012.0000,-1.9044,0.8981,45.9438,0.0004,1070.5841,1196.2045,125.6204
3013.0000,-1.9003,0.8980,45.9449,0.0004,1070.5227,1196.1304,125.6078
3014.0000,-1.8962,0.8980,45.9461,0.0004,1070.4613,1196.0564,125.5951
3015.0000,-1.8921,0.8980,45.9472,0.0004,1070.4000,1195.9825,125.5825
3016.0000,-1.8879,0.8979,45.9484,0.0004,1070.3388,1195.9087,125.5700
3017.0000,-1.8839,0.8979,45.9496,0.0004,1070.2776,1195.8350,125.5574
3018.0000,-1.8798,0.8979,45.9507,0.0004,1070.2164,1195.7614,125.5449
3019.0000,-1.8757,0.8978,45.9519,0.0004,1070.1554,1195.6878,125.5324
3020.0000,-1.8716,0.8978,45.9530,0.0004,1070.0943,1195.6143,125.5200
3021.0000,-1.8675,0.8977,45.9541,0.0004,1070.0333,1195.5408,125.5075
3022.0000,-1.8634,0.8977,45.9553,0.0004,1069.9724,1195.4675,125.4951
3023.0000,-1.8593,0.8977,45.9565,0.0004,1069.9115,1195.3942,125.4827
3024.0000,-1.8552,0.8976,45.9576,0.0004,1069.8506,1195.3210,125.4703
3025.0000,-1.8512,0.8976,45.9588,0.0004,1069.7898,1195.2478,125.4580
3026.0000,-1.8471,0.8975,45.9599,0.0004,1069.7290,1195.1747,125.4456
3027.0000,-1.8430,0.8975,45.9611,0.0004,1069.6683,1195.1016,125.4333
3028.0000,-1.8389,0.8975,45.9622,0.0004,1069.6076,1195.0286,125.4210
3029.0000,-1.8349,0.8974,45.9633,0.0004,1069.5470,1194.9557,125.4087
3030.0000,-1.8308,0.8974,45.9645,0.0004,1069.4864,1194.8828,125.3964
3031.0000,-1.8268,0.8974,45.9657,0.0004,1069.4259,1194.8100,125.3841
3032.0000,-1.8227,0.8973,45.9668,0.0004,1069.3654,1194.7372,125.3719
3033.0000,-1.8186,0.8973,45.9680,0.0004,1069.3049,1194.6645,125.3596
3034.0000,-1.8146,0.8972,45.9691,0.0004,1069.2445,1194.5919,125.3474
3035.0000,-1.8105,0.8972,45.9703,0.0004,1069.1841,1194.5192,125.3352
3036.0000,-1.8065,0.8972,45.9714,0.0004,1069.1237,1194.4467,125.3229
3037.0000,-1.8024,0.8971,45.9725,0.0004,1069.0634,1194.3741,125.3107
3038.0000,-1.7984,0.8971,45.9737,0.0004,1069.0031,1194.3017,125.2985
3039.0000,-1.7943,0.8971,45.9749,0.0004,1068.9429,1194.2292,125.2863
3040.0000,-1.7903,0.8970,45.9760,0.0004,1068.8827,1194.1569,125.2741
3041.0000,-1.7862,0.8970,45.9772,0.0004,1068.8226,1194.0845,125.2620
3042.0000,-1.7822,0.8969,45.9783,0.0004,1068.7625,1194.0122,125.2498
3043.0000,-1.7781,0.8969,45.9794,0.0004,1068.7024,1193.9400,125.2376
3044.0000,-1.7741,0.8969,45.9806,0.0004,1068.6423,1193.8678,125.2254
3045.0000,-1.7701,0.8968,45.9817,0.0004,1068.5823,1193.7956,125.2133
3046.0000,-1.7660,0.8968,45.9829,0.0004,1068.5224,1193.7235,125.2011
3047.0000,-1.7620,0.8968,45.9841,0.0004,1068.4624,1193.6514,125.1890
3048.0000,-1.7580,0.8967,45.9852,0.0004,1068.4025,1193.5794,125.1768
3049.0000,-1.7539,0.8967,45.9864,0.0004,1068.3427,1193.5074,125.1647
3050.0000,-1.7499,0.8966,45.9875,0.0004,1068.2829,1193.4354,125.1525
3051.0000,-1.7459,0.8966,45.9886,0.0004,1068.2231,1193.3635,125.1404
3052.0000,-1.7419,0.8966,45.9898,0.0004,1068.1633,1193.2916,125.1283
3053.0000,-1.7378,0.8965,45.9910,0.0004,1068.1036,1193.2197,125.1161
3054.0000,-1.7338,0.8965,45.9921,0.0004,1068.0439,1193.1479,125.1040
3055.0000,-1.7298,0.8965,45.9933,0.0004,1067.9843,1193.0762,125.0919
3056.0000,-1.7258,0.8964,45.9944,0.0004,1067.9247,1193.0044,125.0797
3057.0000,-1.7218,0.8964,45.9956,0.0004,1067.8651,1192.9327,125.0676
3058.0000,-1.7177,0.8964,45.9967,0.0004,1067.8056,1192.8611,125.0555
3059.0000,-1.7137,0.8963,45.9978,0.0004,1067.7461,1192.7894,125.0434
3060.0000,-1.7097,0.8963,45.9990,0.0004,1067.6866,1192.7178,125.0312
3061.0000,-1.7055,0.8962,46.0076,0.0004,1067.6419,1192.8269,125.1850
3062.0000,-1.7013,0.8962,46.0161,0.0004,1067.5971,1192.9338,125.3367
3063.0000,-1.6969,0.8962,46.0247,0.0004,1067.5525,1193.0393,125.4868
3064.0000,-1.6925,0.8961,46.0332,0.0004,1067.5079,1193.1435,125.6356
3065.0000,-1.6881,0.8961,46.0418,0.0004,1067.4635,1193.2467,125.7832
3066.0000,-1.6837,0.8961,46.0503,0.0004,1067.4192,1193.3490,125.9298
3067.0000,-1.6792,0.8960,46.0588,0.0004,1067.3750,1193.4504,126.0754
3068.0000,-1.6746,0.8960,46.0674,0.0004,1067.3310,1193.5511,126.2201
3069.0000,-1.6701,0.8959,46.0759,0.0004,1067.2871,1193.6511,126.3640
3070.0000,-1.6655,0.8959,46.0845,0.0004,1067.2434,1193.7505,126.5071
3071.0000,-1.6609,0.8959,46.0931,0.0004,1067.1998,1193.8493,126.6494
3072.0000,-1.6563,0.8958,46.1016,0.0004,1067.1564,1193.9475,126.7910
3073.0000,-1.6517,0.8958,46.1102,0.0004,1067.1132,1194.0451,126.9319
3074.0000,-1.6470,0.8958,46.1187,0.0004,1067.0701,1194.1423,127.0722
3075.0000,-1.6423,0.8957,46.1273,0.0004,1067.0272,1194.2389,127.2117
3076.0000,-1.6376,0.8957,46.1358,0.0004,1066.9845,1194.3351,127.3507
3077.0000,-1.6329,0.8957,46.1444,0.0004,1066.9419,1194.4309,127.4890
3078.0000,-1.6281,0.8956,46.1529,0.0004,1066.8995,1194.5262,127.6268
3079.0000,-1.6234,0.8956,46.1615,0.0004,1066.8572,1194.6211,127.7639
3080.0000,-1.6186,0.8956,46.1700,0.0004,1066.8151,1194.7156,127.9005
3081.0000,-1.6138,0.8955,46.1786,0.0004,1066.7732,1194.8097,128.0366
3082.0000,-1.6090,0.8955,46.1871,0.0004,1066.7314,1194.9035,128.1721
3083.0000,-1.6042,0.8955,46.1957,0.0004,1066.6898,1194.9969,128.3071
3084.0000,-1.5994,0.8954,46.2042,0.0004,1066.6483,1195.0899,128.4415
3085.0000,-1.5946,0.8954,46.2127,0.0004,1066.6071,1195.1826,128.5755
3086.0000,-1.5897,0.8954,46.2213,0.0004,1066.5659,1195.2749,128.7090
3087.0000,-1.5848,0.8953,46.2298,0.0004,1066.5250,1195.3670,128.8420
3088.0000,-1.5799,0.8953,46.2384,0.0004,1066.4842,1195.4587,128.9745
3089.0000,-1.5751,0.8953,46.2469,0.0004,1066.4435,1195.5501,129.1065
3090.0000,-1.5701,0.8952,46.2555,0.0004,1066.4031,1195.6412,129.2381
3091.0000,-1.5652,0.8952,46.2641,0.0004,1066.3627,1195.7320,129.3693
3092.0000,-1.5603,0.8952,46.2726,0.0004,1066.3226,1195.8225,129.5000
3093.0000,-1.5554,0.8951,46.2812,0.0004,1066.2826,1195.9128,129.6302
3094.0000,-1.5504,0.8951,46.2897,0.0004,1066.2427,1196.0028,129.7600
3095.0000,-1.5454,0.8951,46.2983,0.0004,1066.2031,1196.0925,129.8894
3096.0000,-1.5405,0.8950,46.3068,0.0004,1066.1635,1196.1819,130.0184
3097.0000,-1.5355,0.8950,46.3154,0.0004,1066.1241,1196.2711,130.1470
3098.0000,-1.5305,0.8950,46.3239,0.0004,1066.0849,1196.3601,130.2751
3099.0000,-1.5255,0.8949,46.3325,0.0004,1066.0459,1196.4487,130.4029
3100.0000,-1.5205,0.8949,46.3410,0.0004,1066.0070,1196.5372,130.5302
3101.0000,-1.5155,0.8949,46.3496,0.0004,1065.9682,1196.6254,130.6572
3102.0000,-1.5104,0.8948,46.3581,0.0004,1065.9296,1196.7134,130.7838
3103.0000,-1.5054,0.8948,46.3666,0.0004,1065.8911,1196.8011,130.9100
3104.0000,-1.5003,0.8948,46.3752,0.0004,1065.8529,1196.8886,131.0358
3105.0000,-1.4953,0.8947,46.3837,0.0004,1065.8147,1196.9759,131.1612
3106.0000,-1.4902,0.8947,46.3923,0.0004,1065.7767,1197.0630,131.2863
3107.0000,-1.4851,0.8947,46.4008,0.0004,1065.7389,1197.1498,131.4110
3108.0000,-1.4801,0.8946,46.4094,0.0004,1065.7012,1197.2365,131.5353
3109.0000,-1.4750,0.8946,46.4179,0.0004,1065.6636,1197.3229,131.6593
3110.0000,-1.4699,0.8946,46.4265,0.0004,1065.6263,1197.4092,131.7829
3111.0000,-1.4648,0.8945,46.4351,0.0004,1065.5890,1197.4952,131.9062
3112.0000,-1.4596,0.8945,46.4436,0.0004,1065.5519,1197.5810,132.0291
3113.0000,-1.4545,0.8945,46.4522,0.0004,1065.5150,1197.6667,132.1517
3114.0000,-1.4494,0.8945,46.4607,0.0004,1065.4782,1197.7521,132.2739
3115.0000,-1.4442,0.8944,46.4693,0.0004,1065.4415,1197.8373,132.3958
3116.0000,-1.4391,0.8944,46.4778,0.0004,1065.4050,1197.9224,132.5174
3117.0000,-1.4339,0.8944,46.4864,0.0004,1065.3687,1198.0073,132.6386
3118.0000,-1.4288,0.8943,46.4949,0.0004,1065.3325,1198.0920,132.7595
3119.0000,-1.4236,0.8943,46.5035,0.0004,1065.2964,1198.1765,132.8801
3120.0000,-1.4184,0.8943,46.5120,0.0004,1065.2605,1198.2608,133.0003
3121.0000,-1.4134,0.8942,46.5135,0.0004,1065.2115,1198.1729,132.9615
3122.0000,-1.4085,0.8942,46.5150,0.0004,1065.1626,1198.0869,132.9243
3123.0000,-1.4036,0.8942,46.5165,0.0004,1065.1138,1198.0022,132.8884
3124.0000,-1.3987,0.8942,46.5180,0.0004,1065.0651,1197.9185,132.8534
3125.0000,-1.3939,0.8941,46.5195,0.0004,1065.0165,1197.8357,132.8192
3126.0000,-1.3891,0.8941,46.5210,0.0004,1064.9679,1197.7536,132.7857
3127.0000,-1.3844,0.8941,46.5225,0.0004,1064.9194,1197.6722,132.7529
3128.0000,-1.3797,0.8940,46.5240,0.0004,1064.8708,1197.5914,132.7205
3129.0000,-1.3749,0.8940,46.5255,0.0004,1064.8223,1197.5111,132.6887
3130.0000,-1.3703,0.8940,46.5270,0.0004,1064.7739,1197.4313,132.6574
3131.0000,-1.3656,0.8940,46.5285,0.0004,1064.7254,1197.3519,132.6265
3132.0000,-1.3609,0.8939,46.5300,0.0004,1064.6770,1197.2729,132.5960
3133.0000,-1.3563,0.8939,46.5315,0.0004,1064.6285,1197.1944,132.5659
3134.0000,-1.3516,0.8939,46.5330,0.0004,1064.5801,1197.1162,132.5361
3135.0000,-1.3470,0.8938,46.5345,0.0004,1064.5317,1197.0384,132.5066
3136.0000,-1.3424,0.8938,46.5360,0.0004,1064.4833,1196.9609,132.4775
3137.0000,-1.3378,0.8938,46.5375,0.0004,1064.4350,1196.8837,132.4487
3138.0000,-1.3333,0.8937,46.5390,0.0004,1064.3866,1196.8068,132.4202
3139.0000,-1.3287,0.8937,46.5405,0.0004,1064.3383,1196.7302,132.3919
3140.0000,-1.3242,0.8937,46.5420,0.0004,1064.2899,1196.6538,132.3639
3141.0000,-1.3196,0.8937,46.5435,0.0004,1064.2416,1196.5777,132.3362
3142.0000,-1.3151,0.8936,46.5450,0.0004,1064.1933,1196.5019,132.3086
3143.0000,-1.3106,0.8936,46.5465,0.0004,1064.1449,1196.4263,132.2813
3144.0000,-1.3060,0.8936,46.5480,0.0004,1064.0966,1196.3509,132.2543
3145.0000,-1.3015,0.8935,46.5495,0.0004,1064.0483,1196.2758,132.2274
3146.0000,-1.2970,0.8935,46.5510,0.0004,1064.0001,1196.2008,132.2008
3147.0000,-1.2925,0.8935,46.5525,0.0004,1063.9518,1196.1261,132.1743
3148.0000,-1.2881,0.8935,46.5540,0.0004,1063.9035,1196.0515,132.1480
3149.0000,-1.2836,0.8934,46.5555,0.0004,1063.8553,1195.9772,132.1219
3150.0000,-1.2791,0.8934,46.5570,0.0004,1063.8070,1195.9030,132.0960
3151.0000,-1.2747,0.8934,46.5585,0.0004,1063.7588,1195.8290,132.0703
3152.0000,-1.2702,0.8933,46.5600,0.0004,1063.7106,1195.7552,132.0447
3153.0000,-1.2658,0.8933,46.5615,0.0004,1063.6624,1195.6816,132.0192
3154.0000,-1.2613,0.8933,46.5630,0.0004,1063.6141,1195.6081,131.9940
3155.0000,-1.2569,0.8933,46.5645,0.0004,1063.5660,1195.5348,131.9688
3156.0000,-1.2525,0.8932,46.5660,0.0004,1063.5178,1195.4616,131.9439
3157.0000,-1.2480,0.8932,46.5675,0.0004,1063.4696,1195.3886,131.9190
3158.0000,-1.2436,0.8932,46.5690,0.0004,1063.4214,1195.3158,131.8943
3159.0000,-1.2392,0.8931,46.5705,0.0004,1063.3733,1195.2430,131.8698
3160.0000,-1.2348,0.8931,46.5720,0.0004,1063.3251,1195.1705,131.8453
3161.0000,-1.2304,0.8931,46.5735,0.0004,1063.2770,1195.0980,131.8210
3162.0000,-1.2260,0.8931,46.5750,0.0004,1063.2289,1195.0257,131.7968
3163.0000,-1.2216,0.8930,46.5765,0.0004,1063.1808,1194.9535,131.7728
3164.0000,-1.2173,0.8930,46.5780,0.0004,1063.1327,1194.8815,131.7488
3165.0000,-1.2129,0.8930,46.5795,0.0004,1063.0846,1194.8096,131.7250
3166.0000,-1.2085,0.8929,46.5810,0.0004,1063.0365,1194.7378,131.7012
3167.0000,-1.2041,0.8929,46.5825,0.0004,1062.9885,1194.6661,131.6776
3168.0000,-1.1998,0.8929,46.5840,0.0004,1062.9404,1194.5945,131.6541
3169.0000,-1.1954,0.8929,46.5855,0.0004,1062.8924,1194.5230,131.6307
3170.0000,-1.1911,0.8928,46.5870,0.0004,1062.8443,1194.4517,131.6074
3171.0000,-1.1867,0.8928,46.5885,0.0004,1062.7963,1194.3805,131.5842
3172.0000,-1.1824,0.8928,46.5900,0.0004,1062.7483,1194.3094,131.5611
3173.0000,-1.1780,0.8927,46.5915,0.0004,1062.7003,1194.2383,131.5380
3174.0000,-1.1737,0.8927,46.5930,0.0004,1062.6523,1194.1674,131.5151
3175.0000,-1.1694,0.8927,46.5945,0.0004,1062.6044,1194.0966,131.4923
3176.0000,-1.1650,0.8926,46.5960,0.0004,1062.5564,1194.0259,131.4695
3177.0000,-1.1607,0.8926,46.5975,0.0004,1062.5085,1193.9553,131.4468
3178.0000,-1.1564,0.8926,46.5990,0.0004,1062.4605,1193.8848,131.4243
3179.0000,-1.1521,0.8926,46.6005,0.0004,1062.4126,1193.8144,131.4018
3180.0000,-1.1478,0.8925,46.6020,0.0004,1062.3647,1193.7440,131.3793
3181.0000,-1.1434,0.8925,46.6046,0.0004,1062.3228,1193.7020,131.3792
3182.0000,-1.1391,0.8925,46.6073,0.0004,1062.2808,1193.6597,131.3789
3183.0000,-1.1347,0.8924,46.6099,0.0004,1062.2388,1193.6173,131.3785
3184.0000,-1.1304,0.8924,46.6126,0.0004,1062.1968,1193.5748,131.3780
3185.0000,-1.1260,0.8924,46.6152,0.0004,1062.1548,1193.5323,131.3775
3186.0000,-1.1217,0.8924,46.6179,0.0004,1062.1128,1193.4897,131.3769
3187.0000,-1.1173,0.8923,46.6205,0.0004,1062.0708,1193.4471,131.3763
3188.0000,-1.1130,0.8923,46.6232,0.0004,1062.0288,1193.4045,131.3757
3189.0000,-1.1086,0.8923,46.6258,0.0004,1061.9868,1193.3618,131.3750
3190.0000,-1.1043,0.8922,46.6285,0.0004,1061.9449,1193.3192,131.3743
3191.0000,-1.0999,0.8922,46.6311,0.0004,1061.9029,1193.2765,131.3736
3192.0000,-1.0956,0.8922,46.6338,0.0004,1061.8610,1193.2338,131.3728
3193.0000,-1.0912,0.8922,46.6364,0.0004,1061.8190,1193.1911,131.3721
3194.0000,-1.0868,0.8921,46.6391,0.0004,1061.7771,1193.1485,131.3713
3195.0000,-1.0825,0.8921,46.6418,0.0004,1061.7352,1193.1058,131.3706
3196.0000,-1.0781,0.8921,46.6444,0.0004,1061.6933,1193.0631,131.3698
3197.0000,-1.0738,0.8920,46.6471,0.0004,1061.6515,1193.0204,131.3690
3198.0000,-1.0694,0.8920,46.6497,0.0004,1061.6096,1192.9778,131.3681
3199.0000,-1.0651,0.8920,46.6523,0.0004,1061.5678,1192.9351,131.3673
3200.0000,-1.0607,0.8920,46.6550,0.0004,1061.5260,1192.8925,131.3665
3201.0000,-1.0563,0.8919,46.6576,0.0004,1061.4842,1192.8499,131.3656
3202.0000,-1.0520,0.8919,46.6603,0.0004,1061.4425,1192.8073,131.3648
3203.0000,-1.0476,0.8919,46.6630,0.0004,1061.4008,1192.7647,131.3639
3204.0000,-1.0433,0.8918,46.6656,0.0004,1061.3590,1192.7221,131.3630
3205.0000,-1.0389,0.8918,46.6683,0.0004,1061.3173,1192.6795,131.3621
3206.0000,-1.0346,0.8918,46.6709,0.0004,1061.2757,1192.6369,131.3613
3207.0000,-1.0302,0.8918,46.6735,0.0004,1061.2340,1192.5944,131.3604
3208.0000,-1.0259,0.8917,46.6762,0.0004,1061.1924,1192.5519,131.3594
3209.0000,-1.0215,0.8917,46.6788,0.0004,1061.1508,1192.5093,131.3585
3210.0000,-1.0172,0.8917,46.6815,0.0004,1061.1092,1192.4668,131.3576
3211.0000,-1.0128,0.8916,46.6842,0.0004,1061.0677,1192.4244,131.3567
3212.0000,-1.0085,0.8916,46.6868,0.0004,1061.0261,1192.3819,131.3557
3213.0000,-1.0041,0.8916,46.6895,0.0004,1060.9846,1192.3394,131.3548
3214.0000,-0.9998,0.8916,46.6921,0.0004,1060.9432,1192.2970,131.3539
3215.0000,-0.9954,0.8915,46.6947,0.0004,1060.9017,1192.2546,131.3529
3216.0000,-0.9911,0.8915,46.6974,0.0004,1060.8603,1192.2122,131.3519
3217.0000,-0.9867,0.8915,46.7000,0.0004,1060.8189,1192.1698,131.3510
3218.0000,-0.9824,0.8914,46.7027,0.0004,1060.7775,1192.1275,131.3500
3219.0000,-0.9781,0.8914,46.7054,0.0004,1060.7361,1192.0851,131.3490
3220.0000,-0.9737,0.8914,46.7080,0.0004,1060.6948,1192.0428,131.3480
3221.0000,-0.9694,0.8914,46.7107,0.0004,1060.6535,1192.0005,131.3470
3222.0000,-0.9650,0.8913,46.7133,0.0004,1060.6122,1191.9582,131.3460
3223.0000,-0.9607,0.8913,46.7159,0.0004,1060.5709,1191.9159,131.3450
3224.0000,-0.9563,0.8913,46.7186,0.0004,1060.5297,1191.8737,131.3440
3225.0000,-0.9520,0.8912,46.7213,0.0004,1060.4885,1191.8314,131.3429
3226.0000,-0.9477,0.8912,46.7239,0.0004,1060.4473,1191.7892,131.3419
3227.0000,-0.9433,0.8912,46.7266,0.0004,1060.4062,1191.7470,131.3408
3228.0000,-0.9390,0.8912,46.7292,0.0004,1060.3650,1191.7048,131.3398
3229.0000,-0.9347,0.8911,46.7319,0.0004,1060.3239,1191.6627,131.3387
3230.0000,-0.9303,0.8911,46.7345,0.0004,1060.2829,1191.6205,131.3377
3231.0000,-0.9260,0.8911,46.7371,0.0004,1060.2418,1191.5784,131.3366
3232.0000,-0.9217,0.8911,46.7398,0.0004,1060.2008,1191.5363,131.3355
3233.0000,-0.9173,0.8910,46.7425,0.0004,1060.1598,1191.4942,131.3344
3234.0000,-0.9130,0.8910,46.7451,0.0004,1060.1188,1191.4521,131.3333
3235.0000,-0.9087,0.8910,46.7478,0.0004,1060.0779,1191.4101,131.3322
3236.0000,-0.9043,0.8909,46.7504,0.0004,1060.0370,1191.3680,131.3311
3237.0000,-0.9000,0.8909,46.7531,0.0004,1059.9961,1191.3260,131.3299
3238.0000,-0.8957,0.8909,46.7557,0.0004,1059.9552,1191.2840,131.3288
3239.0000,-0.8913,0.8909,46.7584,0.0004,1059.9144,1191.2420,131.3277
3240.0000,-0.8870,0.8908,46.7610,0.0004,1059.8736,1191.2001,131.3265
3241.0000,-0.8827,0.8908,46.7639,0.0004,1059.8326,1191.1634,131.3308
3242.0000,-0.8783,0.8908,46.7667,0.0004,1059.7916,1191.1266,131.3350
3243.0000,-0.8740,0.8907,46.7696,0.0004,1059.7507,1191.0899,131.3392
3244.0000,-0.8697,0.8907,46.7725,0.0004,1059.7098,1191.0531,131.3433
3245.0000,-0.8653,0.8907,46.7753,0.0004,1059.6690,1191.0163,131.3473
3246.0000,-0.8610,0.8907,46.7782,0.0004,1059.6281,1190.9795,131.3513
3247.0000,-0.8566,0.8906,46.7811,0.0004,1059.5874,1190.9426,131.3553
3248.0000,-0.8523,0.8906,46.7839,0.0004,1059.5466,1190.9058,131.3592
3249.0000,-0.8480,0.8906,46.7868,0.0004,1059.5059,1190.8689,131.3630
3250.0000,-0.8436,0.8906,46.7897,0.0004,1059.4652,1190.8321,131.3669
3251.0000,-0.8393,0.8905,46.7925,0.0004,1059.4246,1190.7952,131.3706
3252.0000,-0.8349,0.8905,46.7954,0.0004,1059.3840,1190.7584,131.3744
3253.0000,-0.8306,0.8905,46.7983,0.0004,1059.3434,1190.7215,131.3781
3254.0000,-0.8263,0.8904,46.8011,0.0004,1059.3029,1190.6847,131.3818
3255.0000,-0.8219,0.8904,46.8040,0.0004,1059.2624,1190.6478,131.3854
3256.0000,-0.8176,0.8904,46.8069,0.0004,1059.2219,1190.6109,131.3890
3257.0000,-0.8132,0.8904,46.8097,0.0004,1059.1814,1190.5741,131.3926
3258.0000,-0.8089,0.8903,46.8126,0.0004,1059.1410,1190.5372,131.3962
3259.0000,-0.8045,0.8903,46.8155,0.0004,1059.1007,1190.5004,131.3997
3260.0000,-0.8002,0.8903,46.8183,0.0004,1059.0603,1190.4635,131.4032
3261.0000,-0.7959,0.8902,46.8212,0.0004,1059.0200,1190.4267,131.4066
3262.0000,-0.7915,0.8902,46.8241,0.0004,1058.9798,1190.3898,131.4101
3263.0000,-0.7872,0.8902,46.8269,0.0004,1058.9395,1190.3530,131.4135
3264.0000,-0.7828,0.8902,46.8298,0.0004,1058.8993,1190.3161,131.4168
3265.0000,-0.7785,0.8901,46.8327,0.0004,1058.8591,1190.2793,131.4202
3266.0000,-0.7742,0.8901,46.8355,0.0004,1058.8190,1190.2425,131.4235
3267.0000,-0.7698,0.8901,46.8384,0.0004,1058.7789,1190.2056,131.4267
3268.0000,-0.7655,0.8901,46.8413,0.0004,1058.7388,1190.1688,131.4300
3269.0000,-0.7611,0.8900,46.8441,0.0004,1058.6988,1190.1320,131.4332
3270.0000,-0.7568,0.8900,46.8470,0.0004,1058.6588,1190.0952,131.4364
3271.0000,-0.7525,0.8900,46.8499,0.0004,1058.6188,1190.0584,131.4396
3272.0000,-0.7481,0.8900,46.8527,0.0004,1058.5789,1190.0216,131.4427
3273.0000,-0.7438,0.8899,46.8556,0.0004,1058.5390,1189.9848,131.4458
3274.0000,-0.7395,0.8899,46.8585,0.0004,1058.4991,1189.9480,131.4489
3275.0000,-0.7351,0.8899,46.8613,0.0004,1058.4592,1189.9112,131.4520
3276.0000,-0.7308,0.8898,46.8642,0.0004,1058.4194,1189.8744,131.4550
3277.0000,-0.7264,0.8898,46.8671,0.0004,1058.3797,1189.8377,131.4580
3278.0000,-0.7221,0.8898,46.8699,0.0004,1058.3399,1189.8009,131.4610
3279.0000,-0.7178,0.8898,46.8728,0.0004,1058.3002,1189.7642,131.4639
3280.0000,-0.7134,0.8897,46.8757,0.0004,1058.2605,1189.7274,131.4669
3281.0000,-0.7091,0.8897,46.8785,0.0004,1058.2209,1189.6907,131.4698
3282.0000,-0.7048,0.8897,46.8814,0.0004,1058.1813,1189.6539,131.4726
3283.0000,-0.7004,0.8897,46.8843,0.0004,1058.1417,1189.6172,131.4755
3284.0000,-0.6961,0.8896,46.8871,0.0004,1058.1022,1189.5805,131.4783
3285.0000,-0.6918,0.8896,46.8900,0.0004,1058.0626,1189.5438,131.4811
3286.0000,-0.6874,0.8896,46.8929,0.0004,1058.0232,1189.5070,131.4839
3287.0000,-0.6831,0.8895,46.8957,0.0004,1057.9837,1189.4703,131.4866
3288.0000,-0.6787,0.8895,46.8986,0.0004,1057.9443,1189.4336,131.4893
3289.0000,-0.6744,0.8895,46.9015,0.0004,1057.9049,1189.3970,131.4920
3290.0000,-0.6701,0.8895,46.9043,0.0004,1057.8656,1189.3603,131.4947
3291.0000,-0.6657,0.8894,46.9072,0.0004,1057.8263,1189.3236,131.4973
3292.0000,-0.6614,0.8894,46.9101,0.0004,1057.7870,1189.2869,131.5000
3293.0000,-0.6571,0.8894,46.9129,0.0004,1057.7477,1189.2503,131.5025
3294.0000,-0.6527,0.8894,46.9158,0.0004,1057.7085,1189.2136,131.5051
3295.0000,-0.6484,0.8893,46.9187,0.0004,1057.6693,1189.1770,131.5077
3296.0000,-0.6441,0.8893,46.9215,0.0004,1057.6302,1189.1403,131.5102
3297.0000,-0.6397,0.8893,46.9244,0.0004,1057.5911,1189.1037,131.5127
3298.0000,-0.6354,0.8893,46.9273,0.0004,1057.5520,1189.0671,131.5151
3299.0000,-0.6311,0.8892,46.9301,0.0004,1057.5129,1189.0305,131.5176
3300.0000,-0.6268,0.8892,46.9330,0.0004,1057.4739,1188.9939,131.5200
3301.0000,-0.6225,0.8892,46.9327,0.0004,1057.4373,1188.8790,131.4417
3302.0000,-0.6183,0.8892,46.9323,0.0004,1057.4007,1188.7652,131.3645
3303.0000,-0.6141,0.8891,46.9320,0.0004,1057.3639,1188.6521,131.2882
3304.0000,-0.6100,0.8891,46.9316,0.0004,1057.3271,1188.5397,131.2126
3305.0000,-0.6059,0.8891,46.9312,0.0004,1057.2902,1188.4278,131.1375
3306.0000,-0.6018,0.8890,46.9309,0.0004,1057.2533,1188.3163,131.0630
3307.0000,-0.5977,0.8890,46.9305,0.0004,1057.2163,1188.2053,130.9890
3308.0000,-0.5936,0.8890,46.9302,0.0004,1057.1792,1188.0946,130.9155
3309.0000,-0.5895,0.8890,46.9299,0.0004,1057.1420,1187.9844,130.8424
3310.0000,-0.5855,0.8889,46.9295,0.0004,1057.1048,1187.8744,130.7696
3311.0000,-0.5814,0.8889,46.9291,0.0004,1057.0675,1187.7648,130.6973
3312.0000,-0.5774,0.8889,46.9288,0.0004,1057.0301,1187.6554,130.6253
3313.0000,-0.5734,0.8889,46.9284,0.0004,1056.9927,1187.5464,130.5537
3314.0000,-0.5694,0.8888,46.9281,0.0004,1056.9552,1187.4376,130.4824
3315.0000,-0.5654,0.8888,46.9277,0.0004,1056.9176,1187.3290,130.4114
3316.0000,-0.5614,0.8888,46.9274,0.0004,1056.8800,1187.2208,130.3408
3317.0000,-0.5575,0.8887,46.9271,0.0004,1056.8423,1187.1127,130.2704
3318.0000,-0.5535,0.8887,46.9267,0.0004,1056.8046,1187.0049,130.2003
3319.0000,-0.5495,0.8887,46.9263,0.0004,1056.7668,1186.8973,130.1305
3320.0000,-0.5456,0.8887,46.9260,0.0004,1056.7290,1186.7899,130.0609
3321.0000,-0.5417,0.8886,46.9256,0.0004,1056.6911,1186.6827,129.9917
3322.0000,-0.5377,0.8886,46.9253,0.0004,1056.6531,1186.5758,129.9226
3323.0000,-0.5338,0.8886,46.9250,0.0004,1056.6151,1186.4690,129.8539
3324.0000,-0.5299,0.8886,46.9246,0.0004,1056.5771,1186.3624,129.7853
3325.0000,-0.5260,0.8885,46.9243,0.0004,1056.5390,1186.2560,129.7170
3326.0000,-0.5221,0.8885,46.9239,0.0004,1056.5008,1186.1498,129.6490
3327.0000,-0.5182,0.8885,46.9235,0.0004,1056.4626,1186.0437,129.5811
3328.0000,-0.5143,0.8884,46.9232,0.0004,1056.4244,1185.9379,129.5135
3329.0000,-0.5104,0.8884,46.9228,0.0004,1056.3861,1185.8322,129.4461
3330.0000,-0.5066,0.8884,46.9225,0.0004,1056.3477,1185.7266,129.3789
3331.0000,-0.5027,0.8884,46.9222,0.0004,1056.3093,1185.6212,129.3119
3332.0000,-0.4988,0.8883,46.9218,0.0004,1056.2709,1185.5160,129.2451
3333.0000,-0.4950,0.8883,46.9215,0.0004,1056.2324,1185.4109,129.1786
3334.0000,-0.4911,0.8883,46.9211,0.0004,1056.1938,1185.3060,129.1122
3335.0000,-0.4873,0.8883,46.9207,0.0004,1056.1553,1185.2013,129.0460
3336.0000,-0.4835,0.8882,46.9204,0.0004,1056.1166,1185.0966,128.9800
3337.0000,-0.4796,0.8882,46.9200,0.0004,1056.0780,1184.9922,128.9142
3338.0000,-0.4758,0.8882,46.9197,0.0004,1056.0393,1184.8878,128.8486
3339.0000,-0.4720,0.8881,46.9194,0.0004,1056.0005,1184.7836,128.7831
3340.0000,-0.4682,0.8881,46.9190,0.0004,1055.9617,1184.6796,128.7179
3341.0000,-0.4644,0.8881,46.9186,0.0004,1055.9229,1184.5757,128.6528
3342.0000,-0.4606,0.8881,46.9183,0.0004,1055.8840,1184.4719,128.5879
3343.0000,-0.4568,0.8880,46.9179,0.0004,1055.8451,1184.3682,128.5231
3344.0000,-0.4530,0.8880,46.9176,0.0004,1055.8061,1184.2647,128.4585
3345.0000,-0.4492,0.8880,46.9172,0.0004,1055.7671,1184.1613,128.3941
3346.0000,-0.4454,0.8879,46.9169,0.0004,1055.7281,1184.0580,128.3299
3347.0000,-0.4416,0.8879,46.9166,0.0004,1055.6890,1183.9548,128.2658
3348.0000,-0.4379,0.8879,46.9162,0.0004,1055.6499,1183.8518,128.2019
3349.0000,-0.4341,0.8879,46.9158,0.0004,1055.6107,1183.7488,128.1381
3350.0000,-0.4303,0.8878,46.9155,0.0004,1055.5715,1183.6460,128.0745
3351.0000,-0.4266,0.8878,46.9151,0.0004,1055.5323,1183.5434,128.0111
3352.0000,-0.4228,0.8878,46.9148,0.0004,1055.4930,1183.4408,127.9478
3353.0000,-0.4191,0.8877,46.9145,0.0004,1055.4537,1183.3383,127.8846
3354.0000,-0.4153,0.8877,46.9141,0.0004,1055.4144,1183.2360,127.8216
3355.0000,-0.4116,0.8877,46.9138,0.0004,1055.3750,1183.1337,127.7587
3356.0000,-0.4079,0.8877,46.9134,0.0004,1055.3356,1183.0316,127.6960
3357.0000,-0.4041,0.8876,46.9130,0.0004,1055.2961,1182.9296,127.6334
3358.0000,-0.4004,0.8876,46.9127,0.0004,1055.2566,1182.8277,127.5710
3359.0000,-0.3967,0.8876,46.9123,0.0004,1055.2171,1182.7259,127.5087
3360.0000,-0.3930,0.8875,46.9120,0.0004,1055.1776,1182.6241,127.4466
3361.0000,-0.3892,0.8875,46.9149,0.0004,1055.1368,1182.6029,127.4661
3362.0000,-0.3853,0.8875,46.9179,0.0004,1055.0961,1182.5806,127.4845
3363.0000,-0.3815,0.8875,46.9209,0.0004,1055.0554,1182.5577,127.5023
3364.0000,-0.3776,0.8874,46.9238,0.0004,1055.0149,1182.5343,127.5195
3365.0000,-0.3737,0.8874,46.9267,0.0004,1054.9743,1182.5105,127.5362
3366.0000,-0.3698,0.8874,46.9297,0.0004,1054.9339,1182.4863,127.5524
3367.0000,-0.3658,0.8873,46.9327,0.0004,1054.8935,1182.4618,127.5683
3368.0000,-0.3619,0.8873,46.9356,0.0004,1054.8532,1182.4370,127.5838
3369.0000,-0.3579,0.8873,46.9385,0.0004,1054.8129,1182.4119,127.5990
3370.0000,-0.3540,0.8873,46.9415,0.0004,1054.7727,1182.3866,127.6139
3371.0000,-0.3500,0.8872,46.9444,0.0004,1054.7326,1182.3611,127.6285
3372.0000,-0.3460,0.8872,46.9474,0.0004,1054.6925,1182.3354,127.6429
3373.0000,-0.3420,0.8872,46.9504,0.0004,1054.6525,1182.3095,127.6570
3374.0000,-0.3380,0.8871,46.9533,0.0004,1054.6126,1182.2834,127.6708
3375.0000,-0.3340,0.8871,46.9562,0.0004,1054.5727,1182.2571,127.6845
3376.0000,-0.3300,0.8871,46.9592,0.0004,1054.5328,1182.2307,127.6979
3377.0000,-0.3260,0.8871,46.9622,0.0004,1054.4931,1182.2042,127.7111
3378.0000,-0.3220,0.8870,46.9651,0.0004,1054.4533,1182.1775,127.7242
3379.0000,-0.3180,0.8870,46.9680,0.0004,1054.4137,1182.1507,127.7370
3380.0000,-0.3139,0.8870,46.9710,0.0004,1054.3741,1182.1237,127.7497
3381.0000,-0.3099,0.8870,46.9740,0.0004,1054.3345,1182.0967,127.7622
3382.0000,-0.3059,0.8869,46.9769,0.0004,1054.2950,1182.0695,127.7745
3383.0000,-0.3018,0.8869,46.9798,0.0004,1054.2556,1182.0422,127.7867
3384.0000,-0.2978,0.8869,46.9828,0.0004,1054.2162,1182.0149,127.7987
3385.0000,-0.2937,0.8868,46.9857,0.0004,1054.1768,1181.9874,127.8106
3386.0000,-0.2897,0.8868,46.9887,0.0004,1054.1375,1181.9598,127.8223
3387.0000,-0.2856,0.8868,46.9916,0.0004,1054.0983,1181.9322,127.8339
3388.0000,-0.2816,0.8868,46.9946,0.0004,1054.0591,1181.9044,127.8453
3389.0000,-0.2775,0.8867,46.9975,0.0004,1054.0200,1181.8766,127.8566
3390.0000,-0.2734,0.8867,47.0005,0.0004,1053.9809,1181.8487,127.8678
3391.0000,-0.2694,0.8867,47.0035,0.0004,1053.9418,1181.8207,127.8788
3392.0000,-0.2653,0.8867,47.0064,0.0004,1053.9028,1181.7926,127.8898
3393.0000,-0.2612,0.8866,47.0093,0.0004,1053.8639,1181.7645,127.9006
3394.0000,-0.2572,0.8866,47.0123,0.0004,1053.8250,1181.7363,127.9113
3395.0000,-0.2531,0.8866,47.0153,0.0004,1053.7862,1181.7080,127.9218
3396.0000,-0.2490,0.8865,47.0182,0.0004,1053.7474,1181.6797,127.9323
3397.0000,-0.2449,0.8865,47.0211,0.0004,1053.7086,1181.6513,127.9426
3398.0000,-0.2408,0.8865,47.0241,0.0004,1053.6699,1181.6228,127.9529
3399.0000,-0.2367,0.8865,47.0270,0.0004,1053.6313,1181.5943,127.9630
3400.0000,-0.2326,0.8864,47.0300,0.0004,1053.5927,1181.5657,127.9730
3401.0000,-0.2285,0.8864,47.0329,0.0004,1053.5541,1181.5371,127.9830
3402.0000,-0.2244,0.8864,47.0359,0.0004,1053.5156,1181.5084,127.9928
3403.0000,-0.2203,0.8864,47.0388,0.0004,1053.4772,1181.4797,128.0025
3404.0000,-0.2162,0.8863,47.0418,0.0004,1053.4388,1181.4509,128.0121
3405.0000,-0.2121,0.8863,47.0448,0.0004,1053.4004,1181.4220,128.0217
3406.0000,-0.2080,0.8863,47.0477,0.0004,1053.3621,1181.3932,128.0311
3407.0000,-0.2039,0.8862,47.0506,0.0004,1053.3238,1181.3642,128.0405
3408.0000,-0.1998,0.8862,47.0536,0.0004,1053.2855,1181.3353,128.0497
3409.0000,-0.1957,0.8862,47.0566,0.0004,1053.2474,1181.3062,128.0589
3410.0000,-0.1916,0.8862,47.0595,0.0004,1053.2092,1181.2772,128.0680
3411.0000,-0.1875,0.8861,47.0624,0.0004,1053.1711,1181.2481,128.0770
3412.0000,-0.1834,0.8861,47.0654,0.0004,1053.1331,1181.2189,128.0859
3413.0000,-0.1792,0.8861,47.0683,0.0004,1053.0951,1181.1898,128.0947
3414.0000,-0.1751,0.8861,47.0713,0.0004,1053.0571,1181.1605,128.1034
3415.0000,-0.1710,0.8860,47.0742,0.0004,1053.0192,1181.1313,128.1121
3416.0000,-0.1669,0.8860,47.0772,0.0004,1052.9813,1181.1020,128.1207
3417.0000,-0.1628,0.8860,47.0801,0.0004,1052.9435,1181.0727,128.1292
3418.0000,-0.1586,0.8860,47.0831,0.0004,1052.9057,1181.0433,128.1376
3419.0000,-0.1545,0.8859,47.0861,0.0004,1052.8679,1181.0139,128.1460
3420.0000,-0.1504,0.8859,47.0890,0.0004,1052.8302,1180.9845,128.1542
3421.0000,-0.1464,0.8859,47.0876,0.0004,1052.7937,1180.8503,128.0566
3422.0000,-0.1424,0.8859,47.0863,0.0004,1052.7571,1180.7175,127.9604
3423.0000,-0.1385,0.8858,47.0849,0.0004,1052.7205,1180.5857,127.8652
3424.0000,-0.1346,0.8858,47.0836,0.0004,1052.6838,1180.4546,127.7708
3425.0000,-0.1307,0.8858,47.0823,0.0004,1052.6469,1180.3242,127.6772
3426.0000,-0.1269,0.8857,47.0809,0.0004,1052.6101,1180.1943,127.5843
3427.0000,-0.1231,0.8857,47.0795,0.0004,1052.5731,1180.0650,127.4919
3428.0000,-0.1192,0.8857,47.0782,0.0004,1052.5360,1179.9362,127.4001
3429.0000,-0.1155,0.8857,47.0769,0.0004,1052.4989,1179.8077,127.3089
3430.0000,-0.1117,0.8856,47.0755,0.0004,1052.4617,1179.6797,127.2181
3431.0000,-0.1079,0.8856,47.0741,0.0004,1052.4244,1179.5521,127.1277
3432.0000,-0.1042,0.8856,47.0728,0.0004,1052.3870,1179.4248,127.0378
3433.0000,-0.1005,0.8856,47.0714,0.0004,1052.3495,1179.2979,126.9483
3434.0000,-0.0967,0.8855,47.0701,0.0004,1052.3120,1179.1712,126.8592
3435.0000,-0.0930,0.8855,47.0688,0.0004,1052.2744,1179.0449,126.7705
3436.0000,-0.0894,0.8855,47.0674,0.0004,1052.2368,1178.9189,126.6821
3437.0000,-0.0857,0.8854,47.0660,0.0004,1052.1990,1178.7932,126.5941
3438.0000,-0.0820,0.8854,47.0647,0.0004,1052.1612,1178.6677,126.5065
3439.0000,-0.0783,0.8854,47.0633,0.0004,1052.1233,1178.5425,126.4191
3440.0000,-0.0747,0.8854,47.0620,0.0004,1052.0854,1178.4175,126.3321
3441.0000,-0.0711,0.8853,47.0607,0.0004,1052.0474,1178.2928,126.2454
3442.0000,-0.0674,0.8853,47.0593,0.0004,1052.0093,1178.1683,126.1590
3443.0000,-0.0638,0.8853,47.0579,0.0004,1051.9712,1178.0441,126.0729
3444.0000,-0.0602,0.8853,47.0566,0.0004,1051.9330,1177.9200,125.9871
3445.0000,-0.0566,0.8852,47.0553,0.0004,1051.8947,1177.7962,125.9015
3446.0000,-0.0530,0.8852,47.0539,0.0004,1051.8564,1177.6726,125.8162
3447.0000,-0.0494,0.8852,47.0526,0.0004,1051.8180,1177.5492,125.7312
3448.0000,-0.0458,0.8851,47.0512,0.0004,1051.7796,1177.4260,125.6465
3449.0000,-0.0423,0.8851,47.0498,0.0004,1051.7411,1177.3030,125.5620
3450.0000,-0.0387,0.8851,47.0485,0.0004,1051.7025,1177.1802,125.4777
3451.0000,-0.0352,0.8851,47.0472,0.0004,1051.6639,1177.0576,125.3937
3452.0000,-0.0316,0.8850,47.0458,0.0004,1051.6252,1176.9351,125.3100
3453.0000,-0.0281,0.8850,47.0444,0.0004,1051.5864,1176.8129,125.2264
3454.0000,-0.0245,0.8850,47.0431,0.0004,1051.5476,1176.6908,125.1431
3455.0000,-0.0210,0.8850,47.0418,0.0004,1051.5088,1176.5688,125.0601
3456.0000,-0.0175,0.8849,47.0404,0.0004,1051.4699,1176.4471,124.9772
3457.0000,-0.0140,0.8849,47.0391,0.0004,1051.4309,1176.3255,124.8946
3458.0000,-0.0105,0.8849,47.0377,0.0004,1051.3919,1176.2041,124.8122
3459.0000,-0.0070,0.8848,47.0363,0.0004,1051.3528,1176.0828,124.7300
3460.0000,-0.0035,0.8848,47.0350,0.0004,1051.3137,1175.9617,124.6480
3461.0000,0.0000,0.8848,47.0337,0.0004,1051.2745,1175.8407,124.5662
3462.0000,0.0035,0.8848,47.0323,0.0004,1051.2352,1175.7199,124.4847
3463.0000,0.0070,0.8847,47.0310,0.0004,1051.1960,1175.5993,124.4033
3464.0000,0.0105,0.8847,47.0296,0.0004,1051.1566,1175.4787,124.3221
3465.0000,0.0139,0.8847,47.0282,0.0004,1051.1172,1175.3584,124.2411
3466.0000,0.0174,0.8846,47.0269,0.0004,1051.0778,1175.2381,124.1604
3467.0000,0.0208,0.8846,47.0256,0.0004,1051.0383,1175.1180,124.0798
3468.0000,0.0243,0.8846,47.0242,0.0004,1050.9987,1174.9981,123.9994
3469.0000,0.0277,0.8846,47.0229,0.0004,1050.9591,1174.8783,123.9191
3470.0000,0.0312,0.8845,47.0215,0.0004,1050.9195,1174.7586,123.8391
3471.0000,0.0346,0.8845,47.0202,0.0004,1050.8798,1174.6390,123.7593
3472.0000,0.0380,0.8845,47.0188,0.0004,1050.8400,1174.5196,123.6796
3473.0000,0.0414,0.8844,47.0175,0.0004,1050.8002,1174.4003,123.6001
3474.0000,0.0449,0.8844,47.0161,0.0004,1050.7604,1174.2811,123.5208
3475.0000,0.0483,0.8844,47.0147,0.0004,1050.7205,1174.1621,123.4416
3476.0000,0.0517,0.8843,47.0134,0.0004,1050.6805,1174.0432,123.3626
3477.0000,0.0551,0.8843,47.0121,0.0004,1050.6406,1173.9244,123.2838
3478.0000,0.0585,0.8843,47.0107,0.0004,1050.6005,1173.8057,123.2052
3479.0000,0.0619,0.8843,47.0094,0.0004,1050.5604,1173.6872,123.1267
3480.0000,0.0653,0.8842,47.0080,0.0004,1050.5203,1173.5687,123.0484
3481.0000,0.0687,0.8842,47.0097,0.0004,1050.4777,1173.5250,123.0473
3482.0000,0.0722,0.8842,47.0114,0.0004,1050.4352,1173.4804,123.0452
3483.0000,0.0757,0.8841,47.0132,0.0004,1050.3927,1173.4352,123.0425
3484.0000,0.0793,0.8841,47.0149,0.0004,1050.3503,1173.3895,123.0392
3485.0000,0.0828,0.8841,47.0166,0.0004,1050.3079,1173.3435,123.0355
3486.0000,0.0864,0.8841,47.0183,0.0004,1050.2656,1173.2971,123.0315
3487.0000,0.0900,0.8840,47.0200,0.0004,1050.2234,1173.2504,123.0270
3488.0000,0.0936,0.8840,47.0217,0.0004,1050.1812,1173.2035,123.0223
3489.0000,0.0972,0.8840,47.0235,0.0004,1050.1391,1173.1563,123.0173
3490.0000,0.1008,0.8839,47.0252,0.0004,1050.0970,1173.1090,123.0120
3491.0000,0.1044,0.8839,47.0269,0.0004,1050.0549,1173.0614,123.0065
3492.0000,0.1081,0.8839,47.0286,0.0004,1050.0129,1173.0137,123.0008
3493.0000,0.1117,0.8839,47.0303,0.0004,1049.9710,1172.9658,122.9948
3494.0000,0.1153,0.8838,47.0320,0.0004,1049.9291,1172.9178,122.9887
3495.0000,0.1190,0.8838,47.0338,0.0004,1049.8872,1172.8696,122.9824
3496.0000,0.1226,0.8838,47.0355,0.0004,1049.8454,1172.8213,122.9759
3497.0000,0.1263,0.8837,47.0372,0.0004,1049.8036,1172.7729,122.9692
3498.0000,0.1299,0.8837,47.0389,0.0004,1049.7619,1172.7244,122.9624
3499.0000,0.1336,0.8837,47.0406,0.0004,1049.7202,1172.6757,122.9555
3500.0000,0.1373,0.8837,47.0423,0.0004,1049.6786,1172.6270,122.9484
3501.0000,0.1409,0.8836,47.0440,0.0004,1049.6370,1172.5781,122.9411
3502.0000,0.1446,0.8836,47.0458,0.0004,1049.5954,1172.5292,122.9338
3503.0000,0.1483,0.8836,47.0475,0.0004,1049.5539,1172.4802,122.9263
3504.0000,0.1520,0.8835,47.0492,0.0004,1049.5124,1172.4311,122.9187
3505.0000,0.1556,0.8835,47.0509,0.0004,1049.4710,1172.3819,122.9109
3506.0000,0.1593,0.8835,47.0526,0.0004,1049.4296,1172.3327,122.9031
3507.0000,0.1630,0.8835,47.0543,0.0004,1049.3882,1172.2834,122.8951
3508.0000,0.1667,0.8834,47.0561,0.0004,1049.3469,1172.2340,122.8871
3509.0000,0.1704,0.8834,47.0578,0.0004,1049.3056,1172.1845,122.8789
3510.0000,0.1741,0.8834,47.0595,0.0004,1049.2643,1172.1350,122.8707
3511.0000,0.1778,0.8833,47.0612,0.0004,1049.2231,1172.0854,122.8623
3512.0000,0.1815,0.8833,47.0629,0.0004,1049.1819,1172.0358,122.8539
3513.0000,0.1852,0.8833,47.0647,0.0004,1049.1408,1171.9861,122.8454
3514.0000,0.1889,0.8833,47.0664,0.0004,1049.0997,1171.9364,122.8367
3515.0000,0.1926,0.8832,47.0681,0.0004,1049.0586,1171.8866,122.8280
3516.0000,0.1963,0.8832,47.0698,0.0004,1049.0176,1171.8368,122.8193
3517.0000,0.2000,0.8832,47.0715,0.0004,1048.9765,1171.7869,122.8104
3518.0000,0.2038,0.8832,47.0732,0.0004,1048.9356,1171.7370,122.8015
3519.0000,0.2075,0.8831,47.0750,0.0004,1048.8946,1171.6871,122.7925
3520.0000,0.2112,0.8831,47.0767,0.0004,1048.8537,1171.6371,122.7834
3521.0000,0.2149,0.8831,47.0784,0.0004,1048.8128,1171.5871,122.7742
3522.0000,0.2186,0.8830,47.0801,0.0004,1048.7720,1171.5370,122.7650
3523.0000,0.2223,0.8830,47.0818,0.0004,1048.7312,1171.4869,122.7557
3524.0000,0.2261,0.8830,47.0835,0.0004,1048.6904,1171.4367,122.7463
3525.0000,0.2298,0.8830,47.0853,0.0004,1048.6497,1171.3866,122.7369
3526.0000,0.2335,0.8829,47.0870,0.0004,1048.6089,1171.3364,122.7274
3527.0000,0.2372,0.8829,47.0887,0.0004,1048.5683,1171.2861,122.7179
3528.0000,0.2410,0.8829,47.0904,0.0004,1048.5276,1171.2359,122.7083
3529.0000,0.2447,0.8828,47.0921,0.0004,1048.4870,1171.1856,122.6986
3530.0000,0.2484,0.8828,47.0938,0.0004,1048.4464,1171.1353,122.6889
3531.0000,0.2522,0.8828,47.0955,0.0004,1048.4058,1171.0849,122.6791
3532.0000,0.2559,0.8828,47.0973,0.0004,1048.3653,1171.0345,122.6692
3533.0000,0.2596,0.8827,47.0990,0.0004,1048.3248,1170.9841,122.6593
3534.0000,0.2634,0.8827,47.1007,0.0004,1048.2844,1170.9337,122.6494
3535.0000,0.2671,0.8827,47.1024,0.0004,1048.2439,1170.8833,122.6394
3536.0000,0.2708,0.8827,47.1041,0.0004,1048.2035,1170.8328,122.6293
3537.0000,0.2746,0.8826,47.1058,0.0004,1048.1631,1170.7823,122.6192
3538.0000,0.2783,0.8826,47.1076,0.0004,1048.1228,1170.7318,122.6090
3539.0000,0.2820,0.8826,47.1093,0.0004,1048.0825,1170.6813,122.5988
3540.0000,0.2858,0.8825,47.1110,0.0004,1048.0422,1170.6308,122.5886
3541.0000,0.2896,0.8825,47.1172,0.0004,1048.0092,1170.6904,122.6812
3542.0000,0.2935,0.8825,47.1235,0.0004,1047.9762,1170.7486,122.7724
3543.0000,0.2975,0.8825,47.1297,0.0004,1047.9433,1170.8059,122.8626
3544.0000,0.3014,0.8824,47.1359,0.0004,1047.9105,1170.8624,122.9519
3545.0000,0.3054,0.8824,47.1422,0.0004,1047.8778,1170.9182,123.0404
3546.0000,0.3095,0.8824,47.1484,0.0004,1047.8452,1170.9733,123.1282
3547.0000,0.3135,0.8824,47.1546,0.0004,1047.8126,1171.0280,123.2153
3548.0000,0.3176,0.8823,47.1609,0.0004,1047.7802,1171.0821,123.3019
3549.0000,0.3217,0.8823,47.1671,0.0004,1047.7479,1171.1357,123.3879
3550.0000,0.3258,0.8823,47.1733,0.0004,1047.7157,1171.1890,123.4733
3551.0000,0.3299,0.8823,47.1796,0.0004,1047.6836,1171.2418,123.5582
3552.0000,0.3340,0.8822,47.1858,0.0004,1047.6515,1171.2942,123.6426
3553.0000,0.3382,0.8822,47.1920,0.0004,1047.6197,1171.3462,123.7266
3554.0000,0.3423,0.8822,47.1983,0.0004,1047.5879,1171.3979,123.8101
3555.0000,0.3465,0.8821,47.2045,0.0004,1047.5562,1171.4493,123.8931
3556.0000,0.3507,0.8821,47.2107,0.0004,1047.5246,1171.5003,123.9757
3557.0000,0.3549,0.8821,47.2170,0.0004,1047.4932,1171.5511,124.0579
3558.0000,0.3591,0.8821,47.2232,0.0004,1047.4618,1171.6015,124.1397
3559.0000,0.3634,0.8820,47.2294,0.0004,1047.4306,1171.6516,124.2211
3560.0000,0.3676,0.8820,47.2357,0.0004,1047.3994,1171.7015,124.3021
3561.0000,0.3719,0.8820,47.2419,0.0004,1047.3684,1171.7511,124.3827
3562.0000,0.3761,0.8820,47.2481,0.0004,1047.3375,1171.8004,124.4630
3563.0000,0.3804,0.8819,47.2544,0.0004,1047.3067,1171.8495,124.5429
3564.0000,0.3847,0.8819,47.2606,0.0004,1047.2760,1171.8984,124.6224
3565.0000,0.3890,0.8819,47.2668,0.0004,1047.2454,1171.9470,124.7016
3566.0000,0.3933,0.8819,47.2731,0.0004,1047.2149,1171.9953,124.7805
3567.0000,0.3976,0.8818,47.2793,0.0004,1047.1845,1172.0435,124.8590
3568.0000,0.4019,0.8818,47.2855,0.0004,1047.1542,1172.0914,124.9372
3569.0000,0.4062,0.8818,47.2918,0.0004,1047.1240,1172.1391,125.0151
3570.0000,0.4105,0.8818,47.2980,0.0004,1047.0939,1172.1866,125.0927
3571.0000,0.4149,0.8817,47.3042,0.0004,1047.0639,1172.2339,125.1699
3572.0000,0.4192,0.8817,47.3105,0.0004,1047.0341,1172.2810,125.2469
3573.0000,0.4236,0.8817,47.3167,0.0004,1047.0043,1172.3279,125.3236
3574.0000,0.4280,0.8817,47.3229,0.0004,1046.9746,1172.3746,125.3999
3575.0000,0.4323,0.8816,47.3292,0.0004,1046.9451,1172.4211,125.4760
3576.0000,0.4367,0.8816,47.3354,0.0004,1046.9156,1172.4674,125.5518
3577.0000,0.4411,0.8816,47.3416,0.0004,1046.8862,1172.5136,125.6273
3578.0000,0.4455,0.8816,47.3479,0.0004,1046.8570,1172.5595,125.7025
3579.0000,0.4499,0.8815,47.3541,0.0004,1046.8278,1172.6053,125.7775
3580.0000,0.4543,0.8815,47.3603,0.0004,1046.7988,1172.6509,125.8522
3581.0000,0.4587,0.8815,47.3666,0.0004,1046.7698,1172.6964,125.9266
3582.0000,0.4631,0.8815,47.3728,0.0004,1046.7409,1172.7417,126.0007
3583.0000,0.4676,0.8814,47.3790,0.0004,1046.7122,1172.7868,126.0746
3584.0000,0.4720,0.8814,47.3853,0.0004,1046.6835,1172.8318,126.1483
3585.0000,0.4764,0.8814,47.3915,0.0004,1046.6549,1172.8766,126.2216
3586.0000,0.4809,0.8814,47.3977,0.0004,1046.6265,1172.9212,126.2948
3587.0000,0.4853,0.8814,47.4040,0.0004,1046.5981,1172.9657,126.3676
3588.0000,0.4898,0.8813,47.4102,0.0004,1046.5698,1173.0101,126.4403
3589.0000,0.4943,0.8813,47.4164,0.0004,1046.5417,1173.0543,126.5126
3590.0000,0.4987,0.8813,47.4227,0.0004,1046.5136,1173.0984,126.5848
3591.0000,0.5032,0.8813,47.4289,0.0004,1046.4856,1173.1423,126.6567
3592.0000,0.5077,0.8812,47.4351,0.0004,1046.4577,1173.1861,126.7284
3593.0000,0.5122,0.8812,47.4414,0.0004,1046.4299,1173.2297,126.7998
3594.0000,0.5167,0.8812,47.4476,0.0004,1046.4022,1173.2732,126.8710
3595.0000,0.5212,0.8812,47.4538,0.0004,1046.3746,1173.3166,126.9420
3596.0000,0.5257,0.8811,47.4601,0.0004,1046.3471,1173.3598,127.0127
3597.0000,0.5302,0.8811,47.4663,0.0004,1046.3197,1173.4029,127.0832
3598.0000,0.5347,0.8811,47.4725,0.0004,1046.2924,1173.4459,127.1535
3599.0000,0.5392,0.8811,47.4788,0.0004,1046.2651,1173.4887,127.2236
3600.0000,0.5437,0.8811,47.4850,0.0004,1046.2380,1173.5315,127.2935
3601.0000,0.5481,0.8810,47.4852,0.0004,1046.2016,1173.4273,127.2257
3602.0000,0.5524,0.8810,47.4854,0.0004,1046.1653,1173.3249,127.1595
3603.0000,0.5567,0.8810,47.4856,0.0004,1046.1291,1173.2236,127.0945
3604.0000,0.5609,0.8810,47.4859,0.0004,1046.0929,1173.1232,127.0303
3605.0000,0.5651,0.8809,47.4861,0.0004,1046.0566,1173.0236,126.9670
3606.0000,0.5693,0.8809,47.4863,0.0004,1046.0204,1172.9247,126.9043
3607.0000,0.5735,0.8809,47.4865,0.0004,1045.9842,1172.8264,126.8422
3608.0000,0.5776,0.8809,47.4867,0.0004,1045.9479,1172.7286,126.7807
3609.0000,0.5817,0.8809,47.4870,0.0004,1045.9117,1172.6313,126.7196
3610.0000,0.5858,0.8808,47.4872,0.0004,1045.8754,1172.5345,126.6591
3611.0000,0.5899,0.8808,47.4874,0.0004,1045.8391,1172.4381,126.5990
3612.0000,0.5939,0.8808,47.4876,0.0004,1045.8028,1172.3421,126.5393
3613.0000,0.5980,0.8808,47.4878,0.0004,1045.7665,1172.2465,126.4800
3614.0000,0.6020,0.8807,47.4880,0.0004,1045.7302,1172.1512,126.4210
3615.0000,0.6060,0.8807,47.4883,0.0004,1045.6938,1172.0562,126.3624
3616.0000,0.6100,0.8807,47.4885,0.0004,1045.6574,1171.9616,126.3042
3617.0000,0.6140,0.8807,47.4887,0.0004,1045.6210,1171.8672,126.2462
3618.0000,0.6180,0.8806,47.4889,0.0004,1045.5846,1171.7732,126.1886
3619.0000,0.6219,0.8806,47.4891,0.0004,1045.5482,1171.6794,126.1313
3620.0000,0.6259,0.8806,47.4893,0.0004,1045.5117,1171.5859,126.0742
3621.0000,0.6298,0.8806,47.4896,0.0004,1045.4752,1171.4926,126.0174
3622.0000,0.6338,0.8806,47.4898,0.0004,1045.4387,1171.3996,125.9609
3623.0000,0.6377,0.8805,47.4900,0.0004,1045.4022,1171.3068,125.9046
3624.0000,0.6416,0.8805,47.4902,0.0004,1045.3657,1171.2142,125.8486
3625.0000,0.6455,0.8805,47.4904,0.0004,1045.3291,1171.1219,125.7928
3626.0000,0.6494,0.8805,47.4906,0.0004,1045.2925,1171.0297,125.7372
3627.0000,0.6533,0.8804,47.4909,0.0004,1045.2559,1170.9378,125.6819
3628.0000,0.6572,0.8804,47.4911,0.0004,1045.2193,1170.8461,125.6268
3629.0000,0.6611,0.8804,47.4913,0.0004,1045.1827,1170.7545,125.5719
3630.0000,0.6650,0.8804,47.4915,0.0004,1045.1460,1170.6631,125.5171
3631.0000,0.6688,0.8804,47.4917,0.0004,1045.1093,1170.5720,125.4626
3632.0000,0.6727,0.8803,47.4919,0.0004,1045.0726,1170.4809,125.4083
3633.0000,0.6765,0.8803,47.4921,0.0004,1045.0359,1170.3901,125.3542
3634.0000,0.6804,0.8803,47.4924,0.0004,1044.9992,1170.2994,125.3003
3635.0000,0.6842,0.8803,47.4926,0.0004,1044.9624,1170.2089,125.2465
3636.0000,0.6881,0.8802,47.4928,0.0004,1044.9257,1170.1186,125.1929
3637.0000,0.6919,0.8802,47.4930,0.0004,1044.8889,1170.0284,125.1395
3638.0000,0.6957,0.8802,47.4932,0.0004,1044.8521,1169.9383,125.0863
3639.0000,0.6995,0.8802,47.4934,0.0004,1044.8153,1169.8484,125.0332
3640.0000,0.7033,0.8801,47.4937,0.0004,1044.7784,1169.7587,124.9803
3641.0000,0.7071,0.8801,47.4939,0.0004,1044.7416,1169.6691,124.9275
3642.0000,0.7109,0.8801,47.4941,0.0004,1044.7047,1169.5796,124.8749
3643.0000,0.7147,0.8801,47.4943,0.0004,1044.6678,1169.4903,124.8225
3644.0000,0.7185,0.8801,47.4945,0.0004,1044.6309,1169.4011,124.7702
3645.0000,0.7223,0.8800,47.4947,0.0004,1044.5940,1169.3120,124.7180
3646.0000,0.7260,0.8800,47.4950,0.0004,1044.5570,1169.2230,124.6660
3647.0000,0.7298,0.8800,47.4952,0.0004,1044.5201,1169.1342,124.6141
3648.0000,0.7336,0.8800,47.4954,0.0004,1044.4831,1169.0455,124.5624
3649.0000,0.7373,0.8799,47.4956,0.0004,1044.4461,1168.9569,124.5108
3650.0000,0.7411,0.8799,47.4958,0.0004,1044.4091,1168.8685,124.4594
3651.0000,0.7448,0.8799,47.4960,0.0004,1044.3721,1168.7802,124.4081
3652.0000,0.7486,0.8799,47.4963,0.0004,1044.3351,1168.6919,124.3569
3653.0000,0.7523,0.8799,47.4965,0.0004,1044.2980,1168.6038,124.3058
3654.0000,0.7561,0.8798,47.4967,0.0004,1044.2609,1168.5158,124.2549
3655.0000,0.7598,0.8798,47.4969,0.0004,1044.2239,1168.4279,124.2041
3656.0000,0.7635,0.8798,47.4971,0.0004,1044.1868,1168.3401,124.1534
3657.0000,0.7673,0.8798,47.4973,0.0004,1044.1497,1168.2525,124.1028
3658.0000,0.7710,0.8797,47.4976,0.0004,1044.1125,1168.1649,124.0523
3659.0000,0.7747,0.8797,47.4978,0.0004,1044.0754,1168.0774,124.0020
3660.0000,0.7784,0.8797,47.4980,0.0004,1044.0382,1167.9900,123.9518
3661.0000,0.7822,0.8797,47.5005,0.0004,1044.0050,1167.9577,123.9526
3662.0000,0.7859,0.8796,47.5029,0.0004,1043.9718,1167.9247,123.9529
3663.0000,0.7897,0.8796,47.5054,0.0004,1043.9385,1167.8914,123.9528
3664.0000,0.7936,0.8796,47.5079,0.0004,1043.9053,1167.8577,123.9525
3665.0000,0.7974,0.8796,47.5103,0.0004,1043.8721,1167.8239,123.9518
3666.0000,0.8012,0.8796,47.5128,0.0004,1043.8389,1167.7898,123.9510
3667.0000,0.8050,0.8795,47.5153,0.0004,1043.8057,1167.7556,123.9499
3668.0000,0.8089,0.8795,47.5177,0.0004,1043.7725,1167.7212,123.9487
3669.0000,0.8127,0.8795,47.5202,0.0004,1043.7394,1167.6866,123.9473
3670.0000,0.8166,0.8795,47.5227,0.0004,1043.7062,1167.6520,123.9458
3671.0000,0.8204,0.8794,47.5251,0.0004,1043.6731,1167.6172,123.9441
3672.0000,0.8243,0.8794,47.5276,0.0004,1043.6401,1167.5824,123.9423
3673.0000,0.8282,0.8794,47.5301,0.0004,1043.6070,1167.5474,123.9404
3674.0000,0.8320,0.8794,47.5325,0.0004,1043.5740,1167.5124,123.9384
3675.0000,0.8359,0.8793,47.5350,0.0004,1043.5410,1167.4772,123.9362
3676.0000,0.8398,0.8793,47.5375,0.0004,1043.5081,1167.4421,123.9340
3677.0000,0.8437,0.8793,47.5399,0.0004,1043.4751,1167.4068,123.9317
3678.0000,0.8475,0.8793,47.5424,0.0004,1043.4422,1167.3715,123.9293
3679.0000,0.8514,0.8793,47.5449,0.0004,1043.4093,1167.3361,123.9268
3680.0000,0.8553,0.8792,47.5473,0.0004,1043.3765,1167.3006,123.9242
3681.0000,0.8592,0.8792,47.5498,0.0004,1043.3436,1167.2652,123.9215
3682.0000,0.8631,0.8792,47.5523,0.0004,1043.3108,1167.2296,123.9188
3683.0000,0.8670,0.8792,47.5547,0.0004,1043.2780,1167.1940,123.9160
3684.0000,0.8709,0.8791,47.5572,0.0004,1043.2453,1167.1584,123.9131
3685.0000,0.8748,0.8791,47.5597,0.0004,1043.2125,1167.1227,123.9102
3686.0000,0.8787,0.8791,47.5621,0.0004,1043.1798,1167.0870,123.9072
3687.0000,0.8825,0.8791,47.5646,0.0004,1043.1472,1167.0513,123.9041
3688.0000,0.8864,0.8790,47.5671,0.0004,1043.1145,1167.0155,123.9010
3689.0000,0.8903,0.8790,47.5695,0.0004,1043.0819,1166.9797,123.8978
3690.0000,0.8942,0.8790,47.5720,0.0004,1043.0493,1166.9439,123.8946
3691.0000,0.8981,0.8790,47.5745,0.0004,1043.0167,1166.9080,123.8913
3692.0000,0.9021,0.8790,47.5769,0.0004,1042.9842,1166.8721,123.8879
3693.0000,0.9060,0.8789,47.5794,0.0004,1042.9517,1166.8362,123.8845
3694.0000,0.9099,0.8789,47.5819,0.0004,1042.9192,1166.8002,123.8810
3695.0000,0.9138,0.8789,47.5843,0.0004,1042.8867,1166.7642,123.8775
3696.0000,0.9177,0.8789,47.5868,0.0004,1042.8543,1166.7282,123.8739
3697.0000,0.9216,0.8788,47.5893,0.0004,1042.8219,1166.6922,123.8703
3698.0000,0.9255,0.8788,47.5917,0.0004,1042.7895,1166.6562,123.8667
3699.0000,0.9294,0.8788,47.5942,0.0004,1042.7571,1166.6201,123.8630
3700.0000,0.9333,0.8788,47.5967,0.0004,1042.7248,1166.5840,123.8592
3701.0000,0.9372,0.8788,47.5991,0.0004,1042.6925,1166.5479,123.8554
3702.0000,0.9411,0.8787,47.6016,0.0004,1042.6602,1166.5118,123.8516
3703.0000,0.9450,0.8787,47.6041,0.0004,1042.6279,1166.4757,123.8477
3704.0000,0.9490,0.8787,47.6065,0.0004,1042.5957,1166.4395,123.8438
3705.0000,0.9529,0.8787,47.6090,0.0004,1042.5635,1166.4034,123.8398
3706.0000,0.9568,0.8786,47.6115,0.0004,1042.5313,1166.3672,123.8358
3707.0000,0.9607,0.8786,47.6139,0.0004,1042.4992,1166.3310,123.8318
3708.0000,0.9646,0.8786,47.6164,0.0004,1042.4671,1166.2948,123.8277
3709.0000,0.9685,0.8786,47.6189,0.0004,1042.4350,1166.2586,123.8236
3710.0000,0.9724,0.8786,47.6213,0.0004,1042.4029,1166.2223,123.8195
3711.0000,0.9764,0.8785,47.6238,0.0004,1042.3708,1166.1861,123.8153
3712.0000,0.9803,0.8785,47.6263,0.0004,1042.3388,1166.1498,123.8110
3713.0000,0.9842,0.8785,47.6287,0.0004,1042.3068,1166.1136,123.8068
3714.0000,0.9881,0.8785,47.6312,0.0004,1042.2748,1166.0773,123.8025
3715.0000,0.9920,0.8784,47.6337,0.0004,1042.2429,1166.0410,123.7981
3716.0000,0.9959,0.8784,47.6361,0.0004,1042.2110,1166.0047,123.7938
3717.0000,0.9999,0.8784,47.6386,0.0004,1042.1791,1165.9684,123.7894
3718.0000,1.0038,0.8784,47.6411,0.0004,1042.1472,1165.9321,123.7849
3719.0000,1.0077,0.8784,47.6435,0.0004,1042.1154,1165.8958,123.7805
3720.0000,1.0116,0.8783,47.6460,0.0004,1042.0835,1165.8595,123.7760
3721.0000,1.0156,0.8783,47.6492,0.0004,1042.0487,1165.8418,123.7931
3722.0000,1.0195,0.8783,47.6525,0.0004,1042.0139,1165.8237,123.8098
3723.0000,1.0235,0.8783,47.6557,0.0004,1041.9792,1165.8055,123.8263
3724.0000,1.0275,0.8782,47.6589,0.0004,1041.9446,1165.7871,123.8425
3725.0000,1.0314,0.8782,47.6622,0.0004,1041.9100,1165.7685,123.8585
3726.0000,1.0354,0.8782,47.6654,0.0004,1041.8755,1165.7498,123.8744
3727.0000,1.0394,0.8782,47.6686,0.0004,1041.8411,1165.7310,123.8900
3728.0000,1.0434,0.8782,47.6719,0.0004,1041.8067,1165.7121,123.9054
3729.0000,1.0474,0.8781,47.6751,0.0004,1041.7724,1165.6931,123.9208
3730.0000,1.0514,0.8781,47.6783,0.0004,1041.7381,1165.6740,123.9359
3731.0000,1.0554,0.8781,47.6816,0.0004,1041.7040,1165.6549,123.9509
3732.0000,1.0594,0.8781,47.6848,0.0004,1041.6698,1165.6356,123.9658
3733.0000,1.0634,0.8781,47.6880,0.0004,1041.6358,1165.6163,123.9805
3734.0000,1.0674,0.8780,47.6913,0.0004,1041.6018,1165.5969,123.9951
3735.0000,1.0714,0.8780,47.6945,0.0004,1041.5678,1165.5774,124.0096
3736.0000,1.0754,0.8780,47.6977,0.0004,1041.5339,1165.5578,124.0239
3737.0000,1.0794,0.8780,47.7010,0.0004,1041.5000,1165.5382,124.0382
3738.0000,1.0835,0.8779,47.7042,0.0004,1041.4663,1165.5186,124.0523
3739.0000,1.0875,0.8779,47.7074,0.0004,1041.4325,1165.4988,124.0663
3740.0000,1.0915,0.8779,47.7107,0.0004,1041.3988,1165.4790,124.0802
3741.0000,1.0955,0.8779,47.7139,0.0004,1041.3652,1165.4592,124.0940
3742.0000,1.0996,0.8779,47.7171,0.0004,1041.3316,1165.4393,124.1077
3743.0000,1.1036,0.8778,47.7204,0.0004,1041.2981,1165.4194,124.1213
3744.0000,1.1076,0.8778,47.7236,0.0004,1041.2646,1165.3994,124.1347
3745.0000,1.1117,0.8778,47.7268,0.0004,1041.2312,1165.3793,124.1481
3746.0000,1.1157,0.8778,47.7301,0.0004,1041.1978,1165.3592,124.1614
3747.0000,1.1197,0.8778,47.7333,0.0004,1041.1645,1165.3391,124.1746
3748.0000,1.1238,0.8777,47.7365,0.0004,1041.1312,1165.3189,124.1877
3749.0000,1.1278,0.8777,47.7398,0.0004,1041.0980,1165.2987,124.2007
3750.0000,1.1319,0.8777,47.7430,0.0004,1041.0648,1165.2784,124.2136
3751.0000,1.1359,0.8777,47.7462,0.0004,1041.0317,1165.2581,124.2264
3752.0000,1.1400,0.8777,47.7495,0.0004,1040.9986,1165.2378,124.2392
3753.0000,1.1440,0.8776,47.7527,0.0004,1040.9656,1165.2174,124.2518
3754.0000,1.1481,0.8776,47.7559,0.0004,1040.9326,1165.1970,124.2644
3755.0000,1.1521,0.8776,47.7592,0.0004,1040.8996,1165.1765,124.2769
3756.0000,1.1562,0.8776,47.7624,0.0004,1040.8668,1165.1560,124.2893
3757.0000,1.1602,0.8776,47.7656,0.0004,1040.8339,1165.1355,124.3016
3758.0000,1.1643,0.8775,47.7689,0.0004,1040.8011,1165.1149,124.3138
3759.0000,1.1683,0.8775,47.7721,0.0004,1040.7684,1165.0943,124.3260
3760.0000,1.1724,0.8775,47.7753,0.0004,1040.7357,1165.0737,124.3380
3761.0000,1.1764,0.8775,47.7786,0.0004,1040.7030,1165.0530,124.3500
3762.0000,1.1805,0.8775,47.7818,0.0004,1040.6704,1165.0323,124.3619
3763.0000,1.1846,0.8774,47.7850,0.0004,1040.6378,1165.0116,124.3738
3764.0000,1.1886,0.8774,47.7883,0.0004,1040.6053,1164.9909,124.3855
3765.0000,1.1927,0.8774,47.7915,0.0004,1040.5728,1164.9701,124.3972
3766.0000,1.1968,0.8774,47.7947,0.0004,1040.5404,1164.9493,124.4088
3767.0000,1.2008,0.8774,47.7980,0.0004,1040.5080,1164.9284,124.4204
3768.0000,1.2049,0.8773,47.8012,0.0004,1040.4757,1164.9076,124.4319
3769.0000,1.2090,0.8773,47.8044,0.0004,1040.4434,1164.8867,124.4433
3770.0000,1.2130,0.8773,47.8077,0.0004,1040.4111,1164.8657,124.4546
3771.0000,1.2171,0.8773,47.8109,0.0004,1040.3789,1164.8448,124.4658
3772.0000,1.2212,0.8773,47.8141,0.0004,1040.3468,1164.8238,124.4770
3773.0000,1.2253,0.8772,47.8174,0.0004,1040.3147,1164.8028,124.4882
3774.0000,1.2293,0.8772,47.8206,0.0004,1040.2826,1164.7818,124.4992
3775.0000,1.2334,0.8772,47.8238,0.0004,1040.2506,1164.7607,124.5102
3776.0000,1.2375,0.8772,47.8271,0.0004,1040.2186,1164.7397,124.5211
3777.0000,1.2416,0.8772,47.8303,0.0004,1040.1866,1164.7186,124.5320
3778.0000,1.2456,0.8771,47.8335,0.0004,1040.1547,1164.6975,124.5427
3779.0000,1.2497,0.8771,47.8368,0.0004,1040.1229,1164.6763,124.5535
3780.0000,1.2538,0.8771,47.8400,0.0004,1040.0910,1164.6552,124.5641
3781.0000,1.2578,0.8771,47.8406,0.0004,1040.0658,1164.5688,124.5030
3782.0000,1.2618,0.8771,47.8411,0.0004,1040.0405,1164.4834,124.4429
3783.0000,1.2657,0.8770,47.8417,0.0004,1040.0150,1164.3986,124.3836
3784.0000,1.2696,0.8770,47.8422,0.0004,1039.9895,1164.3143,124.3248
3785.0000,1.2735,0.8770,47.8428,0.0004,1039.9639,1164.2305,124.2666
3786.0000,1.2774,0.8770,47.8433,0.0004,1039.9382,1164.1471,124.2089
3787.0000,1.2813,0.8770,47.8439,0.0004,1039.9125,1164.0640,124.1515
3788.0000,1.2851,0.8769,47.8444,0.0004,1039.8867,1163.9813,124.0946
3789.0000,1.2890,0.8769,47.8450,0.0004,1039.8608,1163.8988,124.0380
3790.0000,1.2928,0.8769,47.8455,0.0004,1039.8348,1163.8166,123.9818
3791.0000,1.2967,0.8769,47.8461,0.0004,1039.8088,1163.7347,123.9258
3792.0000,1.3005,0.8769,47.8466,0.0004,1039.7828,1163.6530,123.8702
3793.0000,1.3043,0.8768,47.8471,0.0004,1039.7567,1163.5715,123.8148
3794.0000,1.3081,0.8768,47.8477,0.0004,1039.7305,1163.4903,123.7598
3795.0000,1.3119,0.8768,47.8483,0.0004,1039.7043,1163.4092,123.7049
3796.0000,1.3157,0.8768,47.8488,0.0004,1039.6780,1163.3284,123.6503
3797.0000,1.3194,0.8768,47.8494,0.0004,1039.6517,1163.2477,123.5960
3798.0000,1.3232,0.8767,47.8499,0.0004,1039.6254,1163.1673,123.5419
3799.0000,1.3270,0.8767,47.8505,0.0004,1039.5990,1163.0870,123.4880
3800.0000,1.3307,0.8767,47.8510,0.0004,1039.5725,1163.0068,123.4343
3801.0000,1.3345,0.8767,47.8516,0.0004,1039.5460,1162.9268,123.3808
3802.0000,1.3382,0.8767,47.8521,0.0004,1039.5195,1162.8470,123.3275
3803.0000,1.3420,0.8766,47.8527,0.0004,1039.4929,1162.7674,123.2744
3804.0000,1.3457,0.8766,47.8532,0.0004,1039.4663,1162.6878,123.2216
3805.0000,1.3494,0.8766,47.8537,0.0004,1039.4396,1162.6085,123.1688
3806.0000,1.3531,0.8766,47.8543,0.0004,1039.4129,1162.5292,123.1163
3807.0000,1.3568,0.8765,47.8548,0.0004,1039.3862,1162.4501,123.0639
3808.0000,1.3606,0.8765,47.8554,0.0004,1039.3594,1162.3712,123.0117
3809.0000,1.3643,0.8765,47.8559,0.0004,1039.3326,1162.2923,122.9597
3810.0000,1.3680,0.8765,47.8565,0.0004,1039.3058,1162.2136,122.9079
3811.0000,1.3716,0.8765,47.8571,0.0004,1039.2789,1162.1350,122.8562
3812.0000,1.3753,0.8764,47.8576,0.0004,1039.2520,1162.0566,122.8046
3813.0000,1.3790,0.8764,47.8582,0.0004,1039.2250,1161.9782,122.7532
3814.0000,1.3827,0.8764,47.8587,0.0004,1039.1980,1161.9000,122.7020
3815.0000,1.3864,0.8764,47.8593,0.0004,1039.1710,1161.8218,122.6509
3816.0000,1.3900,0.8764,47.8598,0.0004,1039.1439,1161.7438,122.5999
3817.0000,1.3937,0.8763,47.8603,0.0004,1039.1168,1161.6659,122.5491
3818.0000,1.3974,0.8763,47.8609,0.0004,1039.0897,1161.5881,122.4984
3819.0000,1.4010,0.8763,47.8614,0.0004,1039.0626,1161.5104,122.4479
3820.0000,1.4047,0.8763,47.8620,0.0004,1039.0354,1161.4328,122.3975
3821.0000,1.4083,0.8763,47.8625,0.0004,1039.0081,1161.3553,122.3472
3822.0000,1.4120,0.8762,47.8631,0.0004,1038.9809,1161.2779,122.2970
3823.0000,1.4156,0.8762,47.8636,0.0004,1038.9536,1161.2006,122.2470
3824.0000,1.4193,0.8762,47.8642,0.0004,1038.9263,1161.1234,122.1971
3825.0000,1.4229,0.8762,47.8648,0.0004,1038.8990,1161.0463,122.1474
3826.0000,1.4265,0.8761,47.8653,0.0004,1038.8716,1160.9693,122.0977
3827.0000,1.4302,0.8761,47.8659,0.0004,1038.8442,1160.8924,122.0482
3828.0000,1.4338,0.8761,47.8664,0.0004,1038.8168,1160.8155,121.9988
3829.0000,1.4374,0.8761,47.8669,0.0004,1038.7893,1160.7388,121.9495
3830.0000,1.4410,0.8761,47.8675,0.0004,1038.7618,1160.6621,121.9003
3831.0000,1.4446,0.8760,47.8680,0.0004,1038.7343,1160.5856,121.8512
3832.0000,1.4482,0.8760,47.8686,0.0004,1038.7068,1160.5091,121.8023
3833.0000,1.4518,0.8760,47.8691,0.0004,1038.6792,1160.4327,121.7534
3834.0000,1.4554,0.8760,47.8697,0.0004,1038.6517,1160.3563,121.7047
3835.0000,1.4590,0.8760,47.8702,0.0004,1038.6240,1160.2801,121.6561
3836.0000,1.4626,0.8759,47.8708,0.0004,1038.5964,1160.2039,121.6075
3837.0000,1.4662,0.8759,47.8713,0.0004,1038.5687,1160.1278,121.5591
3838.0000,1.4698,0.8759,47.8719,0.0004,1038.5410,1160.0518,121.5108
3839.0000,1.4734,0.8759,47.8725,0.0004,1038.5133,1159.9759,121.4626
3840.0000,1.4770,0.8758,47.8730,0.0004,1038.4856,1159.9000,121.4145
3841.0000,1.4806,0.8758,47.8739,0.0004,1038.4553,1159.8323,121.3770
3842.0000,1.4842,0.8758,47.8748,0.0004,1038.4251,1159.7645,121.3394
3843.0000,1.4878,0.8758,47.8757,0.0004,1038.3949,1159.6967,121.3018
3844.0000,1.4914,0.8758,47.8765,0.0004,1038.3647,1159.6289,121.2641
3845.0000,1.4950,0.8757,47.8774,0.0004,1038.3345,1159.5611,121.2265
3846.0000,1.4986,0.8757,47.8783,0.0004,1038.3044,1159.4932,121.1889
3847.0000,1.5022,0.8757,47.8792,0.0004,1038.2742,1159.4255,121.1513
3848.0000,1.5058,0.8757,47.8801,0.0004,1038.2440,1159.3577,121.1137
3849.0000,1.5094,0.8757,47.8809,0.0004,1038.2138,1159.2899,121.0761
3850.0000,1.5129,0.8756,47.8818,0.0004,1038.1836,1159.2222,121.0386
3851.0000,1.5165,0.8756,47.8827,0.0004,1038.1534,1159.1545,121.0011
3852.0000,1.5201,0.8756,47.8836,0.0004,1038.1232,1159.0869,120.9636
3853.0000,1.5237,0.8756,47.8845,0.0004,1038.0930,1159.0192,120.9262
3854.0000,1.5273,0.8755,47.8854,0.0004,1038.0628,1158.9516,120.8888
3855.0000,1.5309,0.8755,47.8862,0.0004,1038.0326,1158.8841,120.8514
3856.0000,1.5345,0.8755,47.8871,0.0004,1038.0024,1158.8165,120.8141
3857.0000,1.5381,0.8755,47.8880,0.0004,1037.9722,1158.7490,120.7768
3858.0000,1.5416,0.8755,47.8889,0.0004,1037.9420,1158.6816,120.7396
3859.0000,1.5452,0.8754,47.8898,0.0004,1037.9118,1158.6141,120.7023
3860.0000,1.5488,0.8754,47.8907,0.0004,1037.8816,1158.5467,120.6652
3861.0000,1.5524,0.8754,47.8916,0.0004,1037.8513,1158.4794,120.6280
3862.0000,1.5560,0.8754,47.8924,0.0004,1037.8211,1158.4121,120.5909
3863.0000,1.5595,0.8754,47.8933,0.0004,1037.7909,1158.3448,120.5539
3864.0000,1.5631,0.8753,47.8942,0.0004,1037.7606,1158.2775,120.5169
3865.0000,1.5667,0.8753,47.8951,0.0004,1037.7304,1158.2103,120.4799
3866.0000,1.5702,0.8753,47.8960,0.0004,1037.7001,1158.1431,120.4430
3867.0000,1.5738,0.8753,47.8969,0.0004,1037.6699,1158.0760,120.4061
3868.0000,1.5774,0.8752,47.8977,0.0004,1037.6396,1158.0089,120.3693
3869.0000,1.5809,0.8752,47.8986,0.0004,1037.6094,1157.9418,120.3324
3870.0000,1.5845,0.8752,47.8995,0.0004,1037.5791,1157.8748,120.2957
3871.0000,1.5881,0.8752,47.9004,0.0004,1037.5488,1157.8078,120.2590
3872.0000,1.5916,0.8752,47.9013,0.0004,1037.5186,1157.7408,120.2223
3873.0000,1.5952,0.8751,47.9021,0.0004,1037.4883,1157.6739,120.1857
3874.0000,1.5988,0.8751,47.9030,0.0004,1037.4580,1157.6070,120.1491
3875.0000,1.6023,0.8751,47.9039,0.0004,1037.4277,1157.5402,120.1125
3876.0000,1.6059,0.8751,47.9048,0.0004,1037.3974,1157.4734,120.0760
3877.0000,1.6094,0.8751,47.9057,0.0004,1037.3671,1157.4066,120.0395
3878.0000,1.6130,0.8750,47.9066,0.0004,1037.3368,1157.3399,120.0031
3879.0000,1.6165,0.8750,47.9074,0.0004,1037.3065,1157.2732,119.9667
3880.0000,1.6201,0.8750,47.9083,0.0004,1037.2762,1157.2065,119.9304
3881.0000,1.6236,0.8750,47.9092,0.0004,1037.2458,1157.1399,119.8941
3882.0000,1.6272,0.8749,47.9101,0.0004,1037.2155,1157.0733,119.8578
3883.0000,1.6307,0.8749,47.9110,0.0004,1037.1852,1157.0068,119.8216
3884.0000,1.6343,0.8749,47.9119,0.0004,1037.1549,1156.9403,119.7854
3885.0000,1.6378,0.8749,47.9128,0.0004,1037.1245,1156.8738,119.7493
3886.0000,1.6413,0.8749,47.9136,0.0004,1037.0942,1156.8073,119.7132
3887.0000,1.6449,0.8748,47.9145,0.0004,1037.0638,1156.7409,119.6771
3888.0000,1.6484,0.8748,47.9154,0.0004,1037.0335,1156.6746,119.6411
3889.0000,1.6520,0.8748,47.9163,0.0004,1037.0031,1156.6082,119.6051
3890.0000,1.6555,0.8748,47.9172,0.0004,1036.9727,1156.5419,119.5692
3891.0000,1.6590,0.8747,47.9181,0.0004,1036.9424,1156.4757,119.5333
3892.0000,1.6626,0.8747,47.9189,0.0004,1036.9120,1156.4094,119.4974
3893.0000,1.6661,0.8747,47.9198,0.0004,1036.8816,1156.3432,119.4616
3894.0000,1.6696,0.8747,47.9207,0.0004,1036.8513,1156.2771,119.4258
3895.0000,1.6731,0.8747,47.9216,0.0004,1036.8209,1156.2110,119.3901
3896.0000,1.6767,0.8746,47.9225,0.0004,1036.7905,1156.1449,119.3544
3897.0000,1.6802,0.8746,47.9233,0.0004,1036.7601,1156.0788,119.3187
3898.0000,1.6837,0.8746,47.9242,0.0004,1036.7297,1156.0128,119.2831
3899.0000,1.6872,0.8746,47.9251,0.0004,1036.6993,1155.9468,119.2475
3900.0000,1.6908,0.8746,47.9260,0.0004,1036.6689,1155.8809,119.2120
3901.0000,1.6943,0.8745,47.9275,0.0004,1036.6354,1155.8299,119.1945
3902.0000,1.6979,0.8745,47.9290,0.0004,1036.6020,1155.7787,119.1767
3903.0000,1.7014,0.8745,47.9305,0.0004,1036.5686,1155.7274,119.1588
3904.0000,1.7050,0.8745,47.9320,0.0004,1036.5352,1155.6760,119.1407
3905.0000,1.7085,0.8744,47.9335,0.0004,1036.5019,1155.6245,119.1225
3906.0000,1.7121,0.8744,47.9350,0.0004,1036.4686,1155.5729,119.1042
3907.0000,1.7156,0.8744,47.9365,0.0004,1036.4354,1155.5213,119.0859
3908.0000,1.7192,0.8744,47.9380,0.0004,1036.4022,1155.4696,119.0674
3909.0000,1.7228,0.8744,47.9395,0.0004,1036.3690,1155.4178,119.0489
3910.0000,1.7264,0.8743,47.9410,0.0004,1036.3358,1155.3661,119.0303
3911.0000,1.7299,0.8743,47.9425,0.0004,1036.3027,1155.3143,119.0116
3912.0000,1.7335,0.8743,47.9440,0.0004,1036.2696,1155.2625,118.9929
3913.0000,1.7371,0.8743,47.9455,0.0004,1036.2365,1155.2106,118.9741
3914.0000,1.7407,0.8743,47.9470,0.0004,1036.2034,1155.1587,118.9553
3915.0000,1.7442,0.8742,47.9485,0.0004,1036.1704,1155.1068,118.9364
3916.0000,1.7478,0.8742,47.9500,0.0004,1036.1374,1155.0549,118.9175
3917.0000,1.7514,0.8742,47.9515,0.0004,1036.1044,1155.0029,118.8985
3918.0000,1.7550,0.8742,47.9530,0.0004,1036.0714,1154.9510,118.8795
3919.0000,1.7585,0.8741,47.9545,0.0004,1036.0385,1154.8990,118.8605
3920.0000,1.7621,0.8741,47.9560,0.0004,1036.0055,1154.8470,118.8414
3921.0000,1.7657,0.8741,47.9575,0.0004,1035.9726,1154.7950,118.8223
3922.0000,1.7693,0.8741,47.9590,0.0004,1035.9398,1154.7430,118.8032
3923.0000,1.7729,0.8741,47.9605,0.0004,1035.9069,1154.6910,118.7841
3924.0000,1.7764,0.8740,47.9620,0.0004,1035.8741,1154.6389,118.7649
3925.0000,1.7800,0.8740,47.9635,0.0004,1035.8412,1154.5869,118.7457
3926.0000,1.7836,0.8740,47.9650,0.0004,1035.8084,1154.5348,118.7264
3927.0000,1.7872,0.8740,47.9665,0.0004,1035.7756,1154.4828,118.7071
3928.0000,1.7908,0.8740,47.9680,0.0004,1035.7429,1154.4307,118.6878
3929.0000,1.7944,0.8739,47.9695,0.0004,1035.7101,1154.3787,118.6685
3930.0000,1.7979,0.8739,47.9710,0.0004,1035.6774,1154.3266,118.6492
3931.0000,1.8015,0.8739,47.9725,0.0004,1035.6447,1154.2745,118.6298
3932.0000,1.8051,0.8739,47.9740,0.0004,1035.6120,1154.2225,118.6105
3933.0000,1.8087,0.8739,47.9755,0.0004,1035.5793,1154.1704,118.5911
3934.0000,1.8123,0.8738,47.9770,0.0004,1035.5467,1154.1183,118.5717
3935.0000,1.8159,0.8738,47.9785,0.0004,1035.5140,1154.0662,118.5522
3936.0000,1.8194,0.8738,47.9800,0.0004,1035.4814,1154.0142,118.5328
3937.0000,1.8230,0.8738,47.9815,0.0004,1035.4488,1153.9621,118.5133
3938.0000,1.8266,0.8737,47.9830,0.0004,1035.4162,1153.9100,118.4938
3939.0000,1.8302,0.8737,47.9845,0.0004,1035.3836,1153.8580,118.4743
3940.0000,1.8338,0.8737,47.9860,0.0004,1035.3511,1153.8059,118.4548
3941.0000,1.8373,0.8737,47.9875,0.0004,1035.3186,1153.7538,118.4353
3942.0000,1.8409,0.8737,47.9890,0.0004,1035.2860,1153.7018,118.4157
3943.0000,1.8445,0.8736,47.9905,0.0004,1035.2535,1153.6497,118.3962
3944.0000,1.8481,0.8736,47.9920,0.0004,1035.2210,1153.5977,118.3766
3945.0000,1.8517,0.8736,47.9935,0.0004,1035.1886,1153.5456,118.3570
3946.0000,1.8553,0.8736,47.9950,0.0004,1035.1561,1153.4936,118.3374
3947.0000,1.8588,0.8736,47.9965,0.0004,1035.1237,1153.4415,118.3178
3948.0000,1.8624,0.8735,47.9980,0.0004,1035.0913,1153.3895,118.2982
3949.0000,1.8660,0.8735,47.9995,0.0004,1035.0588,1153.3374,118.2786
3950.0000,1.8696,0.8735,48.0010,0.0004,1035.0265,1153.2854,118.2590
3951.0000,1.8732,0.8735,48.0025,0.0004,1034.9941,1153.2334,118.2393
3952.0000,1.8767,0.8735,48.0040,0.0004,1034.9617,1153.1814,118.2197
3953.0000,1.8803,0.8734,48.0055,0.0004,1034.9294,1153.1294,118.2000
3954.0000,1.8839,0.8734,48.0070,0.0004,1034.8970,1153.0774,118.1803
3955.0000,1.8875,0.8734,48.0085,0.0004,1034.8647,1153.0254,118.1606
3956.0000,1.8911,0.8734,48.0100,0.0004,1034.8324,1152.9734,118.1409
3957.0000,1.8946,0.8734,48.0115,0.0004,1034.8001,1152.9214,118.1212
3958.0000,1.8982,0.8733,48.0130,0.0004,1034.7679,1152.8694,118.1015
3959.0000,1.9018,0.8733,48.0145,0.0004,1034.7356,1152.8175,118.0818
3960.0000,1.9054,0.8733,48.0160,0.0004,1034.7034,1152.7655,118.0621
3961.0000,1.9089,0.8733,48.0153,0.0004,1034.6771,1152.6614,117.9843
3962.0000,1.9124,0.8732,48.0147,0.0004,1034.6507,1152.5580,117.9073
3963.0000,1.9158,0.8732,48.0140,0.0004,1034.6242,1152.4552,117.8310
3964.0000,1.9193,0.8732,48.0134,0.0004,1034.5976,1152.3528,117.7552
3965.0000,1.9227,0.8732,48.0127,0.0004,1034.5709,1152.2508,117.6799
3966.0000,1.9261,0.8732,48.0121,0.0004,1034.5441,1152.1492,117.6051
3967.0000,1.9295,0.8731,48.0114,0.0004,1034.5173,1152.0478,117.5306
3968.0000,1.9329,0.8731,48.0108,0.0004,1034.4903,1151.9468,117.4564
3969.0000,1.9363,0.8731,48.0101,0.0004,1034.4633,1151.8460,117.3826
3970.0000,1.9397,0.8731,48.0095,0.0004,1034.4363,1151.7455,117.3092
3971.0000,1.9430,0.8731,48.0088,0.0004,1034.4092,1151.6452,117.2360
3972.0000,1.9464,0.8730,48.0082,0.0004,1034.3820,1151.5451,117.1631
3973.0000,1.9497,0.8730,48.0075,0.0004,1034.3547,1151.4452,117.0905
3974.0000,1.9531,0.8730,48.0069,0.0004,1034.3274,1151.3455,117.0181
3975.0000,1.9564,0.8730,48.0063,0.0004,1034.3000,1151.2460,116.9460
3976.0000,1.9597,0.8729,48.0056,0.0004,1034.2725,1151.1467,116.8742
3977.0000,1.9630,0.8729,48.0050,0.0004,1034.2450,1151.0476,116.8026
3978.0000,1.9664,0.8729,48.0043,0.0004,1034.2175,1150.9486,116.7312
3979.0000,1.9697,0.8729,48.0037,0.0004,1034.1899,1150.8498,116.6600
3980.0000,1.9730,0.8729,48.0030,0.0004,1034.1622,1150.7512,116.5890
3981.0000,1.9762,0.8728,48.0023,0.0004,1034.1345,1150.6527,116.5183
3982.0000,1.9795,0.8728,48.0017,0.0004,1034.1067,1150.5544,116.4477
3983.0000,1.9828,0.8728,48.0010,0.0004,1034.0788,1150.4562,116.3774
3984.0000,1.9861,0.8728,48.0004,0.0004,1034.0510,1150.3582,116.3072
3985.0000,1.9893,0.8728,47.9997,0.0004,1034.0230,1150.2603,116.2373
3986.0000,1.9926,0.8727,47.9991,0.0004,1033.9950,1150.1625,116.1675
3987.0000,1.9959,0.8727,47.9984,0.0004,1033.9670,1150.0649,116.0979
3988.0000,1.9991,0.8727,47.9978,0.0004,1033.9389,1149.9674,116.0285
3989.0000,2.0023,0.8727,47.9971,0.0004,1033.9108,1149.8700,115.9592
3990.0000,2.0056,0.8726,47.9965,0.0004,1033.8826,1149.7728,115.8902
3991.0000,2.0088,0.8726,47.9958,0.0004,1033.8544,1149.6756,115.8213
3992.0000,2.0121,0.8726,47.9952,0.0004,1033.8261,1149.5786,115.7526
3993.0000,2.0153,0.8726,47.9945,0.0004,1033.7978,1149.4817,115.6840
3994.0000,2.0185,0.8726,47.9939,0.0004,1033.7694,1149.3850,115.6156
3995.0000,2.0217,0.8725,47.9932,0.0004,1033.7410,1149.2883,115.5473
3996.0000,2.0249,0.8725,47.9926,0.0004,1033.7125,1149.1917,115.4792
3997.0000,2.0281,0.8725,47.9919,0.0004,1033.6840,1149.0953,115.4113
3998.0000,2.0313,0.8725,47.9913,0.0004,1033.6555,1148.9990,115.3435
3999.0000,2.0345,0.8724,47.9906,0.0004,1033.6269,1148.9027,115.2759
4000.0000,2.0377,0.8724,47.9900,0.0004,1033.5982,1148.8066,115.2084
4001.0000,2.0409,0.8724,47.9893,0.0004,1033.5695,1148.7106,115.1410
4002.0000,2.0441,0.8724,47.9887,0.0004,1033.5408,1148.6147,115.0739
4003.0000,2.0473,0.8723,47.9880,0.0004,1033.5121,1148.5188,115.0068
4004.0000,2.0505,0.8723,47.9874,0.0004,1033.4832,1148.4231,114.9399
4005.0000,2.0537,0.8723,47.9868,0.0004,1033.4544,1148.3275,114.8731
4006.0000,2.0568,0.8723,47.9861,0.0004,1033.4255,1148.2320,114.8065
4007.0000,2.0600,0.8723,47.9855,0.0004,1033.3966,1148.1365,114.7399
4008.0000,2.0632,0.8722,47.9848,0.0004,1033.3676,1148.0412,114.6736
4009.0000,2.0663,0.8722,47.9841,0.0004,1033.3386,1147.9459,114.6073
4010.0000,2.0695,0.8722,47.9835,0.0004,1033.3095,1147.8508,114.5412
4011.0000,2.0726,0.8722,47.9828,0.0004,1033.2804,1147.7557,114.4752
4012.0000,2.0758,0.8721,47.9822,0.0004,1033.2513,1147.6607,114.4094
4013.0000,2.0789,0.8721,47.9815,0.0004,1033.2221,1147.5658,114.3437
4014.0000,2.0821,0.8721,47.9809,0.0004,1033.1929,1147.4710,114.2781
4015.0000,2.0852,0.8721,47.9802,0.0004,1033.1637,1147.3763,114.2126
4016.0000,2.0883,0.8721,47.9796,0.0004,1033.1344,1147.2816,114.1472
4017.0000,2.0915,0.8720,47.9789,0.0004,1033.1051,1147.1871,114.0820
4018.0000,2.0946,0.8720,47.9783,0.0004,1033.0757,1147.0926,114.0169
4019.0000,2.0977,0.8720,47.9776,0.0004,1033.0463,1146.9982,113.9519
4020.0000,2.1008,0.8720,47.9770,0.0004,1033.0169,1146.9039,113.8870
4021.0000,2.1040,0.8719,47.9761,0.0004,1032.9852,1146.8048,113.8196
4022.0000,2.1071,0.8719,47.9753,0.0004,1032.9534,1146.7057,113.7523
4023.0000,2.1102,0.8719,47.9744,0.0004,1032.9217,1146.6068,113.6851
4024.0000,2.1133,0.8719,47.9736,0.0004,1032.8899,1146.5079,113.6181
4025.0000,2.1164,0.8718,47.9727,0.0004,1032.8581,1146.4092,113.5511
4026.0000,2.1195,0.8718,47.9719,0.0004,1032.8262,1146.3105,113.4843
4027.0000,2.1226,0.8718,47.9710,0.0004,1032.7944,1146.2120,113.4176
4028.0000,2.1257,0.8718,47.9702,0.0004,1032.7625,1146.1135,113.3510
4029.0000,2.1287,0.8717,47.9693,0.0004,1032.7306,1146.0151,113.2846
4030.0000,2.1318,0.8717,47.9685,0.0004,1032.6986,1145.9169,113.2182
4031.0000,2.1349,0.8717,47.9676,0.0004,1032.6667,1145.8186,113.1520
4032.0000,2.1380,0.8717,47.9668,0.0004,1032.6347,1145.7205,113.0858
4033.0000,2.1411,0.8717,47.9659,0.0004,1032.6027,1145.6225,113.0198
4034.0000,2.1441,0.8716,47.9651,0.0004,1032.5706,1145.5245,112.9539
4035.0000,2.1472,0.8716,47.9642,0.0004,1032.5385,1145.4266,112.8881
4036.0000,2.1502,0.8716,47.9634,0.0004,1032.5064,1145.3288,112.8224
4037.0000,2.1533,0.8716,47.9626,0.0004,1032.4743,1145.2311,112.7568
4038.0000,2.1564,0.8715,47.9617,0.0004,1032.4421,1145.1335,112.6914
4039.0000,2.1594,0.8715,47.9609,0.0004,1032.4099,1145.0359,112.6260
4040.0000,2.1625,0.8715,47.9600,0.0004,1032.3777,1144.9384,112.5607
4041.0000,2.1655,0.8715,47.9592,0.0004,1032.3454,1144.8410,112.4956
4042.0000,2.1686,0.8714,47.9583,0.0004,1032.3131,1144.7437,112.4305
4043.0000,2.1716,0.8714,47.9575,0.0004,1032.2808,1144.6464,112.3656
4044.0000,2.1746,0.8714,47.9566,0.0004,1032.2485,1144.5492,112.3007
4045.0000,2.1777,0.8714,47.9558,0.0004,1032.2161,1144.4521,112.2360
4046.0000,2.1807,0.8713,47.9549,0.0004,1032.1837,1144.3550,112.1713
4047.0000,2.1837,0.8713,47.9541,0.0004,1032.1513,1144.2580,112.1068
4048.0000,2.1868,0.8713,47.9532,0.0004,1032.1188,1144.1611,112.0424
4049.0000,2.1898,0.8713,47.9524,0.0004,1032.0863,1144.0643,111.9780
4050.0000,2.1928,0.8713,47.9515,0.0004,1032.0538,1143.9675,111.9138
4051.0000,2.1958,0.8712,47.9506,0.0004,1032.0212,1143.8708,111.8496
4052.0000,2.1988,0.8712,47.9498,0.0004,1031.9887,1143.7742,111.7856
4053.0000,2.2018,0.8712,47.9489,0.0004,1031.9561,1143.6777,111.7216
4054.0000,2.2049,0.8712,47.9481,0.0004,1031.9234,1143.5812,111.6577
4055.0000,2.2079,0.8711,47.9472,0.0004,1031.8908,1143.4847,111.5940
4056.0000,2.2109,0.8711,47.9464,0.0004,1031.8581,1143.3884,111.5303
4057.0000,2.2139,0.8711,47.9455,0.0004,1031.8254,1143.2921,111.4667
4058.0000,2.2169,0.8711,47.9447,0.0004,1031.7926,1143.1959,111.4033
4059.0000,2.2199,0.8710,47.9438,0.0004,1031.7598,1143.0997,111.3399
4060.0000,2.2229,0.8710,47.9430,0.0004,1031.7270,1143.0036,111.2766
4061.0000,2.2258,0.8710,47.9421,0.0004,1031.6942,1142.9076,111.2134
4062.0000,2.2288,0.8710,47.9413,0.0004,1031.6614,1142.8116,111.1503
4063.0000,2.2318,0.8709,47.9404,0.0004,1031.6285,1142.7157,111.0873
4064.0000,2.2348,0.8709,47.9396,0.0004,1031.5956,1142.6199,111.0243
4065.0000,2.2378,0.8709,47.9387,0.0004,1031.5626,1142.5241,110.9615
4066.0000,2.2408,0.8709,47.9379,0.0004,1031.5297,1142.4284,110.8987
4067.0000,2.2437,0.8708,47.9370,0.0004,1031.4967,1142.3327,110.8361
4068.0000,2.2467,0.8708,47.9362,0.0004,1031.4636,1142.2371,110.7735
4069.0000,2.2497,0.8708,47.9353,0.0004,1031.4306,1142.1416,110.7110
4070.0000,2.2527,0.8708,47.9345,0.0004,1031.3975,1142.0462,110.6486
4071.0000,2.2556,0.8707,47.9337,0.0004,1031.3644,1141.9507,110.5863
4072.0000,2.2586,0.8707,47.9328,0.0004,1031.3313,1141.8554,110.5241
4073.0000,2.2615,0.8707,47.9320,0.0004,1031.2981,1141.7601,110.4620
4074.0000,2.2645,0.8707,47.9311,0.0004,1031.2650,1141.6649,110.3999
4075.0000,2.2675,0.8706,47.9303,0.0004,1031.2318,1141.5697,110.3380
4076.0000,2.2704,0.8706,47.9294,0.0004,1031.1985,1141.4746,110.2761
4077.0000,2.2734,0.8706,47.9286,0.0004,1031.1653,1141.3796,110.2143
4078.0000,2.2763,0.8706,47.9277,0.0004,1031.1320,1141.2846,110.1526
4079.0000,2.2793,0.8705,47.9269,0.0004,1031.0987,1141.1896,110.0910
4080.0000,2.2822,0.8705,47.9260,0.0004,1031.0653,1141.0948,110.0294
4081.0000,2.2853,0.8705,47.9306,0.0004,1031.0280,1141.1313,110.1033
4082.0000,2.2885,0.8705,47.9351,0.0004,1030.9907,1141.1661,110.1754
4083.0000,2.2917,0.8705,47.9397,0.0004,1030.9536,1141.1997,110.2461
4084.0000,2.2949,0.8704,47.9442,0.0004,1030.9166,1141.2323,110.3157
4085.0000,2.2982,0.8704,47.9488,0.0004,1030.8798,1141.2641,110.3843
4086.0000,2.3015,0.8704,47.9533,0.0004,1030.8431,1141.2952,110.4520
4087.0000,2.3048,0.8704,47.9579,0.0004,1030.8066,1141.3256,110.5190
4088.0000,2.3082,0.8703,47.9624,0.0004,1030.7702,1141.3554,110.5852
4089.0000,2.3116,0.8703,47.9670,0.0004,1030.7339,1141.3846,110.6507
4090.0000,2.3150,0.8703,47.9715,0.0004,1030.6978,1141.4134,110.7156
4091.0000,2.3184,0.8703,47.9761,0.0004,1030.6617,1141.4417,110.7800
4092.0000,2.3218,0.8702,47.9806,0.0004,1030.6258,1141.4695,110.8437
4093.0000,2.3253,0.8702,47.9852,0.0004,1030.5901,1141.4970,110.9069
4094.0000,2.3287,0.8702,47.9897,0.0004,1030.5544,1141.5240,110.9696
4095.0000,2.3322,0.8702,47.9943,0.0004,1030.5189,1141.5507,111.0318
4096.0000,2.3357,0.8701,47.9988,0.0004,1030.4834,1141.5770,111.0936
4097.0000,2.3392,0.8701,48.0033,0.0004,1030.4481,1141.6030,111.1548
4098.0000,2.3428,0.8701,48.0079,0.0004,1030.4129,1141.6286,111.2157
4099.0000,2.3463,0.8701,48.0125,0.0004,1030.3778,1141.6539,111.2761
4100.0000,2.3498,0.8701,48.0170,0.0004,1030.3428,1141.6789,111.3361
4101.0000,2.3534,0.8700,48.0215,0.0004,1030.3080,1141.7037,111.3957
4102.0000,2.3570,0.8700,48.0261,0.0004,1030.2732,1141.7281,111.4549
4103.0000,2.3606,0.8700,48.0307,0.0004,1030.2386,1141.7523,111.5138
4104.0000,2.3642,0.8700,48.0352,0.0004,1030.2040,1141.7762,111.5722
4105.0000,2.3678,0.8699,48.0397,0.0004,1030.1695,1141.7999,111.6304
4106.0000,2.3714,0.8699,48.0443,0.0004,1030.1352,1141.8233,111.6881
4107.0000,2.3750,0.8699,48.0489,0.0004,1030.1010,1141.8465,111.7456
4108.0000,2.3786,0.8699,48.0534,0.0004,1030.0668,1141.8695,111.8026
4109.0000,2.3823,0.8699,48.0579,0.0004,1030.0328,1141.8922,111.8594
4110.0000,2.3859,0.8698,48.0625,0.0004,1029.9988,1141.9147,111.9159
4111.0000,2.3896,0.8698,48.0671,0.0004,1029.9650,1141.9370,111.9720
4112.0000,2.3932,0.8698,48.0716,0.0004,1029.9312,1141.9591,112.0278
4113.0000,2.3969,0.8698,48.0761,0.0004,1029.8976,1141.9810,112.0834
4114.0000,2.4006,0.8697,48.0807,0.0004,1029.8640,1142.0027,112.1386
4115.0000,2.4043,0.8697,48.0853,0.0004,1029.8306,1142.0242,112.1936
4116.0000,2.4080,0.8697,48.0898,0.0004,1029.7972,1142.0455,112.2483
4117.0000,2.4117,0.8697,48.0943,0.0004,1029.7639,1142.0666,112.3027
4118.0000,2.4154,0.8697,48.0989,0.0004,1029.7308,1142.0875,112.3568
4119.0000,2.4191,0.8696,48.1035,0.0004,1029.6977,1142.1083,112.4106
4120.0000,2.4228,0.8696,48.1080,0.0004,1029.6647,1142.1289,112.4642
4121.0000,2.4266,0.8696,48.1125,0.0004,1029.6318,1142.1493,112.5175
4122.0000,2.4303,0.8696,48.1171,0.0004,1029.5990,1142.1696,112.5706
4123.0000,2.4341,0.8696,48.1217,0.0004,1029.5663,1142.1897,112.6234
4124.0000,2.4378,0.8695,48.1262,0.0004,1029.5336,1142.2096,112.6760
4125.0000,2.4416,0.8695,48.1307,0.0004,1029.5011,1142.2294,112.7283
4126.0000,2.4453,0.8695,48.1353,0.0004,1029.4686,1142.2491,112.7804
4127.0000,2.4491,0.8695,48.1398,0.0004,1029.4363,1142.2685,112.8323
4128.0000,2.4529,0.8695,48.1444,0.0004,1029.4040,1142.2879,112.8839
4129.0000,2.4567,0.8694,48.1489,0.0004,1029.3718,1142.3071,112.9353
4130.0000,2.4605,0.8694,48.1535,0.0004,1029.3397,1142.3261,112.9865
4131.0000,2.4642,0.8694,48.1580,0.0004,1029.3077,1142.3450,113.0374
4132.0000,2.4680,0.8694,48.1626,0.0004,1029.2757,1142.3638,113.0881
4133.0000,2.4719,0.8694,48.1671,0.0004,1029.2439,1142.3825,113.1386
4134.0000,2.4757,0.8693,48.1717,0.0004,1029.2121,1142.4010,113.1889
4135.0000,2.4795,0.8693,48.1762,0.0004,1029.1804,1142.4193,113.2389
4136.0000,2.4833,0.8693,48.1808,0.0004,1029.1488,1142.4376,113.2888
4137.0000,2.4871,0.8693,48.1853,0.0004,1029.1173,1142.4557,113.3384
4138.0000,2.4910,0.8693,48.1899,0.0004,1029.0859,1142.4737,113.3879
4139.0000,2.4948,0.8692,48.1944,0.0004,1029.0545,1142.4916,113.4371
4140.0000,2.4986,0.8692,48.1990,0.0004,1029.0232,1142.5094,113.4861
4141.0000,2.5023,0.8692,48.1985,0.0004,1028.9956,1142.4030,113.4073
4142.0000,2.5060,0.8692,48.1979,0.0004,1028.9680,1142.2981,113.3301
4143.0000,2.5096,0.8692,48.1974,0.0004,1028.9403,1142.1943,113.2541
4144.0000,2.5131,0.8691,48.1968,0.0004,1028.9125,1142.0914,113.1790
4145.0000,2.5167,0.8691,48.1962,0.0004,1028.8846,1141.9893,113.1047
4146.0000,2.5202,0.8691,48.1957,0.0004,1028.8566,1141.8877,113.0311
4147.0000,2.5237,0.8691,48.1951,0.0004,1028.8286,1141.7867,112.9581
4148.0000,2.5271,0.8691,48.1946,0.0004,1028.8005,1141.6863,112.8857
4149.0000,2.5306,0.8690,48.1940,0.0004,1028.7724,1141.5863,112.8139
4150.0000,2.5340,0.8690,48.1935,0.0004,1028.7441,1141.4867,112.7425
4151.0000,2.5375,0.8690,48.1929,0.0004,1028.7159,1141.3875,112.6716
4152.0000,2.5409,0.8690,48.1924,0.0004,1028.6875,1141.2886,112.6011
4153.0000,2.5442,0.8690,48.1918,0.0004,1028.6591,1141.1902,112.5311
4154.0000,2.5476,0.8689,48.1913,0.0004,1028.6306,1141.0920,112.4614
4155.0000,2.5510,0.8689,48.1907,0.0004,1028.6021,1140.9941,112.3920
4156.0000,2.5543,0.8689,48.1902,0.0004,1028.5735,1140.8966,112.3231
4157.0000,2.5577,0.8689,48.1897,0.0004,1028.5449,1140.7993,112.2544
4158.0000,2.5610,0.8689,48.1891,0.0004,1028.5162,1140.7023,112.1861
4159.0000,2.5643,0.8688,48.1885,0.0004,1028.4875,1140.6055,112.1181
4160.0000,2.5676,0.8688,48.1880,0.0004,1028.4587,1140.5090,112.0503
4161.0000,2.5709,0.8688,48.1874,0.0004,1028.4298,1140.4127,111.9829
4162.0000,2.5742,0.8688,48.1869,0.0004,1028.4010,1140.3167,111.9157
4163.0000,2.5775,0.8688,48.1863,0.0004,1028.3720,1140.2208,111.8488
4164.0000,2.5808,0.8687,48.1858,0.0004,1028.3430,1140.1252,111.7822
4165.0000,2.5841,0.8687,48.1852,0.0004,1028.3140,1140.0298,111.7158
4166.0000,2.5873,0.8687,48.1847,0.0004,1028.2849,1139.9345,111.6496
4167.0000,2.5906,0.8687,48.1841,0.0004,1028.2558,1139.8395,111.5837
4168.0000,2.5938,0.8686,48.1836,0.0004,1028.2266,1139.7446,111.5180
4169.0000,2.5971,0.8686,48.1830,0.0004,1028.1974,1139.6499,111.4525
4170.0000,2.6003,0.8686,48.1825,0.0004,1028.1682,1139.5554,111.3873
4171.0000,2.6035,0.8686,48.1820,0.0004,1028.1389,1139.4611,111.3222
4172.0000,2.6067,0.8686,48.1814,0.0004,1028.1095,1139.3669,111.2574
4173.0000,2.6099,0.8685,48.1808,0.0004,1028.0801,1139.2729,111.1927
4174.0000,2.6131,0.8685,48.1803,0.0004,1028.0507,1139.1790,111.1283
4175.0000,2.6163,0.8685,48.1797,0.0004,1028.0213,1139.0853,111.0641
4176.0000,2.6195,0.8685,48.1792,0.0004,1027.9917,1138.9917,111.0000
4177.0000,2.6227,0.8685,48.1786,0.0004,1027.9622,1138.8983,110.9361
4178.0000,2.6259,0.8684,48.1781,0.0004,1027.9326,1138.8050,110.8724
4179.0000,2.6291,0.8684,48.1775,0.0004,1027.9030,1138.7119,110.8089
4180.0000,2.6322,0.8684,48.1770,0.0004,1027.8733,1138.6189,110.7456
4181.0000,2.6354,0.8684,48.1764,0.0004,1027.8436,1138.5260,110.6824
4182.0000,2.6386,0.8684,48.1759,0.0004,1027.8139,1138.4333,110.6194
4183.0000,2.6417,0.8683,48.1753,0.0004,1027.7841,1138.3407,110.5566
4184.0000,2.6449,0.8683,48.1748,0.0004,1027.7543,1138.2482,110.4939
4185.0000,2.6480,0.8683,48.1742,0.0004,1027.7245,1138.1558,110.4314
4186.0000,2.6512,0.8683,48.1737,0.0004,1027.6946,1138.0636,110.3690
4187.0000,2.6543,0.8682,48.1731,0.0004,1027.6646,1137.9715,110.3068
4188.0000,2.6574,0.8682,48.1726,0.0004,1027.6347,1137.8795,110.2448
4189.0000,2.6605,0.8682,48.1720,0.0004,1027.6047,1137.7876,110.1829
4190.0000,2.6637,0.8682,48.1715,0.0004,1027.5747,1137.6958,110.1211
4191.0000,2.6668,0.8682,48.1709,0.0004,1027.5446,1137.6041,110.0595
4192.0000,2.6699,0.8681,48.1704,0.0004,1027.5145,1137.5126,109.9981
4193.0000,2.6730,0.8681,48.1698,0.0004,1027.4844,1137.4211,109.9367
4194.0000,2.6761,0.8681,48.1693,0.0004,1027.4542,1137.3298,109.8755
4195.0000,2.6792,0.8681,48.1687,0.0004,1027.4240,1137.2385,109.8145
4196.0000,2.6823,0.8681,48.1682,0.0004,1027.3938,1137.1474,109.7536
4197.0000,2.6854,0.8680,48.1676,0.0004,1027.3635,1137.0563,109.6928
4198.0000,2.6885,0.8680,48.1671,0.0004,1027.3332,1136.9654,109.6322
4199.0000,2.6916,0.8680,48.1665,0.0004,1027.3029,1136.8745,109.5716
4200.0000,2.6946,0.8680,48.1660,0.0004,1027.2725,1136.7838,109.5112
4201.0000,2.6978,0.8679,48.1687,0.0004,1027.2436,1136.7735,109.5299
4202.0000,2.7010,0.8679,48.1715,0.0004,1027.2147,1136.7623,109.5475
4203.0000,2.7042,0.8679,48.1743,0.0004,1027.1859,1136.7504,109.5645
4204.0000,2.7075,0.8679,48.1770,0.0004,1027.1571,1136.7380,109.5809
4205.0000,2.7107,0.8679,48.1797,0.0004,1027.1283,1136.7251,109.5969
4206.0000,2.7140,0.8678,48.1825,0.0004,1027.0995,1136.7119,109.6124
4207.0000,2.7173,0.8678,48.1852,0.0004,1027.0709,1136.6984,109.6276
4208.0000,2.7206,0.8678,48.1880,0.0004,1027.0422,1136.6846,109.6424
4209.0000,2.7239,0.8678,48.1908,0.0004,1027.0136,1136.6705,109.6569
4210.0000,2.7273,0.8677,48.1935,0.0004,1026.9850,1136.6562,109.6712
4211.0000,2.7306,0.8677,48.1962,0.0004,1026.9565,1136.6416,109.6851
4212.0000,2.7339,0.8677,48.1990,0.0004,1026.9280,1136.6269,109.6989
4213.0000,2.7373,0.8677,48.2017,0.0004,1026.8996,1136.6119,109.7124
4214.0000,2.7406,0.8677,48.2045,0.0004,1026.8711,1136.5968,109.7256
4215.0000,2.7440,0.8676,48.2073,0.0004,1026.8428,1136.5814,109.7387
4216.0000,2.7474,0.8676,48.2100,0.0004,1026.8145,1136.5660,109.7515
4217.0000,2.7507,0.8676,48.2127,0.0004,1026.7862,1136.5503,109.7642
4218.0000,2.7541,0.8676,48.2155,0.0004,1026.7579,1136.5346,109.7766
4219.0000,2.7575,0.8676,48.2182,0.0004,1026.7297,1136.5186,109.7889
4220.0000,2.7609,0.8675,48.2210,0.0004,1026.7016,1136.5026,109.8010
4221.0000,2.7643,0.8675,48.2238,0.0004,1026.6734,1136.4864,109.8130
4222.0000,2.7677,0.8675,48.2265,0.0004,1026.6454,1136.4701,109.8248
4223.0000,2.7711,0.8675,48.2293,0.0004,1026.6173,1136.4537,109.8364
4224.0000,2.7745,0.8674,48.2320,0.0004,1026.5893,1136.4372,109.8479
4225.0000,2.7779,0.8674,48.2347,0.0004,1026.5613,1136.4205,109.8592
4226.0000,2.7813,0.8674,48.2375,0.0004,1026.5334,1136.4038,109.8704
4227.0000,2.7848,0.8674,48.2403,0.0004,1026.5055,1136.3870,109.8815
4228.0000,2.7882,0.8674,48.2430,0.0004,1026.4776,1136.3700,109.8924
4229.0000,2.7916,0.8673,48.2458,0.0004,1026.4498,1136.3530,109.9032
4230.0000,2.7951,0.8673,48.2485,0.0004,1026.4220,1136.3359,109.9139
4231.0000,2.7985,0.8673,48.2512,0.0004,1026.3943,1136.3187,109.9244
4232.0000,2.8019,0.8673,48.2540,0.0004,1026.3666,1136.3014,109.9348
4233.0000,2.8054,0.8673,48.2568,0.0004,1026.3389,1136.2840,109.9452
4234.0000,2.8088,0.8672,48.2595,0.0004,1026.3112,1136.2666,109.9553
4235.0000,2.8123,0.8672,48.2623,0.0004,1026.2836,1136.2491,109.9654
4236.0000,2.8157,0.8672,48.2650,0.0004,1026.2561,1136.2315,109.9754
4237.0000,2.8192,0.8672,48.2677,0.0004,1026.2285,1136.2138,109.9853
4238.0000,2.8227,0.8672,48.2705,0.0004,1026.2010,1136.1961,109.9950
4239.0000,2.8261,0.8671,48.2733,0.0004,1026.1736,1136.1783,110.0047
4240.0000,2.8296,0.8671,48.2760,0.0004,1026.1461,1136.1604,110.0142
4241.0000,2.8331,0.8671,48.2788,0.0004,1026.1188,1136.1424,110.0237
4242.0000,2.8365,0.8671,48.2815,0.0004,1026.0914,1136.1244,110.0330
4243.0000,2.8400,0.8671,48.2843,0.0004,1026.0641,1136.1064,110.0423
4244.0000,2.8435,0.8670,48.2870,0.0004,1026.0368,1136.0882,110.0515
4245.0000,2.8469,0.8670,48.2898,0.0004,1026.0095,1136.0701,110.0605
4246.0000,2.8504,0.8670,48.2925,0.0004,1025.9823,1136.0518,110.0695
4247.0000,2.8539,0.8670,48.2953,0.0004,1025.9551,1136.0335,110.0784
4248.0000,2.8574,0.8670,48.2980,0.0004,1025.9280,1136.0152,110.0872
4249.0000,2.8609,0.8669,48.3008,0.0004,1025.9008,1135.9968,110.0959
4250.0000,2.8644,0.8669,48.3035,0.0004,1025.8737,1135.9783,110.1045
4251.0000,2.8679,0.8669,48.3063,0.0004,1025.8467,1135.9598,110.1131
4252.0000,2.8714,0.8669,48.3090,0.0004,1025.8197,1135.9412,110.1216
4253.0000,2.8748,0.8668,48.3118,0.0004,1025.7927,1135.9226,110.1299
4254.0000,2.8783,0.8668,48.3145,0.0004,1025.7657,1135.9040,110.1382
4255.0000,2.8818,0.8668,48.3173,0.0004,1025.7388,1135.8852,110.1465
4256.0000,2.8853,0.8668,48.3200,0.0004,1025.7119,1135.8665,110.1546
4257.0000,2.8888,0.8668,48.3228,0.0004,1025.6850,1135.8477,110.1627
4258.0000,2.8923,0.8667,48.3255,0.0004,1025.6582,1135.8289,110.1706
4259.0000,2.8959,0.8667,48.3283,0.0004,1025.6314,1135.8100,110.1786
4260.0000,2.8994,0.8667,48.3310,0.0004,1025.6047,1135.7911,110.1864
4261.0000,2.9029,0.8667,48.3357,0.0004,1025.5749,1135.8203,110.2454
4262.0000,2.9065,0.8667,48.3405,0.0004,1025.5452,1135.8488,110.3036
4263.0000,2.9101,0.8666,48.3452,0.0004,1025.5156,1135.8768,110.3611
4264.0000,2.9138,0.8666,48.3499,0.0004,1025.4862,1135.9044,110.4182
4265.0000,2.9174,0.8666,48.3547,0.0004,1025.4568,1135.9315,110.4747
4266.0000,2.9211,0.8666,48.3594,0.0004,1025.4276,1135.9584,110.5308
4267.0000,2.9247,0.8666,48.3641,0.0004,1025.3984,1135.9849,110.5865
4268.0000,2.9284,0.8666,48.3689,0.0004,1025.3694,1136.0112,110.6418
4269.0000,2.9321,0.8665,48.3736,0.0004,1025.3404,1136.0372,110.6968
4270.0000,2.9358,0.8665,48.3783,0.0004,1025.3116,1136.0629,110.7514
4271.0000,2.9395,0.8665,48.3831,0.0004,1025.2828,1136.0885,110.8057
4272.0000,2.9432,0.8665,48.3878,0.0004,1025.2541,1136.1138,110.8597
4273.0000,2.9470,0.8665,48.3925,0.0004,1025.2255,1136.1388,110.9133
4274.0000,2.9507,0.8664,48.3973,0.0004,1025.1970,1136.1637,110.9667
4275.0000,2.9545,0.8664,48.4020,0.0004,1025.1686,1136.1884,111.0198
4276.0000,2.9582,0.8664,48.4067,0.0004,1025.1403,1136.2129,111.0726
4277.0000,2.9620,0.8664,48.4115,0.0004,1025.1120,1136.2372,111.1252
4278.0000,2.9657,0.8664,48.4162,0.0004,1025.0839,1136.2614,111.1775
4279.0000,2.9695,0.8663,48.4209,0.0004,1025.0558,1136.2854,111.2296
4280.0000,2.9733,0.8663,48.4257,0.0004,1025.0278,1136.3092,111.2814
4281.0000,2.9771,0.8663,48.4304,0.0004,1024.9999,1136.3328,111.3329
4282.0000,2.9809,0.8663,48.4351,0.0004,1024.9721,1136.3563,111.3843
4283.0000,2.9847,0.8663,48.4399,0.0004,1024.9443,1136.3797,111.4353
4284.0000,2.9885,0.8662,48.4446,0.0004,1024.9167,1136.4029,111.4862
4285.0000,2.9923,0.8662,48.4493,0.0004,1024.8891,1136.4259,111.5369
4286.0000,2.9961,0.8662,48.4541,0.0004,1024.8616,1136.4489,111.5873
4287.0000,2.9999,0.8662,48.4588,0.0004,1024.8341,1136.4716,111.6375
4288.0000,3.0038,0.8662,48.4635,0.0004,1024.8068,1136.4943,111.6875
4289.0000,3.0076,0.8662,48.4683,0.0004,1024.7795,1136.5168,111.7373
4290.0000,3.0114,0.8661,48.4730,0.0004,1024.7523,1136.5392,111.7869
4291.0000,3.0153,0.8661,48.4777,0.0004,1024.7252,1136.5615,111.8363
4292.0000,3.0191,0.8661,48.4825,0.0004,1024.6982,1136.5836,111.8854
4293.0000,3.0230,0.8661,48.4872,0.0004,1024.6712,1136.6057,111.9344
4294.0000,3.0268,0.8661,48.4919,0.0004,1024.6443,1136.6276,111.9832
4295.0000,3.0307,0.8661,48.4967,0.0004,1024.6175,1136.6494,112.0318
4296.0000,3.0346,0.8660,48.5014,0.0004,1024.5908,1136.6711,112.0803
4297.0000,3.0384,0.8660,48.5061,0.0004,1024.5641,1136.6926,112.1285
4298.0000,3.0423,0.8660,48.5109,0.0004,1024.5375,1136.7141,112.1766
4299.0000,3.0462,0.8660,48.5156,0.0004,1024.5110,1136.7354,112.2244
4300.0000,3.0501,0.8660,48.5203,0.0004,1024.4846,1136.7567,112.2721
4301.0000,3.0540,0.8659,48.5251,0.0004,1024.4582,1136.7778,112.3197
4302.0000,3.0578,0.8659,48.5298,0.0004,1024.4319,1136.7989,112.3670
4303.0000,3.0617,0.8659,48.5345,0.0004,1024.4057,1136.8198,112.4142
4304.0000,3.0656,0.8659,48.5393,0.0004,1024.3795,1136.8407,112.4612
4305.0000,3.0695,0.8659,48.5440,0.0004,1024.3534,1136.8614,112.5080
4306.0000,3.0734,0.8659,48.5487,0.0004,1024.3274,1136.8821,112.5547
4307.0000,3.0774,0.8658,48.5535,0.0004,1024.3015,1136.9027,112.6012
4308.0000,3.0813,0.8658,48.5582,0.0004,1024.2756,1136.9231,112.6475
4309.0000,3.0852,0.8658,48.5629,0.0004,1024.2498,1136.9435,112.6937
4310.0000,3.0891,0.8658,48.5677,0.0004,1024.2240,1136.9638,112.7397
4311.0000,3.0930,0.8658,48.5724,0.0004,1024.1984,1136.9840,112.7856
4312.0000,3.0970,0.8658,48.5771,0.0004,1024.1728,1137.0041,112.8313
4313.0000,3.1009,0.8657,48.5819,0.0004,1024.1473,1137.0241,112.8769
4314.0000,3.1048,0.8657,48.5866,0.0004,1024.1218,1137.0441,112.9223
4315.0000,3.1088,0.8657,48.5913,0.0004,1024.0964,1137.0639,112.9675
4316.0000,3.1127,0.8657,48.5961,0.0004,1024.0711,1137.0837,113.0126
4317.0000,3.1167,0.8657,48.6008,0.0004,1024.0458,1137.1034,113.0576
4318.0000,3.1206,0.8657,48.6055,0.0004,1024.0206,1137.1230,113.1024
4319.0000,3.1246,0.8656,48.6103,0.0004,1023.9955,1137.1425,113.1471
4320.0000,3.1285,0.8656,48.6150,0.0004,1023.9704,1137.1620,113.1916
4321.0000,3.1322,0.8656,48.6111,0.0004,1023.9467,1136.9709,113.0241
4322.0000,3.1359,0.8656,48.6072,0.0004,1023.9229,1136.7824,112.8595
4323.0000,3.1394,0.8656,48.6033,0.0004,1023.8990,1136.5959,112.6970
4324.0000,3.1429,0.8656,48.5993,0.0004,1023.8748,1136.4110,112.5361
4325.0000,3.1463,0.8655,48.5954,0.0004,1023.8506,1136.2273,112.3768
4326.0000,3.1497,0.8655,48.5915,0.0004,1023.8261,1136.0449,112.2187
4327.0000,3.1530,0.8655,48.5876,0.0004,1023.8015,1135.8634,112.0619
4328.0000,3.1563,0.8655,48.5837,0.0004,1023.7768,1135.6830,111.9062
4329.0000,3.1596,0.8655,48.5798,0.0004,1023.7519,1135.5034,111.7515
4330.0000,3.1628,0.8655,48.5758,0.0004,1023.7269,1135.3246,111.5977
4331.0000,3.1661,0.8654,48.5719,0.0004,1023.7017,1135.1466,111.4449
4332.0000,3.1692,0.8654,48.5680,0.0004,1023.6763,1134.9693,111.2929
4333.0000,3.1724,0.8654,48.5641,0.0004,1023.6509,1134.7926,111.1418
4334.0000,3.1755,0.8654,48.5602,0.0004,1023.6253,1134.6166,110.9914
4335.0000,3.1786,0.8654,48.5563,0.0004,1023.5995,1134.4413,110.8418
4336.0000,3.1817,0.8654,48.5523,0.0004,1023.5736,1134.2665,110.6929
4337.0000,3.1847,0.8653,48.5484,0.0004,1023.5476,1134.0922,110.5446
4338.0000,3.1878,0.8653,48.5445,0.0004,1023.5214,1133.9185,110.3971
4339.0000,3.1908,0.8653,48.5406,0.0004,1023.4951,1133.7453,110.2502
4340.0000,3.1938,0.8653,48.5367,0.0004,1023.4687,1133.5726,110.1039
4341.0000,3.1967,0.8653,48.5328,0.0004,1023.4422,1133.4004,109.9582
4342.0000,3.1997,0.8652,48.5288,0.0004,1023.4155,1133.2287,109.8132
4343.0000,3.2026,0.8652,48.5249,0.0004,1023.3887,1133.0574,109.6687
4344.0000,3.2055,0.8652,48.5210,0.0004,1023.3618,1132.8865,109.5247
4345.0000,3.2084,0.8652,48.5171,0.0004,1023.3347,1132.7160,109.3813
4346.0000,3.2113,0.8652,48.5132,0.0004,1023.3076,1132.5460,109.2385
4347.0000,3.2142,0.8651,48.5093,0.0004,1023.2803,1132.3764,109.0961
4348.0000,3.2170,0.8651,48.5053,0.0004,1023.2528,1132.2071,108.9543
4349.0000,3.2199,0.8651,48.5014,0.0004,1023.2253,1132.0382,108.8129
4350.0000,3.2227,0.8651,48.4975,0.0004,1023.1977,1131.8697,108.6721
4351.0000,3.2255,0.8651,48.4936,0.0004,1023.1699,1131.7016,108.5317
4352.0000,3.2283,0.8651,48.4897,0.0004,1023.1420,1131.5338,108.3918
4353.0000,3.2311,0.8650,48.4858,0.0004,1023.1140,1131.3664,108.2523
4354.0000,3.2339,0.8650,48.4818,0.0004,1023.0859,1131.1992,108.1133
4355.0000,3.2366,0.8650,48.4779,0.0004,1023.0577,1131.0325,107.9748
4356.0000,3.2394,0.8650,48.4740,0.0004,1023.0294,1130.8660,107.8366
4357.0000,3.2421,0.8650,48.4701,0.0004,1023.0009,1130.6998,107.6989
4358.0000,3.2448,0.8649,48.4662,0.0004,1022.9723,1130.5340,107.5617
4359.0000,3.2475,0.8649,48.4623,0.0004,1022.9437,1130.3685,107.4248
4360.0000,3.2502,0.8649,48.4583,0.0004,1022.9149,1130.2032,107.2883
4361.0000,3.2529,0.8649,48.4544,0.0004,1022.8860,1130.0383,107.1523
4362.0000,3.2556,0.8648,48.4505,0.0004,1022.8570,1129.8736,107.0166
4363.0000,3.2582,0.8648,48.4466,0.0004,1022.8279,1129.7092,106.8813
4364.0000,3.2609,0.8648,48.4427,0.0004,1022.7987,1129.5451,106.7464
4365.0000,3.2635,0.8648,48.4388,0.0004,1022.7694,1129.3813,106.6119
4366.0000,3.2661,0.8648,48.4348,0.0004,1022.7400,1129.2177,106.4777
4367.0000,3.2687,0.8647,48.4309,0.0004,1022.7105,1129.0544,106.3439
4368.0000,3.2713,0.8647,48.4270,0.0004,1022.6808,1128.8914,106.2105
4369.0000,3.2739,0.8647,48.4231,0.0004,1022.6511,1128.7286,106.0775
4370.0000,3.2765,0.8647,48.4192,0.0004,1022.6213,1128.5660,105.9447
4371.0000,3.2791,0.8647,48.4153,0.0004,1022.5913,1128.4037,105.8124
4372.0000,3.2817,0.8646,48.4113,0.0004,1022.5613,1128.2417,105.6803
4373.0000,3.2842,0.8646,48.4074,0.0004,1022.5312,1128.0798,105.5487
4374.0000,3.2868,0.8646,48.4035,0.0004,1022.5009,1127.9183,105.4173
4375.0000,3.2893,0.8646,48.3996,0.0004,1022.4706,1127.7569,105.2863
4376.0000,3.2918,0.8646,48.3957,0.0004,1022.4402,1127.5958,105.1556
4377.0000,3.2944,0.8645,48.3918,0.0004,1022.4097,1127.4349,105.0252
4378.0000,3.2969,0.8645,48.3878,0.0004,1022.3790,1127.2742,104.8952
4379.0000,3.2994,0.8645,48.3839,0.0004,1022.3483,1127.1138,104.7655
4380.0000,3.3019,0.8645,48.3800,0.0004,1022.3175,1126.9536,104.6361
4381.0000,3.3044,0.8644,48.3796,0.0004,1022.2873,1126.8796,104.5923
4382.0000,3.3070,0.8644,48.3792,0.0004,1022.2570,1126.8046,104.5477
4383.0000,3.3097,0.8644,48.3788,0.0004,1022.2267,1126.7291,104.5025
4384.0000,3.3123,0.8644,48.3785,0.0004,1022.1964,1126.6532,104.4568
4385.0000,3.3150,0.8644,48.3781,0.0004,1022.1660,1126.5769,104.4108
4386.0000,3.3177,0.8643,48.3777,0.0004,1022.1357,1126.5002,104.3645
4387.0000,3.3204,0.8643,48.3773,0.0004,1022.1054,1126.4234,104.3180
4388.0000,3.3231,0.8643,48.3769,0.0004,1022.0750,1126.3463,104.2713
4389.0000,3.3258,0.8643,48.3766,0.0004,1022.0446,1126.2690,104.2244
4390.0000,3.3285,0.8642,48.3762,0.0004,1022.0143,1126.1916,104.1773
4391.0000,3.3312,0.8642,48.3758,0.0004,1021.9839,1126.1140,104.1301
4392.0000,3.3339,0.8642,48.3754,0.0004,1021.9535,1126.0363,104.0828
4393.0000,3.3367,0.8642,48.3750,0.0004,1021.9230,1125.9585,104.0354
4394.0000,3.3394,0.8642,48.3746,0.0004,1021.8926,1125.8805,103.9879
4395.0000,3.3421,0.8641,48.3743,0.0004,1021.8622,1125.8025,103.9403
4396.0000,3.3449,0.8641,48.3739,0.0004,1021.8317,1125.7244,103.8927
4397.0000,3.3476,0.8641,48.3735,0.0004,1021.8013,1125.6463,103.8450
4398.0000,3.3504,0.8641,48.3731,0.0004,1021.7708,1125.5680,103.7972
4399.0000,3.3531,0.8640,48.3727,0.0004,1021.7403,1125.4897,103.7494
4400.0000,3.3559,0.8640,48.3723,0.0004,1021.7098,1125.4114,103.7016
4401.0000,3.3586,0.8640,48.3719,0.0004,1021.6793,1125.3330,103.6537
4402.0000,3.3614,0.8640,48.3716,0.0004,1021.6487,1125.2545,103.6058
4403.0000,3.3641,0.8640,48.3712,0.0004,1021.6182,1125.1761,103.5579
4404.0000,3.3669,0.8639,48.3708,0.0004,1021.5876,1125.0975,103.5099
4405.0000,3.3697,0.8639,48.3704,0.0004,1021.5571,1125.0190,103.4619
4406.0000,3.3724,0.8639,48.3700,0.0004,1021.5265,1124.9404,103.4140
4407.0000,3.3752,0.8639,48.3697,0.0004,1021.4959,1124.8618,103.3660
4408.0000,3.3779,0.8638,48.3693,0.0004,1021.4653,1124.7832,103.3180
4409.0000,3.3807,0.8638,48.3689,0.0004,1021.4346,1124.7046,103.2700
4410.0000,3.3835,0.8638,48.3685,0.0004,1021.4040,1124.6260,103.2220
4411.0000,3.3862,0.8638,48.3681,0.0004,1021.3733,1124.5473,103.1740
4412.0000,3.3890,0.8638,48.3677,0.0004,1021.3427,1124.4687,103.1260
4413.0000,3.3918,0.8637,48.3674,0.0004,1021.3120,1124.3900,103.0780
4414.0000,3.3945,0.8637,48.3670,0.0004,1021.2813,1124.3113,103.0300
4415.0000,3.3973,0.8637,48.3666,0.0004,1021.2505,1124.2326,102.9821
4416.0000,3.4000,0.8637,48.3662,0.0004,1021.2198,1124.1539,102.9341
4417.0000,3.4028,0.8636,48.3658,0.0004,1021.1891,1124.0753,102.8862
4418.0000,3.4056,0.8636,48.3654,0.0004,1021.1583,1123.9966,102.8383
4419.0000,3.4083,0.8636,48.3651,0.0004,1021.1275,1123.9179,102.7904
4420.0000,3.4111,0.8636,48.3647,0.0004,1021.0967,1123.8392,102.7425
4421.0000,3.4139,0.8636,48.3643,0.0004,1021.0659,1123.7605,102.6946
4422.0000,3.4166,0.8635,48.3639,0.0004,1021.0351,1123.6819,102.6468
4423.0000,3.4194,0.8635,48.3635,0.0004,1021.0043,1123.6032,102.5989
4424.0000,3.4222,0.8635,48.3631,0.0004,1020.9734,1123.5246,102.5511
4425.0000,3.4249,0.8635,48.3627,0.0004,1020.9426,1123.4459,102.5034
4426.0000,3.4277,0.8634,48.3624,0.0004,1020.9117,1123.3673,102.4556
4427.0000,3.4304,0.8634,48.3620,0.0004,1020.8808,1123.2887,102.4079
4428.0000,3.4332,0.8634,48.3616,0.0004,1020.8499,1123.2101,102.3602
4429.0000,3.4360,0.8634,48.3612,0.0004,1020.8189,1123.1315,102.3125
4430.0000,3.4387,0.8633,48.3608,0.0004,1020.7880,1123.0529,102.2649
4431.0000,3.4415,0.8633,48.3605,0.0004,1020.7571,1122.9743,102.2173
4432.0000,3.4442,0.8633,48.3601,0.0004,1020.7261,1122.8958,102.1697
4433.0000,3.4470,0.8633,48.3597,0.0004,1020.6951,1122.8173,102.1222
4434.0000,3.4498,0.8633,48.3593,0.0004,1020.6641,1122.7387,102.0746
4435.0000,3.4525,0.8632,48.3589,0.0004,1020.6331,1122.6602,102.0272
4436.0000,3.4553,0.8632,48.3585,0.0004,1020.6021,1122.5818,101.9797
4437.0000,3.4580,0.8632,48.3582,0.0004,1020.5710,1122.5033,101.9323
4438.0000,3.4608,0.8632,48.3578,0.0004,1020.5400,1122.4248,101.8849
4439.0000,3.4635,0.8631,48.3574,0.0004,1020.5089,1122.3464,101.8375
4440.0000,3.4663,0.8631,48.3570,0.0004,1020.4778,1122.2680,101.7902
4441.0000,3.4691,0.8631,48.3598,0.0004,1020.4457,1122.2675,101.8218
4442.0000,3.4720,0.8631,48.3626,0.0004,1020.4137,1122.2659,101.8523
4443.0000,3.4749,0.8631,48.3655,0.0004,1020.3817,1122.2637,101.8819
4444.0000,3.4778,0.8630,48.3683,0.0004,1020.3499,1122.2608,101.9110
4445.0000,3.4808,0.8630,48.3711,0.0004,1020.3180,1122.2575,101.9394
4446.0000,3.4838,0.8630,48.3739,0.0004,1020.2863,1122.2537,101.9674
4447.0000,3.4867,0.8630,48.3767,0.0004,1020.2546,1122.2495,101.9948
4448.0000,3.4897,0.8629,48.3795,0.0004,1020.2230,1122.2449,102.0219
4449.0000,3.4927,0.8629,48.3824,0.0004,1020.1915,1122.2400,102.0486
4450.0000,3.4958,0.8629,48.3852,0.0004,1020.1600,1122.2349,102.0748
4451.0000,3.4988,0.8629,48.3880,0.0004,1020.1286,1122.2294,102.1008
4452.0000,3.5019,0.8629,48.3908,0.0004,1020.0973,1122.2236,102.1264
4453.0000,3.5049,0.8628,48.3936,0.0004,1020.0660,1122.2177,102.1517
4454.0000,3.5080,0.8628,48.3964,0.0004,1020.0348,1122.2114,102.1767
4455.0000,3.5111,0.8628,48.3993,0.0004,1020.0036,1122.2050,102.2014
4456.0000,3.5141,0.8628,48.4021,0.0004,1019.9725,1122.1983,102.2258
4457.0000,3.5172,0.8627,48.4049,0.0004,1019.9415,1122.1914,102.2499
4458.0000,3.5203,0.8627,48.4077,0.0004,1019.9105,1122.1843,102.2738
4459.0000,3.5234,0.8627,48.4105,0.0004,1019.8796,1122.1770,102.2975
4460.0000,3.5266,0.8627,48.4133,0.0004,1019.8487,1122.1696,102.3209
4461.0000,3.5297,0.8627,48.4162,0.0004,1019.8179,1122.1619,102.3440
4462.0000,3.5328,0.8626,48.4190,0.0004,1019.7871,1122.1541,102.3670
4463.0000,3.5359,0.8626,48.4218,0.0004,1019.7564,1122.1462,102.3897
4464.0000,3.5391,0.8626,48.4246,0.0004,1019.7258,1122.1380,102.4122
4465.0000,3.5422,0.8626,48.4274,0.0004,1019.6952,1122.1297,102.4345
4466.0000,3.5454,0.8625,48.4302,0.0004,1019.6647,1122.1213,102.4566
4467.0000,3.5485,0.8625,48.4331,0.0004,1019.6342,1122.1127,102.4785
4468.0000,3.5517,0.8625,48.4359,0.0004,1019.6038,1122.1040,102.5002
4469.0000,3.5549,0.8625,48.4387,0.0004,1019.5734,1122.0952,102.5217
4470.0000,3.5581,0.8625,48.4415,0.0004,1019.5431,1122.0862,102.5431
4471.0000,3.5612,0.8624,48.4443,0.0004,1019.5128,1122.0770,102.5642
4472.0000,3.5644,0.8624,48.4471,0.0004,1019.4826,1122.0678,102.5852
4473.0000,3.5676,0.8624,48.4500,0.0004,1019.4524,1122.0584,102.6060
4474.0000,3.5708,0.8624,48.4528,0.0004,1019.4223,1122.0490,102.6267
4475.0000,3.5740,0.8624,48.4556,0.0004,1019.3922,1122.0394,102.6471
4476.0000,3.5772,0.8623,48.4584,0.0004,1019.3622,1122.0297,102.6674
4477.0000,3.5804,0.8623,48.4612,0.0004,1019.3323,1122.0198,102.6876
4478.0000,3.5836,0.8623,48.4640,0.0004,1019.3023,1122.0099,102.7076
4479.0000,3.5869,0.8623,48.4669,0.0004,1019.2725,1121.9999,102.7274
4480.0000,3.5901,0.8623,48.4697,0.0004,1019.2427,1121.9897,102.7471
4481.0000,3.5933,0.8622,48.4725,0.0004,1019.2129,1121.9795,102.7666
4482.0000,3.5965,0.8622,48.4753,0.0004,1019.1832,1121.9692,102.7860
4483.0000,3.5998,0.8622,48.4781,0.0004,1019.1535,1121.9587,102.8053
4484.0000,3.6030,0.8622,48.4809,0.0004,1019.1238,1121.9482,102.8244
4485.0000,3.6062,0.8621,48.4838,0.0004,1019.0943,1121.9376,102.8433
4486.0000,3.6095,0.8621,48.4866,0.0004,1019.0647,1121.9269,102.8621
4487.0000,3.6127,0.8621,48.4894,0.0004,1019.0352,1121.9161,102.8808
4488.0000,3.6160,0.8621,48.4922,0.0004,1019.0058,1121.9052,102.8994
4489.0000,3.6192,0.8621,48.4950,0.0004,1018.9764,1121.8942,102.9178
4490.0000,3.6225,0.8620,48.4978,0.0004,1018.9470,1121.8832,102.9361
4491.0000,3.6258,0.8620,48.5007,0.0004,1018.9177,1121.8720,102.9543
4492.0000,3.6290,0.8620,48.5035,0.0004,1018.8885,1121.8608,102.9723
4493.0000,3.6323,0.8620,48.5063,0.0004,1018.8593,1121.8495,102.9903
4494.0000,3.6356,0.8620,48.5091,0.0004,1018.8301,1121.8382,103.0081
4495.0000,3.6388,0.8619,48.5119,0.0004,1018.8010,1121.8267,103.0258
4496.0000,3.6421,0.8619,48.5147,0.0004,1018.7719,1121.8152,103.0433
4497.0000,3.6454,0.8619,48.5175,0.0004,1018.7428,1121.8036,103.0608
4498.0000,3.6487,0.8619,48.5204,0.0004,1018.7138,1121.7919,103.0781
4499.0000,3.6520,0.8619,48.5232,0.0004,1018.6849,1121.7802,103.0953
4500.0000,3.6553,0.8618,48.5260,0.0004,1018.6560,1121.7684,103.1124
4501.0000,3.6585,0.8618,48.5271,0.0004,1018.6250,1121.7138,103.0888
4502.0000,3.6617,0.8618,48.5281,0.0004,1018.5941,1121.6598,103.0657
4503.0000,3.6650,0.8618,48.5292,0.0004,1018.5632,1121.6060,103.0428
4504.0000,3.6682,0.8618,48.5303,0.0004,1018.5323,1121.5526,103.0202
4505.0000,3.6714,0.8617,48.5313,0.0004,1018.5015,1121.4993,102.9978
4506.0000,3.6746,0.8617,48.5324,0.0004,1018.4706,1121.4462,102.9755
4507.0000,3.6777,0.8617,48.5335,0.0004,1018.4398,1121.3932,102.9534
4508.0000,3.6809,0.8617,48.5345,0.0004,1018.4090,1121.3404,102.9314
4509.0000,3.6841,0.8617,48.5356,0.0004,1018.3782,1121.2877,102.9095
4510.0000,3.6873,0.8616,48.5367,0.0004,1018.3474,1121.2351,102.8878
4511.0000,3.6904,0.8616,48.5377,0.0004,1018.3166,1121.1826,102.8661
4512.0000,3.6936,0.8616,48.5388,0.0004,1018.2858,1121.1302,102.8445
4513.0000,3.6967,0.8616,48.5399,0.0004,1018.2550,1121.0779,102.8229
4514.0000,3.6999,0.8616,48.5409,0.0004,1018.2242,1121.0257,102.8015
4515.0000,3.7031,0.8615,48.5420,0.0004,1018.1935,1120.9736,102.7801
4516.0000,3.7062,0.8615,48.5431,0.0004,1018.1628,1120.9215,102.7587
4517.0000,3.7094,0.8615,48.5441,0.0004,1018.1320,1120.8695,102.7375
4518.0000,3.7125,0.8615,48.5452,0.0004,1018.1013,1120.8176,102.7163
4519.0000,3.7156,0.8615,48.5463,0.0004,1018.0706,1120.7657,102.6951
4520.0000,3.7188,0.8614,48.5473,0.0004,1018.0399,1120.7138,102.6740
4521.0000,3.7219,0.8614,48.5484,0.0004,1018.0092,1120.6621,102.6529
4522.0000,3.7251,0.8614,48.5495,0.0004,1017.9785,1120.6104,102.6319
4523.0000,3.7282,0.8614,48.5505,0.0004,1017.9478,1120.5587,102.6109
4524.0000,3.7313,0.8614,48.5516,0.0004,1017.9171,1120.5071,102.5900
4525.0000,3.7344,0.8613,48.5527,0.0004,1017.8865,1120.4555,102.5690
4526.0000,3.7376,0.8613,48.5537,0.0004,1017.8558,1120.4040,102.5482
4527.0000,3.7407,0.8613,48.5548,0.0004,1017.8252,1120.3525,102.5273
4528.0000,3.7438,0.8613,48.5559,0.0004,1017.7945,1120.3011,102.5065
4529.0000,3.7469,0.8613,48.5569,0.0004,1017.7639,1120.2497,102.4858
4530.0000,3.7501,0.8612,48.5580,0.0004,1017.7333,1120.1983,102.4650
4531.0000,3.7532,0.8612,48.5591,0.0004,1017.7027,1120.1470,102.4443
4532.0000,3.7563,0.8612,48.5601,0.0004,1017.6721,1120.0957,102.4236
4533.0000,3.7594,0.8612,48.5612,0.0004,1017.6415,1120.0444,102.4029
4534.0000,3.7625,0.8612,48.5623,0.0004,1017.6109,1119.9932,102.3823
4535.0000,3.7657,0.8611,48.5633,0.0004,1017.5803,1119.9420,102.3617
4536.0000,3.7688,0.8611,48.5644,0.0004,1017.5497,1119.8908,102.3411
4537.0000,3.7719,0.8611,48.5655,0.0004,1017.5192,1119.8397,102.3205
4538.0000,3.7750,0.8611,48.5665,0.0004,1017.4886,1119.7886,102.3000
4539.0000,3.7781,0.8611,48.5676,0.0004,1017.4581,1119.7375,102.2795
4540.0000,3.7812,0.8610,48.5687,0.0004,1017.4275,1119.6865,102.2590
4541.0000,3.7843,0.8610,48.5697,0.0004,1017.3970,1119.6355,102.2385
4542.0000,3.7874,0.8610,48.5708,0.0004,1017.3665,1119.5845,102.2180
4543.0000,3.7905,0.8610,48.5719,0.0004,1017.3360,1119.5335,102.1976
4544.0000,3.7936,0.8610,48.5729,0.0004,1017.3055,1119.4826,102.1771
4545.0000,3.7967,0.8609,48.5740,0.0004,1017.2750,1119.4317,102.1567
4546.0000,3.7998,0.8609,48.5751,0.0004,1017.2445,1119.3808,102.1363
4547.0000,3.8029,0.8609,48.5761,0.0004,1017.2140,1119.3300,102.1160
4548.0000,3.8060,0.8609,48.5772,0.0004,1017.1835,1119.2792,102.0956
4549.0000,3.8091,0.8609,48.5783,0.0004,1017.1531,1119.2283,102.0753
4550.0000,3.8122,0.8608,48.5793,0.0004,1017.1226,1119.1776,102.0549
4551.0000,3.8153,0.8608,48.5804,0.0004,1017.0922,1119.1268,102.0346
4552.0000,3.8184,0.8608,48.5815,0.0004,1017.0617,1119.0761,102.0143
4553.0000,3.8215,0.8608,48.5825,0.0004,1017.0313,1119.0254,101.9940
4554.0000,3.8246,0.8608,48.5836,0.0004,1017.0009,1118.9747,101.9738
4555.0000,3.8277,0.8607,48.5847,0.0004,1016.9705,1118.9240,101.9535
4556.0000,3.8308,0.8607,48.5857,0.0004,1016.9401,1118.8733,101.9333
4557.0000,3.8339,0.8607,48.5868,0.0004,1016.9097,1118.8227,101.9130
4558.0000,3.8370,0.8607,48.5879,0.0004,1016.8793,1118.7721,101.8928
4559.0000,3.8401,0.8607,48.5889,0.0004,1016.8489,1118.7215,101.8726
4560.0000,3.8432,0.8606,48.5900,0.0004,1016.8185,1118.6710,101.8524
4561.0000,3.8463,0.8606,48.5939,0.0004,1016.7948,1118.6899,101.8952
4562.0000,3.8495,0.8606,48.5978,0.0004,1016.7710,1118.7081,101.9371
4563.0000,3.8527,0.8606,48.6018,0.0004,1016.7473,1118.7257,101.9785
4564.0000,3.8560,0.8606,48.6057,0.0004,1016.7235,1118.7429,102.0194
4565.0000,3.8592,0.8605,48.6096,0.0004,1016.6998,1118.7596,102.0598
4566.0000,3.8625,0.8605,48.6135,0.0004,1016.6761,1118.7760,102.0999
4567.0000,3.8657,0.8605,48.6174,0.0004,1016.6525,1118.7920,102.1396
4568.0000,3.8690,0.8605,48.6213,0.0004,1016.6289,1118.8078,102.1789
4569.0000,3.8723,0.8605,48.6253,0.0004,1016.6053,1118.8233,102.2180
4570.0000,3.8756,0.8605,48.6292,0.0004,1016.5818,1118.8386,102.2568
4571.0000,3.8789,0.8604,48.6331,0.0004,1016.5583,1118.8536,102.2953
4572.0000,3.8823,0.8604,48.6370,0.0004,1016.5348,1118.8684,102.3336
4573.0000,3.8856,0.8604,48.6409,0.0004,1016.5114,1118.8830,102.3715
4574.0000,3.8889,0.8604,48.6448,0.0004,1016.4881,1118.8974,102.4093
4575.0000,3.8923,0.8604,48.6487,0.0004,1016.4648,1118.9116,102.4468
4576.0000,3.8956,0.8603,48.6527,0.0004,1016.4415,1118.9256,102.4841
4577.0000,3.8990,0.8603,48.6566,0.0004,1016.4183,1118.9395,102.5212
4578.0000,3.9024,0.8603,48.6605,0.0004,1016.3951,1118.9532,102.5581
4579.0000,3.9057,0.8603,48.6644,0.0004,1016.3720,1118.9667,102.5947
4580.0000,3.9091,0.8603,48.6683,0.0004,1016.3489,1118.9801,102.6312
4581.0000,3.9125,0.8602,48.6723,0.0004,1016.3259,1118.9933,102.6674
4582.0000,3.9159,0.8602,48.6762,0.0004,1016.3029,1119.0064,102.7035
4583.0000,3.9193,0.8602,48.6801,0.0004,1016.2799,1119.0193,102.7394
4584.0000,3.9227,0.8602,48.6840,0.0004,1016.2570,1119.0321,102.7751
4585.0000,3.9261,0.8602,48.6879,0.0004,1016.2342,1119.0448,102.8107
4586.0000,3.9295,0.8601,48.6918,0.0004,1016.2113,1119.0574,102.8460
4587.0000,3.9330,0.8601,48.6958,0.0004,1016.1886,1119.0698,102.8812
4588.0000,3.9364,0.8601,48.6997,0.0004,1016.1659,1119.0821,102.9163
4589.0000,3.9398,0.8601,48.7036,0.0004,1016.1432,1119.0943,102.9511
4590.0000,3.9432,0.8601,48.7075,0.0004,1016.1206,1119.1064,102.9858
4591.0000,3.9467,0.8601,48.7114,0.0004,1016.0980,1119.1184,103.0204
4592.0000,3.9501,0.8600,48.7153,0.0004,1016.0755,1119.1302,103.0548
4593.0000,3.9536,0.8600,48.7193,0.0004,1016.0530,1119.1420,103.0890
4594.0000,3.9570,0.8600,48.7232,0.0004,1016.0305,1119.1536,103.1231
4595.0000,3.9605,0.8600,48.7271,0.0004,1016.0081,1119.1652,103.1570
4596.0000,3.9639,0.8600,48.7310,0.0004,1015.9858,1119.1766,103.1908
4597.0000,3.9674,0.8599,48.7349,0.0004,1015.9635,1119.1880,103.2245
4598.0000,3.9709,0.8599,48.7388,0.0004,1015.9412,1119.1992,103.2580
4599.0000,3.9743,0.8599,48.7428,0.0004,1015.9190,1119.2104,103.2914
4600.0000,3.9778,0.8599,48.7467,0.0004,1015.8968,1119.2214,103.3246
4601.0000,3.9813,0.8599,48.7506,0.0004,1015.8747,1119.2324,103.3577
4602.0000,3.9848,0.8598,48.7545,0.0004,1015.8526,1119.2433,103.3907
4603.0000,3.9883,0.8598,48.7584,0.0004,1015.8306,1119.2541,103.4235
4604.0000,3.9917,0.8598,48.7623,0.0004,1015.8086,1119.2648,103.4563
4605.0000,3.9952,0.8598,48.7662,0.0004,1015.7866,1119.2754,103.4888
4606.0000,3.9987,0.8598,48.7702,0.0004,1015.7647,1119.2860,103.5213
4607.0000,4.0022,0.8598,48.7741,0.0004,1015.7428,1119.2965,103.5536
4608.0000,4.0057,0.8597,48.7780,0.0004,1015.7210,1119.3068,103.5858
4609.0000,4.0092,0.8597,48.7819,0.0004,1015.6993,1119.3171,103.6179
4610.0000,4.0127,0.8597,48.7858,0.0004,1015.6775,1119.3274,103.6499
4611.0000,4.0162,0.8597,48.7898,0.0004,1015.6558,1119.3375,103.6817
4612.0000,4.0198,0.8597,48.7937,0.0004,1015.6342,1119.3476,103.7134
4613.0000,4.0233,0.8596,48.7976,0.0004,1015.6126,1119.3576,103.7450
4614.0000,4.0268,0.8596,48.8015,0.0004,1015.5910,1119.3675,103.7765
4615.0000,4.0303,0.8596,48.8054,0.0004,1015.5695,1119.3774,103.8079
4616.0000,4.0338,0.8596,48.8093,0.0004,1015.5481,1119.3872,103.8391
4617.0000,4.0374,0.8596,48.8133,0.0004,1015.5266,1119.3969,103.8703
4618.0000,4.0409,0.8596,48.8172,0.0004,1015.5052,1119.4066,103.9013
4619.0000,4.0444,0.8595,48.8211,0.0004,1015.4839,1119.4161,103.9322
4620.0000,4.0480,0.8595,48.8250,0.0004,1015.4626,1119.4257,103.9631
4621.0000,4.0514,0.8595,48.8250,0.0004,1015.4314,1119.3403,103.9089
4622.0000,4.0548,0.8595,48.8251,0.0004,1015.4004,1119.2561,103.8557
4623.0000,4.0582,0.8595,48.8251,0.0004,1015.3693,1119.1725,103.8032
4624.0000,4.0615,0.8595,48.8251,0.0004,1015.3383,1119.0896,103.7513
4625.0000,4.0649,0.8594,48.8252,0.0004,1015.3073,1119.0072,103.6999
4626.0000,4.0682,0.8594,48.8252,0.0004,1015.2764,1118.9252,103.6488
4627.0000,4.0715,0.8594,48.8252,0.0004,1015.2454,1118.8436,103.5982
4628.0000,4.0748,0.8594,48.8253,0.0004,1015.2145,1118.7624,103.5479
4629.0000,4.0780,0.8594,48.8253,0.0004,1015.1836,1118.6815,103.4980
4630.0000,4.0813,0.8593,48.8253,0.0004,1015.1526,1118.6009,103.4483
4631.0000,4.0845,0.8593,48.8254,0.0004,1015.1217,1118.5206,103.3989
4632.0000,4.0878,0.8593,48.8254,0.0004,1015.0907,1118.4405,103.3498
4633.0000,4.0910,0.8593,48.8254,0.0004,1015.0598,1118.3607,103.3009
4634.0000,4.0942,0.8593,48.8255,0.0004,1015.0288,1118.2812,103.2523
4635.0000,4.0974,0.8593,48.8255,0.0004,1014.9979,1118.2018,103.2039
4636.0000,4.1006,0.8592,48.8255,0.0004,1014.9669,1118.1227,103.1557
4637.0000,4.1038,0.8592,48.8256,0.0004,1014.9360,1118.0437,103.1078
4638.0000,4.1070,0.8592,48.8256,0.0004,1014.9050,1117.9650,103.0600
4639.0000,4.1102,0.8592,48.8256,0.0004,1014.8740,1117.8864,103.0124
4640.0000,4.1133,0.8592,48.8257,0.0004,1014.8430,1117.8081,102.9650
4641.0000,4.1165,0.8592,48.8257,0.0004,1014.8120,1117.7298,102.9178
4642.0000,4.1197,0.8591,48.8257,0.0004,1014.7810,1117.6518,102.8708
4643.0000,4.1228,0.8591,48.8258,0.0004,1014.7500,1117.5739,102.8239
4644.0000,4.1260,0.8591,48.8258,0.0004,1014.7190,1117.4962,102.7772
4645.0000,4.1291,0.8591,48.8258,0.0004,1014.6879,1117.4186,102.7307
4646.0000,4.1322,0.8591,48.8259,0.0004,1014.6569,1117.3412,102.6843
4647.0000,4.1353,0.8590,48.8259,0.0004,1014.6258,1117.2639,102.6380
4648.0000,4.1385,0.8590,48.8259,0.0004,1014.5948,1117.1867,102.5920
4649.0000,4.1416,0.8590,48.8260,0.0004,1014.5637,1117.1097,102.5460
4650.0000,4.1447,0.8590,48.8260,0.0004,1014.5326,1117.0328,102.5002
4651.0000,4.1478,0.8590,48.8260,0.0004,1014.5015,1116.9560,102.4545
4652.0000,4.1509,0.8590,48.8261,0.0004,1014.4704,1116.8794,102.4090
4653.0000,4.1540,0.8589,48.8261,0.0004,1014.4393,1116.8028,102.3635
4654.0000,4.1571,0.8589,48.8261,0.0004,1014.4082,1116.7264,102.3183
4655.0000,4.1602,0.8589,48.8262,0.0004,1014.3770,1116.6501,102.2731
4656.0000,4.1632,0.8589,48.8262,0.0004,1014.3459,1116.5739,102.2280
4657.0000,4.1663,0.8589,48.8262,0.0004,1014.3147,1116.4979,102.1831
4658.0000,4.1694,0.8589,48.8263,0.0004,1014.2836,1116.4219,102.1383
4659.0000,4.1725,0.8588,48.8263,0.0004,1014.2524,1116.3460,102.0936
4660.0000,4.1755,0.8588,48.8263,0.0004,1014.2212,1116.2702,102.0490
4661.0000,4.1786,0.8588,48.8264,0.0004,1014.1900,1116.1946,102.0046
4662.0000,4.1816,0.8588,48.8264,0.0004,1014.1588,1116.1190,101.9602
4663.0000,4.1847,0.8588,48.8264,0.0004,1014.1276,1116.0435,101.9159
4664.0000,4.1877,0.8587,48.8265,0.0004,1014.0964,1115.9682,101.8718
4665.0000,4.1908,0.8587,48.8265,0.0004,1014.0651,1115.8929,101.8278
4666.0000,4.1938,0.8587,48.8265,0.0004,1014.0339,1115.8177,101.7838
4667.0000,4.1969,0.8587,48.8266,0.0004,1014.0026,1115.7426,101.7400
4668.0000,4.1999,0.8587,48.8266,0.0004,1013.9714,1115.6676,101.6962
4669.0000,4.2029,0.8587,48.8266,0.0004,1013.9401,1115.5927,101.6526
4670.0000,4.2060,0.8586,48.8267,0.0004,1013.9088,1115.5178,101.6090
4671.0000,4.2090,0.8586,48.8267,0.0004,1013.8775,1115.4431,101.5656
4672.0000,4.2120,0.8586,48.8267,0.0004,1013.8462,1115.3684,101.5222
4673.0000,4.2150,0.8586,48.8268,0.0004,1013.8149,1115.2938,101.4789
4674.0000,4.2180,0.8586,48.8268,0.0004,1013.7836,1115.2193,101.4357
4675.0000,4.2210,0.8586,48.8268,0.0004,1013.7522,1115.1448,101.3926
4676.0000,4.2240,0.8585,48.8269,0.0004,1013.7209,1115.0705,101.3496
4677.0000,4.2271,0.8585,48.8269,0.0004,1013.6895,1114.9962,101.3067
4678.0000,4.2301,0.8585,48.8269,0.0004,1013.6581,1114.9220,101.2639
4679.0000,4.2331,0.8585,48.8270,0.0004,1013.6268,1114.8479,101.2211
4680.0000,4.2360,0.8585,48.8270,0.0004,1013.5954,1114.7738,101.1784
4681.0000,4.2391,0.8584,48.8297,0.0004,1013.5706,1114.7645,101.1939
4682.0000,4.2422,0.8584,48.8324,0.0004,1013.5458,1114.7545,101.2087
4683.0000,4.2453,0.8584,48.8350,0.0004,1013.5209,1114.7440,101.2231
4684.0000,4.2484,0.8584,48.8377,0.0004,1013.4961,1114.7331,101.2370
4685.0000,4.2515,0.8584,48.8404,0.0004,1013.4712,1114.7219,101.2507
4686.0000,4.2547,0.8584,48.8431,0.0004,1013.4464,1114.7105,101.2640
4687.0000,4.2578,0.8583,48.8458,0.0004,1013.4216,1114.6987,101.2772
4688.0000,4.2610,0.8583,48.8485,0.0004,1013.3968,1114.6868,101.2900
4689.0000,4.2642,0.8583,48.8511,0.0004,1013.3720,1114.6747,101.3027
4690.0000,4.2673,0.8583,48.8538,0.0004,1013.3472,1114.6624,101.3151
4691.0000,4.2705,0.8583,48.8565,0.0004,1013.3225,1114.6499,101.3274
4692.0000,4.2737,0.8583,48.8592,0.0004,1013.2978,1114.6372,101.3395
4693.0000,4.2769,0.8582,48.8619,0.0004,1013.2731,1114.6245,101.3514
4694.0000,4.2801,0.8582,48.8646,0.0004,1013.2484,1114.6115,101.3632
4695.0000,4.2833,0.8582,48.8672,0.0004,1013.2237,1114.5985,101.3748
4696.0000,4.2865,0.8582,48.8699,0.0004,1013.1991,1114.5853,101.3862
4697.0000,4.2897,0.8582,48.8726,0.0004,1013.1745,1114.5720,101.3976
4698.0000,4.2930,0.8581,48.8753,0.0004,1013.1499,1114.5586,101.4087
4699.0000,4.2962,0.8581,48.8780,0.0004,1013.1253,1114.5451,101.4198
4700.0000,4.2994,0.8581,48.8807,0.0004,1013.1008,1114.5315,101.4308
4701.0000,4.3026,0.8581,48.8834,0.0004,1013.0763,1114.5178,101.4416
4702.0000,4.3059,0.8581,48.8860,0.0004,1013.0518,1114.5041,101.4523
4703.0000,4.3091,0.8581,48.8887,0.0004,1013.0273,1114.4902,101.4629
4704.0000,4.3124,0.8580,48.8914,0.0004,1013.0029,1114.4762,101.4734
4705.0000,4.3156,0.8580,48.8941,0.0004,1012.9784,1114.4622,101.4838
4706.0000,4.3188,0.8580,48.8968,0.0004,1012.9540,1114.4481,101.4940
4707.0000,4.3221,0.8580,48.8995,0.0004,1012.9297,1114.4339,101.5042
4708.0000,4.3253,0.8580,48.9021,0.0004,1012.9053,1114.4196,101.5143
4709.0000,4.3286,0.8580,48.9048,0.0004,1012.8810,1114.4053,101.5243
4710.0000,4.3319,0.8579,48.9075,0.0004,1012.8567,1114.3909,101.5342
4711.0000,4.3351,0.8579,48.9102,0.0004,1012.8324,1114.3765,101.5440
4712.0000,4.3384,0.8579,48.9129,0.0004,1012.8082,1114.3619,101.5537
4713.0000,4.3417,0.8579,48.9155,0.0004,1012.7840,1114.3473,101.5634
4714.0000,4.3449,0.8579,48.9182,0.0004,1012.7598,1114.3327,101.5729
4715.0000,4.3482,0.8578,48.9209,0.0004,1012.7356,1114.3180,101.5824
4716.0000,4.3515,0.8578,48.9236,0.0004,1012.7115,1114.3032,101.5918
4717.0000,4.3547,0.8578,48.9263,0.0004,1012.6874,1114.2884,101.6011
4718.0000,4.3580,0.8578,48.9290,0.0004,1012.6633,1114.2736,101.6103
4719.0000,4.3613,0.8578,48.9316,0.0004,1012.6392,1114.2587,101.6195
4720.0000,4.3646,0.8578,48.9343,0.0004,1012.6151,1114.2437,101.6285
4721.0000,4.3679,0.8577,48.9370,0.0004,1012.5911,1114.2287,101.6375
4722.0000,4.3712,0.8577,48.9397,0.0004,1012.5671,1114.2136,101.6465
4723.0000,4.3744,0.8577,48.9424,0.0004,1012.5432,1114.1985,101.6553
4724.0000,4.3777,0.8577,48.9451,0.0004,1012.5192,1114.1833,101.6641
4725.0000,4.3810,0.8577,48.9477,0.0004,1012.4953,1114.1681,101.6729
4726.0000,4.3843,0.8577,48.9504,0.0004,1012.4714,1114.1529,101.6815
4727.0000,4.3876,0.8576,48.9531,0.0004,1012.4475,1114.1376,101.6901
4728.0000,4.3909,0.8576,48.9558,0.0004,1012.4237,1114.1223,101.6986
4729.0000,4.3942,0.8576,48.9585,0.0004,1012.3998,1114.1069,101.7071
4730.0000,4.3975,0.8576,48.9612,0.0004,1012.3760,1114.0915,101.7155
4731.0000,4.4008,0.8576,48.9639,0.0004,1012.3523,1114.0761,101.7238
4732.0000,4.4041,0.8576,48.9665,0.0004,1012.3285,1114.0606,101.7321
4733.0000,4.4074,0.8575,48.9692,0.0004,1012.3048,1114.0451,101.7403
4734.0000,4.4107,0.8575,48.9719,0.0004,1012.2811,1114.0295,101.7484
4735.0000,4.4140,0.8575,48.9746,0.0004,1012.2574,1114.0139,101.7565
4736.0000,4.4173,0.8575,48.9773,0.0004,1012.2338,1113.9983,101.7645
4737.0000,4.4206,0.8575,48.9800,0.0004,1012.2101,1113.9826,101.7725
4738.0000,4.4240,0.8575,48.9826,0.0004,1012.1865,1113.9669,101.7804
4739.0000,4.4273,0.8574,48.9853,0.0004,1012.1629,1113.9512,101.7883
4740.0000,4.4306,0.8574,48.9880,0.0004,1012.1394,1113.9355,101.7961
4741.0000,4.4338,0.8574,48.9879,0.0004,1012.1199,1113.8508,101.7309
4742.0000,4.4370,0.8574,48.9877,0.0004,1012.1004,1113.7671,101.6668
4743.0000,4.4402,0.8574,48.9875,0.0004,1012.0807,1113.6841,101.6033
4744.0000,4.4433,0.8574,48.9874,0.0004,1012.0610,1113.6016,101.5405
4745.0000,4.4465,0.8573,48.9873,0.0004,1012.0413,1113.5195,101.4783
4746.0000,4.4496,0.8573,48.9871,0.0004,1012.0214,1113.4379,101.4165
4747.0000,4.4527,0.8573,48.9870,0.0004,1012.0015,1113.3566,101.3551
4748.0000,4.4558,0.8573,48.9868,0.0004,1011.9815,1113.2756,101.2941
4749.0000,4.4589,0.8573,48.9866,0.0004,1011.9615,1113.1949,101.2334
4750.0000,4.4619,0.8572,48.9865,0.0004,1011.9414,1113.1145,101.1732
4751.0000,4.4650,0.8572,48.9864,0.0004,1011.9212,1113.0344,101.1132
4752.0000,4.4680,0.8572,48.9862,0.0004,1011.9010,1112.9545,101.0535
4753.0000,4.4711,0.8572,48.9860,0.0004,1011.8807,1112.8748,100.9941
4754.0000,4.4741,0.8572,48.9859,0.0004,1011.8604,1112.7954,100.9350
4755.0000,4.4771,0.8572,48.9858,0.0004,1011.8400,1112.7162,100.8762
4756.0000,4.4801,0.8571,48.9856,0.0004,1011.8195,1112.6371,100.8176
4757.0000,4.4831,0.8571,48.9855,0.0004,1011.7991,1112.5583,100.7592
4758.0000,4.4861,0.8571,48.9853,0.0004,1011.7785,1112.4796,100.7011
4759.0000,4.4891,0.8571,48.9851,0.0004,1011.7579,1112.4011,100.6432
4760.0000,4.4921,0.8571,48.9850,0.0004,1011.7373,1112.3228,100.5856
4761.0000,4.4951,0.8571,48.9849,0.0004,1011.7166,1112.2447,100.5281
4762.0000,4.4980,0.8570,48.9847,0.0004,1011.6959,1112.1667,100.4709
4763.0000,4.5010,0.8570,48.9845,0.0004,1011.6751,1112.0889,100.4138
4764.0000,4.5040,0.8570,48.9844,0.0004,1011.6542,1112.0112,100.3569
4765.0000,4.5069,0.8570,48.9843,0.0004,1011.6334,1111.9337,100.3003
4766.0000,4.5098,0.8570,48.9841,0.0004,1011.6124,1111.8563,100.2438
4767.0000,4.5128,0.8569,48.9840,0.0004,1011.5915,1111.7790,100.1875
4768.0000,4.5157,0.8569,48.9838,0.0004,1011.5705,1111.7019,100.1314
4769.0000,4.5187,0.8569,48.9836,0.0004,1011.5494,1111.6249,100.0754
4770.0000,4.5216,0.8569,48.9835,0.0004,1011.5283,1111.5480,100.0197
4771.0000,4.5245,0.8569,48.9834,0.0004,1011.5072,1111.4713,99.9641
4772.0000,4.5274,0.8569,48.9832,0.0004,1011.4860,1111.3946,99.9086
4773.0000,4.5303,0.8568,48.9830,0.0004,1011.4648,1111.3181,99.8533
4774.0000,4.5332,0.8568,48.9829,0.0004,1011.4435,1111.2417,99.7982
4775.0000,4.5361,0.8568,48.9828,0.0004,1011.4222,1111.1655,99.7432
4776.0000,4.5390,0.8568,48.9826,0.0004,1011.4009,1111.0893,99.6884
4777.0000,4.5419,0.8568,48.9825,0.0004,1011.3795,1111.0132,99.6337
4778.0000,4.5448,0.8567,48.9823,0.0004,1011.3581,1110.9373,99.5792
4779.0000,4.5477,0.8567,48.9821,0.0004,1011.3366,1110.8615,99.5248
4780.0000,4.5506,0.8567,48.9820,0.0004,1011.3151,1110.7857,99.4706
4781.0000,4.5534,0.8567,48.9819,0.0004,1011.2936,1110.7101,99.4165
4782.0000,4.5563,0.8567,48.9817,0.0004,1011.2720,1110.6345,99.3625
4783.0000,4.5592,0.8566,48.9815,0.0004,1011.2504,1110.5591,99.3087
4784.0000,4.5621,0.8566,48.9814,0.0004,1011.2287,1110.4837,99.2550
4785.0000,4.5649,0.8566,48.9813,0.0004,1011.2071,1110.4085,99.2014
4786.0000,4.5678,0.8566,48.9811,0.0004,1011.1853,1110.3333,99.1480
4787.0000,4.5706,0.8566,48.9809,0.0004,1011.1636,1110.2583,99.0947
4788.0000,4.5735,0.8566,48.9808,0.0004,1011.1418,1110.1833,99.0415
4789.0000,4.5763,0.8565,48.9806,0.0004,1011.1199,1110.1084,98.9885
4790.0000,4.5792,0.8565,48.9805,0.0004,1011.0981,1110.0336,98.9355
4791.0000,4.5820,0.8565,48.9804,0.0004,1011.0762,1109.9589,98.8827
4792.0000,4.5848,0.8565,48.9802,0.0004,1011.0542,1109.8843,98.8300
4793.0000,4.5877,0.8565,48.9800,0.0004,1011.0323,1109.8097,98.7775
4794.0000,4.5905,0.8564,48.9799,0.0004,1011.0103,1109.7353,98.7250
4795.0000,4.5933,0.8564,48.9798,0.0004,1010.9882,1109.6609,98.6727
4796.0000,4.5961,0.8564,48.9796,0.0004,1010.9661,1109.5866,98.6205
4797.0000,4.5990,0.8564,48.9794,0.0004,1010.9440,1109.5124,98.5683
4798.0000,4.6018,0.8564,48.9793,0.0004,1010.9219,1109.4382,98.5163
4799.0000,4.6046,0.8563,48.9791,0.0004,1010.8997,1109.3642,98.4645
4800.0000,4.6074,0.8563,48.9790,0.0004,1010.8775,1109.2902,98.4127
4801.0000,4.6102,0.8563,48.9777,0.0004,1010.8524,1109.1878,98.3354
4802.0000,4.6129,0.8563,48.9764,0.0004,1010.8272,1109.0858,98.2586
4803.0000,4.6157,0.8563,48.9750,0.0004,1010.8020,1108.9842,98.1822
4804.0000,4.6184,0.8563,48.9737,0.0004,1010.7768,1108.8828,98.1060
4805.0000,4.6211,0.8562,48.9724,0.0004,1010.7515,1108.7817,98.0301
4806.0000,4.6239,0.8562,48.9711,0.0004,1010.7262,1108.6808,97.9545
4807.0000,4.6266,0.8562,48.9698,0.0004,1010.7009,1108.5801,97.8792
4808.0000,4.6293,0.8562,48.9685,0.0004,1010.6755,1108.4796,97.8040
4809.0000,4.6320,0.8562,48.9671,0.0004,1010.6501,1108.3792,97.7291
4810.0000,4.6347,0.8561,48.9658,0.0004,1010.6246,1108.2791,97.6545
4811.0000,4.6374,0.8561,48.9645,0.0004,1010.5991,1108.1791,97.5800
4812.0000,4.6400,0.8561,48.9632,0.0004,1010.5736,1108.0793,97.5058
4813.0000,4.6427,0.8561,48.9619,0.0004,1010.5480,1107.9797,97.4317
4814.0000,4.6454,0.8561,48.9606,0.0004,1010.5223,1107.8802,97.3579
4815.0000,4.6480,0.8560,48.9592,0.0004,1010.4966,1107.7808,97.2842
4816.0000,4.6507,0.8560,48.9579,0.0004,1010.4709,1107.6816,97.2107
4817.0000,4.6533,0.8560,48.9566,0.0004,1010.4451,1107.5826,97.1374
4818.0000,4.6560,0.8560,48.9553,0.0004,1010.4193,1107.4837,97.0643
4819.0000,4.6586,0.8560,48.9540,0.0004,1010.3935,1107.3849,96.9914
4820.0000,4.6612,0.8559,48.9527,0.0004,1010.3676,1107.2862,96.9187
4821.0000,4.6638,0.8559,48.9513,0.0004,1010.3416,1107.1877,96.8461
4822.0000,4.6665,0.8559,48.9500,0.0004,1010.3156,1107.0893,96.7737
4823.0000,4.6691,0.8559,48.9487,0.0004,1010.2896,1106.9910,96.7014
4824.0000,4.6717,0.8559,48.9474,0.0004,1010.2635,1106.8929,96.6294
4825.0000,4.6743,0.8558,48.9461,0.0004,1010.2374,1106.7948,96.5575
4826.0000,4.6769,0.8558,48.9448,0.0004,1010.2112,1106.6969,96.4857
4827.0000,4.6795,0.8558,48.9434,0.0004,1010.1850,1106.5991,96.4141
4828.0000,4.6821,0.8558,48.9421,0.0004,1010.1588,1106.5014,96.3427
4829.0000,4.6847,0.8558,48.9408,0.0004,1010.1325,1106.4039,96.2714
4830.0000,4.6872,0.8557,48.9395,0.0004,1010.1061,1106.3064,96.2003
4831.0000,4.6898,0.8557,48.9382,0.0004,1010.0798,1106.2091,96.1293
4832.0000,4.6924,0.8557,48.9369,0.0004,1010.0534,1106.1118,96.0584
4833.0000,4.6950,0.8557,48.9355,0.0004,1010.0269,1106.0147,95.9878
4834.0000,4.6975,0.8557,48.9342,0.0004,1010.0004,1105.9176,95.9172
4835.0000,4.7001,0.8556,48.9329,0.0004,1009.9739,1105.8207,95.8468
4836.0000,4.7026,0.8556,48.9316,0.0004,1009.9473,1105.7239,95.7766
4837.0000,4.7052,0.8556,48.9303,0.0004,1009.9206,1105.6271,95.7065
4838.0000,4.7077,0.8556,48.9290,0.0004,1009.8940,1105.5305,95.6365
4839.0000,4.7103,0.8556,48.9276,0.0004,1009.8673,1105.4340,95.5667
4840.0000,4.7128,0.8555,48.9263,0.0004,1009.8405,1105.3375,95.4970
4841.0000,4.7154,0.8555,48.9250,0.0004,1009.8137,1105.2412,95.4274
4842.0000,4.7179,0.8555,48.9237,0.0004,1009.7869,1105.1449,95.3580
4843.0000,4.7204,0.8555,48.9224,0.0004,1009.7601,1105.0488,95.2887
4844.0000,4.7230,0.8555,48.9211,0.0004,1009.7331,1104.9527,95.2196
4845.0000,4.7255,0.8554,48.9198,0.0004,1009.7062,1104.8567,95.1505
4846.0000,4.7280,0.8554,48.9184,0.0004,1009.6792,1104.7608,95.0816
4847.0000,4.7305,0.8554,48.9171,0.0004,1009.6522,1104.6651,95.0129
4848.0000,4.7330,0.8554,48.9158,0.0004,1009.6251,1104.5694,94.9442
4849.0000,4.7355,0.8554,48.9145,0.0004,1009.5980,1104.4737,94.8757
4850.0000,4.7380,0.8553,48.9132,0.0004,1009.5709,1104.3782,94.8073
4851.0000,4.7405,0.8553,48.9119,0.0004,1009.5437,1104.2828,94.7391
4852.0000,4.7430,0.8553,48.9105,0.0004,1009.5165,1104.1874,94.6709
4853.0000,4.7455,0.8553,48.9092,0.0004,1009.4892,1104.0921,94.6029
4854.0000,4.7480,0.8552,48.9079,0.0004,1009.4619,1103.9970,94.5350
4855.0000,4.7505,0.8552,48.9066,0.0004,1009.4346,1103.9018,94.4673
4856.0000,4.7530,0.8552,48.9053,0.0004,1009.4072,1103.8068,94.3996
4857.0000,4.7555,0.8552,48.9040,0.0004,1009.3798,1103.7119,94.3321
4858.0000,4.7580,0.8552,48.9026,0.0004,1009.3523,1103.6170,94.2647
4859.0000,4.7604,0.8551,48.9013,0.0004,1009.3248,1103.5222,94.1974
4860.0000,4.7629,0.8551,48.9000,0.0004,1009.2973,1103.4275,94.1302
4861.0000,4.7655,0.8551,48.9041,0.0004,1009.2668,1103.4638,94.1971
4862.0000,4.7682,0.8551,48.9081,0.0004,1009.2363,1103.4985,94.2622
4863.0000,4.7709,0.8551,48.9122,0.0004,1009.2060,1103.5319,94.3259
4864.0000,4.7737,0.8550,48.9163,0.0004,1009.1757,1103.5643,94.3886
4865.0000,4.7765,0.8550,48.9203,0.0004,1009.1456,1103.5960,94.4504
4866.0000,4.7793,0.8550,48.9244,0.0004,1009.1156,1103.6269,94.5113
4867.0000,4.7822,0.8550,48.9285,0.0004,1009.0857,1103.6572,94.5715
4868.0000,4.7851,0.8550,48.9325,0.0004,1009.0558,1103.6869,94.6310
4869.0000,4.7880,0.8549,48.9366,0.0004,1009.0261,1103.7161,94.6899
4870.0000,4.7909,0.8549,48.9407,0.0004,1008.9965,1103.7448,94.7482
4871.0000,4.7938,0.8549,48.9447,0.0004,1008.9670,1103.7730,94.8060
4872.0000,4.7968,0.8549,48.9488,0.0004,1008.9376,1103.8008,94.8632
4873.0000,4.7997,0.8549,48.9529,0.0004,1008.9083,1103.8282,94.9199
4874.0000,4.8027,0.8548,48.9569,0.0004,1008.8791,1103.8552,94.9762
4875.0000,4.8057,0.8548,48.9610,0.0004,1008.8499,1103.8819,95.0320
4876.0000,4.8087,0.8548,48.9651,0.0004,1008.8209,1103.9082,95.0873
4877.0000,4.8118,0.8548,48.9691,0.0004,1008.7919,1103.9342,95.1423
4878.0000,4.8148,0.8548,48.9732,0.0004,1008.7631,1103.9599,95.1968
4879.0000,4.8179,0.8547,48.9773,0.0004,1008.7343,1103.9852,95.2510
4880.0000,4.8209,0.8547,48.9813,0.0004,1008.7056,1104.0103,95.3047
4881.0000,4.8240,0.8547,48.9854,0.0004,1008.6770,1104.0351,95.3582
4882.0000,4.8271,0.8547,48.9895,0.0004,1008.6484,1104.0597,95.4112
4883.0000,4.8302,0.8547,48.9935,0.0004,1008.6200,1104.0840,95.4640
4884.0000,4.8333,0.8546,48.9976,0.0004,1008.5916,1104.1080,95.5164
4885.0000,4.8364,0.8546,49.0017,0.0004,1008.5633,1104.1318,95.5684
4886.0000,4.8395,0.8546,49.0057,0.0004,1008.5351,1104.1553,95.6202
4887.0000,4.8427,0.8546,49.0098,0.0004,1008.5070,1104.1787,95.6717
4888.0000,4.8458,0.8546,49.0139,0.0004,1008.4790,1104.2018,95.7228
4889.0000,4.8489,0.8545,49.0179,0.0004,1008.4510,1104.2247,95.7737
4890.0000,4.8521,0.8545,49.0220,0.0004,1008.4231,1104.2474,95.8243
4891.0000,4.8553,0.8545,49.0261,0.0004,1008.3953,1104.2698,95.8746
4892.0000,4.8584,0.8545,49.0301,0.0004,1008.3675,1104.2921,95.9246
4893.0000,4.8616,0.8545,49.0342,0.0004,1008.3399,1104.3142,95.9744
4894.0000,4.8648,0.8545,49.0383,0.0004,1008.3123,1104.3361,96.0239
4895.0000,4.8680,0.8544,49.0423,0.0004,1008.2848,1104.3579,96.0731
4896.0000,4.8712,0.8544,49.0464,0.0004,1008.2573,1104.3794,96.1221
4897.0000,4.8744,0.8544,49.0505,0.0004,1008.2299,1104.4008,96.1709
4898.0000,4.8777,0.8544,49.0545,0.0004,1008.2026,1104.4220,96.2194
4899.0000,4.8809,0.8544,49.0586,0.0004,1008.1754,1104.4431,96.2676
4900.0000,4.8841,0.8543,49.0627,0.0004,1008.1483,1104.4639,96.3157
4901.0000,4.8873,0.8543,49.0667,0.0004,1008.1212,1104.4847,96.3635
4902.0000,4.8906,0.8543,49.0708,0.0004,1008.0942,1104.5052,96.4111
4903.0000,4.8938,0.8543,49.0749,0.0004,1008.0672,1104.5256,96.4584
4904.0000,4.8971,0.8543,49.0789,0.0004,1008.0403,1104.5459,96.5056
4905.0000,4.9004,0.8543,49.0830,0.0004,1008.0135,1104.5660,96.5525
4906.0000,4.9036,0.8542,49.0871,0.0004,1007.9868,1104.5860,96.5992
4907.0000,4.9069,0.8542,49.0911,0.0004,1007.9601,1104.6058,96.6457
4908.0000,4.9102,0.8542,49.0952,0.0004,1007.9335,1104.6255,96.6920
4909.0000,4.9135,0.8542,49.0993,0.0004,1007.9070,1104.6451,96.7381
4910.0000,4.9168,0.8542,49.1033,0.0004,1007.8805,1104.6645,96.7840
4911.0000,4.9200,0.8541,49.1074,0.0004,1007.8541,1104.6838,96.8297
4912.0000,4.9233,0.8541,49.1115,0.0004,1007.8278,1104.7030,96.8753
4913.0000,4.9267,0.8541,49.1155,0.0004,1007.8015,1104.7221,96.9206
4914.0000,4.9300,0.8541,49.1196,0.0004,1007.7753,1104.7410,96.9657
4915.0000,4.9333,0.8541,49.1237,0.0004,1007.7491,1104.7598,97.0107
4916.0000,4.9366,0.8541,49.1277,0.0004,1007.7230,1104.7785,97.0554
4917.0000,4.9399,0.8540,49.1318,0.0004,1007.6970,1104.7970,97.1000
4918.0000,4.9432,0.8540,49.1359,0.0004,1007.6711,1104.8155,97.1444
4919.0000,4.9466,0.8540,49.1399,0.0004,1007.6452,1104.8338,97.1886
4920.0000,4.9499,0.8540,49.1440,0.0004,1007.6194,1104.8520,97.2327
4921.0000,4.9530,0.8540,49.1394,0.0004,1007.5922,1104.6600,97.0678
4922.0000,4.9560,0.8540,49.1349,0.0004,1007.5650,1104.4706,96.9056
4923.0000,4.9590,0.8539,49.1303,0.0004,1007.5377,1104.2832,96.7455
4924.0000,4.9618,0.8539,49.1257,0.0004,1007.5102,1104.0972,96.5870
4925.0000,4.9647,0.8539,49.1212,0.0004,1007.4826,1103.9125,96.4299
4926.0000,4.9674,0.8539,49.1166,0.0004,1007.4549,1103.7290,96.2741
4927.0000,4.9702,0.8539,49.1120,0.0004,1007.4271,1103.5465,96.1194
4928.0000,4.9729,0.8538,49.1075,0.0004,1007.3991,1103.3649,95.9657
4929.0000,4.9755,0.8538,49.1029,0.0004,1007.3710,1103.1841,95.8131
4930.0000,4.9782,0.8538,49.0983,0.0004,1007.3428,1103.0041,95.6613
4931.0000,4.9808,0.8538,49.0938,0.0004,1007.3144,1102.8249,95.5105
4932.0000,4.9833,0.8538,49.0892,0.0004,1007.2859,1102.6463,95.3604
4933.0000,4.9859,0.8538,49.0846,0.0004,1007.2573,1102.4684,95.2111
4934.0000,4.9884,0.8537,49.0801,0.0004,1007.2286,1102.2912,95.0625
4935.0000,4.9909,0.8537,49.0755,0.0004,1007.1998,1102.1145,94.9147
4936.0000,4.9934,0.8537,49.0709,0.0004,1007.1708,1101.9383,94.7675
4937.0000,4.9959,0.8537,49.0664,0.0004,1007.1417,1101.7627,94.6210
4938.0000,4.9983,0.8537,49.0618,0.0004,1007.1125,1101.5876,94.4751
4939.0000,5.0007,0.8536,49.0572,0.0004,1007.0832,1101.4131,94.3298
4940.0000,5.0031,0.8536,49.0527,0.0004,1007.0538,1101.2389,94.1851
4941.0000,5.0055,0.8536,49.0481,0.0004,1007.0243,1101.0653,94.0410
4942.0000,5.0079,0.8536,49.0435,0.0004,1006.9946,1100.8921,93.8975
4943.0000,5.0102,0.8536,49.0390,0.0004,1006.9648,1100.7193,93.7544
4944.0000,5.0125,0.8535,49.0344,0.0004,1006.9350,1100.5469,93.6120
4945.0000,5.0148,0.8535,49.0298,0.0004,1006.9050,1100.3750,93.4700
4946.0000,5.0171,0.8535,49.0253,0.0004,1006.8749,1100.2034,93.3285
4947.0000,5.0194,0.8535,49.0207,0.0004,1006.8447,1100.0322,93.1875
4948.0000,5.0217,0.8535,49.0161,0.0004,1006.8144,1099.8614,93.0470
4949.0000,5.0239,0.8534,49.0116,0.0004,1006.7840,1099.6909,92.9069
4950.0000,5.0262,0.8534,49.0070,0.0004,1006.7534,1099.5208,92.7673
4951.0000,5.0284,0.8534,49.0024,0.0004,1006.7228,1099.3510,92.6282
4952.0000,5.0306,0.8534,48.9979,0.0004,1006.6921,1099.1816,92.4895
4953.0000,5.0328,0.8534,48.9933,0.0004,1006.6612,1099.0125,92.3512
4954.0000,5.0350,0.8533,48.9887,0.0004,1006.6303,1098.8437,92.2134
4955.0000,5.0372,0.8533,48.9842,0.0004,1006.5993,1098.6752,92.0759
4956.0000,5.0393,0.8533,48.9796,0.0004,1006.5681,1098.5070,91.9389
4957.0000,5.0415,0.8533,48.9750,0.0004,1006.5369,1098.3392,91.8023
4958.0000,5.0436,0.8533,48.9705,0.0004,1006.5055,1098.1716,91.6661
4959.0000,5.0457,0.8532,48.9659,0.0004,1006.4741,1098.0043,91.5302
4960.0000,5.0478,0.8532,48.9613,0.0004,1006.4426,1097.8373,91.3948
4961.0000,5.0499,0.8532,48.9568,0.0004,1006.4109,1097.6706,91.2597
4962.0000,5.0520,0.8532,48.9522,0.0004,1006.3792,1097.5041,91.1250
4963.0000,5.0541,0.8532,48.9476,0.0004,1006.3473,1097.3380,90.9906
4964.0000,5.0562,0.8531,48.9431,0.0004,1006.3154,1097.1720,90.8566
4965.0000,5.0582,0.8531,48.9385,0.0004,1006.2834,1097.0064,90.7230
4966.0000,5.0603,0.8531,48.9339,0.0004,1006.2513,1096.8410,90.5897
4967.0000,5.0623,0.8531,48.9294,0.0004,1006.2190,1096.6758,90.4568
4968.0000,5.0644,0.8531,48.9248,0.0004,1006.1867,1096.5109,90.3242
4969.0000,5.0664,0.8530,48.9202,0.0004,1006.1543,1096.3462,90.1919
4970.0000,5.0684,0.8530,48.9157,0.0004,1006.1218,1096.1818,90.0600
4971.0000,5.0704,0.8530,48.9111,0.0004,1006.0892,1096.0176,89.9284
4972.0000,5.0724,0.8530,48.9065,0.0004,1006.0565,1095.8536,89.7971
4973.0000,5.0744,0.8529,48.9020,0.0004,1006.0238,1095.6899,89.6661
4974.0000,5.0763,0.8529,48.8974,0.0004,1005.9909,1095.5264,89.5355
4975.0000,5.0783,0.8529,48.8928,0.0004,1005.9579,1095.3631,89.4051
4976.0000,5.0803,0.8529,48.8883,0.0004,1005.9249,1095.2000,89.2751
4977.0000,5.0822,0.8529,48.8837,0.0004,1005.8917,1095.0371,89.1454
4978.0000,5.0842,0.8528,48.8791,0.0004,1005.8585,1094.8745,89.0160
4979.0000,5.0861,0.8528,48.8746,0.0004,1005.8252,1094.7121,88.8869
4980.0000,5.0880,0.8528,48.8700,0.0004,1005.7918,1094.5498,88.7581
4981.0000,5.0900,0.8528,48.8695,0.0004,1005.7634,1094.4869,88.7235
4982.0000,5.0921,0.8527,48.8690,0.0004,1005.7351,1094.4229,88.6879
4983.0000,5.0942,0.8527,48.8685,0.0004,1005.7066,1094.3583,88.6516
4984.0000,5.0963,0.8527,48.8680,0.0004,1005.6782,1094.2931,88.6149
4985.0000,5.0984,0.8527,48.8675,0.0004,1005.6497,1094.2274,88.5777
4986.0000,5.1005,0.8527,48.8670,0.0004,1005.6212,1094.1614,88.5403
4987.0000,5.1027,0.8526,48.8665,0.0004,1005.5926,1094.0951,88.5025
4988.0000,5.1049,0.8526,48.8660,0.0004,1005.5640,1094.0285,88.4645
4989.0000,5.1070,0.8526,48.8655,0.0004,1005.5355,1093.9617,88.4262
4990.0000,5.1092,0.8526,48.8650,0.0004,1005.5069,1093.8946,88.3878
4991.0000,5.1114,0.8525,48.8645,0.0004,1005.4782,1093.8274,88.3492
4992.0000,5.1136,0.8525,48.8640,0.0004,1005.4496,1093.7600,88.3104
4993.0000,5.1158,0.8525,48.8635,0.0004,1005.4209,1093.6924,88.2715
4994.0000,5.1180,0.8525,48.8630,0.0004,1005.3922,1093.6247,88.2325
4995.0000,5.1202,0.8525,48.8625,0.0004,1005.3635,1093.5568,88.1933
4996.0000,5.1224,0.8524,48.8620,0.0004,1005.3348,1093.4889,88.1540
4997.0000,5.1247,0.8524,48.8615,0.0004,1005.3061,1093.4208,88.1147
4998.0000,5.1269,0.8524,48.8610,0.0004,1005.2773,1093.3526,88.0752
4999.0000,5.1291,0.8524,48.8605,0.0004,1005.2486,1093.2843,88.0357
5000.0000,5.1314,0.8523,48.8600,0.0004,1005.2198,1093.2159,87.9961
5001.0000,5.1336,0.8523,48.8595,0.0004,1005.1910,1093.1475,87.9565
5002.0000,5.1358,0.8523,48.8590,0.0004,1005.1622,1093.0789,87.9167
5003.0000,5.1381,0.8523,48.8585,0.0004,1005.1334,1093.0103,87.8770
5004.0000,5.1403,0.8523,48.8580,0.0004,1005.1045,1092.9417,87.8371
5005.0000,5.1426,0.8522,48.8575,0.0004,1005.0757,1092.8729,87.7972
5006.0000,5.1448,0.8522,48.8570,0.0004,1005.0468,1092.8041,87.7573
5007.0000,5.1471,0.8522,48.8565,0.0004,1005.0179,1092.7353,87.7174
5008.0000,5.1493,0.8522,48.8560,0.0004,1004.9890,1092.6664,87.6774
5009.0000,5.1516,0.8521,48.8555,0.0004,1004.9601,1092.5975,87.6374
5010.0000,5.1539,0.8521,48.8550,0.0004,1004.9312,1092.5285,87.5973
5011.0000,5.1561,0.8521,48.8545,0.0004,1004.9022,1092.4595,87.5573
5012.0000,5.1584,0.8521,48.8540,0.0004,1004.8732,1092.3904,87.5172
5013.0000,5.1606,0.8520,48.8535,0.0004,1004.8443,1092.3213,87.4771
5014.0000,5.1629,0.8520,48.8530,0.0004,1004.8153,1092.2522,87.4369
5015.0000,5.1652,0.8520,48.8525,0.0004,1004.7863,1092.1830,87.3968
5016.0000,5.1674,0.8520,48.8520,0.0004,1004.7572,1092.1139,87.3566
5017.0000,5.1697,0.8520,48.8515,0.0004,1004.7282,1092.0447,87.3165
5018.0000,5.1720,0.8519,48.8510,0.0004,1004.6991,1091.9754,87.2763
5019.0000,5.1743,0.8519,48.8505,0.0004,1004.6701,1091.9062,87.2361
5020.0000,5.1765,0.8519,48.8500,0.0004,1004.6410,1091.8369,87.1959
5021.0000,5.1788,0.8519,48.8495,0.0004,1004.6119,1091.7676,87.1557
5022.0000,5.1811,0.8518,48.8490,0.0004,1004.5828,1091.6983,87.1155
5023.0000,5.1833,0.8518,48.8485,0.0004,1004.5536,1091.6290,87.0753
5024.0000,5.1856,0.8518,48.8480,0.0004,1004.5245,1091.5597,87.0352
5025.0000,5.1879,0.8518,48.8475,0.0004,1004.4953,1091.4903,86.9950
5026.0000,5.1902,0.8517,48.8470,0.0004,1004.4662,1091.4209,86.9548
5027.0000,5.1924,0.8517,48.8465,0.0004,1004.4370,1091.3516,86.9146
5028.0000,5.1947,0.8517,48.8460,0.0004,1004.4078,1091.2822,86.8744
5029.0000,5.1970,0.8517,48.8455,0.0004,1004.3786,1091.2128,86.8342
5030.0000,5.1993,0.8517,48.8450,0.0004,1004.3493,1091.1434,86.7941
5031.0000,5.2015,0.8516,48.8445,0.0004,1004.3201,1091.0740,86.7539
5032.0000,5.2038,0.8516,48.8440,0.0004,1004.2908,1091.0046,86.7138
5033.0000,5.2061,0.8516,48.8435,0.0004,1004.2616,1090.9352,86.6736
5034.0000,5.2084,0.8516,48.8430,0.0004,1004.2323,1090.8658,86.6335
5035.0000,5.2106,0.8515,48.8425,0.0004,1004.2030,1090.7964,86.5934
5036.0000,5.2129,0.8515,48.8420,0.0004,1004.1736,1090.7269,86.5533
5037.0000,5.2152,0.8515,48.8415,0.0004,1004.1443,1090.6575,86.5132
5038.0000,5.2175,0.8515,48.8410,0.0004,1004.1150,1090.5881,86.4731
5039.0000,5.2198,0.8514,48.8405,0.0004,1004.0856,1090.5187,86.4331
5040.0000,5.2220,0.8514,48.8400,0.0004,1004.0562,1090.4492,86.3930
5041.0000,5.2244,0.8514,48.8412,0.0004,1004.0236,1090.4215,86.3979
5042.0000,5.2267,0.8514,48.8424,0.0004,1003.9910,1090.3932,86.4022
5043.0000,5.2291,0.8514,48.8437,0.0004,1003.9585,1090.3644,86.4060
5044.0000,5.2315,0.8513,48.8449,0.0004,1003.9260,1090.3354,86.4094
5045.0000,5.2338,0.8513,48.8461,0.0004,1003.8935,1090.3060,86.4124
5046.0000,5.2362,0.8513,48.8473,0.0004,1003.8612,1090.2763,86.4152
5047.0000,5.2387,0.8513,48.8485,0.0004,1003.8288,1090.2464,86.4176
5048.0000,5.2411,0.8512,48.8497,0.0004,1003.7965,1090.2163,86.4198
5049.0000,5.2435,0.8512,48.8510,0.0004,1003.7643,1090.1860,86.4218
5050.0000,5.2459,0.8512,48.8522,0.0004,1003.7320,1090.1556,86.4235
5051.0000,5.2484,0.8512,48.8534,0.0004,1003.6999,1090.1249,86.4251
5052.0000,5.2508,0.8511,48.8546,0.0004,1003.6677,1090.0941,86.4264
5053.0000,5.2533,0.8511,48.8558,0.0004,1003.6356,1090.0632,86.4275
5054.0000,5.2558,0.8511,48.8570,0.0004,1003.6035,1090.0320,86.4285
5055.0000,5.2582,0.8511,48.8582,0.0004,1003.5715,1090.0008,86.4293
5056.0000,5.2607,0.8511,48.8595,0.0004,1003.5395,1089.9694,86.4299
5057.0000,5.2632,0.8510,48.8607,0.0004,1003.5075,1089.9380,86.4304
5058.0000,5.2656,0.8510,48.8619,0.0004,1003.4756,1089.9063,86.4307
5059.0000,5.2681,0.8510,48.8631,0.0004,1003.4437,1089.8746,86.4309
5060.0000,5.2706,0.8510,48.8643,0.0004,1003.4118,1089.8428,86.4310
5061.0000,5.2731,0.8509,48.8655,0.0004,1003.3800,1089.8108,86.4309
5062.0000,5.2756,0.8509,48.8668,0.0004,1003.3482,1089.7788,86.4306
5063.0000,5.2781,0.8509,48.8680,0.0004,1003.3164,1089.7467,86.4303
5064.0000,5.2806,0.8509,48.8692,0.0004,1003.2846,1089.7144,86.4298
5065.0000,5.2831,0.8509,48.8704,0.0004,1003.2529,1089.6821,86.4292
5066.0000,5.2856,0.8508,48.8716,0.0004,1003.2212,1089.6497,86.4285
5067.0000,5.2882,0.8508,48.8728,0.0004,1003.1896,1089.6172,86.4276
5068.0000,5.2907,0.8508,48.8741,0.0004,1003.1579,1089.5846,86.4267
5069.0000,5.2932,0.8508,48.8753,0.0004,1003.1263,1089.5519,86.4256
5070.0000,5.2957,0.8507,48.8765,0.0004,1003.0947,1089.5192,86.4245
5071.0000,5.2983,0.8507,48.8777,0.0004,1003.0632,1089.4864,86.4232
5072.0000,5.3008,0.8507,48.8789,0.0004,1003.0317,1089.4535,86.4218
5073.0000,5.3033,0.8507,48.8802,0.0004,1003.0002,1089.4205,86.4204
5074.0000,5.3059,0.8507,48.8814,0.0004,1002.9687,1089.3875,86.4188
5075.0000,5.3084,0.8506,48.8826,0.0004,1002.9372,1089.3544,86.4172
5076.0000,5.3110,0.8506,48.8838,0.0004,1002.9058,1089.3212,86.4154
5077.0000,5.3135,0.8506,48.8850,0.0004,1002.8744,1089.2880,86.4136
5078.0000,5.3160,0.8506,48.8862,0.0004,1002.8431,1089.2547,86.4117
5079.0000,5.3186,0.8505,48.8875,0.0004,1002.8117,1089.2214,86.4097
5080.0000,5.3211,0.8505,48.8887,0.0004,1002.7804,1089.1880,86.4076
5081.0000,5.3237,0.8505,48.8899,0.0004,1002.7491,1089.1545,86.4054
5082.0000,5.3263,0.8505,48.8911,0.0004,1002.7178,1089.1209,86.4031
5083.0000,5.3288,0.8505,48.8923,0.0004,1002.6866,1089.0874,86.4008
5084.0000,5.3314,0.8504,48.8935,0.0004,1002.6554,1089.0537,86.3984
5085.0000,5.3339,0.8504,48.8947,0.0004,1002.6242,1089.0200,86.3959
5086.0000,5.3365,0.8504,48.8960,0.0004,1002.5930,1088.9863,86.3933
5087.0000,5.3391,0.8504,48.8972,0.0004,1002.5618,1088.9525,86.3907
5088.0000,5.3417,0.8503,48.8984,0.0004,1002.5307,1088.9186,86.3879
5089.0000,5.3442,0.8503,48.8996,0.0004,1002.4996,1088.8847,86.3852
5090.0000,5.3468,0.8503,48.9008,0.0004,1002.4685,1088.8508,86.3823
5091.0000,5.3494,0.8503,48.9020,0.0004,1002.4374,1088.8168,86.3794
5092.0000,5.3520,0.8503,48.9033,0.0004,1002.4064,1088.7828,86.3764
5093.0000,5.3545,0.8502,48.9045,0.0004,1002.3754,1088.7487,86.3733
5094.0000,5.3571,0.8502,48.9057,0.0004,1002.3444,1088.7146,86.3702
5095.0000,5.3597,0.8502,48.9069,0.0004,1002.3134,1088.6804,86.3670
5096.0000,5.3623,0.8502,48.9081,0.0004,1002.2825,1088.6462,86.3637
5097.0000,5.3649,0.8501,48.9093,0.0004,1002.2516,1088.6120,86.3604
5098.0000,5.3675,0.8501,48.9106,0.0004,1002.2206,1088.5777,86.3570
5099.0000,5.3700,0.8501,48.9118,0.0004,1002.1898,1088.5433,86.3536
5100.0000,5.3726,0.8501,48.9130,0.0004,1002.1589,1088.5090,86.3501
5101.0000,5.3754,0.8501,48.9188,0.0004,1002.1322,1088.5862,86.4540
5102.0000,5.3781,0.8500,48.9246,0.0004,1002.1056,1088.6620,86.5564
5103.0000,5.3809,0.8500,48.9304,0.0004,1002.0791,1088.7367,86.6576
5104.0000,5.3838,0.8500,48.9362,0.0004,1002.0526,1088.8105,86.7579
5105.0000,5.3867,0.8500,48.9420,0.0004,1002.0263,1088.8836,86.8573
5106.0000,5.3896,0.8500,48.9478,0.0004,1002.0001,1088.9560,86.9560
5107.0000,5.3925,0.8499,48.9536,0.0004,1001.9739,1089.0278,87.0539
5108.0000,5.3954,0.8499,48.9594,0.0004,1001.9479,1089.0990,87.1512
5109.0000,5.3984,0.8499,48.9652,0.0004,1001.9219,1089.1697,87.2478
5110.0000,5.4014,0.8499,48.9710,0.0004,1001.8961,1089.2400,87.3439
5111.0000,5.4044,0.8498,48.9768,0.0004,1001.8703,1089.3097,87.4394
5112.0000,5.4074,0.8498,48.9826,0.0004,1001.8447,1089.3790,87.5344
5113.0000,5.4105,0.8498,48.9884,0.0004,1001.8191,1089.4479,87.6288
5114.0000,5.4135,0.8498,48.9942,0.0004,1001.7937,1089.5164,87.7227
5115.0000,5.4166,0.8498,49.0000,0.0004,1001.7684,1089.5846,87.8162
5116.0000,5.4197,0.8497,49.0058,0.0004,1001.7431,1089.6523,87.9092
5117.0000,5.4228,0.8497,49.0116,0.0004,1001.7180,1089.7197,88.0018
5118.0000,5.4259,0.8497,49.0174,0.0004,1001.6929,1089.7868,88.0939
5119.0000,5.4291,0.8497,49.0232,0.0004,1001.6680,1089.8535,88.1856
5120.0000,5.4322,0.8497,49.0290,0.0004,1001.6431,1089.9200,88.2768
5121.0000,5.4354,0.8496,49.0348,0.0004,1001.6184,1089.9861,88.3677
5122.0000,5.4385,0.8496,49.0406,0.0004,1001.5937,1090.0519,88.4582
5123.0000,5.4417,0.8496,49.0464,0.0004,1001.5691,1090.1174,88.5483
5124.0000,5.4449,0.8496,49.0522,0.0004,1001.5447,1090.1827,88.6380
5125.0000,5.4481,0.8496,49.0580,0.0004,1001.5203,1090.2476,88.7273
5126.0000,5.4513,0.8495,49.0638,0.0004,1001.4960,1090.3123,88.8163
5127.0000,5.4545,0.8495,49.0696,0.0004,1001.4718,1090.3768,88.9049
5128.0000,5.4578,0.8495,49.0754,0.0004,1001.4478,1090.4410,88.9932
5129.0000,5.4610,0.8495,49.0812,0.0004,1001.4238,1090.5049,89.0811
5130.0000,5.4643,0.8495,49.0870,0.0004,1001.3999,1090.5686,89.1687
5131.0000,5.4675,0.8494,49.0928,0.0004,1001.3760,1090.6320,89.2560
5132.0000,5.4708,0.8494,49.0986,0.0004,1001.3523,1090.6952,89.3429
5133.0000,5.4741,0.8494,49.1044,0.0004,1001.3287,1090.7582,89.4295
5134.0000,5.4774,0.8494,49.1102,0.0004,1001.3052,1090.8210,89.5158
5135.0000,5.4807,0.8494,49.1160,0.0004,1001.2817,1090.8835,89.6018
5136.0000,5.4840,0.8493,49.1218,0.0004,1001.2583,1090.9458,89.6875
5137.0000,5.4873,0.8493,49.1276,0.0004,1001.2351,1091.0079,89.7729
5138.0000,5.4906,0.8493,49.1334,0.0004,1001.2119,1091.0698,89.8579
5139.0000,5.4939,0.8493,49.1392,0.0004,1001.1888,1091.1315,89.9427
5140.0000,5.4973,0.8493,49.1450,0.0004,1001.1658,1091.1930,90.0272
5141.0000,5.5006,0.8493,49.1508,0.0004,1001.1429,1091.2543,90.1114
5142.0000,5.5040,0.8492,49.1566,0.0004,1001.1201,1091.3154,90.1954
5143.0000,5.5073,0.8492,49.1624,0.0004,1001.0973,1091.3763,90.2790
5144.0000,5.5107,0.8492,49.1682,0.0004,1001.0747,1091.4371,90.3624
5145.0000,5.5141,0.8492,49.1740,0.0004,1001.0521,1091.4976,90.4455
5146.0000,5.5175,0.8492,49.1798,0.0004,1001.0296,1091.5580,90.5283
5147.0000,5.5209,0.8491,49.1856,0.0004,1001.0073,1091.6181,90.6109
5148.0000,5.5243,0.8491,49.1914,0.0004,1000.9849,1091.6781,90.6932
5149.0000,5.5277,0.8491,49.1972,0.0004,1000.9627,1091.7380,90.7752
5150.0000,5.5311,0.8491,49.2030,0.0004,1000.9406,1091.7976,90.8570
5151.0000,5.5345,0.8491,49.2088,0.0004,1000.9185,1091.8571,90.9385
5152.0000,5.5379,0.8491,49.2146,0.0004,1000.8966,1091.9164,91.0198
5153.0000,5.5414,0.8490,49.2204,0.0004,1000.8747,1091.9755,91.1009
5154.0000,5.5448,0.8490,49.2262,0.0004,1000.8529,1092.0345,91.1816
5155.0000,5.5483,0.8490,49.2320,0.0004,1000.8312,1092.0934,91.2622
5156.0000,5.5517,0.8490,49.2378,0.0004,1000.8095,1092.1520,91.3425
5157.0000,5.5552,0.8490,49.2436,0.0004,1000.7880,1092.2105,91.4226
5158.0000,5.5586,0.8489,49.2494,0.0004,1000.7665,1092.2689,91.5024
5159.0000,5.5621,0.8489,49.2552,0.0004,1000.7451,1092.3271,91.5820
5160.0000,5.5656,0.8489,49.2610,0.0004,1000.7238,1092.3852,91.6613
5161.0000,5.5689,0.8489,49.2595,0.0004,1000.6990,1092.2645,91.5655
5162.0000,5.5721,0.8489,49.2579,0.0004,1000.6741,1092.1460,91.4719
5163.0000,5.5752,0.8489,49.2564,0.0004,1000.6493,1092.0291,91.3798
5164.0000,5.5783,0.8488,49.2549,0.0004,1000.6243,1091.9134,91.2891
5165.0000,5.5814,0.8488,49.2533,0.0004,1000.5993,1091.7987,91.1994
5166.0000,5.5844,0.8488,49.2518,0.0004,1000.5743,1091.6850,91.1107
5167.0000,5.5874,0.8488,49.2503,0.0004,1000.5491,1091.5720,91.0228
5168.0000,5.5903,0.8488,49.2487,0.0004,1000.5239,1091.4597,90.9358
5169.0000,5.5933,0.8488,49.2472,0.0004,1000.4987,1091.3481,90.8495
5170.0000,5.5962,0.8487,49.2457,0.0004,1000.4734,1091.2372,90.7638
5171.0000,5.5991,0.8487,49.2441,0.0004,1000.4480,1091.1267,90.6788
5172.0000,5.6019,0.8487,49.2426,0.0004,1000.4225,1091.0169,90.5944
5173.0000,5.6048,0.8487,49.2411,0.0004,1000.3970,1090.9075,90.5105
5174.0000,5.6076,0.8487,49.2395,0.0004,1000.3714,1090.7986,90.4271
5175.0000,5.6104,0.8486,49.2380,0.0004,1000.3458,1090.6901,90.3443
5176.0000,5.6132,0.8486,49.2365,0.0004,1000.3201,1090.5820,90.2620
5177.0000,5.6160,0.8486,49.2349,0.0004,1000.2943,1090.4744,90.1801
5178.0000,5.6187,0.8486,49.2334,0.0004,1000.2685,1090.3671,90.0986
5179.0000,5.6215,0.8486,49.2319,0.0004,1000.2426,1090.2602,90.0176
5180.0000,5.6242,0.8486,49.2303,0.0004,1000.2167,1090.1537,89.9370
5181.0000,5.6269,0.8485,49.2288,0.0004,1000.1907,1090.0475,89.8568
5182.0000,5.6296,0.8485,49.2273,0.0004,1000.1646,1089.9416,89.7770
5183.0000,5.6323,0.8485,49.2257,0.0004,1000.1385,1089.8360,89.6976
5184.0000,5.6350,0.8485,49.2242,0.0004,1000.1123,1089.7308,89.6185
5185.0000,5.6376,0.8485,49.2227,0.0004,1000.0861,1089.6258,89.5397
5186.0000,5.6403,0.8484,49.2211,0.0004,1000.0598,1089.5211,89.4613
5187.0000,5.6429,0.8484,49.2196,0.0004,1000.0334,1089.4167,89.3832
5188.0000,5.6456,0.8484,49.2181,0.0004,1000.0071,1089.3125,89.3055
5189.0000,5.6482,0.8484,49.2165,0.0004,999.9806,1089.2087,89.2281
5190.0000,5.6508,0.8484,49.2150,0.0004,999.9541,1089.1050,89.1509
5191.0000,5.6534,0.8484,49.2135,0.0004,999.9275,1089.0016,89.0741
5192.0000,5.6560,0.8483,49.2119,0.0004,999.9009,1088.8985,88.9975
5193.0000,5.6586,0.8483,49.2104,0.0004,999.8743,1088.7955,88.9213
5194.0000,5.6612,0.8483,49.2089,0.0004,999.8476,1088.6928,88.8453
5195.0000,5.6637,0.8483,49.2073,0.0004,999.8208,1088.5904,88.7696
5196.0000,5.6663,0.8483,49.2058,0.0004,999.7940,1088.4881,88.6941
5197.0000,5.6688,0.8482,49.2043,0.0004,999.7671,1088.3860,88.6189
5198.0000,5.6714,0.8482,49.2027,0.0004,999.7402,1088.2842,88.5440
5199.0000,5.6739,0.8482,49.2012,0.0004,999.7132,1088.1825,88.4693
5200.0000,5.6764,0.8482,49.1997,0.0004,999.6862,1088.0811,88.3949
5201.0000,5.6789,0.8482,49.1981,0.0004,999.6591,1087.9798,88.3207
5202.0000,5.6815,0.8481,49.1966,0.0004,999.6320,1087.8787,88.2467
5203.0000,5.6840,0.8481,49.1951,0.0004,999.6048,1087.7778,88.1730
5204.0000,5.6864,0.8481,49.1935,0.0004,999.5776,1087.6771,88.0995
5205.0000,5.6889,0.8481,49.1920,0.0004,999.5504,1087.5766,88.0262
5206.0000,5.6914,0.8481,49.1905,0.0004,999.5230,1087.4762,87.9531
5207.0000,5.6939,0.8480,49.1889,0.0004,999.4957,1087.3760,87.8803
5208.0000,5.6964,0.8480,49.1874,0.0004,999.4683,1087.2760,87.8077
5209.0000,5.6988,0.8480,49.1859,0.0004,999.4408,1087.1761,87.7353
5210.0000,5.7013,0.8480,49.1843,0.0004,999.4133,1087.0764,87.6631
5211.0000,5.7037,0.8480,49.1828,0.0004,999.3858,1086.9768,87.5910
5212.0000,5.7062,0.8479,49.1813,0.0004,999.3582,1086.8774,87.5192
5213.0000,5.7086,0.8479,49.1797,0.0004,999.3306,1086.7782,87.4476
5214.0000,5.7110,0.8479,49.1782,0.0004,999.3029,1086.6791,87.3762
5215.0000,5.7135,0.8479,49.1767,0.0004,999.2751,1086.5802,87.3050
5216.0000,5.7159,0.8479,49.1751,0.0004,999.2474,1086.4814,87.2340
5217.0000,5.7183,0.8478,49.1736,0.0004,999.2196,1086.3827,87.1631
5218.0000,5.7207,0.8478,49.1721,0.0004,999.1917,1086.2842,87.0925
5219.0000,5.7231,0.8478,49.1705,0.0004,999.1638,1086.1858,87.0220
5220.0000,5.7255,0.8478,49.1690,0.0004,999.1358,1086.0875,86.9517
5221.0000,5.7279,0.8478,49.1671,0.0004,999.1124,1085.9810,86.8687
5222.0000,5.7302,0.8477,49.1652,0.0004,999.0888,1085.8748,86.7861
5223.0000,5.7326,0.8477,49.1633,0.0004,999.0651,1085.7689,86.7038
5224.0000,5.7349,0.8477,49.1615,0.0004,999.0413,1085.6632,86.6218
5225.0000,5.7373,0.8477,49.1596,0.0004,999.0175,1085.5576,86.5401
5226.0000,5.7396,0.8477,49.1577,0.0004,998.9936,1085.4523,86.4588
5227.0000,5.7419,0.8476,49.1558,0.0004,998.9696,1085.3472,86.3776
5228.0000,5.7442,0.8476,49.1539,0.0004,998.9455,1085.2423,86.2968
5229.0000,5.7465,0.8476,49.1520,0.0004,998.9213,1085.1375,86.2162
5230.0000,5.7489,0.8476,49.1502,0.0004,998.8971,1085.0329,86.1358
5231.0000,5.7511,0.8476,49.1483,0.0004,998.8728,1084.9285,86.0556
5232.0000,5.7534,0.8475,49.1464,0.0004,998.8485,1084.8242,85.9757
5233.0000,5.7557,0.8475,49.1445,0.0004,998.8241,1084.7201,85.8961
5234.0000,5.7580,0.8475,49.1426,0.0004,998.7996,1084.6162,85.8166
5235.0000,5.7603,0.8475,49.1407,0.0004,998.7750,1084.5124,85.7373
5236.0000,5.7625,0.8475,49.1389,0.0004,998.7504,1084.4087,85.6583
5237.0000,5.7648,0.8474,49.1370,0.0004,998.7257,1084.3052,85.5795
5238.0000,5.7670,0.8474,49.1351,0.0004,998.7010,1084.2019,85.5009
5239.0000,5.7693,0.8474,49.1332,0.0004,998.6762,1084.0986,85.4224
5240.0000,5.7715,0.8474,49.1313,0.0004,998.6513,1083.9955,85.3442
5241.0000,5.7737,0.8474,49.1294,0.0004,998.6264,1083.8926,85.2662
5242.0000,5.7760,0.8473,49.1276,0.0004,998.6014,1083.7898,85.1884
5243.0000,5.7782,0.8473,49.1257,0.0004,998.5764,1083.6871,85.1107
5244.0000,5.7804,0.8473,49.1238,0.0004,998.5513,1083.5846,85.0333
5245.0000,5.7826,0.8473,49.1219,0.0004,998.5261,1083.4821,84.9560
5246.0000,5.7848,0.8473,49.1200,0.0004,998.5009,1083.3798,84.8789
5247.0000,5.7870,0.8472,49.1181,0.0004,998.4756,1083.2777,84.8020
5248.0000,5.7892,0.8472,49.1163,0.0004,998.4503,1083.1756,84.7253
5249.0000,5.7914,0.8472,49.1144,0.0004,998.4249,1083.0737,84.6487
5250.0000,5.7936,0.8472,49.1125,0.0004,998.3995,1082.9718,84.5724
5251.0000,5.7958,0.8471,49.1106,0.0004,998.3740,1082.8702,84.4962
5252.0000,5.7980,0.8471,49.1087,0.0004,998.3484,1082.7686,84.4201
5253.0000,5.8002,0.8471,49.1068,0.0004,998.3228,1082.6671,84.3443
5254.0000,5.8023,0.8471,49.1050,0.0004,998.2972,1082.5658,84.2686
5255.0000,5.8045,0.8471,49.1031,0.0004,998.2715,1082.4645,84.1931
5256.0000,5.8067,0.8470,49.1012,0.0004,998.2457,1082.3634,84.1177
5257.0000,5.8088,0.8470,49.0993,0.0004,998.2199,1082.2624,84.0425
5258.0000,5.8110,0.8470,49.0974,0.0004,998.1940,1082.1615,83.9674
5259.0000,5.8131,0.8470,49.0955,0.0004,998.1681,1082.0607,83.8926
5260.0000,5.8153,0.8469,49.0937,0.0004,998.1421,1081.9600,83.8178
5261.0000,5.8174,0.8469,49.0918,0.0004,998.1161,1081.8594,83.7433
5262.0000,5.8195,0.8469,49.0899,0.0004,998.0900,1081.7589,83.6689
5263.0000,5.8217,0.8469,49.0880,0.0004,998.0639,1081.6585,83.5946
5264.0000,5.8238,0.8469,49.0861,0.0004,998.0377,1081.5582,83.5205
5265.0000,5.8259,0.8468,49.0842,0.0004,998.0115,1081.4580,83.4466
5266.0000,5.8280,0.8468,49.0824,0.0004,997.9852,1081.3579,83.3728
5267.0000,5.8302,0.8468,49.0805,0.0004,997.9588,1081.2579,83.2991
5268.0000,5.8323,0.8468,49.0786,0.0004,997.9325,1081.1581,83.2256
5269.0000,5.8344,0.8467,49.0767,0.0004,997.9060,1081.0583,83.1522
5270.0000,5.8365,0.8467,49.0748,0.0004,997.8795,1080.9586,83.0790
5271.0000,5.8386,0.8467,49.0729,0.0004,997.8530,1080.8590,83.0060
5272.0000,5.8407,0.8467,49.0711,0.0004,997.8264,1080.7595,82.9330
5273.0000,5.8428,0.8467,49.0692,0.0004,997.7998,1080.6600,82.8602
5274.0000,5.8449,0.8466,49.0673,0.0004,997.7731,1080.5607,82.7876
5275.0000,5.8470,0.8466,49.0654,0.0004,997.7464,1080.4615,82.7151
5276.0000,5.8490,0.8466,49.0635,0.0004,997.7196,1080.3623,82.6427
5277.0000,5.8511,0.8466,49.0617,0.0004,997.6928,1080.2633,82.5705
5278.0000,5.8532,0.8465,49.0598,0.0004,997.6659,1080.1643,82.4984
5279.0000,5.8553,0.8465,49.0579,0.0004,997.6390,1080.0655,82.4264
5280.0000,5.8573,0.8465,49.0560,0.0004,997.6121,1079.9667,82.3546
5281.0000,5.8595,0.8465,49.0593,0.0004,997.5773,1079.9951,82.4178
5282.0000,5.8618,0.8465,49.0627,0.0004,997.5428,1080.0218,82.4791
5283.0000,5.8642,0.8464,49.0660,0.0004,997.5083,1080.0474,82.5391
5284.0000,5.8665,0.8464,49.0694,0.0004,997.4740,1080.0719,82.5980
5285.0000,5.8689,0.8464,49.0727,0.0004,997.4398,1080.0957,82.6559
5286.0000,5.8714,0.8464,49.0761,0.0004,997.4057,1080.1187,82.7130
5287.0000,5.8738,0.8463,49.0794,0.0004,997.3718,1080.1411,82.7693
5288.0000,5.8763,0.8463,49.0828,0.0004,997.3379,1080.1629,82.8250
5289.0000,5.8788,0.8463,49.0861,0.0004,997.3042,1080.1842,82.8800
5290.0000,5.8813,0.8463,49.0895,0.0004,997.2706,1080.2050,82.9344
5291.0000,5.8838,0.8463,49.0928,0.0004,997.2370,1080.2253,82.9883
5292.0000,5.8864,0.8462,49.0962,0.0004,997.2036,1080.2452,83.0416
5293.0000,5.8890,0.8462,49.0996,0.0004,997.1703,1080.2647,83.0945
5294.0000,5.8915,0.8462,49.1029,0.0004,997.1371,1080.2839,83.1468
5295.0000,5.8941,0.8462,49.1062,0.0004,997.1039,1080.3026,83.1987
5296.0000,5.8968,0.8461,49.1096,0.0004,997.0709,1080.3211,83.2502
5297.0000,5.8994,0.8461,49.1129,0.0004,997.0379,1080.3392,83.3013
5298.0000,5.9020,0.8461,49.1163,0.0004,997.0050,1080.3570,83.3519
5299.0000,5.9047,0.8461,49.1197,0.0004,996.9723,1080.3745,83.4022
5300.0000,5.9073,0.8461,49.1230,0.0004,996.9396,1080.3917,83.4521
5301.0000,5.9100,0.8460,49.1263,0.0004,996.9069,1080.4086,83.5017
5302.0000,5.9127,0.8460,49.1297,0.0004,996.8744,1080.4253,83.5509
5303.0000,5.9154,0.8460,49.1330,0.0004,996.8420,1080.4417,83.5998
5304.0000,5.9181,0.8460,49.1364,0.0004,996.8096,1080.4579,83.6483
5305.0000,5.9208,0.8460,49.1397,0.0004,996.7773,1080.4738,83.6965
5306.0000,5.9235,0.8459,49.1431,0.0004,996.7451,1080.4895,83.7444
5307.0000,5.9262,0.8459,49.1464,0.0004,996.7130,1080.5050,83.7921
5308.0000,5.9290,0.8459,49.1498,0.0004,996.6809,1080.5203,83.8394
5309.0000,5.9317,0.8459,49.1531,0.0004,996.6489,1080.5353,83.8864
5310.0000,5.9345,0.8459,49.1565,0.0004,996.6170,1080.5502,83.9332
5311.0000,5.9373,0.8458,49.1598,0.0004,996.5852,1080.5648,83.9796
5312.0000,5.9400,0.8458,49.1632,0.0004,996.5534,1080.5793,84.0259
5313.0000,5.9428,0.8458,49.1666,0.0004,996.5218,1080.5936,84.0718
5314.0000,5.9456,0.8458,49.1699,0.0004,996.4901,1080.6077,84.1175
5315.0000,5.9484,0.8458,49.1732,0.0004,996.4586,1080.6216,84.1630
5316.0000,5.9512,0.8457,49.1766,0.0004,996.4271,1080.6353,84.2082
5317.0000,5.9540,0.8457,49.1799,0.0004,996.3957,1080.6489,84.2531
5318.0000,5.9568,0.8457,49.1833,0.0004,996.3644,1080.6623,84.2979
5319.0000,5.9596,0.8457,49.1867,0.0004,996.3331,1080.6755,84.3424
5320.0000,5.9625,0.8457,49.1900,0.0004,996.3020,1080.6886,84.3867
5321.0000,5.9653,0.8456,49.1933,0.0004,996.2708,1080.7015,84.4307
5322.0000,5.9681,0.8456,49.1967,0.0004,996.2398,1080.7143,84.4745
5323.0000,5.9710,0.8456,49.2000,0.0004,996.2088,1080.7269,84.5182
5324.0000,5.9738,0.8456,49.2034,0.0004,996.1779,1080.7394,84.5616
5325.0000,5.9767,0.8456,49.2067,0.0004,996.1470,1080.7518,84.6048
5326.0000,5.9795,0.8455,49.2101,0.0004,996.1162,1080.7640,84.6477
5327.0000,5.9824,0.8455,49.2134,0.0004,996.0855,1080.7760,84.6905
5328.0000,5.9853,0.8455,49.2168,0.0004,996.0548,1080.7879,84.7331
5329.0000,5.9882,0.8455,49.2201,0.0004,996.0242,1080.7997,84.7755
5330.0000,5.9910,0.8455,49.2235,0.0004,995.9937,1080.8114,84.8177
5331.0000,5.9939,0.8454,49.2268,0.0004,995.9632,1080.8230,84.8597
5332.0000,5.9968,0.8454,49.2302,0.0004,995.9328,1080.8344,84.9016
5333.0000,5.9997,0.8454,49.2336,0.0004,995.9025,1080.8457,84.9432
5334.0000,6.0026,0.8454,49.2369,0.0004,995.8722,1080.8569,84.9847
5335.0000,6.0055,0.8454,49.2402,0.0004,995.8419,1080.8679,85.0260
5336.0000,6.0084,0.8453,49.2436,0.0004,995.8118,1080.8789,85.0671
5337.0000,6.0114,0.8453,49.2469,0.0004,995.7817,1080.8897,85.1080
5338.0000,6.0143,0.8453,49.2503,0.0004,995.7516,1080.9004,85.1488
5339.0000,6.0172,0.8453,49.2537,0.0004,995.7217,1080.9110,85.1894
5340.0000,6.0201,0.8453,49.2570,0.0004,995.6917,1080.9215,85.2298
5341.0000,6.0229,0.8453,49.2546,0.0004,995.6714,1080.7935,85.1220
5342.0000,6.0256,0.8452,49.2523,0.0004,995.6510,1080.6673,85.0163
5343.0000,6.0283,0.8452,49.2499,0.0004,995.6304,1080.5424,84.9120
5344.0000,6.0309,0.8452,49.2476,0.0004,995.6096,1080.4186,84.8090
5345.0000,6.0334,0.8452,49.2452,0.0004,995.5887,1080.2956,84.7069
5346.0000,6.0360,0.8452,49.2429,0.0004,995.5677,1080.1735,84.6058
5347.0000,6.0385,0.8451,49.2405,0.0004,995.5466,1080.0520,84.5055
5348.0000,6.0410,0.8451,49.2382,0.0004,995.5253,1079.9312,84.4059
5349.0000,6.0434,0.8451,49.2358,0.0004,995.5039,1079.8110,84.3071
5350.0000,6.0459,0.8451,49.2335,0.0004,995.4824,1079.6912,84.2088
5351.0000,6.0483,0.8451,49.2311,0.0004,995.4608,1079.5720,84.1112
5352.0000,6.0507,0.8450,49.2288,0.0004,995.4391,1079.4533,84.0142
5353.0000,6.0531,0.8450,49.2264,0.0004,995.4173,1079.3350,83.9177
5354.0000,6.0554,0.8450,49.2241,0.0004,995.3954,1079.2171,83.8217
5355.0000,6.0578,0.8450,49.2218,0.0004,995.3734,1079.0995,83.7262
5356.0000,6.0601,0.8450,49.2194,0.0004,995.3513,1078.9824,83.6311
5357.0000,6.0624,0.8449,49.2171,0.0004,995.3291,1078.8656,83.5365
5358.0000,6.0647,0.8449,49.2147,0.0004,995.3068,1078.7492,83.4424
5359.0000,6.0670,0.8449,49.2124,0.0004,995.2844,1078.6331,83.3487
5360.0000,6.0693,0.8449,49.2100,0.0004,995.2619,1078.5173,83.2553
5361.0000,6.0716,0.8449,49.2077,0.0004,995.2394,1078.4018,83.1624
5362.0000,6.0738,0.8448,49.2053,0.0004,995.2167,1078.2866,83.0699
5363.0000,6.0761,0.8448,49.2030,0.0004,995.1940,1078.1717,82.9777
5364.0000,6.0783,0.8448,49.2006,0.0004,995.1712,1078.0570,82.8858
5365.0000,6.0805,0.8448,49.1983,0.0004,995.1483,1077.9426,82.7943
5366.0000,6.0828,0.8447,49.1959,0.0004,995.1253,1077.8285,82.7032
5367.0000,6.0850,0.8447,49.1936,0.0004,995.1023,1077.7147,82.6124
5368.0000,6.0872,0.8447,49.1912,0.0004,995.0791,1077.6010,82.5219
5369.0000,6.0893,0.8447,49.1889,0.0004,995.0559,1077.4876,82.4317
5370.0000,6.0915,0.8447,49.1865,0.0004,995.0326,1077.3745,82.3418
5371.0000,6.0937,0.8446,49.1841,0.0004,995.0092,1077.2615,82.2523
5372.0000,6.0958,0.8446,49.1818,0.0004,994.9858,1077.1488,82.1630
5373.0000,6.0980,0.8446,49.1794,0.0004,994.9623,1077.0363,82.0740
5374.0000,6.1001,0.8446,49.1771,0.0004,994.9387,1076.9240,81.9853
5375.0000,6.1023,0.8446,49.1747,0.0004,994.9150,1076.8119,81.8969
5376.0000,6.1044,0.8445,49.1724,0.0004,994.8913,1076.7000,81.8087
5377.0000,6.1065,0.8445,49.1700,0.0004,994.8674,1076.5883,81.7208
5378.0000,6.1086,0.8445,49.1677,0.0004,994.8435,1076.4767,81.6332
5379.0000,6.1107,0.8445,49.1653,0.0004,994.8196,1076.3654,81.5458
5380.0000,6.1128,0.8444,49.1630,0.0004,994.7956,1076.2543,81.4587
5381.0000,6.1149,0.8444,49.1606,0.0004,994.7714,1076.1433,81.3718
5382.0000,6.1170,0.8444,49.1583,0.0004,994.7473,1076.0325,81.2852
5383.0000,6.1191,0.8444,49.1559,0.0004,994.7230,1075.9219,81.1988
5384.0000,6.1211,0.8444,49.1536,0.0004,994.6987,1075.8114,81.1127
5385.0000,6.1232,0.8443,49.1512,0.0004,994.6743,1075.7011,81.0268
5386.0000,6.1253,0.8443,49.1489,0.0004,994.6499,1075.5910,80.9411
5387.0000,6.1273,0.8443,49.1465,0.0004,994.6254,1075.4810,80.8556
5388.0000,6.1294,0.8443,49.1442,0.0004,994.6008,1075.3712,80.7704
5389.0000,6.1314,0.8442,49.1418,0.0004,994.5762,1075.2616,80.6854
5390.0000,6.1334,0.8442,49.1395,0.0004,994.5514,1075.1521,80.6006
5391.0000,6.1354,0.8442,49.1371,0.0004,994.5267,1075.0427,80.5160
5392.0000,6.1375,0.8442,49.1348,0.0004,994.5018,1074.9335,80.4317
5393.0000,6.1395,0.8442,49.1324,0.0004,994.4769,1074.8244,80.3475
5394.0000,6.1415,0.8441,49.1301,0.0004,994.4519,1074.7155,80.2636
5395.0000,6.1435,0.8441,49.1277,0.0004,994.4269,1074.6068,80.1798
5396.0000,6.1455,0.8441,49.1254,0.0004,994.4018,1074.4981,80.0963
5397.0000,6.1475,0.8441,49.1230,0.0004,994.3767,1074.3896,80.0130
5398.0000,6.1494,0.8440,49.1207,0.0004,994.3514,1074.2813,79.9298
5399.0000,6.1514,0.8440,49.1183,0.0004,994.3262,1074.1730,79.8469
5400.0000,6.1534,0.8440,49.1160,0.0004,994.3008,1074.0649,79.7641
5401.0000,6.1556,0.8440,49.1210,0.0004,994.2657,1074.1351,79.8695
5402.0000,6.1578,0.8439,49.1260,0.0004,994.2307,1074.2030,79.9723
5403.0000,6.1602,0.8439,49.1309,0.0004,994.1959,1074.2691,80.0732
5404.0000,6.1626,0.8439,49.1359,0.0004,994.1613,1074.3340,80.1726
5405.0000,6.1650,0.8439,49.1409,0.0004,994.1269,1074.3976,80.2708
5406.0000,6.1675,0.8439,49.1459,0.0004,994.0926,1074.4603,80.3677
5407.0000,6.1700,0.8438,49.1509,0.0004,994.0585,1074.5221,80.4636
5408.0000,6.1725,0.8438,49.1559,0.0004,994.0246,1074.5831,80.5585
5409.0000,6.1751,0.8438,49.1608,0.0004,993.9908,1074.6434,80.6526
5410.0000,6.1777,0.8438,49.1658,0.0004,993.9571,1074.7030,80.7458
5411.0000,6.1803,0.8438,49.1708,0.0004,993.9236,1074.7619,80.8383
5412.0000,6.1830,0.8437,49.1758,0.0004,993.8902,1074.8203,80.9300
5413.0000,6.1857,0.8437,49.1808,0.0004,993.8570,1074.8780,81.0210
5414.0000,6.1884,0.8437,49.1858,0.0004,993.8239,1074.9353,81.1114
5415.0000,6.1911,0.8437,49.1908,0.0004,993.7909,1074.9921,81.2012
5416.0000,6.1938,0.8436,49.1957,0.0004,993.7581,1075.0484,81.2903
5417.0000,6.1965,0.8436,49.2007,0.0004,993.7254,1075.1042,81.3788
5418.0000,6.1993,0.8436,49.2057,0.0004,993.6928,1075.1596,81.4668
5419.0000,6.2021,0.8436,49.2107,0.0004,993.6603,1075.2146,81.5543
5420.0000,6.2049,0.8436,49.2157,0.0004,993.6279,1075.2692,81.6413
5421.0000,6.2077,0.8435,49.2206,0.0004,993.5957,1075.3234,81.7277
5422.0000,6.2105,0.8435,49.2256,0.0004,993.5635,1075.3772,81.8136
5423.0000,6.2134,0.8435,49.2306,0.0004,993.5315,1075.4307,81.8991
5424.0000,6.2162,0.8435,49.2356,0.0004,993.4996,1075.4838,81.9841
5425.0000,6.2191,0.8435,49.2406,0.0004,993.4678,1075.5366,82.0687
5426.0000,6.2220,0.8434,49.2456,0.0004,993.4362,1075.5890,82.1529
5427.0000,6.2249,0.8434,49.2505,0.0004,993.4046,1075.6412,82.2366
5428.0000,6.2278,0.8434,49.2555,0.0004,993.3731,1075.6930,82.3199
5429.0000,6.2307,0.8434,49.2605,0.0004,993.3418,1075.7446,82.4028
5430.0000,6.2337,0.8434,49.2655,0.0004,993.3105,1075.7958,82.4853
5431.0000,6.2366,0.8433,49.2705,0.0004,993.2794,1075.8468,82.5674
5432.0000,6.2396,0.8433,49.2755,0.0004,993.2484,1075.8975,82.6491
5433.0000,6.2425,0.8433,49.2805,0.0004,993.2174,1075.9479,82.7305
5434.0000,6.2455,0.8433,49.2854,0.0004,993.1866,1075.9981,82.8115
5435.0000,6.2485,0.8433,49.2904,0.0004,993.1559,1076.0480,82.8921
5436.0000,6.2515,0.8432,49.2954,0.0004,993.1253,1076.0977,82.9724
5437.0000,6.2545,0.8432,49.3004,0.0004,993.0947,1076.1471,83.0524
5438.0000,6.2575,0.8432,49.3054,0.0004,993.0643,1076.1963,83.1320
5439.0000,6.2605,0.8432,49.3103,0.0004,993.0340,1076.2453,83.2113
5440.0000,6.2636,0.8432,49.3153,0.0004,993.0037,1076.2940,83.2903
5441.0000,6.2666,0.8432,49.3203,0.0004,992.9736,1076.3425,83.3689
5442.0000,6.2697,0.8431,49.3253,0.0004,992.9436,1076.3908,83.4472
5443.0000,6.2727,0.8431,49.3303,0.0004,992.9136,1076.4389,83.5253
5444.0000,6.2758,0.8431,49.3353,0.0004,992.8838,1076.4868,83.6030
5445.0000,6.2789,0.8431,49.3402,0.0004,992.8540,1076.5344,83.6804
5446.0000,6.2820,0.8431,49.3452,0.0004,992.8244,1076.5819,83.7575
5447.0000,6.2850,0.8430,49.3502,0.0004,992.7948,1076.6292,83.8344
5448.0000,6.2882,0.8430,49.3552,0.0004,992.7653,1076.6762,83.9109
5449.0000,6.2913,0.8430,49.3602,0.0004,992.7359,1076.7231,83.9872
5450.0000,6.2944,0.8430,49.3652,0.0004,992.7066,1076.7698,84.0632
5451.0000,6.2975,0.8430,49.3702,0.0004,992.6774,1076.8163,84.1389
5452.0000,6.3006,0.8429,49.3751,0.0004,992.6483,1076.8627,84.2143
5453.0000,6.3038,0.8429,49.3801,0.0004,992.6193,1076.9088,84.2895
5454.0000,6.3069,0.8429,49.3851,0.0004,992.5904,1076.9548,84.3644
5455.0000,6.3101,0.8429,49.3901,0.0004,992.5615,1077.0006,84.4391
5456.0000,6.3132,0.8429,49.3951,0.0004,992.5328,1077.0462,84.5135
5457.0000,6.3164,0.8429,49.4001,0.0004,992.5041,1077.0917,84.5876
5458.0000,6.3196,0.8428,49.4050,0.0004,992.4755,1077.1370,84.6615
5459.0000,6.3227,0.8428,49.4100,0.0004,992.4470,1077.1822,84.7352
5460.0000,6.3259,0.8428,49.4150,0.0004,992.4186,1077.2272,84.8086
5461.0000,6.3289,0.8428,49.4134,0.0004,992.3932,1077.1127,84.7194
5462.0000,6.3319,0.8428,49.4119,0.0004,992.3678,1077.0002,84.6324
5463.0000,6.3347,0.8428,49.4103,0.0004,992.3423,1076.8892,84.5469
5464.0000,6.3376,0.8427,49.4087,0.0004,992.3167,1076.7792,84.4625
5465.0000,6.3404,0.8427,49.4072,0.0004,992.2911,1076.6703,84.3792
5466.0000,6.3431,0.8427,49.4056,0.0004,992.2653,1076.5621,84.2968
5467.0000,6.3458,0.8427,49.4040,0.0004,992.2395,1076.4547,84.2152
5468.0000,6.3486,0.8427,49.4025,0.0004,992.2136,1076.3479,84.1343
5469.0000,6.3512,0.8426,49.4009,0.0004,992.1876,1076.2417,84.0541
5470.0000,6.3539,0.8426,49.3993,0.0004,992.1616,1076.1361,83.9745
5471.0000,6.3565,0.8426,49.3978,0.0004,992.1355,1076.0310,83.8955
5472.0000,6.3591,0.8426,49.3962,0.0004,992.1093,1075.9263,83.8171
5473.0000,6.3617,0.8426,49.3946,0.0004,992.0830,1075.8222,83.7391
5474.0000,6.3643,0.8426,49.3931,0.0004,992.0567,1075.7184,83.6617
5475.0000,6.3669,0.8425,49.3915,0.0004,992.0303,1075.6150,83.5847
5476.0000,6.3695,0.8425,49.3899,0.0004,992.0039,1075.5120,83.5082
5477.0000,6.3720,0.8425,49.3884,0.0004,991.9774,1075.4094,83.4321
5478.0000,6.3745,0.8425,49.3868,0.0004,991.9508,1075.3072,83.3564
5479.0000,6.3770,0.8425,49.3852,0.0004,991.9242,1075.2052,83.2810
5480.0000,6.3795,0.8424,49.3837,0.0004,991.8975,1075.1036,83.2061
5481.0000,6.3820,0.8424,49.3821,0.0004,991.8707,1075.0023,83.1315
5482.0000,6.3845,0.8424,49.3805,0.0004,991.8439,1074.9012,83.0573
5483.0000,6.3869,0.8424,49.3790,0.0004,991.8170,1074.8005,82.9834
5484.0000,6.3894,0.8424,49.3774,0.0004,991.7901,1074.7000,82.9099
5485.0000,6.3918,0.8424,49.3758,0.0004,991.7631,1074.5998,82.8366
5486.0000,6.3943,0.8423,49.3743,0.0004,991.7361,1074.4998,82.7637
5487.0000,6.3967,0.8423,49.3727,0.0004,991.7090,1074.4001,82.6911
5488.0000,6.3991,0.8423,49.3711,0.0004,991.6819,1074.3006,82.6187
5489.0000,6.4015,0.8423,49.3696,0.0004,991.6547,1074.2014,82.5467
5490.0000,6.4039,0.8423,49.3680,0.0004,991.6275,1074.1023,82.4749
5491.0000,6.4063,0.8422,49.3664,0.0004,991.6002,1074.0035,82.4034
5492.0000,6.4087,0.8422,49.3649,0.0004,991.5728,1073.9049,82.3321
5493.0000,6.4110,0.8422,49.3633,0.0004,991.5454,1073.8065,82.2611
5494.0000,6.4134,0.8422,49.3617,0.0004,991.5180,1073.7084,82.1904
5495.0000,6.4158,0.8422,49.3602,0.0004,991.4905,1073.6104,82.1199
5496.0000,6.4181,0.8421,49.3586,0.0004,991.4629,1073.5126,82.0496
5497.0000,6.4204,0.8421,49.3570,0.0004,991.4353,1073.4149,81.9796
5498.0000,6.4228,0.8421,49.3555,0.0004,991.4077,1073.3175,81.9098
5499.0000,6.4251,0.8421,49.3539,0.0004,991.3800,1073.2203,81.8403
5500.0000,6.4274,0.8421,49.3523,0.0004,991.3522,1073.1232,81.7710
5501.0000,6.4297,0.8420,49.3508,0.0004,991.3245,1073.0263,81.7018
5502.0000,6.4320,0.8420,49.3492,0.0004,991.2966,1072.9295,81.6329
5503.0000,6.4343,0.8420,49.3476,0.0004,991.2687,1072.8330,81.5642
5504.0000,6.4366,0.8420,49.3461,0.0004,991.2408,1072.7366,81.4957
5505.0000,6.4389,0.8420,49.3445,0.0004,991.2128,1072.6403,81.4275
5506.0000,6.4412,0.8419,49.3429,0.0004,991.1848,1072.5442,81.3594
5507.0000,6.4434,0.8419,49.3414,0.0004,991.1568,1072.4483,81.2915
5508.0000,6.4457,0.8419,49.3398,0.0004,991.1287,1072.3525,81.2238
5509.0000,6.4480,0.8419,49.3382,0.0004,991.1005,1072.2568,81.1563
5510.0000,6.4502,0.8419,49.3367,0.0004,991.0723,1072.1613,81.0890
5511.0000,6.4525,0.8419,49.3351,0.0004,991.0441,1072.0659,81.0219
5512.0000,6.4547,0.8418,49.3335,0.0004,991.0158,1071.9707,80.9549
5513.0000,6.4569,0.8418,49.3320,0.0004,990.9875,1071.8756,80.8881
5514.0000,6.4592,0.8418,49.3304,0.0004,990.9591,1071.7806,80.8215
5515.0000,6.4614,0.8418,49.3288,0.0004,990.9307,1071.6858,80.7551
5516.0000,6.4636,0.8418,49.3273,0.0004,990.9022,1071.5911,80.6889
5517.0000,6.4658,0.8417,49.3257,0.0004,990.8737,1071.4965,80.6228
5518.0000,6.4680,0.8417,49.3241,0.0004,990.8452,1071.4021,80.5569
5519.0000,6.4703,0.8417,49.3226,0.0004,990.8166,1071.3078,80.4912
5520.0000,6.4725,0.8417,49.3210,0.0004,990.7880,1071.2136,80.4256
5521.0000,6.4747,0.8417,49.3209,0.0004,990.7682,1071.1562,80.3880
5522.0000,6.4769,0.8416,49.3209,0.0004,990.7483,1071.0986,80.3504
5523.0000,6.4792,0.8416,49.3208,0.0004,990.7282,1071.0409,80.3126
5524.0000,6.4814,0.8416,49.3207,0.0004,990.7082,1070.9830,80.2749
5525.0000,6.4837,0.8416,49.3207,0.0004,990.6880,1070.9251,80.2371
5526.0000,6.4859,0.8415,49.3206,0.0004,990.6678,1070.8671,80.1993
5527.0000,6.4882,0.8415,49.3205,0.0004,990.6475,1070.8090,80.1615
5528.0000,6.4904,0.8415,49.3205,0.0004,990.6271,1070.7509,80.1238
5529.0000,6.4927,0.8415,49.3204,0.0004,990.6068,1070.6929,80.0861
5530.0000,6.4949,0.8415,49.3203,0.0004,990.5863,1070.6347,80.0484
5531.0000,6.4972,0.8414,49.3203,0.0004,990.5658,1070.5766,80.0108
5532.0000,6.4995,0.8414,49.3202,0.0004,990.5453,1070.5185,79.9732
5533.0000,6.5017,0.8414,49.3201,0.0004,990.5248,1070.4604,79.9356
5534.0000,6.5040,0.8414,49.3201,0.0004,990.5041,1070.4022,79.8981
5535.0000,6.5062,0.8414,49.3200,0.0004,990.4835,1070.3441,79.8606
5536.0000,6.5085,0.8413,49.3199,0.0004,990.4628,1070.2860,79.8232
5537.0000,6.5108,0.8413,49.3199,0.0004,990.4421,1070.2279,79.7858
5538.0000,6.5130,0.8413,49.3198,0.0004,990.4213,1070.1698,79.7485
5539.0000,6.5153,0.8413,49.3197,0.0004,990.4005,1070.1117,79.7112
5540.0000,6.5175,0.8413,49.3197,0.0004,990.3797,1070.0536,79.6739
5541.0000,6.5198,0.8412,49.3196,0.0004,990.3588,1069.9956,79.6368
5542.0000,6.5220,0.8412,49.3195,0.0004,990.3379,1069.9375,79.5996
5543.0000,6.5243,0.8412,49.3195,0.0004,990.3170,1069.8795,79.5626
5544.0000,6.5265,0.8412,49.3194,0.0004,990.2960,1069.8215,79.5255
5545.0000,6.5288,0.8412,49.3193,0.0004,990.2750,1069.7636,79.4886
5546.0000,6.5310,0.8411,49.3193,0.0004,990.2540,1069.7056,79.4517
5547.0000,6.5333,0.8411,49.3192,0.0004,990.2329,1069.6477,79.4148
5548.0000,6.5355,0.8411,49.3191,0.0004,990.2118,1069.5898,79.3780
5549.0000,6.5378,0.8411,49.3191,0.0004,990.1907,1069.5319,79.3412
5550.0000,6.5400,0.8410,49.3190,0.0004,990.1695,1069.4741,79.3045
5551.0000,6.5423,0.8410,49.3189,0.0004,990.1483,1069.4162,79.2679
5552.0000,6.5445,0.8410,49.3189,0.0004,990.1271,1069.3584,79.2313
5553.0000,6.5468,0.8410,49.3188,0.0004,990.1059,1069.3006,79.1948
5554.0000,6.5490,0.8410,49.3187,0.0004,990.0846,1069.2429,79.1583
5555.0000,6.5513,0.8409,49.3187,0.0004,990.0633,1069.1852,79.1219
5556.0000,6.5535,0.8409,49.3186,0.0004,990.0420,1069.1275,79.0855
5557.0000,6.5557,0.8409,49.3185,0.0004,990.0206,1069.0698,79.0492
5558.0000,6.5580,0.8409,49.3185,0.0004,989.9992,1069.0121,79.0129
5559.0000,6.5602,0.8409,49.3184,0.0004,989.9778,1068.9545,78.9767
5560.0000,6.5625,0.8408,49.3183,0.0004,989.9563,1068.8969,78.9406
5561.0000,6.5647,0.8408,49.3183,0.0004,989.9349,1068.8393,78.9045
5562.0000,6.5669,0.8408,49.3182,0.0004,989.9134,1068.7818,78.8684
5563.0000,6.5692,0.8408,49.3181,0.0004,989.8918,1068.7243,78.8324
5564.0000,6.5714,0.8407,49.3181,0.0004,989.8703,1068.6668,78.7965
5565.0000,6.5736,0.8407,49.3180,0.0004,989.8487,1068.6094,78.7606
5566.0000,6.5759,0.8407,49.3179,0.0004,989.8271,1068.5519,78.7248
5567.0000,6.5781,0.8407,49.3179,0.0004,989.8055,1068.4945,78.6890
5568.0000,6.5803,0.8407,49.3178,0.0004,989.7838,1068.4372,78.6533
5569.0000,6.5825,0.8406,49.3177,0.0004,989.7622,1068.3798,78.6176
5570.0000,6.5848,0.8406,49.3177,0.0004,989.7405,1068.3225,78.5820
5571.0000,6.5870,0.8406,49.3176,0.0004,989.7187,1068.2652,78.5465
5572.0000,6.5892,0.8406,49.3175,0.0004,989.6970,1068.2079,78.5110
5573.0000,6.5914,0.8405,49.3175,0.0004,989.6752,1068.1507,78.4755
5574.0000,6.5937,0.8405,49.3174,0.0004,989.6534,1068.0935,78.4401
5575.0000,6.5959,0.8405,49.3173,0.0004,989.6316,1068.0363,78.4047
5576.0000,6.5981,0.8405,49.3173,0.0004,989.6097,1067.9792,78.3694
5577.0000,6.6003,0.8405,49.3172,0.0004,989.5879,1067.9221,78.3342
5578.0000,6.6025,0.8404,49.3171,0.0004,989.5660,1067.8650,78.2990
5579.0000,6.6048,0.8404,49.3171,0.0004,989.5441,1067.8079,78.2639
5580.0000,6.6070,0.8404,49.3170,0.0004,989.5221,1067.7509,78.2288
5581.0000,6.6092,0.8404,49.3168,0.0004,989.4884,1067.6899,78.2014
5582.0000,6.6114,0.8404,49.3166,0.0004,989.4549,1067.6289,78.1740
5583.0000,6.6136,0.8403,49.3163,0.0004,989.4214,1067.5678,78.1464
5584.0000,6.6159,0.8403,49.3161,0.0004,989.3880,1067.5066,78.1187
5585.0000,6.6181,0.8403,49.3159,0.0004,989.3546,1067.4455,78.0909
5586.0000,6.6203,0.8403,49.3157,0.0004,989.3213,1067.3844,78.0630
5587.0000,6.6226,0.8402,49.3155,0.0004,989.2881,1067.3232,78.0351
5588.0000,6.6248,0.8402,49.3153,0.0004,989.2548,1067.2620,78.0072
5589.0000,6.6270,0.8402,49.3150,0.0004,989.2216,1067.2009,77.9792
5590.0000,6.6292,0.8402,49.3148,0.0004,989.1885,1067.1397,77.9512
5591.0000,6.6315,0.8402,49.3146,0.0004,989.1553,1067.0785,77.9232
5592.0000,6.6337,0.8401,49.3144,0.0004,989.1222,1067.0174,77.8952
5593.0000,6.6359,0.8401,49.3142,0.0004,989.0891,1066.9562,77.8671
5594.0000,6.6382,0.8401,49.3140,0.0004,989.0561,1066.8951,77.8390
5595.0000,6.6404,0.8401,49.3137,0.0004,989.0230,1066.8339,77.8109
5596.0000,6.6426,0.8401,49.3135,0.0004,988.9900,1066.7728,77.7828
5597.0000,6.6449,0.8400,49.3133,0.0004,988.9569,1066.7117,77.7547
5598.0000,6.6471,0.8400,49.3131,0.0004,988.9239,1066.6505,77.7266
5599.0000,6.6493,0.8400,49.3129,0.0004,988.8910,1066.5894,77.6985
5600.0000,6.6515,0.8400,49.3127,0.0004,988.8580,1066.5283,77.6704
5601.0000,6.6538,0.8399,49.3124,0.0004,988.8250,1066.4672,77.6422
5602.0000,6.6560,0.8399,49.3122,0.0004,988.7921,1066.4062,77.6141
5603.0000,6.6582,0.8399,49.3120,0.0004,988.7591,1066.3451,77.5860
5604.0000,6.6604,0.8399,49.3118,0.0004,988.7262,1066.2840,77.5579
5605.0000,6.6627,0.8399,49.3116,0.0004,988.6933,1066.2230,77.5297
5606.0000,6.6649,0.8398,49.3114,0.0004,988.6604,1066.1620,77.5016
5607.0000,6.6671,0.8398,49.3111,0.0004,988.6275,1066.1010,77.4735
5608.0000,6.6693,0.8398,49.3109,0.0004,988.5946,1066.0400,77.4454
5609.0000,6.6716,0.8398,49.3107,0.0004,988.5617,1065.9790,77.4173
5610.0000,6.6738,0.8398,49.3105,0.0004,988.5288,1065.9180,77.3892
5611.0000,6.6760,0.8397,49.3103,0.0004,988.4959,1065.8570,77.3611
5612.0000,6.6782,0.8397,49.3101,0.0004,988.4631,1065.7961,77.3330
5613.0000,6.6804,0.8397,49.3099,0.0004,988.4302,1065.7352,77.3050
5614.0000,6.6827,0.8397,49.3096,0.0004,988.3974,1065.6743,77.2769
5615.0000,6.6849,0.8396,49.3094,0.0004,988.3645,1065.6134,77.2488
5616.0000,6.6871,0.8396,49.3092,0.0004,988.3317,1065.5525,77.2208
5617.0000,6.6893,0.8396,49.3090,0.0004,988.2989,1065.4916,77.1928
5618.0000,6.6915,0.8396,49.3088,0.0004,988.2660,1065.4308,77.1648
5619.0000,6.6938,0.8396,49.3086,0.0004,988.2332,1065.3699,77.1367
5620.0000,6.6960,0.8395,49.3083,0.0004,988.2004,1065.3091,77.1088
5621.0000,6.6982,0.8395,49.3081,0.0004,988.1676,1065.2483,77.0808
5622.0000,6.7004,0.8395,49.3079,0.0004,988.1348,1065.1876,77.0528
5623.0000,6.7026,0.8395,49.3077,0.0004,988.1020,1065.1268,77.0248
5624.0000,6.7048,0.8395,49.3075,0.0004,988.0692,1065.0660,76.9969
5625.0000,6.7070,0.8394,49.3073,0.0004,988.0364,1065.0053,76.9690
5626.0000,6.7092,0.8394,49.3070,0.0004,988.0036,1064.9446,76.9410
5627.0000,6.7115,0.8394,49.3068,0.0004,987.9708,1064.8839,76.9131
5628.0000,6.7137,0.8394,49.3066,0.0004,987.9380,1064.8232,76.8852
5629.0000,6.7159,0.8394,49.3064,0.0004,987.9052,1064.7626,76.8574
5630.0000,6.7181,0.8393,49.3062,0.0004,987.8724,1064.7019,76.8295
5631.0000,6.7203,0.8393,49.3060,0.0004,987.8396,1064.6413,76.8017
5632.0000,6.7225,0.8393,49.3057,0.0004,987.8068,1064.5807,76.7738
5633.0000,6.7247,0.8393,49.3055,0.0004,987.7741,1064.5201,76.7460
5634.0000,6.7269,0.8392,49.3053,0.0004,987.7413,1064.4595,76.7182
5635.0000,6.7291,0.8392,49.3051,0.0004,987.7085,1064.3990,76.6904
5636.0000,6.7313,0.8392,49.3049,0.0004,987.6757,1064.3384,76.6627
5637.0000,6.7335,0.8392,49.3047,0.0004,987.6430,1064.2779,76.6349
5638.0000,6.7357,0.8392,49.3044,0.0004,987.6102,1064.2174,76.6072
5639.0000,6.7379,0.8391,49.3042,0.0004,987.5774,1064.1569,76.5795
5640.0000,6.7401,0.8391,49.3040,0.0004,987.5447,1064.0964,76.5518
5641.0000,6.7424,0.8391,49.3071,0.0004,987.5218,1064.1178,76.5959
5642.0000,6.7447,0.8391,49.3103,0.0004,987.4989,1064.1381,76.6392
5643.0000,6.7471,0.8391,49.3134,0.0004,987.4760,1064.1578,76.6818
5644.0000,6.7495,0.8390,49.3165,0.0004,987.4530,1064.1770,76.7239
5645.0000,6.7518,0.8390,49.3197,0.0004,987.4301,1064.1957,76.7655
5646.0000,6.7542,0.8390,49.3228,0.0004,987.4072,1064.2139,76.8067
5647.0000,6.7567,0.8390,49.3259,0.0004,987.3843,1064.2318,76.8475
5648.0000,6.7591,0.8390,49.3291,0.0004,987.3614,1064.2493,76.8879
5649.0000,6.7615,0.8389,49.3322,0.0004,987.3386,1064.2666,76.9280
5650.0000,6.7640,0.8389,49.3353,0.0004,987.3157,1064.2835,76.9678
5651.0000,6.7665,0.8389,49.3385,0.0004,987.2929,1064.3002,77.0072
5652.0000,6.7689,0.8389,49.3416,0.0004,987.2701,1064.3166,77.0464
5653.0000,6.7714,0.8388,49.3447,0.0004,987.2474,1064.3327,77.0853
5654.0000,6.7739,0.8388,49.3479,0.0004,987.2247,1064.3486,77.1239
5655.0000,6.7764,0.8388,49.3510,0.0004,987.2020,1064.3643,77.1623
5656.0000,6.7789,0.8388,49.3541,0.0004,987.1793,1064.3798,77.2005
5657.0000,6.7815,0.8388,49.3573,0.0004,987.1567,1064.3951,77.2384
5658.0000,6.7840,0.8387,49.3604,0.0004,987.1341,1064.4102,77.2761
5659.0000,6.7865,0.8387,49.3635,0.0004,987.1116,1064.4251,77.3135
5660.0000,6.7891,0.8387,49.3667,0.0004,987.0890,1064.4398,77.3507
5661.0000,6.7916,0.8387,49.3698,0.0004,987.0666,1064.4543,77.3878
5662.0000,6.7942,0.8387,49.3729,0.0004,987.0441,1064.4687,77.4246
5663.0000,6.7968,0.8386,49.3761,0.0004,987.0217,1064.4829,77.4612
5664.0000,6.7993,0.8386,49.3792,0.0004,986.9993,1064.4970,77.4977
5665.0000,6.8019,0.8386,49.3823,0.0004,986.9769,1064.5109,77.5339
5666.0000,6.8045,0.8386,49.3855,0.0004,986.9546,1064.5246,77.5700
5667.0000,6.8071,0.8386,49.3886,0.0004,986.9323,1064.5382,77.6059
5668.0000,6.8097,0.8385,49.3917,0.0004,986.9101,1064.5517,77.6416
5669.0000,6.8123,0.8385,49.3949,0.0004,986.8879,1064.5650,77.6771
5670.0000,6.8149,0.8385,49.3980,0.0004,986.8657,1064.5782,77.7125
5671.0000,6.8175,0.8385,49.4011,0.0004,986.8435,1064.5912,77.7477
5672.0000,6.8201,0.8385,49.4043,0.0004,986.8214,1064.6041,77.7827
5673.0000,6.8227,0.8384,49.4074,0.0004,986.7993,1064.6169,77.8176
5674.0000,6.8253,0.8384,49.4105,0.0004,986.7773,1064.6296,77.8523
5675.0000,6.8280,0.8384,49.4137,0.0004,986.7553,1064.6422,77.8869
5676.0000,6.8306,0.8384,49.4168,0.0004,986.7333,1064.6546,77.9213
5677.0000,6.8333,0.8383,49.4199,0.0004,986.7113,1064.6669,77.9556
5678.0000,6.8359,0.8383,49.4231,0.0004,986.6894,1064.6791,77.9897
5679.0000,6.8386,0.8383,49.4262,0.0004,986.6676,1064.6912,78.0237
5680.0000,6.8412,0.8383,49.4293,0.0004,986.6457,1064.7032,78.0575
5681.0000,6.8439,0.8383,49.4325,0.0004,986.6239,1064.7151,78.0912
5682.0000,6.8465,0.8382,49.4356,0.0004,986.6022,1064.7269,78.1247
5683.0000,6.8492,0.8382,49.4387,0.0004,986.5804,1064.7386,78.1582
5684.0000,6.8519,0.8382,49.4419,0.0004,986.5587,1064.7502,78.1915
5685.0000,6.8545,0.8382,49.4450,0.0004,986.5370,1064.7616,78.2246
5686.0000,6.8572,0.8382,49.4481,0.0004,986.5154,1064.7730,78.2576
5687.0000,6.8599,0.8381,49.4513,0.0004,986.4938,1064.7843,78.2905
5688.0000,6.8626,0.8381,49.4544,0.0004,986.4722,1064.7955,78.3233
5689.0000,6.8653,0.8381,49.4575,0.0004,986.4507,1064.8066,78.3559
5690.0000,6.8680,0.8381,49.4607,0.0004,986.4292,1064.8176,78.3884
5691.0000,6.8707,0.8381,49.4638,0.0004,986.4077,1064.8286,78.4208
5692.0000,6.8734,0.8380,49.4669,0.0004,986.3863,1064.8394,78.4531
5693.0000,6.8761,0.8380,49.4701,0.0004,986.3649,1064.8502,78.4853
5694.0000,6.8788,0.8380,49.4732,0.0004,986.3435,1064.8608,78.5173
5695.0000,6.8815,0.8380,49.4763,0.0004,986.3222,1064.8714,78.5492
5696.0000,6.8842,0.8380,49.4795,0.0004,986.3009,1064.8819,78.5810
5697.0000,6.8869,0.8379,49.4826,0.0004,986.2796,1064.8923,78.6127
5698.0000,6.8896,0.8379,49.4857,0.0004,986.2584,1064.9027,78.6443
5699.0000,6.8923,0.8379,49.4889,0.0004,986.2372,1064.9130,78.6757
5700.0000,6.8951,0.8379,49.4920,0.0004,986.2160,1064.9231,78.7071
5701.0000,6.8977,0.8379,49.4902,0.0004,986.1838,1064.8129,78.6292
5702.0000,6.9002,0.8378,49.4884,0.0004,986.1515,1064.7041,78.5526
5703.0000,6.9027,0.8378,49.4866,0.0004,986.1193,1064.5963,78.4769
5704.0000,6.9052,0.8378,49.4848,0.0004,986.0872,1064.4892,78.4020
5705.0000,6.9077,0.8378,49.4830,0.0004,986.0550,1064.3828,78.3278
5706.0000,6.9101,0.8378,49.4812,0.0004,986.0228,1064.2770,78.2542
5707.0000,6.9125,0.8377,49.4794,0.0004,985.9906,1064.1717,78.1811
5708.0000,6.9149,0.8377,49.4776,0.0004,985.9584,1064.0669,78.1085
5709.0000,6.9173,0.8377,49.4758,0.0004,985.9262,1063.9626,78.0364
5710.0000,6.9197,0.8377,49.4740,0.0004,985.8940,1063.8586,77.9647
5711.0000,6.9220,0.8377,49.4722,0.0004,985.8617,1063.7551,77.8934
5712.0000,6.9243,0.8377,49.4704,0.0004,985.8294,1063.6518,77.8224
5713.0000,6.9266,0.8376,49.4686,0.0004,985.7971,1063.5489,77.7519
5714.0000,6.9289,0.8376,49.4668,0.0004,985.7648,1063.4464,77.6816
5715.0000,6.9312,0.8376,49.4650,0.0004,985.7324,1063.3441,77.6117
5716.0000,6.9335,0.8376,49.4632,0.0004,985.7000,1063.2421,77.5421
5717.0000,6.9358,0.8376,49.4614,0.0004,985.6676,1063.1404,77.4728
5718.0000,6.9380,0.8375,49.4596,0.0004,985.6352,1063.0390,77.4038
5719.0000,6.9403,0.8375,49.4578,0.0004,985.6027,1062.9378,77.3351
5720.0000,6.9425,0.8375,49.4560,0.0004,985.5702,1062.8368,77.2666
5721.0000,6.9448,0.8375,49.4542,0.0004,985.5377,1062.7361,77.1984
5722.0000,6.9470,0.8375,49.4524,0.0004,985.5051,1062.6356,77.1305
5723.0000,6.9492,0.8374,49.4506,0.0004,985.4725,1062.5353,77.0628
5724.0000,6.9514,0.8374,49.4488,0.0004,985.4399,1062.4352,76.9953
5725.0000,6.9536,0.8374,49.4470,0.0004,985.4073,1062.3354,76.9281
5726.0000,6.9558,0.8374,49.4452,0.0004,985.3746,1062.2357,76.8611
5727.0000,6.9580,0.8374,49.4434,0.0004,985.3419,1062.1362,76.7943
5728.0000,6.9601,0.8373,49.4416,0.0004,985.3092,1062.0369,76.7278
5729.0000,6.9623,0.8373,49.4398,0.0004,985.2764,1061.9378,76.6614
5730.0000,6.9644,0.8373,49.4380,0.0004,985.2436,1061.8389,76.5953
5731.0000,6.9666,0.8373,49.4362,0.0004,985.2108,1061.7401,76.5293
5732.0000,6.9687,0.8373,49.4344,0.0004,985.1780,1061.6415,76.4636
5733.0000,6.9709,0.8372,49.4326,0.0004,985.1451,1061.5431,76.3980
5734.0000,6.9730,0.8372,49.4308,0.0004,985.1122,1061.4448,76.3327
5735.0000,6.9751,0.8372,49.4290,0.0004,985.0792,1061.3467,76.2675
5736.0000,6.9772,0.8372,49.4272,0.0004,985.0463,1061.2488,76.2025
5737.0000,6.9794,0.8372,49.4254,0.0004,985.0133,1061.1510,76.1377
5738.0000,6.9815,0.8371,49.4236,0.0004,984.9802,1061.0533,76.0731
5739.0000,6.9836,0.8371,49.4218,0.0004,984.9472,1060.9558,76.0086
5740.0000,6.9857,0.8371,49.4200,0.0004,984.9141,1060.8584,75.9443
5741.0000,6.9878,0.8371,49.4182,0.0004,984.8810,1060.7612,75.8802
5742.0000,6.9898,0.8370,49.4164,0.0004,984.8479,1060.6641,75.8162
5743.0000,6.9919,0.8370,49.4146,0.0004,984.8147,1060.5671,75.7525
5744.0000,6.9940,0.8370,49.4128,0.0004,984.7815,1060.4703,75.6888
5745.0000,6.9961,0.8370,49.4110,0.0004,984.7483,1060.3736,75.6253
5746.0000,6.9981,0.8370,49.4092,0.0004,984.7150,1060.2770,75.5620
5747.0000,7.0002,0.8369,49.4074,0.0004,984.6817,1060.1806,75.4989
5748.0000,7.0022,0.8369,49.4056,0.0004,984.6484,1060.0842,75.4359
5749.0000,7.0043,0.8369,49.4038,0.0004,984.6150,1059.9880,75.3730
5750.0000,7.0063,0.8369,49.4020,0.0004,984.5817,1059.8919,75.3103
5751.0000,7.0084,0.8369,49.4002,0.0004,984.5483,1059.7960,75.2477
5752.0000,7.0104,0.8368,49.3984,0.0004,984.5148,1059.7001,75.1853
5753.0000,7.0124,0.8368,49.3966,0.0004,984.4814,1059.6044,75.1230
5754.0000,7.0145,0.8368,49.3948,0.0004,984.4479,1059.5087,75.0608
5755.0000,7.0165,0.8368,49.3930,0.0004,984.4144,1059.4132,74.9988
5756.0000,7.0185,0.8368,49.3912,0.0004,984.3808,1059.3178,74.9370
5757.0000,7.0205,0.8367,49.3894,0.0004,984.3473,1059.2225,74.8752
5758.0000,7.0225,0.8367,49.3876,0.0004,984.3137,1059.1273,74.8136
5759.0000,7.0245,0.8367,49.3858,0.0004,984.2800,1059.0322,74.7522
5760.0000,7.0265,0.8367,49.3840,0.0004,984.2464,1058.9372,74.6908
5761.0000,7.0285,0.8367,49.3821,0.0004,984.2250,1058.8410,74.6160
5762.0000,7.0305,0.8366,49.3803,0.0004,984.2035,1058.7451,74.5416
5763.0000,7.0324,0.8366,49.3784,0.0004,984.1818,1058.6494,74.4676
5764.0000,7.0344,0.8366,49.3765,0.0004,984.1600,1058.5539,74.3939
5765.0000,7.0363,0.8366,49.3747,0.0004,984.1381,1058.4586,74.3205
5766.0000,7.0383,0.8366,49.3728,0.0004,984.1160,1058.3635,74.2474
5767.0000,7.0402,0.8365,49.3709,0.0004,984.0939,1058.2685,74.1746
5768.0000,7.0421,0.8365,49.3691,0.0004,984.0717,1058.1737,74.1020
5769.0000,7.0440,0.8365,49.3672,0.0004,984.0494,1058.0790,74.0296
5770.0000,7.0460,0.8365,49.3653,0.0004,984.0270,1057.9845,73.9575
5771.0000,7.0479,0.8364,49.3635,0.0004,984.0045,1057.8901,73.8856
5772.0000,7.0498,0.8364,49.3616,0.0004,983.9820,1057.7959,73.8139
5773.0000,7.0517,0.8364,49.3597,0.0004,983.9593,1057.7018,73.7424
5774.0000,7.0536,0.8364,49.3579,0.0004,983.9366,1057.6078,73.6712
5775.0000,7.0554,0.8364,49.3560,0.0004,983.9139,1057.5139,73.6001
5776.0000,7.0573,0.8363,49.3541,0.0004,983.8910,1057.4202,73.5292
5777.0000,7.0592,0.8363,49.3523,0.0004,983.8681,1057.3266,73.4585
5778.0000,7.0611,0.8363,49.3504,0.0004,983.8451,1057.2331,73.3880
5779.0000,7.0629,0.8363,49.3485,0.0004,983.8221,1057.1397,73.3177
5780.0000,7.0648,0.8362,49.3467,0.0004,983.7989,1057.0465,73.2475
5781.0000,7.0667,0.8362,49.3448,0.0004,983.7758,1056.9533,73.1775
5782.0000,7.0685,0.8362,49.3429,0.0004,983.7525,1056.8603,73.1078
5783.0000,7.0704,0.8362,49.3411,0.0004,983.7292,1056.7673,73.0381
5784.0000,7.0722,0.8362,49.3392,0.0004,983.7058,1056.6745,72.9687
5785.0000,7.0741,0.8361,49.3373,0.0004,983.6824,1056.5818,72.8994
5786.0000,7.0759,0.8361,49.3355,0.0004,983.6589,1056.4891,72.8303
5787.0000,7.0777,0.8361,49.3336,0.0004,983.6353,1056.3966,72.7613
5788.0000,7.0796,0.8361,49.3317,0.0004,983.6117,1056.3042,72.6925
5789.0000,7.0814,0.8360,49.3299,0.0004,983.5880,1056.2119,72.6239
5790.0000,7.0832,0.8360,49.3280,0.0004,983.5643,1056.1197,72.5554
5791.0000,7.0850,0.8360,49.3261,0.0004,983.5405,1056.0275,72.4870
5792.0000,7.0868,0.8360,49.3243,0.0004,983.5167,1055.9355,72.4188
5793.0000,7.0887,0.8359,49.3224,0.0004,983.4928,1055.8436,72.3508
5794.0000,7.0905,0.8359,49.3205,0.0004,983.4688,1055.7517,72.2829
5795.0000,7.0923,0.8359,49.3187,0.0004,983.4448,1055.6600,72.2152
5796.0000,7.0941,0.8359,49.3168,0.0004,983.4207,1055.5683,72.1476
5797.0000,7.0959,0.8359,49.3149,0.0004,983.3966,1055.4768,72.0802
5798.0000,7.0977,0.8358,49.3131,0.0004,983.3724,1055.3853,72.0129
5799.0000,7.0994,0.8358,49.3112,0.0004,983.3482,1055.2939,71.9457
5800.0000,7.1012,0.8358,49.3093,0.0004,983.3239,1055.2026,71.8787
5801.0000,7.1030,0.8358,49.3075,0.0004,983.2996,1055.1114,71.8118
5802.0000,7.1048,0.8357,49.3056,0.0004,983.2752,1055.0202,71.7450
5803.0000,7.1066,0.8357,49.3037,0.0004,983.2507,1054.9292,71.6784
5804.0000,7.1083,0.8357,49.3019,0.0004,983.2262,1054.8382,71.6120
5805.0000,7.1101,0.8357,49.3000,0.0004,983.2017,1054.7473,71.5456
5806.0000,7.1119,0.8356,49.2981,0.0004,983.1771,1054.6565,71.4794
5807.0000,7.1136,0.8356,49.2963,0.0004,983.1525,1054.5658,71.4133
5808.0000,7.1154,0.8356,49.2944,0.0004,983.1278,1054.4752,71.3474
5809.0000,7.1171,0.8356,49.2925,0.0004,983.1030,1054.3846,71.2816
5810.0000,7.1189,0.8356,49.2907,0.0004,983.0783,1054.2941,71.2159
5811.0000,7.1207,0.8355,49.2888,0.0004,983.0534,1054.2037,71.1503
5812.0000,7.1224,0.8355,49.2869,0.0004,983.0285,1054.1134,71.0849
5813.0000,7.1241,0.8355,49.2851,0.0004,983.0036,1054.0232,71.0196
5814.0000,7.1259,0.8355,49.2832,0.0004,982.9786,1053.9330,70.9544
5815.0000,7.1276,0.8354,49.2813,0.0004,982.9536,1053.8429,70.8893
5816.0000,7.1294,0.8354,49.2795,0.0004,982.9285,1053.7529,70.8244
5817.0000,7.1311,0.8354,49.2776,0.0004,982.9034,1053.6629,70.7596
5818.0000,7.1328,0.8354,49.2757,0.0004,982.8782,1053.5731,70.6949
5819.0000,7.1345,0.8353,49.2739,0.0004,982.8530,1053.4833,70.6303
5820.0000,7.1363,0.8353,49.2720,0.0004,982.8277,1053.3935,70.5658
5821.0000,7.1381,0.8353,49.2726,0.0004,982.7879,1053.3643,70.5765
5822.0000,7.1399,0.8353,49.2733,0.0004,982.7482,1053.3342,70.5860
5823.0000,7.1418,0.8352,49.2739,0.0004,982.7086,1053.3034,70.5948
5824.0000,7.1437,0.8352,49.2745,0.0004,982.6692,1053.2721,70.6029
5825.0000,7.1456,0.8352,49.2752,0.0004,982.6299,1053.2403,70.6105
5826.0000,7.1475,0.8352,49.2758,0.0004,982.5906,1053.2082,70.6176
5827.0000,7.1494,0.8351,49.2764,0.0004,982.5515,1053.1757,70.6242
5828.0000,7.1513,0.8351,49.2771,0.0004,982.5125,1053.1430,70.6305
5829.0000,7.1533,0.8351,49.2777,0.0004,982.4735,1053.1100,70.6365
5830.0000,7.1553,0.8351,49.2783,0.0004,982.4346,1053.0767,70.6421
5831.0000,7.1572,0.8351,49.2790,0.0004,982.3958,1053.0432,70.6474
5832.0000,7.1592,0.8350,49.2796,0.0004,982.3570,1053.0095,70.6525
5833.0000,7.1612,0.8350,49.2802,0.0004,982.3184,1052.9756,70.6572
5834.0000,7.1632,0.8350,49.2809,0.0004,982.2797,1052.9415,70.6618
5835.0000,7.1652,0.8350,49.2815,0.0004,982.2412,1052.9072,70.6661
5836.0000,7.1672,0.8349,49.2821,0.0004,982.2027,1052.8728,70.6701
5837.0000,7.1692,0.8349,49.2828,0.0004,982.1642,1052.8382,70.6740
5838.0000,7.1713,0.8349,49.2834,0.0004,982.1258,1052.8034,70.6776
5839.0000,7.1733,0.8349,49.2840,0.0004,982.0874,1052.7686,70.6811
5840.0000,7.1753,0.8348,49.2847,0.0004,982.0492,1052.7335,70.6844
5841.0000,7.1774,0.8348,49.2853,0.0004,982.0109,1052.6984,70.6875
5842.0000,7.1794,0.8348,49.2859,0.0004,981.9727,1052.6631,70.6904
5843.0000,7.1815,0.8348,49.2866,0.0004,981.9345,1052.6277,70.6932
5844.0000,7.1835,0.8348,49.2872,0.0004,981.8964,1052.5922,70.6957
5845.0000,7.1856,0.8347,49.2878,0.0004,981.8584,1052.5566,70.6982
5846.0000,7.1876,0.8347,49.2885,0.0004,981.8204,1052.5208,70.7005
5847.0000,7.1897,0.8347,49.2891,0.0004,981.7824,1052.4850,70.7026
5848.0000,7.1918,0.8347,49.2897,0.0004,981.7444,1052.4491,70.7046
5849.0000,7.1938,0.8346,49.2904,0.0004,981.7066,1052.4131,70.7065
5850.0000,7.1959,0.8346,49.2910,0.0004,981.6687,1052.3769,70.7082
5851.0000,7.1980,0.8346,49.2916,0.0004,981.6309,1052.3407,70.7099
5852.0000,7.2001,0.8346,49.2923,0.0004,981.5931,1052.3045,70.7113
5853.0000,7.2022,0.8346,49.2929,0.0004,981.5554,1052.2681,70.7127
5854.0000,7.2043,0.8345,49.2935,0.0004,981.5177,1052.2316,70.7139
5855.0000,7.2064,0.8345,49.2942,0.0004,981.4800,1052.1951,70.7151
5856.0000,7.2085,0.8345,49.2948,0.0004,981.4424,1052.1585,70.7161
5857.0000,7.2106,0.8345,49.2954,0.0004,981.4048,1052.1218,70.7170
5858.0000,7.2127,0.8344,49.2961,0.0004,981.3673,1052.0851,70.7178
5859.0000,7.2148,0.8344,49.2967,0.0004,981.3298,1052.0483,70.7185
5860.0000,7.2169,0.8344,49.2973,0.0004,981.2923,1052.0114,70.7191
5861.0000,7.2190,0.8344,49.2980,0.0004,981.2548,1051.9744,70.7196
5862.0000,7.2211,0.8344,49.2986,0.0004,981.2174,1051.9374,70.7200
5863.0000,7.2232,0.8343,49.2992,0.0004,981.1800,1051.9004,70.7203
5864.0000,7.2253,0.8343,49.2999,0.0004,981.1427,1051.8632,70.7205
5865.0000,7.2275,0.8343,49.3005,0.0004,981.1054,1051.8261,70.7207
5866.0000,7.2296,0.8343,49.3011,0.0004,981.0681,1051.7888,70.7207
5867.0000,7.2317,0.8342,49.3018,0.0004,981.0309,1051.7515,70.7206
5868.0000,7.2338,0.8342,49.3024,0.0004,980.9936,1051.7141,70.7205
5869.0000,7.2360,0.8342,49.3030,0.0004,980.9564,1051.6767,70.7203
5870.0000,7.2381,0.8342,49.3037,0.0004,980.9193,1051.6393,70.7200
5871.0000,7.2402,0.8342,49.3043,0.0004,980.8822,1051.6018,70.7196
5872.0000,7.2424,0.8341,49.3049,0.0004,980.8451,1051.5642,70.7191
5873.0000,7.2445,0.8341,49.3056,0.0004,980.8080,1051.5266,70.7186
5874.0000,7.2466,0.8341,49.3062,0.0004,980.7710,1051.4890,70.7180
5875.0000,7.2488,0.8341,49.3068,0.0004,980.7340,1051.4513,70.7173
5876.0000,7.2509,0.8341,49.3075,0.0004,980.6970,1051.4135,70.7165
5877.0000,7.2531,0.8340,49.3081,0.0004,980.6600,1051.3757,70.7157
5878.0000,7.2552,0.8340,49.3087,0.0004,980.6231,1051.3379,70.7148
5879.0000,7.2574,0.8340,49.3094,0.0004,980.5862,1051.3000,70.7138
5880.0000,7.2595,0.8340,49.3100,0.0004,980.5493,1051.2621,70.7128
5881.0000,7.2618,0.8339,49.3173,0.0004,980.5290,1051.3872,70.8582
5882.0000,7.2642,0.8339,49.3246,0.0004,980.5087,1051.5103,71.0016
5883.0000,7.2667,0.8339,49.3319,0.0004,980.4883,1051.6319,71.1436
5884.0000,7.2692,0.8339,49.3393,0.0004,980.4680,1051.7524,71.2843
5885.0000,7.2717,0.8339,49.3466,0.0004,980.4478,1051.8717,71.4240
5886.0000,7.2743,0.8338,49.3539,0.0004,980.4276,1051.9902,71.5626
5887.0000,7.2769,0.8338,49.3612,0.0004,980.4075,1052.1078,71.7003
5888.0000,7.2795,0.8338,49.3685,0.0004,980.3875,1052.2247,71.8372
5889.0000,7.2822,0.8338,49.3758,0.0004,980.3675,1052.3408,71.9733
5890.0000,7.2849,0.8338,49.3832,0.0004,980.3477,1052.4563,72.1086
5891.0000,7.2876,0.8337,49.3905,0.0004,980.3279,1052.5711,72.2432
5892.0000,7.2904,0.8337,49.3978,0.0004,980.3082,1052.6854,72.3772
5893.0000,7.2932,0.8337,49.4051,0.0004,980.2887,1052.7991,72.5104
5894.0000,7.2959,0.8337,49.4124,0.0004,980.2692,1052.9122,72.6430
5895.0000,7.2988,0.8336,49.4198,0.0004,980.2498,1053.0248,72.7750
5896.0000,7.3016,0.8336,49.4271,0.0004,980.2305,1053.1369,72.9064
5897.0000,7.3044,0.8336,49.4344,0.0004,980.2113,1053.2485,73.0372
5898.0000,7.3073,0.8336,49.4417,0.0004,980.1922,1053.3597,73.1675
5899.0000,7.3102,0.8336,49.4490,0.0004,980.1732,1053.4704,73.2972
5900.0000,7.3131,0.8335,49.4563,0.0004,980.1543,1053.5807,73.4264
5901.0000,7.3160,0.8335,49.4637,0.0004,980.1355,1053.6906,73.5551
5902.0000,7.3190,0.8335,49.4710,0.0004,980.1168,1053.8000,73.6832
5903.0000,7.3219,0.8335,49.4783,0.0004,980.0982,1053.9091,73.8109
5904.0000,7.3249,0.8335,49.4856,0.0004,980.0797,1054.0178,73.9380
5905.0000,7.3279,0.8334,49.4929,0.0004,980.0613,1054.1260,74.0647
5906.0000,7.3309,0.8334,49.5002,0.0004,980.0430,1054.2340,74.1910
5907.0000,7.3339,0.8334,49.5076,0.0004,980.0248,1054.3415,74.3167
5908.0000,7.3369,0.8334,49.5149,0.0004,980.0067,1054.4488,74.4421
5909.0000,7.3400,0.8334,49.5222,0.0004,979.9887,1054.5556,74.5670
5910.0000,7.3430,0.8333,49.5295,0.0004,979.9708,1054.6622,74.6914
5911.0000,7.3461,0.8333,49.5368,0.0004,979.9530,1054.7684,74.8155
5912.0000,7.3492,0.8333,49.5441,0.0004,979.9352,1054.8743,74.9391
5913.0000,7.3523,0.8333,49.5515,0.0004,979.9176,1054.9799,75.0623
5914.0000,7.3554,0.8333,49.5588,0.0004,979.9001,1055.0852,75.1851
5915.0000,7.3585,0.8332,49.5661,0.0004,979.8827,1055.1901,75.3075
5916.0000,7.3616,0.8332,49.5734,0.0004,979.8653,1055.2948,75.4295
5917.0000,7.3647,0.8332,49.5807,0.0004,979.8481,1055.3992,75.5511
5918.0000,7.3679,0.8332,49.5880,0.0004,979.8310,1055.5033,75.6723
5919.0000,7.3711,0.8332,49.5954,0.0004,979.8139,1055.6071,75.7932
5920.0000,7.3742,0.8332,49.6027,0.0004,979.7970,1055.7107,75.9137
5921.0000,7.3774,0.8331,49.6100,0.0004,979.7802,1055.8140,76.0338
5922.0000,7.3806,0.8331,49.6173,0.0004,979.7634,1055.9170,76.1536
5923.0000,7.3838,0.8331,49.6246,0.0004,979.7468,1056.0197,76.2730
5924.0000,7.3870,0.8331,49.6319,0.0004,979.7302,1056.1222,76.3920
5925.0000,7.3903,0.8331,49.6393,0.0004,979.7137,1056.2245,76.5107
5926.0000,7.3935,0.8330,49.6466,0.0004,979.6974,1056.3265,76.6291
5927.0000,7.3968,0.8330,49.6539,0.0004,979.6811,1056.4282,76.7471
5928.0000,7.4000,0.8330,49.6612,0.0004,979.6649,1056.5297,76.8648
5929.0000,7.4033,0.8330,49.6685,0.0004,979.6488,1056.6310,76.9821
5930.0000,7.4066,0.8330,49.6758,0.0004,979.6328,1056.7320,77.0992
5931.0000,7.4098,0.8329,49.6832,0.0004,979.6169,1056.8328,77.2159
5932.0000,7.4131,0.8329,49.6905,0.0004,979.6011,1056.9334,77.3322
5933.0000,7.4164,0.8329,49.6978,0.0004,979.5854,1057.0337,77.4483
5934.0000,7.4197,0.8329,49.7051,0.0004,979.5698,1057.1338,77.5640
5935.0000,7.4231,0.8329,49.7124,0.0004,979.5543,1057.2337,77.6794
5936.0000,7.4264,0.8329,49.7197,0.0004,979.5388,1057.3334,77.7946
5937.0000,7.4297,0.8328,49.7271,0.0004,979.5235,1057.4329,77.9094
5938.0000,7.4331,0.8328,49.7344,0.0004,979.5083,1057.5321,78.0239
5939.0000,7.4364,0.8328,49.7417,0.0004,979.4931,1057.6312,78.1381
5940.0000,7.4398,0.8328,49.7490,0.0004,979.4780,1057.7300,78.2520
5941.0000,7.4430,0.8328,49.7489,0.0004,979.4469,1057.6478,78.2008
5942.0000,7.4461,0.8328,49.7488,0.0004,979.4160,1057.5675,78.1516
5943.0000,7.4492,0.8327,49.7487,0.0004,979.3851,1057.4887,78.1036
5944.0000,7.4522,0.8327,49.7486,0.0004,979.3543,1057.4110,78.0567
5945.0000,7.4551,0.8327,49.7485,0.0004,979.3235,1057.3342,78.0107
5946.0000,7.4581,0.8327,49.7484,0.0004,979.2927,1057.2582,77.9655
5947.0000,7.4610,0.8327,49.7483,0.0004,979.2620,1057.1830,77.9210
5948.0000,7.4639,0.8327,49.7482,0.0004,979.2313,1057.1084,77.8770
5949.0000,7.4667,0.8326,49.7481,0.0004,979.2006,1057.0343,77.8337
5950.0000,7.4696,0.8326,49.7480,0.0004,979.1700,1056.9608,77.7908
5951.0000,7.4724,0.8326,49.7479,0.0004,979.1393,1056.8878,77.7485
5952.0000,7.4752,0.8326,49.7478,0.0004,979.1086,1056.8152,77.7066
5953.0000,7.4780,0.8326,49.7477,0.0004,979.0779,1056.7431,77.6651
5954.0000,7.4807,0.8326,49.7476,0.0004,979.0473,1056.6713,77.6240
5955.0000,7.4835,0.8325,49.7475,0.0004,979.0166,1056.6000,77.5833
5956.0000,7.4862,0.8325,49.7474,0.0004,978.9859,1056.5289,77.5430
5957.0000,7.4890,0.8325,49.7473,0.0004,978.9553,1056.4583,77.5030
5958.0000,7.4917,0.8325,49.7472,0.0004,978.9246,1056.3879,77.4633
5959.0000,7.4944,0.8325,49.7471,0.0004,978.8939,1056.3179,77.4239
5960.0000,7.4971,0.8324,49.7470,0.0004,978.8632,1056.2481,77.3849
5961.0000,7.4998,0.8324,49.7469,0.0004,978.8326,1056.1786,77.3461
5962.0000,7.5024,0.8324,49.7468,0.0004,978.8019,1056.1094,77.3075
5963.0000,7.5051,0.8324,49.7467,0.0004,978.7712,1056.0405,77.2693
5964.0000,7.5077,0.8324,49.7466,0.0004,978.7405,1055.9718,77.2313
5965.0000,7.5104,0.8324,49.7465,0.0004,978.7098,1055.9033,77.1935
5966.0000,7.5130,0.8323,49.7464,0.0004,978.6791,1055.8350,77.1559
5967.0000,7.5156,0.8323,49.7463,0.0004,978.6484,1055.7670,77.1186
5968.0000,7.5182,0.8323,49.7462,0.0004,978.6177,1055.6992,77.0815
5969.0000,7.5208,0.8323,49.7461,0.0004,978.5869,1055.6316,77.0446
5970.0000,7.5234,0.8323,49.7460,0.0004,978.5562,1055.5642,77.0080
5971.0000,7.5260,0.8323,49.7459,0.0004,978.5255,1055.4969,76.9715
5972.0000,7.5286,0.8322,49.7458,0.0004,978.4947,1055.4299,76.9352
5973.0000,7.5312,0.8322,49.7457,0.0004,978.4640,1055.3630,76.8991
5974.0000,7.5337,0.8322,49.7456,0.0004,978.4332,1055.2964,76.8632
5975.0000,7.5363,0.8322,49.7455,0.0004,978.4025,1055.2299,76.8274
5976.0000,7.5389,0.8322,49.7454,0.0004,978.3717,1055.1635,76.7918
5977.0000,7.5414,0.8322,49.7453,0.0004,978.3409,1055.0973,76.7564
5978.0000,7.5439,0.8321,49.7452,0.0004,978.3101,1055.0313,76.7212
5979.0000,7.5465,0.8321,49.7451,0.0004,978.2793,1054.9654,76.6861
5980.0000,7.5490,0.8321,49.7450,0.0004,978.2485,1054.8997,76.6512
5981.0000,7.5515,0.8321,49.7449,0.0004,978.2177,1054.8341,76.6164
5982.0000,7.5541,0.8321,49.7448,0.0004,978.1869,1054.7687,76.5818
5983.0000,7.5566,0.8321,49.7447,0.0004,978.1561,1054.7034,76.5473
5984.0000,7.5591,0.8320,49.7446,0.0004,978.1253,1054.6382,76.5129
5985.0000,7.5616,0.8320,49.7445,0.0004,978.0944,1054.5732,76.4787
5986.0000,7.5641,0.8320,49.7444,0.0004,978.0636,1054.5083,76.4447
5987.0000,7.5666,0.8320,49.7443,0.0004,978.0328,1054.4435,76.4107
5988.0000,7.5690,0.8320,49.7442,0.0004,978.0019,1054.3788,76.3769
5989.0000,7.5715,0.8320,49.7441,0.0004,977.9710,1054.3143,76.3432
5990.0000,7.5740,0.8319,49.7440,0.0004,977.9402,1054.2499,76.3097
5991.0000,7.5765,0.8319,49.7439,0.0004,977.9093,1054.1856,76.2763
5992.0000,7.5789,0.8319,49.7438,0.0004,977.8784,1054.1214,76.2429
5993.0000,7.5814,0.8319,49.7437,0.0004,977.8475,1054.0573,76.2098
5994.0000,7.5839,0.8319,49.7436,0.0004,977.8166,1053.9933,76.1767
5995.0000,7.5863,0.8319,49.7435,0.0004,977.7857,1053.9294,76.1437
5996.0000,7.5888,0.8318,49.7434,0.0004,977.7548,1053.8657,76.1109
5997.0000,7.5912,0.8318,49.7433,0.0004,977.7239,1053.8020,76.0781
5998.0000,7.5937,0.8318,49.7432,0.0004,977.6930,1053.7385,76.0455
5999.0000,7.5961,0.8318,49.7431,0.0004,977.6620,1053.6750,76.0130
6000.0000,7.5985,0.8318,49.7430,0.0004,977.6311,1053.6116,75.9805
6001.0000,7.6009,0.8318,49.7416,0.0004,977.6098,1053.5174,75.9076
6002.0000,7.6033,0.8317,49.7402,0.0004,977.5883,1053.4238,75.8355
6003.0000,7.6056,0.8317,49.7388,0.0004,977.5668,1053.3307,75.7639
6004.0000,7.6079,0.8317,49.7375,0.0004,977.5451,1053.2380,75.6929
6005.0000,7.6103,0.8317,49.7361,0.0004,977.5233,1053.1456,75.6223
6006.0000,7.6126,0.8317,49.7347,0.0004,977.5014,1053.0536,75.5522
6007.0000,7.6148,0.8316,49.7333,0.0004,977.4795,1052.9619,75.4824
6008.0000,7.6171,0.8316,49.7319,0.0004,977.4574,1052.8705,75.4131
6009.0000,7.6194,0.8316,49.7306,0.0004,977.4353,1052.7793,75.3440
6010.0000,7.6216,0.8316,49.7292,0.0004,977.4131,1052.6884,75.2753
6011.0000,7.6239,0.8316,49.7278,0.0004,977.3908,1052.5977,75.2069
6012.0000,7.6261,0.8316,49.7264,0.0004,977.3685,1052.5073,75.1388
6013.0000,7.6283,0.8315,49.7250,0.0004,977.3461,1052.4171,75.0710
6014.0000,7.6306,0.8315,49.7236,0.0004,977.3236,1052.3271,75.0035
6015.0000,7.6328,0.8315,49.7223,0.0004,977.3010,1052.2373,74.9362
6016.0000,7.6350,0.8315,49.7209,0.0004,977.2784,1052.1477,74.8693
6017.0000,7.6372,0.8315,49.7195,0.0004,977.2557,1052.0583,74.8025
6018.0000,7.6393,0.8314,49.7181,0.0004,977.2330,1051.9691,74.7361
6019.0000,7.6415,0.8314,49.7167,0.0004,977.2102,1051.8800,74.6698
6020.0000,7.6437,0.8314,49.7153,0.0004,977.1873,1051.7912,74.6038
6021.0000,7.6459,0.8314,49.7139,0.0004,977.1644,1051.7025,74.5381
6022.0000,7.6480,0.8314,49.7126,0.0004,977.1414,1051.6140,74.4725
6023.0000,7.6502,0.8314,49.7112,0.0004,977.1184,1051.5256,74.4072
6024.0000,7.6523,0.8313,49.7098,0.0004,977.0953,1051.4375,74.3421
6025.0000,7.6544,0.8313,49.7084,0.0004,977.0722,1051.3494,74.2773
6026.0000,7.6566,0.8313,49.7070,0.0004,977.0490,1051.2616,74.2126
6027.0000,7.6587,0.8313,49.7056,0.0004,977.0257,1051.1738,74.1481
6028.0000,7.6608,0.8313,49.7043,0.0004,977.0024,1051.0863,74.0839
6029.0000,7.6629,0.8312,49.7029,0.0004,976.9790,1050.9989,74.0198
6030.0000,7.6650,0.8312,49.7015,0.0004,976.9556,1050.9116,73.9560
6031.0000,7.6671,0.8312,49.7001,0.0004,976.9321,1050.8244,73.8923
6032.0000,7.6692,0.8312,49.6987,0.0004,976.9086,1050.7374,73.8288
6033.0000,7.6713,0.8312,49.6974,0.0004,976.8850,1050.6506,73.7655
6034.0000,7.6734,0.8311,49.6960,0.0004,976.8614,1050.5638,73.7024
6035.0000,7.6755,0.8311,49.6946,0.0004,976.8378,1050.4772,73.6395
6036.0000,7.6776,0.8311,49.6932,0.0004,976.8140,1050.3908,73.5767
6037.0000,7.6796,0.8311,49.6918,0.0004,976.7903,1050.3044,73.5142
6038.0000,7.6817,0.8311,49.6904,0.0004,976.7664,1050.2182,73.4518
6039.0000,7.6838,0.8310,49.6891,0.0004,976.7426,1050.1321,73.3896
6040.0000,7.6858,0.8310,49.6877,0.0004,976.7187,1050.0462,73.3275
6041.0000,7.6879,0.8310,49.6863,0.0004,976.6947,1049.9603,73.2656
6042.0000,7.6899,0.8310,49.6849,0.0004,976.6707,1049.8746,73.2039
6043.0000,7.6920,0.8310,49.6835,0.0004,976.6466,1049.7890,73.1423
6044.0000,7.6940,0.8310,49.6821,0.0004,976.6225,1049.7035,73.0809
6045.0000,7.6960,0.8309,49.6807,0.0004,976.5984,1049.6181,73.0197
6046.0000,7.6981,0.8309,49.6794,0.0004,976.5742,1049.5328,72.9586
6047.0000,7.7001,0.8309,49.6780,0.0004,976.5500,1049.4476,72.8977
6048.0000,7.7021,0.8309,49.6766,0.0004,976.5257,1049.3626,72.8369
6049.0000,7.7041,0.8309,49.6752,0.0004,976.5014,1049.2776,72.7763
6050.0000,7.7061,0.8308,49.6738,0.0004,976.4770,1049.1928,72.7158
6051.0000,7.7081,0.8308,49.6724,0.0004,976.4526,1049.1081,72.6555
6052.0000,7.7101,0.8308,49.6711,0.0004,976.4281,1049.0234,72.5953
6053.0000,7.7121,0.8308,49.6697,0.0004,976.4036,1048.9389,72.5353
6054.0000,7.7141,0.8308,49.6683,0.0004,976.3791,1048.8545,72.4754
6055.0000,7.7161,0.8307,49.6669,0.0004,976.3545,1048.7701,72.4157
6056.0000,7.7181,0.8307,49.6655,0.0004,976.3298,1048.6859,72.3561
6057.0000,7.7201,0.8307,49.6641,0.0004,976.3052,1048.6018,72.2966
6058.0000,7.7221,0.8307,49.6628,0.0004,976.2805,1048.5177,72.2373
6059.0000,7.7240,0.8307,49.6614,0.0004,976.2557,1048.4338,72.1781
6060.0000,7.7260,0.8306,49.6600,0.0004,976.2309,1048.3499,72.1190
6061.0000,7.7279,0.8306,49.6567,0.0004,976.2067,1048.2200,72.0133
6062.0000,7.7298,0.8306,49.6534,0.0004,976.1823,1048.0907,71.9084
6063.0000,7.7317,0.8306,49.6501,0.0004,976.1579,1047.9620,71.8041
6064.0000,7.7335,0.8306,49.6469,0.0004,976.1334,1047.8338,71.7004
6065.0000,7.7353,0.8305,49.6436,0.0004,976.1088,1047.7060,71.5972
6066.0000,7.7372,0.8305,49.6403,0.0004,976.0842,1047.5785,71.4944
6067.0000,7.7390,0.8305,49.6370,0.0004,976.0594,1047.4514,71.3920
6068.0000,7.7407,0.8305,49.6337,0.0004,976.0346,1047.3246,71.2900
6069.0000,7.7425,0.8305,49.6304,0.0004,976.0097,1047.1981,71.1885
6070.0000,7.7443,0.8304,49.6272,0.0004,975.9847,1047.0719,71.0872
6071.0000,7.7460,0.8304,49.6239,0.0004,975.9596,1046.9460,70.9864
6072.0000,7.7478,0.8304,49.6206,0.0004,975.9345,1046.8203,70.8859
6073.0000,7.7495,0.8304,49.6173,0.0004,975.9092,1046.6949,70.7857
6074.0000,7.7512,0.8303,49.6140,0.0004,975.8839,1046.5698,70.6858
6075.0000,7.7530,0.8303,49.6107,0.0004,975.8586,1046.4448,70.5863
6076.0000,7.7547,0.8303,49.6075,0.0004,975.8331,1046.3201,70.4870
6077.0000,7.7564,0.8303,49.6042,0.0004,975.8076,1046.1956,70.3881
6078.0000,7.7580,0.8303,49.6009,0.0004,975.7820,1046.0714,70.2894
6079.0000,7.7597,0.8302,49.5976,0.0004,975.7563,1045.9473,70.1910
6080.0000,7.7614,0.8302,49.5943,0.0004,975.7305,1045.8235,70.0930
6081.0000,7.7631,0.8302,49.5910,0.0004,975.7047,1045.6998,69.9951
6082.0000,7.7647,0.8302,49.5878,0.0004,975.6788,1045.5764,69.8976
6083.0000,7.7664,0.8302,49.5845,0.0004,975.6528,1045.4531,69.8003
6084.0000,7.7680,0.8301,49.5812,0.0004,975.6267,1045.3300,69.7033
6085.0000,7.7696,0.8301,49.5779,0.0004,975.6006,1045.2072,69.6065
6086.0000,7.7713,0.8301,49.5746,0.0004,975.5744,1045.0845,69.5100
6087.0000,7.7729,0.8301,49.5713,0.0004,975.5482,1044.9619,69.4138
6088.0000,7.7745,0.8300,49.5681,0.0004,975.5218,1044.8396,69.3177
6089.0000,7.7761,0.8300,49.5648,0.0004,975.4954,1044.7174,69.2220
6090.0000,7.7777,0.8300,49.5615,0.0004,975.4690,1044.5954,69.1264
6091.0000,7.7793,0.8300,49.5582,0.0004,975.4424,1044.4736,69.0311
6092.0000,7.7809,0.8300,49.5549,0.0004,975.4158,1044.3519,68.9361
6093.0000,7.7824,0.8299,49.5517,0.0004,975.3891,1044.2304,68.8412
6094.0000,7.7840,0.8299,49.5484,0.0004,975.3624,1044.1090,68.7466
6095.0000,7.7856,0.8299,49.5451,0.0004,975.3356,1043.9878,68.6523
6096.0000,7.7871,0.8299,49.5418,0.0004,975.3087,1043.8668,68.5581
6097.0000,7.7887,0.8299,49.5385,0.0004,975.2817,1043.7459,68.4641
6098.0000,7.7902,0.8298,49.5352,0.0004,975.2547,1043.6251,68.3704
6099.0000,7.7918,0.8298,49.5320,0.0004,975.2276,1043.5045,68.2769
6100.0000,7.7933,0.8298,49.5287,0.0004,975.2005,1043.3841,68.1836
6101.0000,7.7948,0.8298,49.5254,0.0004,975.1733,1043.2638,68.0905
6102.0000,7.7964,0.8297,49.5221,0.0004,975.1460,1043.1436,67.9977
6103.0000,7.7979,0.8297,49.5188,0.0004,975.1186,1043.0236,67.9050
6104.0000,7.7994,0.8297,49.5155,0.0004,975.0912,1042.9037,67.8125
6105.0000,7.8009,0.8297,49.5123,0.0004,975.0637,1042.7840,67.7202
6106.0000,7.8024,0.8296,49.5090,0.0004,975.0362,1042.6644,67.6282
6107.0000,7.8039,0.8296,49.5057,0.0004,975.0086,1042.5449,67.5363
6108.0000,7.8054,0.8296,49.5024,0.0004,974.9809,1042.4256,67.4446
6109.0000,7.8069,0.8296,49.4991,0.0004,974.9532,1042.3064,67.3532
6110.0000,7.8083,0.8296,49.4958,0.0004,974.9254,1042.1873,67.2619
6111.0000,7.8098,0.8295,49.4926,0.0004,974.8975,1042.0684,67.1708
6112.0000,7.8113,0.8295,49.4893,0.0004,974.8696,1041.9495,67.0799
6113.0000,7.8127,0.8295,49.4860,0.0004,974.8416,1041.8308,66.9892
6114.0000,7.8142,0.8295,49.4827,0.0004,974.8136,1041.7123,66.8987
6115.0000,7.8157,0.8294,49.4794,0.0004,974.7855,1041.5938,66.8083
6116.0000,7.8171,0.8294,49.4761,0.0004,974.7573,1041.4755,66.7182
6117.0000,7.8186,0.8294,49.4729,0.0004,974.7291,1041.3573,66.6282
6118.0000,7.8200,0.8294,49.4696,0.0004,974.7008,1041.2392,66.5384
6119.0000,7.8214,0.8293,49.4663,0.0004,974.6725,1041.1213,66.4488
6120.0000,7.8229,0.8293,49.4630,0.0004,974.6440,1041.0034,66.3594
6121.0000,7.8245,0.8293,49.4691,0.0004,974.6118,1041.1143,66.5025
6122.0000,7.8263,0.8293,49.4752,0.0004,974.5797,1041.2221,66.6424
6123.0000,7.8282,0.8293,49.4813,0.0004,974.5478,1041.3278,66.7801
6124.0000,7.8302,0.8292,49.4875,0.0004,974.5160,1041.4318,66.9158
6125.0000,7.8322,0.8292,49.4936,0.0004,974.4844,1041.5343,67.0499
6126.0000,7.8343,0.8292,49.4997,0.0004,974.4530,1041.6356,67.1826
6127.0000,7.8364,0.8292,49.5058,0.0004,974.4217,1041.7356,67.3139
6128.0000,7.8385,0.8291,49.5119,0.0004,974.3906,1041.8347,67.4441
6129.0000,7.8407,0.8291,49.5181,0.0004,974.3596,1041.9327,67.5731
6130.0000,7.8430,0.8291,49.5242,0.0004,974.3288,1042.0299,67.7011
6131.0000,7.8452,0.8291,49.5303,0.0004,974.2981,1042.1262,67.8281
6132.0000,7.8475,0.8291,49.5364,0.0004,974.2676,1042.2218,67.9542
6133.0000,7.8499,0.8290,49.5425,0.0004,974.2372,1042.3166,68.0794
6134.0000,7.8522,0.8290,49.5486,0.0004,974.2069,1042.4107,68.2038
6135.0000,7.8546,0.8290,49.5547,0.0004,974.1768,1042.5042,68.3273
6136.0000,7.8570,0.8290,49.5609,0.0004,974.1469,1042.5970,68.4501
6137.0000,7.8594,0.8289,49.5670,0.0004,974.1170,1042.6892,68.5722
6138.0000,7.8619,0.8289,49.5731,0.0004,974.0873,1042.7808,68.6935
6139.0000,7.8643,0.8289,49.5792,0.0004,974.0577,1042.8719,68.8142
6140.0000,7.8668,0.8289,49.5853,0.0004,974.0283,1042.9624,68.9342
6141.0000,7.8694,0.8289,49.5915,0.0004,973.9990,1043.0525,69.0535
6142.0000,7.8719,0.8288,49.5976,0.0004,973.9698,1043.1420,69.1722
6143.0000,7.8744,0.8288,49.6037,0.0004,973.9407,1043.2310,69.2903
6144.0000,7.8770,0.8288,49.6098,0.0004,973.9118,1043.3196,69.4078
6145.0000,7.8796,0.8288,49.6159,0.0004,973.8829,1043.4077,69.5248
6146.0000,7.8822,0.8288,49.6220,0.0004,973.8542,1043.4954,69.6412
6147.0000,7.8848,0.8287,49.6281,0.0004,973.8257,1043.5827,69.7570
6148.0000,7.8875,0.8287,49.6343,0.0004,973.7972,1043.6695,69.8723
6149.0000,7.8901,0.8287,49.6404,0.0004,973.7689,1043.7559,69.9871
6150.0000,7.8928,0.8287,49.6465,0.0004,973.7406,1043.8420,70.1014
6151.0000,7.8955,0.8287,49.6526,0.0004,973.7125,1043.9277,70.2151
6152.0000,7.8982,0.8286,49.6587,0.0004,973.6845,1044.0130,70.3284
6153.0000,7.9009,0.8286,49.6649,0.0004,973.6567,1044.0979,70.4412
6154.0000,7.9037,0.8286,49.6710,0.0004,973.6289,1044.1825,70.5536
6155.0000,7.9064,0.8286,49.6771,0.0004,973.6013,1044.2667,70.6654
6156.0000,7.9092,0.8286,49.6832,0.0004,973.5737,1044.3506,70.7769
6157.0000,7.9120,0.8285,49.6893,0.0004,973.5463,1044.4342,70.8879
6158.0000,7.9147,0.8285,49.6954,0.0004,973.5190,1044.5174,70.9984
6159.0000,7.9175,0.8285,49.7015,0.0004,973.4918,1044.6003,71.1085
6160.0000,7.9203,0.8285,49.7077,0.0004,973.4647,1044.6829,71.2182
6161.0000,7.9232,0.8285,49.7138,0.0004,973.4377,1044.7653,71.3275
6162.0000,7.9260,0.8284,49.7199,0.0004,973.4108,1044.8473,71.4364
6163.0000,7.9289,0.8284,49.7260,0.0004,973.3841,1044.9290,71.5449
6164.0000,7.9317,0.8284,49.7321,0.0004,973.3574,1045.0104,71.6530
6165.0000,7.9346,0.8284,49.7383,0.0004,973.3309,1045.0916,71.7607
6166.0000,7.9375,0.8284,49.7444,0.0004,973.3044,1045.1724,71.8680
6167.0000,7.9404,0.8283,49.7505,0.0004,973.2781,1045.2530,71.9750
6168.0000,7.9433,0.8283,49.7566,0.0004,973.2518,1045.3334,72.0815
6169.0000,7.9462,0.8283,49.7627,0.0004,973.2257,1045.4135,72.1878
6170.0000,7.9491,0.8283,49.7688,0.0004,973.1997,1045.4933,72.2936
6171.0000,7.9520,0.8283,49.7749,0.0004,973.1737,1045.5728,72.3991
6172.0000,7.9550,0.8283,49.7811,0.0004,973.1479,1045.6522,72.5042
6173.0000,7.9579,0.8282,49.7872,0.0004,973.1222,1045.7312,72.6090
6174.0000,7.9609,0.8282,49.7933,0.0004,973.0966,1045.8101,72.7135
6175.0000,7.9639,0.8282,49.7994,0.0004,973.0710,1045.8886,72.8176
6176.0000,7.9669,0.8282,49.8055,0.0004,973.0456,1045.9670,72.9214
6177.0000,7.9698,0.8282,49.8117,0.0004,973.0203,1046.0451,73.0249
6178.0000,7.9728,0.8281,49.8178,0.0004,972.9950,1046.1230,73.1280
6179.0000,7.9759,0.8281,49.8239,0.0004,972.9699,1046.2007,73.2308
6180.0000,7.9789,0.8281,49.8300,0.0004,972.9449,1046.2782,73.3333
6181.0000,7.9817,0.8281,49.8287,0.0004,972.9215,1046.1754,73.2540
6182.0000,7.9844,0.8281,49.8274,0.0004,972.8980,1046.0749,73.1769
6183.0000,7.9871,0.8281,49.8261,0.0004,972.8745,1045.9760,73.1014
6184.0000,7.9897,0.8280,49.8249,0.0004,972.8509,1045.8782,73.0273
6185.0000,7.9923,0.8280,49.8236,0.0004,972.8273,1045.7815,72.9543
6186.0000,7.9949,0.8280,49.8223,0.0004,972.8035,1045.6857,72.8822
6187.0000,7.9974,0.8280,49.8210,0.0004,972.7797,1045.5907,72.8110
6188.0000,7.9999,0.8280,49.8197,0.0004,972.7559,1045.4964,72.7405
6189.0000,8.0023,0.8280,49.8184,0.0004,972.7320,1045.4027,72.6708
6190.0000,8.0048,0.8279,49.8172,0.0004,972.7080,1045.3097,72.6017
6191.0000,8.0072,0.8279,49.8159,0.0004,972.6839,1045.2171,72.5332
6192.0000,8.0096,0.8279,49.8146,0.0004,972.6598,1045.1251,72.4653
6193.0000,8.0120,0.8279,49.8133,0.0004,972.6357,1045.0336,72.3979
6194.0000,8.0143,0.8279,49.8120,0.0004,972.6114,1044.9425,72.3311
6195.0000,8.0167,0.8278,49.8107,0.0004,972.5871,1044.8518,72.2647
6196.0000,8.0190,0.8278,49.8095,0.0004,972.5628,1044.7615,72.1987
6197.0000,8.0213,0.8278,49.8082,0.0004,972.5384,1044.6716,72.1332
6198.0000,8.0236,0.8278,49.8069,0.0004,972.5140,1044.5821,72.0681
6199.0000,8.0259,0.8278,49.8056,0.0004,972.4895,1044.4929,72.0034
6200.0000,8.0282,0.8278,49.8043,0.0004,972.4649,1044.4040,71.9391
6201.0000,8.0304,0.8277,49.8030,0.0004,972.4403,1044.3155,71.8752
6202.0000,8.0327,0.8277,49.8018,0.0004,972.4157,1044.2272,71.8116
6203.0000,8.0349,0.8277,49.8005,0.0004,972.3910,1044.1393,71.7483
6204.0000,8.0371,0.8277,49.7992,0.0004,972.3662,1044.0516,71.6854
6205.0000,8.0393,0.8277,49.7979,0.0004,972.3414,1043.9642,71.6228
6206.0000,8.0416,0.8276,49.7966,0.0004,972.3166,1043.8770,71.5605
6207.0000,8.0437,0.8276,49.7953,0.0004,972.2917,1043.7901,71.4984
6208.0000,8.0459,0.8276,49.7941,0.0004,972.2667,1043.7034,71.4367
6209.0000,8.0481,0.8276,49.7928,0.0004,972.2417,1043.6170,71.3753
6210.0000,8.0503,0.8276,49.7915,0.0004,972.2167,1043.5308,71.3141
6211.0000,8.0524,0.8275,49.7902,0.0004,972.1916,1043.4448,71.2532
6212.0000,8.0546,0.8275,49.7889,0.0004,972.1665,1043.3590,71.1925
6213.0000,8.0567,0.8275,49.7876,0.0004,972.1413,1043.2735,71.1321
6214.0000,8.0588,0.8275,49.7864,0.0004,972.1161,1043.1881,71.0720
6215.0000,8.0610,0.8275,49.7851,0.0004,972.0909,1043.1030,71.0121
6216.0000,8.0631,0.8275,49.7838,0.0004,972.0656,1043.0180,70.9524
6217.0000,8.0652,0.8274,49.7825,0.0004,972.0402,1042.9332,70.8929
6218.0000,8.0673,0.8274,49.7812,0.0004,972.0149,1042.8486,70.8337
6219.0000,8.0694,0.8274,49.7799,0.0004,971.9894,1042.7641,70.7747
6220.0000,8.0715,0.8274,49.7787,0.0004,971.9640,1042.6799,70.7159
6221.0000,8.0736,0.8274,49.7774,0.0004,971.9385,1042.5958,70.6573
6222.0000,8.0756,0.8273,49.7761,0.0004,971.9129,1042.5119,70.5990
6223.0000,8.0777,0.8273,49.7748,0.0004,971.8873,1042.4281,70.5408
6224.0000,8.0798,0.8273,49.7735,0.0004,971.8617,1042.3445,70.4828
6225.0000,8.0818,0.8273,49.7722,0.0004,971.8360,1042.2610,70.4250
6226.0000,8.0839,0.8273,49.7710,0.0004,971.8103,1042.1777,70.3674
6227.0000,8.0859,0.8272,49.7697,0.0004,971.7846,1042.0946,70.3100
6228.0000,8.0879,0.8272,49.7684,0.0004,971.7588,1042.0116,70.2528
6229.0000,8.0900,0.8272,49.7671,0.0004,971.7330,1041.9287,70.1957
6230.0000,8.0920,0.8272,49.7658,0.0004,971.7071,1041.8460,70.1389
6231.0000,8.0940,0.8272,49.7645,0.0004,971.6812,1041.7634,70.0822
6232.0000,8.0960,0.8271,49.7633,0.0004,971.6553,1041.6809,70.0257
6233.0000,8.0980,0.8271,49.7620,0.0004,971.6293,1041.5986,69.9693
6234.0000,8.1000,0.8271,49.7607,0.0004,971.6033,1041.5164,69.9131
6235.0000,8.1020,0.8271,49.7594,0.0004,971.5772,1041.4343,69.8571
6236.0000,8.1040,0.8271,49.7581,0.0004,971.5512,1041.3524,69.8013
6237.0000,8.1060,0.8270,49.7569,0.0004,971.5250,1041.2706,69.7456
6238.0000,8.1080,0.8270,49.7556,0.0004,971.4989,1041.1889,69.6900
6239.0000,8.1100,0.8270,49.7543,0.0004,971.4727,1041.1073,69.6346
6240.0000,8.1120,0.8270,49.7530,0.0004,971.4465,1041.0258,69.5794
6241.0000,8.1140,0.8270,49.7528,0.0004,971.4190,1040.9700,69.5510
6242.0000,8.1160,0.8269,49.7525,0.0004,971.3915,1040.9139,69.5224
6243.0000,8.1180,0.8269,49.7523,0.0004,971.3640,1040.8577,69.4937
6244.0000,8.1200,0.8269,49.7521,0.0004,971.3365,1040.8013,69.4648
6245.0000,8.1220,0.8269,49.7518,0.0004,971.3090,1040.7449,69.4359
6246.0000,8.1241,0.8269,49.7516,0.0004,971.2815,1040.6885,69.4070
6247.0000,8.1261,0.8268,49.7514,0.0004,971.2540,1040.6320,69.3780
6248.0000,8.1281,0.8268,49.7511,0.0004,971.2265,1040.5754,69.3490
6249.0000,8.1301,0.8268,49.7509,0.0004,971.1990,1040.5189,69.3199
6250.0000,8.1322,0.8268,49.7507,0.0004,971.1714,1040.4623,69.2909
6251.0000,8.1342,0.8268,49.7504,0.0004,971.1439,1040.4057,69.2618
6252.0000,8.1362,0.8267,49.7502,0.0004,971.1164,1040.3492,69.2328
6253.0000,8.1383,0.8267,49.7500,0.0004,971.0888,1040.2926,69.2038
6254.0000,8.1403,0.8267,49.7497,0.0004,971.0613,1040.2360,69.1747
6255.0000,8.1423,0.8267,49.7495,0.0004,971.0337,1040.1794,69.1457
6256.0000,8.1444,0.8267,49.7493,0.0004,971.0061,1040.1229,69.1167
6257.0000,8.1464,0.8266,49.7490,0.0004,970.9785,1040.0663,69.0878
6258.0000,8.1484,0.8266,49.7488,0.0004,970.9509,1040.0098,69.0588
6259.0000,8.1504,0.8266,49.7486,0.0004,970.9233,1039.9532,69.0299
6260.0000,8.1525,0.8266,49.7483,0.0004,970.8957,1039.8967,69.0010
6261.0000,8.1545,0.8266,49.7481,0.0004,970.8681,1039.8402,68.9721
6262.0000,8.1565,0.8265,49.7479,0.0004,970.8405,1039.7837,68.9432
6263.0000,8.1585,0.8265,49.7476,0.0004,970.8128,1039.7273,68.9144
6264.0000,8.1606,0.8265,49.7474,0.0004,970.7852,1039.6708,68.8856
6265.0000,8.1626,0.8265,49.7472,0.0004,970.7575,1039.6144,68.8569
6266.0000,8.1646,0.8265,49.7469,0.0004,970.7299,1039.5580,68.8281
6267.0000,8.1666,0.8264,49.7467,0.0004,970.7022,1039.5016,68.7994
6268.0000,8.1687,0.8264,49.7465,0.0004,970.6745,1039.4453,68.7707
6269.0000,8.1707,0.8264,49.7462,0.0004,970.6468,1039.3889,68.7421
6270.0000,8.1727,0.8264,49.7460,0.0004,970.6191,1039.3326,68.7135
6271.0000,8.1747,0.8264,49.7458,0.0004,970.5914,1039.2763,68.6849
6272.0000,8.1767,0.8263,49.7455,0.0004,970.5637,1039.2201,68.6564
6273.0000,8.1787,0.8263,49.7453,0.0004,970.5360,1039.1638,68.6279
6274.0000,8.1808,0.8263,49.7451,0.0004,970.5082,1039.1076,68.5994
6275.0000,8.1828,0.8263,49.7448,0.0004,970.4805,1039.0514,68.5709
6276.0000,8.1848,0.8263,49.7446,0.0004,970.4527,1038.9953,68.5425
6277.0000,8.1868,0.8262,49.7444,0.0004,970.4250,1038.9391,68.5142
6278.0000,8.1888,0.8262,49.7441,0.0004,970.3972,1038.8830,68.4858
6279.0000,8.1908,0.8262,49.7439,0.0004,970.3694,1038.8269,68.4575
6280.0000,8.1928,0.8262,49.7437,0.0004,970.3416,1038.7709,68.4292
6281.0000,8.1948,0.8262,49.7434,0.0004,970.3138,1038.7148,68.4010
6282.0000,8.1968,0.8261,49.7432,0.0004,970.2860,1038.6588,68.3728
6283.0000,8.1989,0.8261,49.7430,0.0004,970.2582,1038.6028,68.3447
6284.0000,8.2009,0.8261,49.7427,0.0004,970.2303,1038.5469,68.3165
6285.0000,8.2029,0.8261,49.7425,0.0004,970.2025,1038.4909,68.2884
6286.0000,8.2049,0.8261,49.7423,0.0004,970.1746,1038.4350,68.2604
6287.0000,8.2069,0.8260,49.7420,0.0004,970.1468,1038.3791,68.2323
6288.0000,8.2089,0.8260,49.7418,0.0004,970.1189,1038.3233,68.2044
6289.0000,8.2109,0.8260,49.7416,0.0004,970.0910,1038.2675,68.1764
6290.0000,8.2129,0.8260,49.7413,0.0004,970.0632,1038.2117,68.1485
6291.0000,8.2149,0.8260,49.7411,0.0004,970.0353,1038.1559,68.1206
6292.0000,8.2169,0.8259,49.7409,0.0004,970.0074,1038.1001,68.0928
6293.0000,8.2189,0.8259,49.7406,0.0004,969.9794,1038.0444,68.0650
6294.0000,8.2209,0.8259,49.7404,0.0004,969.9515,1037.9887,68.0372
6295.0000,8.2228,0.8259,49.7402,0.0004,969.9236,1037.9330,68.0094
6296.0000,8.2248,0.8259,49.7399,0.0004,969.8957,1037.8774,67.9817
6297.0000,8.2268,0.8258,49.7397,0.0004,969.8677,1037.8218,67.9541
6298.0000,8.2288,0.8258,49.7395,0.0004,969.8397,1037.7662,67.9264
6299.0000,8.2308,0.8258,49.7392,0.0004,969.8118,1037.7106,67.8988
6300.0000,8.2328,0.8258,49.7390,0.0004,969.7838,1037.6551,67.8713
6301.0000,8.2347,0.8258,49.7370,0.0004,969.7644,1037.5580,67.7936
6302.0000,8.2366,0.8257,49.7351,0.0004,969.7449,1037.4617,67.7168
6303.0000,8.2385,0.8257,49.7331,0.0004,969.7253,1037.3658,67.6406
6304.0000,8.2404,0.8257,49.7312,0.0004,969.7055,1037.2704,67.5649
6305.0000,8.2422,0.8257,49.7293,0.0004,969.6857,1037.1754,67.4897
6306.0000,8.2441,0.8257,49.7273,0.0004,969.6657,1037.0806,67.4149
6307.0000,8.2459,0.8256,49.7253,0.0004,969.6457,1036.9862,67.3405
6308.0000,8.2477,0.8256,49.7234,0.0004,969.6255,1036.8920,67.2665
6309.0000,8.2495,0.8256,49.7214,0.0004,969.6053,1036.7981,67.1928
6310.0000,8.2513,0.8256,49.7195,0.0004,969.5850,1036.7045,67.1194
6311.0000,8.2531,0.8256,49.7175,0.0004,969.5647,1036.6110,67.0464
6312.0000,8.2549,0.8255,49.7156,0.0004,969.5442,1036.5178,66.9736
6313.0000,8.2567,0.8255,49.7137,0.0004,969.5237,1036.4248,66.9011
6314.0000,8.2584,0.8255,49.7117,0.0004,969.5031,1036.3320,66.8289
6315.0000,8.2602,0.8255,49.7097,0.0004,969.4824,1036.2393,66.7569
6316.0000,8.2619,0.8254,49.7078,0.0004,969.4617,1036.1469,66.6852
6317.0000,8.2637,0.8254,49.7058,0.0004,969.4409,1036.0546,66.6137
6318.0000,8.2654,0.8254,49.7039,0.0004,969.4200,1035.9625,66.5424
6319.0000,8.2671,0.8254,49.7019,0.0004,969.3991,1035.8705,66.4714
6320.0000,8.2689,0.8254,49.7000,0.0004,969.3781,1035.7787,66.4007
6321.0000,8.2706,0.8253,49.6980,0.0004,969.3570,1035.6871,66.3301
6322.0000,8.2723,0.8253,49.6961,0.0004,969.3359,1035.5956,66.2597
6323.0000,8.2740,0.8253,49.6942,0.0004,969.3147,1035.5043,66.1896
6324.0000,8.2757,0.8253,49.6922,0.0004,969.2934,1035.4131,66.1197
6325.0000,8.2774,0.8252,49.6902,0.0004,969.2721,1035.3220,66.0499
6326.0000,8.2791,0.8252,49.6883,0.0004,969.2507,1035.2311,65.9804
6327.0000,8.2807,0.8252,49.6863,0.0004,969.2292,1035.1403,65.9111
6328.0000,8.2824,0.8252,49.6844,0.0004,969.2077,1035.0496,65.8419
6329.0000,8.2841,0.8252,49.6824,0.0004,969.1862,1034.9591,65.7729
6330.0000,8.2858,0.8251,49.6805,0.0004,969.1645,1034.8687,65.7042
6331.0000,8.2874,0.8251,49.6786,0.0004,969.1429,1034.7784,65.6356
6332.0000,8.2891,0.8251,49.6766,0.0004,969.1211,1034.6883,65.5671
6333.0000,8.2907,0.8251,49.6746,0.0004,969.0993,1034.5982,65.4989
6334.0000,8.2924,0.8251,49.6727,0.0004,969.0775,1034.5083,65.4308
6335.0000,8.2940,0.8250,49.6707,0.0004,969.0556,1034.4185,65.3629
6336.0000,8.2956,0.8250,49.6688,0.0004,969.0336,1034.3288,65.2952
6337.0000,8.2973,0.8250,49.6668,0.0004,969.0116,1034.2392,65.2276
6338.0000,8.2989,0.8250,49.6649,0.0004,968.9895,1034.1497,65.1602
6339.0000,8.3005,0.8249,49.6630,0.0004,968.9674,1034.0604,65.0930
6340.0000,8.3022,0.8249,49.6610,0.0004,968.9452,1033.9711,65.0259
6341.0000,8.3038,0.8249,49.6591,0.0004,968.9230,1033.8819,64.9590
6342.0000,8.3054,0.8249,49.6571,0.0004,968.9007,1033.7929,64.8922
6343.0000,8.3070,0.8248,49.6551,0.0004,968.8783,1033.7039,64.8256
6344.0000,8.3086,0.8248,49.6532,0.0004,968.8559,1033.6151,64.7591
6345.0000,8.3102,0.8248,49.6512,0.0004,968.8335,1033.5263,64.6928
6346.0000,8.3118,0.8248,49.6493,0.0004,968.8110,1033.4377,64.6267
6347.0000,8.3134,0.8248,49.6473,0.0004,968.7885,1033.3491,64.5607
6348.0000,8.3150,0.8247,49.6454,0.0004,968.7659,1033.2606,64.4948
6349.0000,8.3166,0.8247,49.6435,0.0004,968.7432,1033.1723,64.4291
6350.0000,8.3181,0.8247,49.6415,0.0004,968.7205,1033.0840,64.3635
6351.0000,8.3197,0.8247,49.6395,0.0004,968.6978,1032.9958,64.2980
6352.0000,8.3213,0.8246,49.6376,0.0004,968.6750,1032.9077,64.2327
6353.0000,8.3229,0.8246,49.6356,0.0004,968.6521,1032.8197,64.1676
6354.0000,8.3244,0.8246,49.6337,0.0004,968.6292,1032.7318,64.1026
6355.0000,8.3260,0.8246,49.6317,0.0004,968.6063,1032.6439,64.0377
6356.0000,8.3276,0.8245,49.6298,0.0004,968.5833,1032.5562,63.9729
6357.0000,8.3291,0.8245,49.6279,0.0004,968.5602,1032.4685,63.9083
6358.0000,8.3307,0.8245,49.6259,0.0004,968.5371,1032.3810,63.8438
6359.0000,8.3322,0.8245,49.6240,0.0004,968.5140,1032.2935,63.7795
6360.0000,8.3338,0.8245,49.6220,0.0004,968.4908,1032.2061,63.7153
6361.0000,8.3353,0.8244,49.6208,0.0004,968.4571,1032.1367,63.6796
6362.0000,8.3369,0.8244,49.6196,0.0004,968.4235,1032.0670,63.6436
6363.0000,8.3385,0.8244,49.6184,0.0004,968.3899,1031.9972,63.6073
6364.0000,8.3401,0.8244,49.6172,0.0004,968.3564,1031.9272,63.5708
6365.0000,8.3417,0.8243,49.6160,0.0004,968.3230,1031.8571,63.5341
6366.0000,8.3433,0.8243,49.6148,0.0004,968.2895,1031.7869,63.4974
6367.0000,8.3449,0.8243,49.6136,0.0004,968.2561,1031.7166,63.4605
6368.0000,8.3465,0.8243,49.6124,0.0004,968.2227,1031.6463,63.4235
6369.0000,8.3482,0.8242,49.6112,0.0004,968.1894,1031.5759,63.3865
6370.0000,8.3498,0.8242,49.6100,0.0004,968.1560,1031.5055,63.3495
6371.0000,8.3514,0.8242,49.6088,0.0004,968.1227,1031.4350,63.3123
6372.0000,8.3530,0.8242,49.6076,0.0004,968.0894,1031.3645,63.2752
6373.0000,8.3546,0.8242,49.6064,0.0004,968.0561,1031.2940,63.2379
6374.0000,8.3563,0.8241,49.6052,0.0004,968.0228,1031.2235,63.2007
6375.0000,8.3579,0.8241,49.6040,0.0004,967.9895,1031.1529,63.1634
6376.0000,8.3595,0.8241,49.6028,0.0004,967.9562,1031.0823,63.1262
6377.0000,8.3611,0.8241,49.6016,0.0004,967.9229,1031.0118,63.0889
6378.0000,8.3628,0.8240,49.6004,0.0004,967.8896,1030.9412,63.0516
6379.0000,8.3644,0.8240,49.5992,0.0004,967.8563,1030.8706,63.0142
6380.0000,8.3660,0.8240,49.5980,0.0004,967.8230,1030.8000,62.9769
6381.0000,8.3676,0.8240,49.5968,0.0004,967.7898,1030.7293,62.9396
6382.0000,8.3693,0.8239,49.5956,0.0004,967.7565,1030.6587,62.9022
6383.0000,8.3709,0.8239,49.5944,0.0004,967.7232,1030.5881,62.8649
6384.0000,8.3725,0.8239,49.5932,0.0004,967.6899,1030.5175,62.8276
6385.0000,8.3741,0.8239,49.5920,0.0004,967.6567,1030.4469,62.7903
6386.0000,8.3757,0.8239,49.5908,0.0004,967.6234,1030.3763,62.7529
6387.0000,8.3774,0.8238,49.5896,0.0004,967.5901,1030.3057,62.7156
6388.0000,8.3790,0.8238,49.5884,0.0004,967.5568,1030.2352,62.6783
6389.0000,8.3806,0.8238,49.5872,0.0004,967.5236,1030.1646,62.6410
6390.0000,8.3822,0.8238,49.5860,0.0004,967.4903,1030.0940,62.6037
6391.0000,8.3839,0.8237,49.5848,0.0004,967.4570,1030.0235,62.5665
6392.0000,8.3855,0.8237,49.5836,0.0004,967.4237,1029.9529,62.5292
6393.0000,8.3871,0.8237,49.5824,0.0004,967.3904,1029.8824,62.4920
6394.0000,8.3887,0.8237,49.5812,0.0004,967.3571,1029.8118,62.4548
6395.0000,8.3903,0.8236,49.5800,0.0004,967.3238,1029.7413,62.4175
6396.0000,8.3920,0.8236,49.5788,0.0004,967.2905,1029.6708,62.3804
6397.0000,8.3936,0.8236,49.5776,0.0004,967.2572,1029.6003,62.3432
6398.0000,8.3952,0.8236,49.5764,0.0004,967.2238,1029.5299,62.3060
6399.0000,8.3968,0.8236,49.5752,0.0004,967.1905,1029.4594,62.2689
6400.0000,8.3984,0.8235,49.5740,0.0004,967.1572,1029.3890,62.2318
6401.0000,8.4001,0.8235,49.5728,0.0004,967.1238,1029.3186,62.1947
6402.0000,8.4017,0.8235,49.5716,0.0004,967.0905,1029.2481,62.1576
6403.0000,8.4033,0.8235,49.5704,0.0004,967.0572,1029.1777,62.1206
6404.0000,8.4049,0.8234,49.5692,0.0004,967.0238,1029.1074,62.0836
6405.0000,8.4065,0.8234,49.5680,0.0004,966.9904,1029.0370,62.0466
6406.0000,8.4081,0.8234,49.5668,0.0004,966.9571,1028.9667,62.0096
6407.0000,8.4097,0.8234,49.5656,0.0004,966.9237,1028.8963,61.9727
6408.0000,8.4114,0.8233,49.5644,0.0004,966.8903,1028.8260,61.9357
6409.0000,8.4130,0.8233,49.5632,0.0004,966.8569,1028.7557,61.8988
6410.0000,8.4146,0.8233,49.5620,0.0004,966.8235,1028.6855,61.8620
6411.0000,8.4162,0.8233,49.5608,0.0004,966.7901,1028.6152,61.8251
6412.0000,8.4178,0.8233,49.5596,0.0004,966.7567,1028.5450,61.7883
6413.0000,8.4194,0.8232,49.5584,0.0004,966.7233,1028.4748,61.7515
6414.0000,8.4210,0.8232,49.5572,0.0004,966.6899,1028.4046,61.7147
6415.0000,8.4226,0.8232,49.5560,0.0004,966.6564,1028.3344,61.6780
6416.0000,8.4242,0.8232,49.5548,0.0004,966.6230,1028.2643,61.6413
6417.0000,8.4258,0.8231,49.5536,0.0004,966.5895,1028.1941,61.6046
6418.0000,8.4274,0.8231,49.5524,0.0004,966.5561,1028.1240,61.5679
6419.0000,8.4290,0.8231,49.5512,0.0004,966.5226,1028.0539,61.5313
6420.0000,8.4306,0.8231,49.5500,0.0004,966.4891,1027.9838,61.4947
6421.0000,8.4322,0.8230,49.5488,0.0004,966.4641,1027.9136,61.4495
6422.0000,8.4338,0.8230,49.5476,0.0004,966.4389,1027.8435,61.4046
6423.0000,8.4354,0.8230,49.5463,0.0004,966.4137,1027.7735,61.3599
6424.0000,8.4370,0.8230,49.5451,0.0004,966.3884,1027.7036,61.3153
6425.0000,8.4386,0.8230,49.5439,0.0004,966.3630,1027.6338,61.2708
6426.0000,8.4401,0.8229,49.5427,0.0004,966.3375,1027.5640,61.2265
6427.0000,8.4417,0.8229,49.5415,0.0004,966.3120,1027.4943,61.1823
6428.0000,8.4433,0.8229,49.5403,0.0004,966.2865,1027.4247,61.1382
6429.0000,8.4448,0.8229,49.5390,0.0004,966.2609,1027.3551,61.0942
6430.0000,8.4464,0.8228,49.5378,0.0004,966.2352,1027.2856,61.0504
6431.0000,8.4480,0.8228,49.5366,0.0004,966.2095,1027.2161,61.0066
6432.0000,8.4495,0.8228,49.5354,0.0004,966.1838,1027.1467,60.9629
6433.0000,8.4511,0.8228,49.5342,0.0004,966.1580,1027.0773,60.9193
6434.0000,8.4526,0.8227,49.5330,0.0004,966.1322,1027.0080,60.8758
6435.0000,8.4542,0.8227,49.5317,0.0004,966.1063,1026.9387,60.8324
6436.0000,8.4558,0.8227,49.5305,0.0004,966.0805,1026.8695,60.7890
6437.0000,8.4573,0.8227,49.5293,0.0004,966.0545,1026.8003,60.7458
6438.0000,8.4589,0.8226,49.5281,0.0004,966.0286,1026.7312,60.7026
6439.0000,8.4604,0.8226,49.5269,0.0004,966.0026,1026.6621,60.6595
6440.0000,8.4619,0.8226,49.5257,0.0004,965.9765,1026.5930,60.6165
6441.0000,8.4635,0.8226,49.5244,0.0004,965.9505,1026.5240,60.5735
6442.0000,8.4650,0.8225,49.5232,0.0004,965.9243,1026.4550,60.5307
6443.0000,8.4666,0.8225,49.5220,0.0004,965.8982,1026.3861,60.4879
6444.0000,8.4681,0.8225,49.5208,0.0004,965.8720,1026.3172,60.4451
6445.0000,8.4696,0.8225,49.5196,0.0004,965.8458,1026.2483,60.4025
6446.0000,8.4712,0.8225,49.5184,0.0004,965.8196,1026.1795,60.3599
6447.0000,8.4727,0.8224,49.5171,0.0004,965.7933,1026.1107,60.3174
6448.0000,8.4743,0.8224,49.5159,0.0004,965.7670,1026.0420,60.2750
6449.0000,8.4758,0.8224,49.5147,0.0004,965.7407,1025.9733,60.2326
6450.0000,8.4773,0.8224,49.5135,0.0004,965.7144,1025.9046,60.1903
6451.0000,8.4788,0.8223,49.5123,0.0004,965.6880,1025.8360,60.1480
6452.0000,8.4804,0.8223,49.5111,0.0004,965.6616,1025.7674,60.1059
6453.0000,8.4819,0.8223,49.5099,0.0004,965.6351,1025.6989,60.0638
6454.0000,8.4834,0.8223,49.5086,0.0004,965.6086,1025.6304,60.0217
6455.0000,8.4849,0.8222,49.5074,0.0004,965.5821,1025.5619,59.9797
6456.0000,8.4865,0.8222,49.5062,0.0004,965.5556,1025.4934,59.9378
6457.0000,8.4880,0.8222,49.5050,0.0004,965.5290,1025.4250,59.8960
6458.0000,8.4895,0.8222,49.5038,0.0004,965.5024,1025.3566,59.8542
6459.0000,8.4910,0.8221,49.5025,0.0004,965.4758,1025.2883,59.8125
6460.0000,8.4925,0.8221,49.5013,0.0004,965.4492,1025.2200,59.7708
6461.0000,8.4940,0.8221,49.5001,0.0004,965.4225,1025.1517,59.7292
6462.0000,8.4956,0.8221,49.4989,0.0004,965.3958,1025.0834,59.6876
6463.0000,8.4971,0.8220,49.4977,0.0004,965.3691,1025.0152,59.6462
6464.0000,8.4986,0.8220,49.4965,0.0004,965.3423,1024.9471,59.6047
6465.0000,8.5001,0.8220,49.4952,0.0004,965.3156,1024.8789,59.5634
6466.0000,8.5016,0.8220,49.4940,0.0004,965.2887,1024.8108,59.5221
6467.0000,8.5031,0.8219,49.4928,0.0004,965.2619,1024.7427,59.4808
6468.0000,8.5046,0.8219,49.4916,0.0004,965.2351,1024.6747,59.4396
6469.0000,8.5061,0.8219,49.4904,0.0004,965.2082,1024.6067,59.3985
6470.0000,8.5076,0.8219,49.4892,0.0004,965.1813,1024.5387,59.3574
6471.0000,8.5091,0.8218,49.4879,0.0004,965.1543,1024.4707,59.3164
6472.0000,8.5106,0.8218,49.4867,0.0004,965.1274,1024.4028,59.2754
6473.0000,8.5121,0.8218,49.4855,0.0004,965.1004,1024.3349,59.2345
6474.0000,8.5136,0.8218,49.4843,0.0004,965.0734,1024.2671,59.1937
6475.0000,8.5151,0.8217,49.4831,0.0004,965.0463,1024.1992,59.1529
6476.0000,8.5166,0.8217,49.4819,0.0004,965.0193,1024.1314,59.1122
6477.0000,8.5181,0.8217,49.4806,0.0004,964.9922,1024.0637,59.0715
6478.0000,8.5196,0.8217,49.4794,0.0004,964.9651,1023.9960,59.0309
6479.0000,8.5211,0.8216,49.4782,0.0004,964.9379,1023.9283,58.9903
6480.0000,8.5226,0.8216,49.4770,0.0004,964.9108,1023.8606,58.9498
6481.0000,8.5243,0.8216,49.4839,0.0004,964.8737,1023.9901,59.1165
6482.0000,8.5261,0.8216,49.4908,0.0004,964.8367,1024.1169,59.2801
6483.0000,8.5280,0.8215,49.4977,0.0004,964.8001,1024.2416,59.4416
6484.0000,8.5300,0.8215,49.5046,0.0004,964.7636,1024.3648,59.6012
6485.0000,8.5320,0.8215,49.5115,0.0004,964.7273,1024.4866,59.7592
6486.0000,8.5341,0.8215,49.5184,0.0004,964.6913,1024.6071,59.9158
6487.0000,8.5362,0.8214,49.5253,0.0004,964.6554,1024.7266,60.0712
6488.0000,8.5384,0.8214,49.5322,0.0004,964.6198,1024.8450,60.2253
6489.0000,8.5406,0.8214,49.5391,0.0004,964.5843,1024.9626,60.3783
6490.0000,8.5428,0.8214,49.5460,0.0004,964.5490,1025.0792,60.5302
6491.0000,8.5451,0.8214,49.5529,0.0004,964.5139,1025.1951,60.6812
6492.0000,8.5474,0.8213,49.5598,0.0004,964.4789,1025.3101,60.8312
6493.0000,8.5497,0.8213,49.5667,0.0004,964.4442,1025.4245,60.9803
6494.0000,8.5521,0.8213,49.5736,0.0004,964.4096,1025.5381,61.1286
6495.0000,8.5545,0.8213,49.5805,0.0004,964.3751,1025.6512,61.2760
6496.0000,8.5569,0.8212,49.5874,0.0004,964.3408,1025.7635,61.4227
6497.0000,8.5593,0.8212,49.5943,0.0004,964.3067,1025.8753,61.5686
6498.0000,8.5617,0.8212,49.6012,0.0004,964.2727,1025.9865,61.7137
6499.0000,8.5642,0.8212,49.6081,0.0004,964.2389,1026.0971,61.8582
6500.0000,8.5667,0.8212,49.6150,0.0004,964.2053,1026.2072,62.0019
6501.0000,8.5692,0.8211,49.6219,0.0004,964.1718,1026.3168,62.1450
6502.0000,8.5718,0.8211,49.6288,0.0004,964.1384,1026.4258,62.2874
6503.0000,8.5743,0.8211,49.6357,0.0004,964.1052,1026.5344,62.4291
6504.0000,8.5769,0.8211,49.6426,0.0004,964.0722,1026.6425,62.5703
6505.0000,8.5795,0.8210,49.6495,0.0004,964.0393,1026.7501,62.7108
6506.0000,8.5821,0.8210,49.6564,0.0004,964.0065,1026.8573,62.8508
6507.0000,8.5847,0.8210,49.6633,0.0004,963.9739,1026.9640,62.9901
6508.0000,8.5874,0.8210,49.6702,0.0004,963.9414,1027.0703,63.1289
6509.0000,8.5900,0.8210,49.6771,0.0004,963.9091,1027.1763,63.2671
6510.0000,8.5927,0.8209,49.6840,0.0004,963.8769,1027.2817,63.4048
6511.0000,8.5954,0.8209,49.6909,0.0004,963.8449,1027.3868,63.5420
6512.0000,8.5981,0.8209,49.6978,0.0004,963.8130,1027.4916,63.6786
6513.0000,8.6009,0.8209,49.7047,0.0004,963.7812,1027.5959,63.8147
6514.0000,8.6036,0.8209,49.7116,0.0004,963.7495,1027.6999,63.9503
6515.0000,8.6064,0.8208,49.7185,0.0004,963.7180,1027.8035,64.0854
6516.0000,8.6091,0.8208,49.7254,0.0004,963.6867,1027.9067,64.2200
6517.0000,8.6119,0.8208,49.7323,0.0004,963.6554,1028.0096,64.3542
6518.0000,8.6147,0.8208,49.7392,0.0004,963.6243,1028.1122,64.4879
6519.0000,8.6175,0.8208,49.7461,0.0004,963.5933,1028.2144,64.6210
6520.0000,8.6203,0.8207,49.7530,0.0004,963.5625,1028.3163,64.7538
6521.0000,8.6232,0.8207,49.7599,0.0004,963.5318,1028.4178,64.8861
6522.0000,8.6260,0.8207,49.7668,0.0004,963.5012,1028.5191,65.0179
6523.0000,8.6289,0.8207,49.7737,0.0004,963.4707,1028.6200,65.1493
6524.0000,8.6318,0.8207,49.7806,0.0004,963.4404,1028.7207,65.2803
6525.0000,8.6347,0.8206,49.7875,0.0004,963.4102,1028.8210,65.4108
6526.0000,8.6376,0.8206,49.7944,0.0004,963.3801,1028.9211,65.5410
6527.0000,8.6405,0.8206,49.8013,0.0004,963.3501,1029.0208,65.6707
6528.0000,8.6434,0.8206,49.8082,0.0004,963.3203,1029.1203,65.8000
6529.0000,8.6463,0.8206,49.8151,0.0004,963.2906,1029.2194,65.9289
6530.0000,8.6493,0.8205,49.8220,0.0004,963.2610,1029.3184,66.0574
6531.0000,8.6522,0.8205,49.8289,0.0004,963.2315,1029.4170,66.1855
6532.0000,8.6552,0.8205,49.8358,0.0004,963.2022,1029.5153,66.3132
6533.0000,8.6582,0.8205,49.8427,0.0004,963.1729,1029.6134,66.4405
6534.0000,8.6611,0.8205,49.8496,0.0004,963.1438,1029.7113,66.5674
6535.0000,8.6641,0.8205,49.8565,0.0004,963.1148,1029.8088,66.6940
6536.0000,8.6672,0.8204,49.8634,0.0004,963.0860,1029.9062,66.8202
6537.0000,8.6702,0.8204,49.8703,0.0004,963.0572,1030.0032,66.9460
6538.0000,8.6732,0.8204,49.8772,0.0004,963.0286,1030.1001,67.0715
6539.0000,8.6762,0.8204,49.8841,0.0004,963.0001,1030.1966,67.1966
6540.0000,8.6793,0.8204,49.8910,0.0004,962.9717,1030.2930,67.3213
6541.0000,8.6820,0.8203,49.8875,0.0004,962.9529,1030.1372,67.1843
6542.0000,8.6847,0.8203,49.8841,0.0004,962.9339,1029.9847,67.0507
6543.0000,8.6872,0.8203,49.8806,0.0004,962.9148,1029.8345,66.9197
6544.0000,8.6897,0.8203,49.8771,0.0004,962.8955,1029.6861,66.7906
6545.0000,8.6921,0.8203,49.8737,0.0004,962.8761,1029.5394,66.6633
6546.0000,8.6944,0.8203,49.8702,0.0004,962.8564,1029.3939,66.5375
6547.0000,8.6967,0.8202,49.8667,0.0004,962.8367,1029.2497,66.4130
6548.0000,8.6990,0.8202,49.8633,0.0004,962.8168,1029.1066,66.2898
6549.0000,8.7012,0.8202,49.8598,0.0004,962.7967,1028.9645,66.1677
6550.0000,8.7034,0.8202,49.8563,0.0004,962.7766,1028.8232,66.0467
6551.0000,8.7056,0.8202,49.8529,0.0004,962.7563,1028.6829,65.9266
6552.0000,8.7077,0.8201,49.8494,0.0004,962.7358,1028.5433,65.8075
6553.0000,8.7098,0.8201,49.8459,0.0004,962.7153,1028.4045,65.6893
6554.0000,8.7118,0.8201,49.8425,0.0004,962.6946,1028.2664,65.5718
6555.0000,8.7138,0.8201,49.8390,0.0004,962.6738,1028.1290,65.4552
6556.0000,8.7158,0.8201,49.8355,0.0004,962.6529,1027.9922,65.3393
6557.0000,8.7178,0.8200,49.8321,0.0004,962.6318,1027.8560,65.2242
6558.0000,8.7198,0.8200,49.8286,0.0004,962.6107,1027.7204,65.1097
6559.0000,8.7217,0.8200,49.8251,0.0004,962.5894,1027.5853,64.9959
6560.0000,8.7236,0.8200,49.8217,0.0004,962.5681,1027.4507,64.8827
6561.0000,8.7255,0.8200,49.8182,0.0004,962.5466,1027.3167,64.7701
6562.0000,8.7274,0.8199,49.8147,0.0004,962.5250,1027.1832,64.6581
6563.0000,8.7293,0.8199,49.8113,0.0004,962.5033,1027.0501,64.5467
6564.0000,8.7311,0.8199,49.8078,0.0004,962.4815,1026.9174,64.4359
6565.0000,8.7329,0.8199,49.8043,0.0004,962.4597,1026.7853,64.3256
6566.0000,8.7347,0.8199,49.8009,0.0004,962.4377,1026.6535,64.2158
6567.0000,8.7365,0.8198,49.7974,0.0004,962.4156,1026.5221,64.1066
6568.0000,8.7383,0.8198,49.7939,0.0004,962.3934,1026.3912,63.9978
6569.0000,8.7400,0.8198,49.7905,0.0004,962.3711,1026.2606,63.8895
6570.0000,8.7418,0.8198,49.7870,0.0004,962.3488,1026.1304,63.7817
6571.0000,8.7435,0.8198,49.7835,0.0004,962.3263,1026.0006,63.6743
6572.0000,8.7452,0.8197,49.7801,0.0004,962.3037,1025.8711,63.5674
6573.0000,8.7469,0.8197,49.7766,0.0004,962.2811,1025.7420,63.4609
6574.0000,8.7486,0.8197,49.7731,0.0004,962.2583,1025.6132,63.3549
6575.0000,8.7503,0.8197,49.7697,0.0004,962.2355,1025.4847,63.2493
6576.0000,8.7519,0.8197,49.7662,0.0004,962.2125,1025.3566,63.1440
6577.0000,8.7536,0.8196,49.7627,0.0004,962.1895,1025.2288,63.0392
6578.0000,8.7552,0.8196,49.7593,0.0004,962.1664,1025.1012,62.9348
6579.0000,8.7568,0.8196,49.7558,0.0004,962.1432,1024.9740,62.8308
6580.0000,8.7585,0.8196,49.7523,0.0004,962.1200,1024.8470,62.7271
6581.0000,8.7601,0.8195,49.7489,0.0004,962.0966,1024.7204,62.6238
6582.0000,8.7616,0.8195,49.7454,0.0004,962.0731,1024.5940,62.5209
6583.0000,8.7632,0.8195,49.7419,0.0004,962.0496,1024.4679,62.4183
6584.0000,8.7648,0.8195,49.7385,0.0004,962.0260,1024.3421,62.3161
6585.0000,8.7663,0.8195,49.7350,0.0004,962.0023,1024.2165,62.2142
6586.0000,8.7679,0.8194,49.7315,0.0004,961.9785,1024.0912,62.1127
6587.0000,8.7694,0.8194,49.7281,0.0004,961.9546,1023.9661,62.0115
6588.0000,8.7709,0.8194,49.7246,0.0004,961.9307,1023.8413,61.9106
6589.0000,8.7725,0.8194,49.7211,0.0004,961.9066,1023.7167,61.8101
6590.0000,8.7740,0.8193,49.7177,0.0004,961.8825,1023.5924,61.7098
6591.0000,8.7755,0.8193,49.7142,0.0004,961.8583,1023.4683,61.6099
6592.0000,8.7770,0.8193,49.7107,0.0004,961.8341,1023.3444,61.5103
6593.0000,8.7784,0.8193,49.7073,0.0004,961.8097,1023.2207,61.4110
6594.0000,8.7799,0.8193,49.7038,0.0004,961.7853,1023.0973,61.3120
6595.0000,8.7814,0.8192,49.7003,0.0004,961.7608,1022.9741,61.2133
6596.0000,8.7828,0.8192,49.6969,0.0004,961.7362,1022.8511,61.1149
6597.0000,8.7843,0.8192,49.6934,0.0004,961.7116,1022.7283,61.0167
6598.0000,8.7857,0.8192,49.6899,0.0004,961.6868,1022.6057,60.9189
6599.0000,8.7871,0.8191,49.6865,0.0004,961.6620,1022.4834,60.8213
6600.0000,8.7886,0.8191,49.6830,0.0004,961.6371,1022.3612,60.7241
6601.0000,8.7900,0.8191,49.6811,0.0004,961.6038,1022.2771,60.6733
6602.0000,8.7915,0.8191,49.6792,0.0004,961.5705,1022.1926,60.6221
6603.0000,8.7930,0.8191,49.6773,0.0004,961.5372,1022.1078,60.5706
6604.0000,8.7945,0.8190,49.6754,0.0004,961.5039,1022.0229,60.5189
6605.0000,8.7960,0.8190,49.6735,0.0004,961.4707,1021.9378,60.4671
6606.0000,8.7975,0.8190,49.6716,0.0004,961.4375,1021.8526,60.4151
6607.0000,8.7990,0.8190,49.6697,0.0004,961.4042,1021.7674,60.3631
6608.0000,8.8005,0.8189,49.6678,0.0004,961.3710,1021.6821,60.3111
6609.0000,8.8020,0.8189,49.6659,0.0004,961.3378,1021.5968,60.2590
6610.0000,8.8035,0.8189,49.6640,0.0004,961.3046,1021.5114,60.2069
6611.0000,8.8051,0.8189,49.6621,0.0004,961.2713,1021.4261,60.1547
6612.0000,8.8066,0.8189,49.6602,0.0004,961.2381,1021.3407,60.1026
6613.0000,8.8081,0.8188,49.6583,0.0004,961.2048,1021.2553,60.0505
6614.0000,8.8096,0.8188,49.6564,0.0004,961.1716,1021.1700,59.9984
6615.0000,8.8111,0.8188,49.6545,0.0004,961.1383,1021.0846,59.9463
6616.0000,8.8126,0.8188,49.6526,0.0004,961.1050,1020.9993,59.8943
6617.0000,8.8141,0.8187,49.6507,0.0004,961.0717,1020.9140,59.8423
6618.0000,8.8157,0.8187,49.6488,0.0004,961.0384,1020.8287,59.7903
6619.0000,8.8172,0.8187,49.6469,0.0004,961.0051,1020.7435,59.7384
6620.0000,8.8187,0.8187,49.6450,0.0004,960.9718,1020.6582,59.6865
6621.0000,8.8202,0.8186,49.6431,0.0004,960.9384,1020.5730,59.6346
6622.0000,8.8217,0.8186,49.6412,0.0004,960.9051,1020.4879,59.5828
6623.0000,8.8232,0.8186,49.6393,0.0004,960.8717,1020.4028,59.5311
6624.0000,8.8247,0.8186,49.6374,0.0004,960.8383,1020.3177,59.4794
6625.0000,8.8262,0.8186,49.6355,0.0004,960.8049,1020.2326,59.4277
6626.0000,8.8277,0.8185,49.6336,0.0004,960.7714,1020.1476,59.3762
6627.0000,8.8292,0.8185,49.6317,0.0004,960.7380,1020.0626,59.3246
6628.0000,8.8307,0.8185,49.6298,0.0004,960.7045,1019.9777,59.2732
6629.0000,8.8322,0.8185,49.6279,0.0004,960.6711,1019.8928,59.2218
6630.0000,8.8337,0.8184,49.6260,0.0004,960.6376,1019.8080,59.1704
6631.0000,8.8352,0.8184,49.6241,0.0004,960.6041,1019.7232,59.1191
6632.0000,8.8367,0.8184,49.6222,0.0004,960.5705,1019.6385,59.0679
6633.0000,8.8382,0.8184,49.6203,0.0004,960.5370,1019.5537,59.0168
6634.0000,8.8396,0.8184,49.6184,0.0004,960.5034,1019.4691,58.9657
6635.0000,8.8411,0.8183,49.6165,0.0004,960.4698,1019.3845,58.9147
6636.0000,8.8426,0.8183,49.6146,0.0004,960.4362,1019.2999,58.8637
6637.0000,8.8441,0.8183,49.6127,0.0004,960.4026,1019.2154,58.8128
6638.0000,8.8456,0.8183,49.6108,0.0004,960.3690,1019.1309,58.7620
6639.0000,8.8470,0.8182,49.6089,0.0004,960.3353,1019.0465,58.7112
6640.0000,8.8485,0.8182,49.6070,0.0004,960.3016,1018.9621,58.6605
6641.0000,8.8500,0.8182,49.6051,0.0004,960.2679,1018.8778,58.6099
6642.0000,8.8515,0.8182,49.6032,0.0004,960.2342,1018.7935,58.5593
6643.0000,8.8529,0.8181,49.6013,0.0004,960.2005,1018.7093,58.5088
6644.0000,8.8544,0.8181,49.5994,0.0004,960.1667,1018.6251,58.4584
6645.0000,8.8559,0.8181,49.5975,0.0004,960.1329,1018.5410,58.4081
6646.0000,8.8573,0.8181,49.5956,0.0004,960.0991,1018.4569,58.3578
6647.0000,8.8588,0.8181,49.5937,0.0004,960.0653,1018.3729,58.3076
6648.0000,8.8602,0.8180,49.5918,0.0004,960.0315,1018.2889,58.2574
6649.0000,8.8617,0.8180,49.5899,0.0004,959.9976,1018.2050,58.2073
6650.0000,8.8632,0.8180,49.5880,0.0004,959.9638,1018.1211,58.1573
6651.0000,8.8646,0.8180,49.5861,0.0004,959.9299,1018.0372,58.1074
6652.0000,8.8661,0.8179,49.5842,0.0004,959.8960,1017.9535,58.0575
6653.0000,8.8675,0.8179,49.5823,0.0004,959.8620,1017.8697,58.0077
6654.0000,8.8690,0.8179,49.5804,0.0004,959.8281,1017.7860,57.9579
6655.0000,8.8704,0.8179,49.5785,0.0004,959.7941,1017.7024,57.9083
6656.0000,8.8718,0.8178,49.5766,0.0004,959.7601,1017.6188,57.8587
6657.0000,8.8733,0.8178,49.5747,0.0004,959.7261,1017.5352,57.8091
6658.0000,8.8747,0.8178,49.5728,0.0004,959.6921,1017.4517,57.7597
6659.0000,8.8762,0.8178,49.5709,0.0004,959.6580,1017.3683,57.7103
6660.0000,8.8776,0.8177,49.5690,0.0004,959.6239,1017.2849,57.6610
6661.0000,8.8791,0.8177,49.5701,0.0004,959.5940,1017.2738,57.6798
6662.0000,8.8807,0.8177,49.5711,0.0004,959.5640,1017.2619,57.6978
6663.0000,8.8822,0.8177,49.5722,0.0004,959.5341,1017.2493,57.7152
6664.0000,8.8838,0.8177,49.5733,0.0004,959.5041,1017.2362,57.7321
6665.0000,8.8854,0.8176,49.5743,0.0004,959.4742,1017.2227,57.7485
6666.0000,8.8870,0.8176,49.5754,0.0004,959.4443,1017.2089,57.7646
6667.0000,8.8887,0.8176,49.5765,0.0004,959.4144,1017.1947,57.7803
6668.0000,8.8903,0.8176,49.5775,0.0004,959.3845,1017.1802,57.7957
6669.0000,8.8920,0.8175,49.5786,0.0004,959.3546,1017.1654,57.8108
6670.0000,8.8936,0.8175,49.5797,0.0004,959.3248,1017.1504,57.8256
6671.0000,8.8953,0.8175,49.5807,0.0004,959.2950,1017.1352,57.8402
6672.0000,8.8970,0.8175,49.5818,0.0004,959.2652,1017.1197,57.8545
6673.0000,8.8987,0.8174,49.5829,0.0004,959.2354,1017.1040,57.8687
6674.0000,8.9004,0.8174,49.5839,0.0004,959.2056,1017.0882,57.8826
6675.0000,8.9021,0.8174,49.5850,0.0004,959.1759,1017.0721,57.8963
6676.0000,8.9038,0.8174,49.5861,0.0004,959.1462,1017.0559,57.9098
6677.0000,8.9056,0.8174,49.5871,0.0004,959.1165,1017.0395,57.9231
6678.0000,8.9073,0.8173,49.5882,0.0004,959.0868,1017.0230,57.9362
6679.0000,8.9090,0.8173,49.5893,0.0004,959.0571,1017.0063,57.9492
6680.0000,8.9108,0.8173,49.5903,0.0004,959.0275,1016.9895,57.9620
6681.0000,8.9125,0.8173,49.5914,0.0004,958.9979,1016.9725,57.9746
6682.0000,8.9143,0.8172,49.5925,0.0004,958.9683,1016.9554,57.9871
6683.0000,8.9160,0.8172,49.5935,0.0004,958.9387,1016.9381,57.9994
6684.0000,8.9178,0.8172,49.5946,0.0004,958.9092,1016.9208,58.0116
6685.0000,8.9195,0.8172,49.5957,0.0004,958.8796,1016.9033,58.0236
6686.0000,8.9213,0.8171,49.5967,0.0004,958.8501,1016.8857,58.0356
6687.0000,8.9231,0.8171,49.5978,0.0004,958.8206,1016.8679,58.0473
6688.0000,8.9249,0.8171,49.5989,0.0004,958.7911,1016.8501,58.0590
6689.0000,8.9266,0.8171,49.5999,0.0004,958.7617,1016.8322,58.0705
6690.0000,8.9284,0.8171,49.6010,0.0004,958.7323,1016.8142,58.0819
6691.0000,8.9302,0.8170,49.6021,0.0004,958.7028,1016.7960,58.0932
6692.0000,8.9320,0.8170,49.6031,0.0004,958.6734,1016.7778,58.1044
6693.0000,8.9338,0.8170,49.6042,0.0004,958.6441,1016.7595,58.1154
6694.0000,8.9356,0.8170,49.6053,0.0004,958.6147,1016.7411,58.1264
6695.0000,8.9374,0.8169,49.6063,0.0004,958.5854,1016.7226,58.1372
6696.0000,8.9392,0.8169,49.6074,0.0004,958.5561,1016.7040,58.1479
6697.0000,8.9411,0.8169,49.6085,0.0004,958.5268,1016.6853,58.1586
6698.0000,8.9429,0.8169,49.6095,0.0004,958.4975,1016.6666,58.1691
6699.0000,8.9447,0.8168,49.6106,0.0004,958.4682,1016.6478,58.1795
6700.0000,8.9465,0.8168,49.6117,0.0004,958.4390,1016.6289,58.1899
6701.0000,8.9483,0.8168,49.6127,0.0004,958.4098,1016.6099,58.2001
6702.0000,8.9502,0.8168,49.6138,0.0004,958.3806,1016.5908,58.2102
6703.0000,8.9520,0.8168,49.6149,0.0004,958.3514,1016.5717,58.2203
6704.0000,8.9538,0.8167,49.6159,0.0004,958.3222,1016.5525,58.2303
6705.0000,8.9557,0.8167,49.6170,0.0004,958.2931,1016.5332,58.2401
6706.0000,8.9575,0.8167,49.6181,0.0004,958.2640,1016.5139,58.2499
6707.0000,8.9594,0.8167,49.6191,0.0004,958.2349,1016.4945,58.2596
6708.0000,8.9612,0.8166,49.6202,0.0004,958.2058,1016.4750,58.2693
6709.0000,8.9630,0.8166,49.6213,0.0004,958.1767,1016.4555,58.2788
6710.0000,8.9649,0.8166,49.6223,0.0004,958.1477,1016.4359,58.2883
6711.0000,8.9667,0.8166,49.6234,0.0004,958.1186,1016.4163,58.2976
6712.0000,8.9686,0.8166,49.6245,0.0004,958.0896,1016.3966,58.3069
6713.0000,8.9705,0.8165,49.6255,0.0004,958.0606,1016.3768,58.3162
6714.0000,8.9723,0.8165,49.6266,0.0004,958.0316,1016.3570,58.3253
6715.0000,8.9742,0.8165,49.6277,0.0004,958.0027,1016.3371,58.3344
6716.0000,8.9760,0.8165,49.6287,0.0004,957.9737,1016.3171,58.3434
6717.0000,8.9779,0.8164,49.6298,0.0004,957.9448,1016.2971,58.3524
6718.0000,8.9798,0.8164,49.6309,0.0004,957.9159,1016.2771,58.3612
6719.0000,8.9817,0.8164,49.6319,0.0004,957.8870,1016.2570,58.3700
6720.0000,8.9835,0.8164,49.6330,0.0004,957.8581,1016.2369,58.3787
6721.0000,8.9854,0.8164,49.6355,0.0004,957.8303,1016.2507,58.4204
6722.0000,8.9874,0.8163,49.6379,0.0004,957.8025,1016.2641,58.4616
6723.0000,8.9893,0.8163,49.6404,0.0004,957.7748,1016.2771,58.5024
6724.0000,8.9913,0.8163,49.6429,0.0004,957.7471,1016.2898,58.5428
6725.0000,8.9932,0.8163,49.6453,0.0004,957.7194,1016.3023,58.5829
6726.0000,8.9952,0.8162,49.6478,0.0004,957.6918,1016.3145,58.6227
6727.0000,8.9972,0.8162,49.6503,0.0004,957.6642,1016.3264,58.6623
6728.0000,8.9992,0.8162,49.6527,0.0004,957.6366,1016.3382,58.7016
6729.0000,9.0012,0.8162,49.6552,0.0004,957.6091,1016.3497,58.7406
6730.0000,9.0032,0.8162,49.6577,0.0004,957.5816,1016.3611,58.7794
6731.0000,9.0052,0.8161,49.6601,0.0004,957.5542,1016.3722,58.8181
6732.0000,9.0073,0.8161,49.6626,0.0004,957.5268,1016.3832,58.8565
6733.0000,9.0093,0.8161,49.6651,0.0004,957.4994,1016.3941,58.8947
6734.0000,9.0113,0.8161,49.6675,0.0004,957.4721,1016.4048,58.9327
6735.0000,9.0134,0.8160,49.6700,0.0004,957.4448,1016.4153,58.9705
6736.0000,9.0154,0.8160,49.6725,0.0004,957.4176,1016.4257,59.0082
6737.0000,9.0175,0.8160,49.6749,0.0004,957.3904,1016.4360,59.0456
6738.0000,9.0196,0.8160,49.6774,0.0004,957.3632,1016.4461,59.0829
6739.0000,9.0216,0.8160,49.6799,0.0004,957.3361,1016.4561,59.1200
6740.0000,9.0237,0.8159,49.6823,0.0004,957.3090,1016.4659,59.1570
6741.0000,9.0258,0.8159,49.6848,0.0004,957.2819,1016.4757,59.1938
6742.0000,9.0279,0.8159,49.6873,0.0004,957.2549,1016.4853,59.2304
6743.0000,9.0299,0.8159,49.6897,0.0004,957.2279,1016.4948,59.2668
6744.0000,9.0320,0.8158,49.6922,0.0004,957.2010,1016.5041,59.3032
6745.0000,9.0341,0.8158,49.6947,0.0004,957.1741,1016.5134,59.3393
6746.0000,9.0362,0.8158,49.6971,0.0004,957.1472,1016.5225,59.3754
6747.0000,9.0383,0.8158,49.6996,0.0004,957.1203,1016.5316,59.4112
6748.0000,9.0404,0.8158,49.7021,0.0004,957.0936,1016.5405,59.4470
6749.0000,9.0426,0.8157,49.7045,0.0004,957.0668,1016.5493,59.4826
6750.0000,9.0447,0.8157,49.7070,0.0004,957.0401,1016.5581,59.5180
6751.0000,9.0468,0.8157,49.7095,0.0004,957.0134,1016.5667,59.5533
6752.0000,9.0489,0.8157,49.7119,0.0004,956.9867,1016.5752,59.5885
6753.0000,9.0511,0.8156,49.7144,0.0004,956.9601,1016.5837,59.6236
6754.0000,9.0532,0.8156,49.7169,0.0004,956.9335,1016.5920,59.6585
6755.0000,9.0553,0.8156,49.7193,0.0004,956.9070,1016.6002,59.6933
6756.0000,9.0575,0.8156,49.7218,0.0004,956.8805,1016.6084,59.7279
6757.0000,9.0596,0.8156,49.7243,0.0004,956.8540,1016.6165,59.7625
6758.0000,9.0618,0.8155,49.7267,0.0004,956.8275,1016.6244,59.7969
6759.0000,9.0639,0.8155,49.7292,0.0004,956.8011,1016.6323,59.8312
6760.0000,9.0661,0.8155,49.7317,0.0004,956.7747,1016.6401,59.8654
6761.0000,9.0682,0.8155,49.7341,0.0004,956.7484,1016.6478,59.8994
6762.0000,9.0704,0.8155,49.7366,0.0004,956.7221,1016.6555,59.9334
6763.0000,9.0725,0.8154,49.7391,0.0004,956.6958,1016.6630,59.9672
6764.0000,9.0747,0.8154,49.7415,0.0004,956.6696,1016.6705,60.0009
6765.0000,9.0769,0.8154,49.7440,0.0004,956.6434,1016.6779,60.0345
6766.0000,9.0791,0.8154,49.7465,0.0004,956.6172,1016.6852,60.0680
6767.0000,9.0812,0.8154,49.7489,0.0004,956.5911,1016.6925,60.1014
6768.0000,9.0834,0.8153,49.7514,0.0004,956.5650,1016.6996,60.1346
6769.0000,9.0856,0.8153,49.7539,0.0004,956.5389,1016.7067,60.1678
6770.0000,9.0878,0.8153,49.7563,0.0004,956.5129,1016.7137,60.2008
6771.0000,9.0900,0.8153,49.7588,0.0004,956.4869,1016.7207,60.2338
6772.0000,9.0922,0.8152,49.7613,0.0004,956.4609,1016.7275,60.2666
6773.0000,9.0944,0.8152,49.7637,0.0004,956.4350,1016.7343,60.2994
6774.0000,9.0966,0.8152,49.7662,0.0004,956.4091,1016.7411,60.3320
6775.0000,9.0988,0.8152,49.7687,0.0004,956.3832,1016.7477,60.3645
6776.0000,9.1010,0.8152,49.7711,0.0004,956.3574,1016.7543,60.3969
6777.0000,9.1032,0.8151,49.7736,0.0004,956.3316,1016.7608,60.4293
6778.0000,9.1054,0.8151,49.7761,0.0004,956.3058,1016.7673,60.4615
6779.0000,9.1076,0.8151,49.7785,0.0004,956.2800,1016.7737,60.4936
6780.0000,9.1098,0.8151,49.7810,0.0004,956.2543,1016.7800,60.5257
6781.0000,9.1119,0.8151,49.7779,0.0004,956.2269,1016.6496,60.4227
6782.0000,9.1139,0.8150,49.7747,0.0004,956.1995,1016.5210,60.3215
6783.0000,9.1158,0.8150,49.7715,0.0004,956.1720,1016.3936,60.2216
6784.0000,9.1177,0.8150,49.7684,0.0004,956.1444,1016.2672,60.1228
6785.0000,9.1196,0.8150,49.7653,0.0004,956.1168,1016.1417,60.0250
6786.0000,9.1214,0.8150,49.7621,0.0004,956.0891,1016.0170,59.9280
6787.0000,9.1232,0.8149,49.7589,0.0004,956.0613,1015.8930,59.8317
6788.0000,9.1250,0.8149,49.7558,0.0004,956.0334,1015.7695,59.7361
6789.0000,9.1268,0.8149,49.7526,0.0004,956.0055,1015.6467,59.6412
6790.0000,9.1285,0.8149,49.7495,0.0004,955.9775,1015.5244,59.5469
6791.0000,9.1302,0.8148,49.7463,0.0004,955.9494,1015.4025,59.4531
6792.0000,9.1320,0.8148,49.7432,0.0004,955.9213,1015.2812,59.3599
6793.0000,9.1336,0.8148,49.7400,0.0004,955.8931,1015.1602,59.2672
6794.0000,9.1353,0.8148,49.7369,0.0004,955.8648,1015.0397,59.1749
6795.0000,9.1370,0.8148,49.7338,0.0004,955.8365,1014.9196,59.0832
6796.0000,9.1386,0.8147,49.7306,0.0004,955.8081,1014.7999,58.9918
6797.0000,9.1402,0.8147,49.7274,0.0004,955.7796,1014.6805,58.9010
6798.0000,9.1418,0.8147,49.7243,0.0004,955.7511,1014.5615,58.8105
6799.0000,9.1434,0.8147,49.7212,0.0004,955.7225,1014.4429,58.7204
6800.0000,9.1450,0.8147,49.7180,0.0004,955.6938,1014.3245,58.6307
6801.0000,9.1466,0.8146,49.7148,0.0004,955.6651,1014.2065,58.5414
6802.0000,9.1482,0.8146,49.7117,0.0004,955.6363,1014.0887,58.4524
6803.0000,9.1497,0.8146,49.7085,0.0004,955.6074,1013.9713,58.3638
6804.0000,9.1512,0.8146,49.7054,0.0004,955.5785,1013.8541,58.2756
6805.0000,9.1528,0.8145,49.7022,0.0004,955.5495,1013.7372,58.1877
6806.0000,9.1543,0.8145,49.6991,0.0004,955.5205,1013.6206,58.1001
6807.0000,9.1558,0.8145,49.6959,0.0004,955.4914,1013.5042,58.0128
6808.0000,9.1573,0.8145,49.6928,0.0004,955.4622,1013.3881,57.9259
6809.0000,9.1588,0.8145,49.6897,0.0004,955.4330,1013.2722,57.8392
6810.0000,9.1602,0.8144,49.6865,0.0004,955.4037,1013.1566,57.7529
6811.0000,9.1617,0.8144,49.6833,0.0004,955.3744,1013.0412,57.6668
6812.0000,9.1632,0.8144,49.6802,0.0004,955.3450,1012.9260,57.5810
6813.0000,9.1646,0.8144,49.6771,0.0004,955.3155,1012.8110,57.4955
6814.0000,9.1660,0.8143,49.6739,0.0004,955.2860,1012.6963,57.4103
6815.0000,9.1675,0.8143,49.6707,0.0004,955.2564,1012.5818,57.3254
6816.0000,9.1689,0.8143,49.6676,0.0004,955.2268,1012.4675,57.2407
6817.0000,9.1703,0.8143,49.6645,0.0004,955.1971,1012.3533,57.1562
6818.0000,9.1717,0.8143,49.6613,0.0004,955.1673,1012.2394,57.0721
6819.0000,9.1731,0.8142,49.6581,0.0004,955.1375,1012.1257,56.9882
6820.0000,9.1745,0.8142,49.6550,0.0004,955.1077,1012.0122,56.9045
6821.0000,9.1759,0.8142,49.6518,0.0004,955.0778,1011.8988,56.8211
6822.0000,9.1773,0.8142,49.6487,0.0004,955.0478,1011.7857,56.7379
6823.0000,9.1786,0.8141,49.6456,0.0004,955.0178,1011.6727,56.6549
6824.0000,9.1800,0.8141,49.6424,0.0004,954.9877,1011.5599,56.5722
6825.0000,9.1814,0.8141,49.6392,0.0004,954.9575,1011.4473,56.4897
6826.0000,9.1827,0.8141,49.6361,0.0004,954.9274,1011.3348,56.4075
6827.0000,9.1840,0.8140,49.6330,0.0004,954.8971,1011.2225,56.3254
6828.0000,9.1854,0.8140,49.6298,0.0004,954.8668,1011.1104,56.2436
6829.0000,9.1867,0.8140,49.6266,0.0004,954.8365,1010.9985,56.1620
6830.0000,9.1880,0.8140,49.6235,0.0004,954.8060,1010.8867,56.0806
6831.0000,9.1893,0.8140,49.6204,0.0004,954.7756,1010.7751,55.9995
6832.0000,9.1907,0.8139,49.6172,0.0004,954.7451,1010.6636,55.9185
6833.0000,9.1920,0.8139,49.6140,0.0004,954.7145,1010.5522,55.8377
6834.0000,9.1933,0.8139,49.6109,0.0004,954.6839,1010.4411,55.7572
6835.0000,9.1945,0.8139,49.6077,0.0004,954.6532,1010.3301,55.6768
6836.0000,9.1958,0.8138,49.6046,0.0004,954.6225,1010.2192,55.5967
6837.0000,9.1971,0.8138,49.6014,0.0004,954.5917,1010.1084,55.5167
6838.0000,9.1984,0.8138,49.5983,0.0004,954.5609,1009.9979,55.4370
6839.0000,9.1997,0.8138,49.5951,0.0004,954.5300,1009.8874,55.3574
6840.0000,9.2009,0.8137,49.5920,0.0004,954.4991,1009.7771,55.2780
6841.0000,9.2024,0.8137,49.5978,0.0004,954.4664,1009.8850,55.4186
6842.0000,9.2040,0.8137,49.6036,0.0004,954.4338,1009.9900,55.5562
6843.0000,9.2057,0.8137,49.6095,0.0004,954.4014,1010.0930,55.6917
6844.0000,9.2075,0.8136,49.6153,0.0004,954.3691,1010.1944,55.8253
6845.0000,9.2093,0.8136,49.6211,0.0004,954.3369,1010.2944,55.9575
6846.0000,9.2112,0.8136,49.6269,0.0004,954.3049,1010.3932,56.0883
6847.0000,9.2131,0.8136,49.6327,0.0004,954.2730,1010.4909,56.2179
6848.0000,9.2150,0.8136,49.6385,0.0004,954.2412,1010.5877,56.3464
6849.0000,9.2170,0.8135,49.6444,0.0004,954.2096,1010.6835,56.4739
6850.0000,9.2190,0.8135,49.6502,0.0004,954.1781,1010.7785,56.6003
6851.0000,9.2211,0.8135,49.6560,0.0004,954.1468,1010.8727,56.7259
6852.0000,9.2232,0.8135,49.6618,0.0004,954.1156,1010.9662,56.8506
6853.0000,9.2253,0.8134,49.6676,0.0004,954.0845,1011.0590,56.9745
6854.0000,9.2274,0.8134,49.6734,0.0004,954.0535,1011.1511,57.0976
6855.0000,9.2295,0.8134,49.6793,0.0004,954.0226,1011.2427,57.2200
6856.0000,9.2317,0.8134,49.6851,0.0004,953.9919,1011.3336,57.3417
6857.0000,9.2339,0.8134,49.6909,0.0004,953.9613,1011.4240,57.4627
6858.0000,9.2361,0.8133,49.6967,0.0004,953.9308,1011.5138,57.5830
6859.0000,9.2384,0.8133,49.7025,0.0004,953.9004,1011.6031,57.7027
6860.0000,9.2407,0.8133,49.7083,0.0004,953.8702,1011.6919,57.8217
6861.0000,9.2429,0.8133,49.7142,0.0004,953.8400,1011.7802,57.9402
6862.0000,9.2452,0.8132,49.7200,0.0004,953.8100,1011.8681,58.0581
6863.0000,9.2476,0.8132,49.7258,0.0004,953.7801,1011.9555,58.1754
6864.0000,9.2499,0.8132,49.7316,0.0004,953.7503,1012.0425,58.2922
6865.0000,9.2523,0.8132,49.7374,0.0004,953.7206,1012.1290,58.4084
6866.0000,9.2546,0.8132,49.7432,0.0004,953.6910,1012.2152,58.5242
6867.0000,9.2570,0.8131,49.7491,0.0004,953.6615,1012.3009,58.6394
6868.0000,9.2594,0.8131,49.7549,0.0004,953.6322,1012.3863,58.7541
6869.0000,9.2618,0.8131,49.7607,0.0004,953.6029,1012.4713,58.8684
6870.0000,9.2643,0.8131,49.7665,0.0004,953.5738,1012.5559,58.9821
6871.0000,9.2667,0.8131,49.7723,0.0004,953.5447,1012.6402,59.0954
6872.0000,9.2692,0.8130,49.7781,0.0004,953.5158,1012.7241,59.2083
6873.0000,9.2716,0.8130,49.7840,0.0004,953.4870,1012.8077,59.3207
6874.0000,9.2741,0.8130,49.7898,0.0004,953.4583,1012.8910,59.4327
6875.0000,9.2766,0.8130,49.7956,0.0004,953.4296,1012.9739,59.5443
6876.0000,9.2791,0.8130,49.8014,0.0004,953.4011,1013.0565,59.6554
6877.0000,9.2817,0.8129,49.8072,0.0004,953.3727,1013.1388,59.7661
6878.0000,9.2842,0.8129,49.8130,0.0004,953.3444,1013.2208,59.8765
6879.0000,9.2867,0.8129,49.8189,0.0004,953.3162,1013.3025,59.9864
6880.0000,9.2893,0.8129,49.8247,0.0004,953.2880,1013.3840,60.0959
6881.0000,9.2919,0.8129,49.8305,0.0004,953.2600,1013.4651,60.2051
6882.0000,9.2945,0.8128,49.8363,0.0004,953.2321,1013.5460,60.3138
6883.0000,9.2971,0.8128,49.8421,0.0004,953.2043,1013.6265,60.4223
6884.0000,9.2997,0.8128,49.8479,0.0004,953.1766,1013.7069,60.5303
6885.0000,9.3023,0.8128,49.8538,0.0004,953.1489,1013.7869,60.6380
6886.0000,9.3049,0.8128,49.8596,0.0004,953.1214,1013.8667,60.7453
6887.0000,9.3075,0.8127,49.8654,0.0004,953.0940,1013.9463,60.8523
6888.0000,9.3102,0.8127,49.8712,0.0004,953.0667,1014.0255,60.9589
6889.0000,9.3128,0.8127,49.8770,0.0004,953.0394,1014.1046,61.0652
6890.0000,9.3155,0.8127,49.8828,0.0004,953.0123,1014.1834,61.1711
6891.0000,9.3182,0.8127,49.8887,0.0004,952.9852,1014.2620,61.2767
6892.0000,9.3209,0.8126,49.8945,0.0004,952.9583,1014.3403,61.3820
6893.0000,9.3235,0.8126,49.9003,0.0004,952.9314,1014.4184,61.4870
6894.0000,9.3262,0.8126,49.9061,0.0004,952.9046,1014.4963,61.5917
6895.0000,9.3290,0.8126,49.9119,0.0004,952.8780,1014.5739,61.6960
6896.0000,9.3317,0.8126,49.9177,0.0004,952.8514,1014.6514,61.8000
6897.0000,9.3344,0.8126,49.9236,0.0004,952.8249,1014.7286,61.9037
6898.0000,9.3371,0.8125,49.9294,0.0004,952.7985,1014.8056,62.0071
6899.0000,9.3399,0.8125,49.9352,0.0004,952.7722,1014.8824,62.1102
6900.0000,9.3426,0.8125,49.9410,0.0004,952.7459,1014.9590,62.2131
6901.0000,9.3452,0.8125,49.9404,0.0004,952.7220,1014.8782,62.1562
6902.0000,9.3477,0.8125,49.9397,0.0004,952.6980,1014.7993,62.1013
6903.0000,9.3502,0.8124,49.9391,0.0004,952.6739,1014.7218,62.0479
6904.0000,9.3526,0.8124,49.9384,0.0004,952.6498,1014.6453,61.9955
6905.0000,9.3550,0.8124,49.9378,0.0004,952.6256,1014.5698,61.9442
6906.0000,9.3573,0.8124,49.9371,0.0004,952.6014,1014.4951,61.8937
6907.0000,9.3596,0.8124,49.9365,0.0004,952.5771,1014.4210,61.8439
6908.0000,9.3619,0.8124,49.9358,0.0004,952.5528,1014.3475,61.7947
6909.0000,9.3642,0.8123,49.9352,0.0004,952.5284,1014.2747,61.7462
6910.0000,9.3664,0.8123,49.9345,0.0004,952.5040,1014.2023,61.6983
6911.0000,9.3686,0.8123,49.9338,0.0004,952.4795,1014.1304,61.6509
6912.0000,9.3708,0.8123,49.9332,0.0004,952.4550,1014.0589,61.6039
6913.0000,9.3730,0.8123,49.9325,0.0004,952.4305,1013.9879,61.5574
6914.0000,9.3752,0.8122,49.9319,0.0004,952.4059,1013.9172,61.5114
6915.0000,9.3774,0.8122,49.9313,0.0004,952.3812,1013.8469,61.4657
6916.0000,9.3795,0.8122,49.9306,0.0004,952.3565,1013.7770,61.4204
6917.0000,9.3817,0.8122,49.9300,0.0004,952.3318,1013.7074,61.3755
6918.0000,9.3838,0.8122,49.9293,0.0004,952.3071,1013.6381,61.3310
6919.0000,9.3859,0.8121,49.9287,0.0004,952.2823,1013.5690,61.2868
6920.0000,9.3880,0.8121,49.9280,0.0004,952.2574,1013.5003,61.2428
6921.0000,9.3901,0.8121,49.9274,0.0004,952.2326,1013.4318,61.1992
6922.0000,9.3922,0.8121,49.9267,0.0004,952.2077,1013.3636,61.1559
6923.0000,9.3942,0.8121,49.9261,0.0004,952.1827,1013.2956,61.1129
6924.0000,9.3963,0.8120,49.9254,0.0004,952.1578,1013.2279,61.0701
6925.0000,9.3983,0.8120,49.9248,0.0004,952.1327,1013.1604,61.0276
6926.0000,9.4004,0.8120,49.9241,0.0004,952.1077,1013.0931,60.9854
6927.0000,9.4024,0.8120,49.9235,0.0004,952.0826,1013.0260,60.9434
6928.0000,9.4044,0.8120,49.9228,0.0004,952.0575,1012.9592,60.9017
6929.0000,9.4064,0.8120,49.9222,0.0004,952.0324,1012.8925,60.8601
6930.0000,9.4085,0.8119,49.9215,0.0004,952.0072,1012.8260,60.8188
6931.0000,9.4105,0.8119,49.9209,0.0004,951.9820,1012.7597,60.7777
6932.0000,9.4125,0.8119,49.9202,0.0004,951.9568,1012.6936,60.7369
6933.0000,9.4144,0.8119,49.9196,0.0004,951.9315,1012.6277,60.6962
6934.0000,9.4164,0.8119,49.9189,0.0004,951.9062,1012.5619,60.6557
6935.0000,9.4184,0.8118,49.9183,0.0004,951.8809,1012.4963,60.6154
6936.0000,9.4204,0.8118,49.9176,0.0004,951.8555,1012.4309,60.5753
6937.0000,9.4223,0.8118,49.9169,0.0004,951.8302,1012.3656,60.5354
6938.0000,9.4243,0.8118,49.9163,0.0004,951.8047,1012.3005,60.4957
6939.0000,9.4262,0.8118,49.9156,0.0004,951.7793,1012.2355,60.4562
6940.0000,9.4282,0.8117,49.9150,0.0004,951.7538,1012.1706,60.4168
6941.0000,9.4301,0.8117,49.9143,0.0004,951.7283,1012.1059,60.3776
6942.0000,9.4320,0.8117,49.9137,0.0004,951.7028,1012.0414,60.3385
6943.0000,9.4340,0.8117,49.9130,0.0004,951.6773,1011.9769,60.2997
6944.0000,9.4359,0.8117,49.9124,0.0004,951.6517,1011.9126,60.2609
6945.0000,9.4378,0.8116,49.9118,0.0004,951.6261,1011.8485,60.2224
6946.0000,9.4397,0.8116,49.9111,0.0004,951.6005,1011.7844,60.1840
6947.0000,9.4416,0.8116,49.9105,0.0004,951.5748,1011.7205,60.1457
6948.0000,9.4435,0.8116,49.9098,0.0004,951.5491,1011.6567,60.1076
6949.0000,9.4454,0.8116,49.9092,0.0004,951.5234,1011.5930,60.0696
6950.0000,9.4473,0.8115,49.9085,0.0004,951.4977,1011.5294,60.0317
6951.0000,9.4492,0.8115,49.9079,0.0004,951.4719,1011.4660,59.9940
6952.0000,9.4511,0.8115,49.9072,0.0004,951.4462,1011.4026,59.9565
6953.0000,9.4530,0.8115,49.9066,0.0004,951.4203,1011.3394,59.9190
6954.0000,9.4548,0.8115,49.9059,0.0004,951.3945,1011.2763,59.8817
6955.0000,9.4567,0.8114,49.9053,0.0004,951.3687,1011.2132,59.8446
6956.0000,9.4586,0.8114,49.9046,0.0004,951.3428,1011.1503,59.8075
6957.0000,9.4605,0.8114,49.9040,0.0004,951.3169,1011.0875,59.7706
6958.0000,9.4623,0.8114,49.9033,0.0004,951.2909,1011.0247,59.7338
6959.0000,9.4642,0.8114,49.9027,0.0004,951.2650,1010.9621,59.6971
6960.0000,9.4660,0.8113,49.9020,0.0004,951.2390,1010.8996,59.6606
6961.0000,9.4679,0.8113,49.9018,0.0004,951.2163,1010.8490,59.6327
6962.0000,9.4697,0.8113,49.9017,0.0004,951.1936,1010.7984,59.6048
6963.0000,9.4716,0.8113,49.9015,0.0004,951.1708,1010.7477,59.5770
6964.0000,9.4734,0.8113,49.9013,0.0004,951.1479,1010.6971,59.5492
6965.0000,9.4753,0.8112,49.9012,0.0004,951.1251,1010.6466,59.5215
6966.0000,9.4772,0.8112,49.9010,0.0004,951.1022,1010.5960,59.4939
6967.0000,9.4790,0.8112,49.9008,0.0004,951.0792,1010.5455,59.4663
6968.0000,9.4809,0.8112,49.9007,0.0004,951.0563,1010.4951,59.4388
6969.0000,9.4827,0.8112,49.9005,0.0004,951.0333,1010.4446,59.4114
6970.0000,9.4846,0.8111,49.9003,0.0004,951.0103,1010.3943,59.3840
6971.0000,9.4864,0.8111,49.9002,0.0004,950.9872,1010.3439,59.3567
6972.0000,9.4883,0.8111,49.9000,0.0004,950.9642,1010.2936,59.3295
6973.0000,9.4901,0.8111,49.8998,0.0004,950.9411,1010.2434,59.3023
6974.0000,9.4919,0.8111,49.8997,0.0004,950.9179,1010.1932,59.2752
6975.0000,9.4938,0.8110,49.8995,0.0004,950.8948,1010.1430,59.2482
6976.0000,9.4956,0.8110,49.8993,0.0004,950.8717,1010.0929,59.2213
6977.0000,9.4975,0.8110,49.8992,0.0004,950.8485,1010.0429,59.1944
6978.0000,9.4993,0.8110,49.8990,0.0004,950.8253,1009.9928,59.1676
6979.0000,9.5011,0.8110,49.8988,0.0004,950.8020,1009.9429,59.1408
6980.0000,9.5029,0.8109,49.8987,0.0004,950.7788,1009.8929,59.1141
6981.0000,9.5048,0.8109,49.8985,0.0004,950.7555,1009.8430,59.0875
6982.0000,9.5066,0.8109,49.8983,0.0004,950.7322,1009.7932,59.0610
6983.0000,9.5084,0.8109,49.8982,0.0004,950.7089,1009.7434,59.0345
6984.0000,9.5103,0.8109,49.8980,0.0004,950.6856,1009.6936,59.0081
6985.0000,9.5121,0.8108,49.8978,0.0004,950.6622,1009.6439,58.9817
6986.0000,9.5139,0.8108,49.8977,0.0004,950.6389,1009.5943,58.9554
6987.0000,9.5157,0.8108,49.8975,0.0004,950.6155,1009.5447,58.9292
6988.0000,9.5175,0.8108,49.8973,0.0004,950.5921,1009.4951,58.9030
6989.0000,9.5193,0.8108,49.8972,0.0004,950.5686,1009.4455,58.8769
6990.0000,9.5212,0.8107,49.8970,0.0004,950.5452,1009.3960,58.8509
6991.0000,9.5230,0.8107,49.8968,0.0004,950.5217,1009.3466,58.8249
6992.0000,9.5248,0.8107,49.8967,0.0004,950.4982,1009.2972,58.7990
6993.0000,9.5266,0.8107,49.8965,0.0004,950.4747,1009.2478,58.7731
6994.0000,9.5284,0.8106,49.8963,0.0004,950.4512,1009.1985,58.7473
6995.0000,9.5302,0.8106,49.8962,0.0004,950.4277,1009.1492,58.7216
6996.0000,9.5320,0.8106,49.8960,0.0004,950.4041,1009.1000,58.6959
6997.0000,9.5338,0.8106,49.8958,0.0004,950.3805,1009.0508,58.6703
6998.0000,9.5356,0.8106,49.8957,0.0004,950.3569,1009.0016,58.6447
6999.0000,9.5374,0.8105,49.8955,0.0004,950.3333,1008.9525,58.6192
7000.0000,9.5392,0.8105,49.8953,0.0004,950.3097,1008.9034,58.5937
7001.0000,9.5410,0.8105,49.8952,0.0004,950.2860,1008.8544,58.5683
7002.0000,9.5428,0.8105,49.8950,0.0004,950.2624,1008.8054,58.5430
7003.0000,9.5446,0.8105,49.8948,0.0004,950.2387,1008.7564,58.5177
7004.0000,9.5464,0.8104,49.8947,0.0004,950.2150,1008.7075,58.4925
7005.0000,9.5482,0.8104,49.8945,0.0004,950.1913,1008.6586,58.4673
7006.0000,9.5499,0.8104,49.8943,0.0004,950.1675,1008.6097,58.4422
7007.0000,9.5517,0.8104,49.8942,0.0004,950.1438,1008.5609,58.4171
7008.0000,9.5535,0.8104,49.8940,0.0004,950.1200,1008.5121,58.3921
7009.0000,9.5553,0.8103,49.8938,0.0004,950.0963,1008.4634,58.3671
7010.0000,9.5571,0.8103,49.8937,0.0004,950.0725,1008.4147,58.3422
7011.0000,9.5589,0.8103,49.8935,0.0004,950.0487,1008.3660,58.3174
7012.0000,9.5606,0.8103,49.8933,0.0004,950.0248,1008.3174,58.2926
7013.0000,9.5624,0.8103,49.8932,0.0004,950.0010,1008.2688,58.2678
7014.0000,9.5642,0.8102,49.8930,0.0004,949.9771,1008.2202,58.2431
7015.0000,9.5660,0.8102,49.8928,0.0004,949.9533,1008.1717,58.2185
7016.0000,9.5677,0.8102,49.8927,0.0004,949.9294,1008.1232,58.1939
7017.0000,9.5695,0.8102,49.8925,0.0004,949.9055,1008.0748,58.1693
7018.0000,9.5713,0.8101,49.8923,0.0004,949.8816,1008.0263,58.1448
7019.0000,9.5730,0.8101,49.8922,0.0004,949.8576,1007.9780,58.1203
7020.0000,9.5748,0.8101,49.8920,0.0004,949.8337,1007.9296,58.0959
7021.0000,9.5765,0.8101,49.8898,0.0004,949.8056,1007.8313,58.0257
7022.0000,9.5782,0.8101,49.8876,0.0004,949.7775,1007.7337,57.9562
7023.0000,9.5799,0.8100,49.8854,0.0004,949.7494,1007.6365,57.8872
7024.0000,9.5815,0.8100,49.8831,0.0004,949.7212,1007.5398,57.8186
7025.0000,9.5832,0.8100,49.8809,0.0004,949.6930,1007.4434,57.7503
7026.0000,9.5848,0.8100,49.8787,0.0004,949.6648,1007.3473,57.6825
7027.0000,9.5864,0.8100,49.8765,0.0004,949.6366,1007.2515,57.6149
7028.0000,9.5880,0.8099,49.8743,0.0004,949.6083,1007.1560,57.5476
7029.0000,9.5896,0.8099,49.8721,0.0004,949.5800,1007.0607,57.4806
7030.0000,9.5912,0.8099,49.8698,0.0004,949.5517,1006.9656,57.4139
7031.0000,9.5928,0.8099,49.8676,0.0004,949.5233,1006.8708,57.3475
7032.0000,9.5944,0.8099,49.8654,0.0004,949.4949,1006.7762,57.2813
7033.0000,9.5959,0.8098,49.8632,0.0004,949.4665,1006.6817,57.2153
7034.0000,9.5975,0.8098,49.8610,0.0004,949.4380,1006.5875,57.1495
7035.0000,9.5990,0.8098,49.8588,0.0004,949.4095,1006.4935,57.0840
7036.0000,9.6005,0.8098,49.8565,0.0004,949.3809,1006.3996,57.0187
7037.0000,9.6021,0.8097,49.8543,0.0004,949.3523,1006.3059,56.9536
7038.0000,9.6036,0.8097,49.8521,0.0004,949.3237,1006.2124,56.8887
7039.0000,9.6051,0.8097,49.8499,0.0004,949.2950,1006.1191,56.8240
7040.0000,9.6066,0.8097,49.8477,0.0004,949.2663,1006.0259,56.7596
7041.0000,9.6081,0.8097,49.8454,0.0004,949.2376,1005.9328,56.6952
7042.0000,9.6096,0.8096,49.8432,0.0004,949.2088,1005.8399,56.6311
7043.0000,9.6111,0.8096,49.8410,0.0004,949.1800,1005.7472,56.5672
7044.0000,9.6126,0.8096,49.8388,0.0004,949.1511,1005.6546,56.5034
7045.0000,9.6141,0.8096,49.8366,0.0004,949.1222,1005.5621,56.4399
7046.0000,9.6156,0.8096,49.8344,0.0004,949.0933,1005.4698,56.3765
7047.0000,9.6170,0.8095,49.8321,0.0004,949.0644,1005.3776,56.3132
7048.0000,9.6185,0.8095,49.8299,0.0004,949.0354,1005.2855,56.2502
7049.0000,9.6200,0.8095,49.8277,0.0004,949.0063,1005.1936,56.1873
7050.0000,9.6214,0.8095,49.8255,0.0004,948.9773,1005.1018,56.1245
7051.0000,9.6229,0.8094,49.8233,0.0004,948.9482,1005.0101,56.0620
7052.0000,9.6243,0.8094,49.8211,0.0004,948.9190,1004.9186,55.9995
7053.0000,9.6258,0.8094,49.8189,0.0004,948.8899,1004.8271,55.9373
7054.0000,9.6272,0.8094,49.8166,0.0004,948.8606,1004.7358,55.8752
7055.0000,9.6286,0.8094,49.8144,0.0004,948.8314,1004.6446,55.8132
7056.0000,9.6301,0.8093,49.8122,0.0004,948.8021,1004.5535,55.7514
7057.0000,9.6315,0.8093,49.8100,0.0004,948.7728,1004.4625,55.6897
7058.0000,9.6329,0.8093,49.8078,0.0004,948.7434,1004.3716,55.6282
7059.0000,9.6343,0.8093,49.8056,0.0004,948.7141,1004.2809,55.5668
7060.0000,9.6357,0.8092,49.8033,0.0004,948.6846,1004.1902,55.5056
7061.0000,9.6371,0.8092,49.8011,0.0004,948.6552,1004.0997,55.4445
7062.0000,9.6385,0.8092,49.7989,0.0004,948.6257,1004.0092,55.3835
7063.0000,9.6399,0.8092,49.7967,0.0004,948.5962,1003.9189,55.3227
7064.0000,9.6413,0.8092,49.7945,0.0004,948.5666,1003.8286,55.2621
7065.0000,9.6427,0.8091,49.7923,0.0004,948.5370,1003.7385,55.2015
7066.0000,9.6441,0.8091,49.7900,0.0004,948.5074,1003.6485,55.1411
7067.0000,9.6455,0.8091,49.7878,0.0004,948.4777,1003.5585,55.0808
7068.0000,9.6469,0.8091,49.7856,0.0004,948.4480,1003.4687,55.0207
7069.0000,9.6482,0.8090,49.7834,0.0004,948.4183,1003.3789,54.9607
7070.0000,9.6496,0.8090,49.7812,0.0004,948.3885,1003.2893,54.9008
7071.0000,9.6510,0.8090,49.7790,0.0004,948.3587,1003.1997,54.8410
7072.0000,9.6523,0.8090,49.7767,0.0004,948.3289,1003.1102,54.7814
7073.0000,9.6537,0.8090,49.7745,0.0004,948.2990,1003.0208,54.7218
7074.0000,9.6550,0.8089,49.7723,0.0004,948.2691,1002.9315,54.6625
7075.0000,9.6564,0.8089,49.7701,0.0004,948.2391,1002.8423,54.6032
7076.0000,9.6577,0.8089,49.7679,0.0004,948.2092,1002.7532,54.5440
7077.0000,9.6591,0.8089,49.7657,0.0004,948.1792,1002.6642,54.4850
7078.0000,9.6604,0.8088,49.7634,0.0004,948.1491,1002.5752,54.4261
7079.0000,9.6618,0.8088,49.7612,0.0004,948.1191,1002.4864,54.3673
7080.0000,9.6631,0.8088,49.7590,0.0004,948.0890,1002.3976,54.3086
7081.0000,9.6645,0.8088,49.7608,0.0004,948.0568,1002.4057,54.3489
7082.0000,9.6660,0.8088,49.7625,0.0004,948.0247,1002.4126,54.3879
7083.0000,9.6676,0.8087,49.7643,0.0004,947.9927,1002.4186,54.4259
7084.0000,9.6691,0.8087,49.7661,0.0004,947.9608,1002.4239,54.4631
7085.0000,9.6707,0.8087,49.7678,0.0004,947.9289,1002.4285,54.4997
7086.0000,9.6723,0.8087,49.7696,0.0004,947.8970,1002.4327,54.5357
7087.0000,9.6739,0.8086,49.7714,0.0004,947.8652,1002.4364,54.5711
7088.0000,9.6755,0.8086,49.7731,0.0004,947.8335,1002.4396,54.6061
7089.0000,9.6772,0.8086,49.7749,0.0004,947.8018,1002.4425,54.6407
7090.0000,9.6789,0.8086,49.7767,0.0004,947.7702,1002.4450,54.6748
7091.0000,9.6805,0.8086,49.7784,0.0004,947.7386,1002.4472,54.7086
7092.0000,9.6822,0.8085,49.7802,0.0004,947.7071,1002.4491,54.7420
7093.0000,9.6839,0.8085,49.7820,0.0004,947.6756,1002.4507,54.7750
7094.0000,9.6857,0.8085,49.7837,0.0004,947.6442,1002.4520,54.8078
7095.0000,9.6874,0.8085,49.7855,0.0004,947.6128,1002.4530,54.8402
7096.0000,9.6891,0.8084,49.7873,0.0004,947.5815,1002.4539,54.8724
7097.0000,9.6909,0.8084,49.7890,0.0004,947.5502,1002.4544,54.9042
7098.0000,9.6926,0.8084,49.7908,0.0004,947.5190,1002.4548,54.9358
7099.0000,9.6944,0.8084,49.7926,0.0004,947.4878,1002.4549,54.9672
7100.0000,9.6961,0.8084,49.7943,0.0004,947.4566,1002.4549,54.9983
7101.0000,9.6979,0.8083,49.7961,0.0004,947.4255,1002.4546,55.0291
7102.0000,9.6997,0.8083,49.7979,0.0004,947.3944,1002.4542,55.0598
7103.0000,9.7015,0.8083,49.7996,0.0004,947.3634,1002.4536,55.0902
7104.0000,9.7033,0.8083,49.8014,0.0004,947.3324,1002.4527,55.1203
7105.0000,9.7051,0.8082,49.8032,0.0004,947.3015,1002.4518,55.1503
7106.0000,9.7069,0.8082,49.8049,0.0004,947.2706,1002.4506,55.1801
7107.0000,9.7087,0.8082,49.8067,0.0004,947.2397,1002.4493,55.2096
7108.0000,9.7106,0.8082,49.8085,0.0004,947.2089,1002.4479,55.2390
7109.0000,9.7124,0.8082,49.8102,0.0004,947.1781,1002.4463,55.2682
7110.0000,9.7142,0.8081,49.8120,0.0004,947.1474,1002.4446,55.2972
7111.0000,9.7161,0.8081,49.8138,0.0004,947.1167,1002.4427,55.3260
7112.0000,9.7179,0.8081,49.8155,0.0004,947.0860,1002.4407,55.3547
7113.0000,9.7198,0.8081,49.8173,0.0004,947.0554,1002.4385,55.3831
7114.0000,9.7216,0.8081,49.8191,0.0004,947.0248,1002.4362,55.4114
7115.0000,9.7235,0.8080,49.8208,0.0004,946.9942,1002.4338,55.4396
7116.0000,9.7253,0.8080,49.8226,0.0004,946.9637,1002.4313,55.4676
7117.0000,9.7272,0.8080,49.8244,0.0004,946.9333,1002.4287,55.4954
7118.0000,9.7291,0.8080,49.8261,0.0004,946.9028,1002.4259,55.5231
7119.0000,9.7310,0.8079,49.8279,0.0004,946.8724,1002.4230,55.5506
7120.0000,9.7329,0.8079,49.8297,0.0004,946.8420,1002.4200,55.5780
7121.0000,9.7348,0.8079,49.8314,0.0004,946.8117,1002.4169,55.6052
7122.0000,9.7367,0.8079,49.8332,0.0004,946.7814,1002.4137,55.6323
7123.0000,9.7385,0.8079,49.8350,0.0004,946.7512,1002.4104,55.6593
7124.0000,9.7405,0.8078,49.8367,0.0004,946.7209,1002.4070,55.6861
7125.0000,9.7424,0.8078,49.8385,0.0004,946.6908,1002.4035,55.7128
7126.0000,9.7443,0.8078,49.8403,0.0004,946.6606,1002.3999,55.7393
7127.0000,9.7462,0.8078,49.8420,0.0004,946.6305,1002.3962,55.7658
7128.0000,9.7481,0.8078,49.8438,0.0004,946.6004,1002.3924,55.7920
7129.0000,9.7500,0.8077,49.8456,0.0004,946.5703,1002.3886,55.8182
7130.0000,9.7519,0.8077,49.8473,0.0004,946.5403,1002.3846,55.8443
7131.0000,9.7539,0.8077,49.8491,0.0004,946.5103,1002.3805,55.8702
7132.0000,9.7558,0.8077,49.8509,0.0004,946.4804,1002.3764,55.8960
7133.0000,9.7577,0.8077,49.8526,0.0004,946.4505,1002.3722,55.9217
7134.0000,9.7597,0.8076,49.8544,0.0004,946.4206,1002.3678,55.9472
7135.0000,9.7616,0.8076,49.8562,0.0004,946.3907,1002.3634,55.9727
7136.0000,9.7636,0.8076,49.8579,0.0004,946.3609,1002.3590,55.9980
7137.0000,9.7655,0.8076,49.8597,0.0004,946.3311,1002.3544,56.0233
7138.0000,9.7675,0.8075,49.8615,0.0004,946.3014,1002.3498,56.0484
7139.0000,9.7694,0.8075,49.8632,0.0004,946.2717,1002.3451,56.0734
7140.0000,9.7714,0.8075,49.8650,0.0004,946.2420,1002.3403,56.0983
7141.0000,9.7733,0.8075,49.8648,0.0004,946.2236,1002.2875,56.0639
7142.0000,9.7751,0.8075,49.8646,0.0004,946.2051,1002.2354,56.0304
7143.0000,9.7770,0.8074,49.8644,0.0004,946.1865,1002.1839,55.9974
7144.0000,9.7788,0.8074,49.8641,0.0004,946.1677,1002.1328,55.9650
7145.0000,9.7806,0.8074,49.8639,0.0004,946.1490,1002.0819,55.9330
7146.0000,9.7824,0.8074,49.8637,0.0004,946.1301,1002.0314,55.9013
7147.0000,9.7842,0.8074,49.8635,0.0004,946.1112,1001.9811,55.8700
7148.0000,9.7860,0.8073,49.8633,0.0004,946.0922,1001.9311,55.8389
7149.0000,9.7878,0.8073,49.8631,0.0004,946.0731,1001.8813,55.8082
7150.0000,9.7896,0.8073,49.8628,0.0004,946.0540,1001.8316,55.7776
7151.0000,9.7913,0.8073,49.8626,0.0004,946.0348,1001.7822,55.7473
7152.0000,9.7931,0.8073,49.8624,0.0004,946.0156,1001.7329,55.7173
7153.0000,9.7948,0.8072,49.8622,0.0004,945.9964,1001.6837,55.6874
7154.0000,9.7966,0.8072,49.8620,0.0004,945.9771,1001.6347,55.6577
7155.0000,9.7983,0.8072,49.8618,0.0004,945.9577,1001.5859,55.6282
7156.0000,9.8000,0.8072,49.8615,0.0004,945.9383,1001.5371,55.5988
7157.0000,9.8018,0.8071,49.8613,0.0004,945.9189,1001.4885,55.5696
7158.0000,9.8035,0.8071,49.8611,0.0004,945.8994,1001.4400,55.5406
7159.0000,9.8052,0.8071,49.8609,0.0004,945.8799,1001.3916,55.5117
7160.0000,9.8069,0.8071,49.8607,0.0004,945.8603,1001.3433,55.4830
7161.0000,9.8086,0.8071,49.8605,0.0004,945.8407,1001.2951,55.4544
7162.0000,9.8104,0.8070,49.8602,0.0004,945.8211,1001.2471,55.4260
7163.0000,9.8121,0.8070,49.8600,0.0004,945.8014,1001.1991,55.3976
7164.0000,9.8138,0.8070,49.8598,0.0004,945.7817,1001.1512,55.3694
7165.0000,9.8154,0.8070,49.8596,0.0004,945.7620,1001.1033,55.3413
7166.0000,9.8171,0.8070,49.8594,0.0004,945.7422,1001.0556,55.3134
7167.0000,9.8188,0.8069,49.8591,0.0004,945.7224,1001.0079,55.2855
7168.0000,9.8205,0.8069,49.8589,0.0004,945.7026,1000.9604,55.2578
7169.0000,9.8222,0.8069,49.8587,0.0004,945.6827,1000.9129,55.2301
7170.0000,9.8239,0.8069,49.8585,0.0004,945.6628,1000.8654,55.2026
7171.0000,9.8256,0.8068,49.8583,0.0004,945.6429,1000.8181,55.1752
7172.0000,9.8272,0.8068,49.8581,0.0004,945.6229,1000.7708,55.1478
7173.0000,9.8289,0.8068,49.8578,0.0004,945.6030,1000.7236,55.1206
7174.0000,9.8306,0.8068,49.8576,0.0004,945.5829,1000.6764,55.0935
7175.0000,9.8322,0.8068,49.8574,0.0004,945.5629,1000.6293,55.0664
7176.0000,9.8339,0.8067,49.8572,0.0004,945.5428,1000.5823,55.0395
7177.0000,9.8356,0.8067,49.8570,0.0004,945.5227,1000.5353,55.0126
7178.0000,9.8372,0.8067,49.8568,0.0004,945.5026,1000.4884,54.9858
7179.0000,9.8389,0.8067,49.8565,0.0004,945.4824,1000.4415,54.9591
7180.0000,9.8405,0.8066,49.8563,0.0004,945.4622,1000.3947,54.9325
7181.0000,9.8422,0.8066,49.8561,0.0004,945.4420,1000.3480,54.9060
7182.0000,9.8438,0.8066,49.8559,0.0004,945.4218,1000.3013,54.8795
7183.0000,9.8455,0.8066,49.8557,0.0004,945.4015,1000.2546,54.8531
7184.0000,9.8471,0.8066,49.8555,0.0004,945.3812,1000.2080,54.8268
7185.0000,9.8488,0.8065,49.8552,0.0004,945.3609,1000.1615,54.8006
7186.0000,9.8504,0.8065,49.8550,0.0004,945.3406,1000.1150,54.7745
7187.0000,9.8521,0.8065,49.8548,0.0004,945.3202,1000.0686,54.7484
7188.0000,9.8537,0.8065,49.8546,0.0004,945.2998,1000.0222,54.7224
7189.0000,9.8554,0.8064,49.8544,0.0004,945.2794,999.9758,54.6964
7190.0000,9.8570,0.8064,49.8542,0.0004,945.2589,999.9295,54.6706
7191.0000,9.8586,0.8064,49.8539,0.0004,945.2385,999.8833,54.6448
7192.0000,9.8603,0.8064,49.8537,0.0004,945.2180,999.8370,54.6191
7193.0000,9.8619,0.8064,49.8535,0.0004,945.1975,999.7909,54.5934
7194.0000,9.8635,0.8063,49.8533,0.0004,945.1769,999.7447,54.5678
7195.0000,9.8651,0.8063,49.8531,0.0004,945.1564,999.6987,54.5423
7196.0000,9.8668,0.8063,49.8529,0.0004,945.1358,999.6526,54.5168
7197.0000,9.8684,0.8063,49.8526,0.0004,945.1152,999.6066,54.4914
7198.0000,9.8700,0.8062,49.8524,0.0004,945.0946,999.5606,54.4661
7199.0000,9.8716,0.8062,49.8522,0.0004,945.0739,999.5147,54.4408
7200.0000,9.8732,0.8062,49.8520,0.0004,945.0533,999.4688,54.4156
7201.0000,9.8749,0.8062,49.8527,0.0004,945.0246,999.4446,54.4201
7202.0000,9.8766,0.8061,49.8534,0.0004,944.9960,999.4201,54.4241
7203.0000,9.8782,0.8061,49.8540,0.0004,944.9674,999.3953,54.4279
7204.0000,9.8799,0.8061,49.8547,0.0004,944.9389,999.3703,54.4314
7205.0000,9.8816,0.8061,49.8554,0.0004,944.9105,999.3451,54.4346
7206.0000,9.8833,0.8061,49.8561,0.0004,944.8821,999.3198,54.4377
7207.0000,9.8850,0.8060,49.8568,0.0004,944.8537,999.2944,54.4407
7208.0000,9.8867,0.8060,49.8575,0.0004,944.8254,999.2689,54.4434
7209.0000,9.8884,0.8060,49.8581,0.0004,944.7971,999.2432,54.4461
7210.0000,9.8901,0.8060,49.8588,0.0004,944.7689,999.2175,54.4486
7211.0000,9.8919,0.8059,49.8595,0.0004,944.7407,999.1916,54.4510
7212.0000,9.8936,0.8059,49.8602,0.0004,944.7125,999.1657,54.4533
7213.0000,9.8953,0.8059,49.8609,0.0004,944.6843,999.1398,54.4555
7214.0000,9.8970,0.8059,49.8616,0.0004,944.6561,999.1137,54.4576
7215.0000,9.8987,0.8059,49.8622,0.0004,944.6280,999.0876,54.4596
7216.0000,9.9005,0.8058,49.8629,0.0004,944.5999,999.0614,54.4615
7217.0000,9.9022,0.8058,49.8636,0.0004,944.5718,999.0352,54.4634
7218.0000,9.9039,0.8058,49.8643,0.0004,944.5438,999.0089,54.4651
7219.0000,9.9057,0.8058,49.8650,0.0004,944.5157,998.9826,54.4668
7220.0000,9.9074,0.8058,49.8657,0.0004,944.4877,998.9562,54.4685
7221.0000,9.9092,0.8057,49.8663,0.0004,944.4597,998.9297,54.4700
7222.0000,9.9109,0.8057,49.8670,0.0004,944.4317,998.9032,54.4715
7223.0000,9.9126,0.8057,49.8677,0.0004,944.4038,998.8767,54.4729
7224.0000,9.9144,0.8057,49.8684,0.0004,944.3758,998.8501,54.4743
7225.0000,9.9161,0.8056,49.8691,0.0004,944.3479,998.8235,54.4756
7226.0000,9.9179,0.8056,49.8698,0.0004,944.3200,998.7969,54.4769
7227.0000,9.9196,0.8056,49.8704,0.0004,944.2921,998.7702,54.4781
7228.0000,9.9214,0.8056,49.8711,0.0004,944.2642,998.7435,54.4792
7229.0000,9.9231,0.8056,49.8718,0.0004,944.2364,998.7167,54.4803
7230.0000,9.9249,0.8055,49.8725,0.0004,944.2085,998.6899,54.4814
7231.0000,9.9267,0.8055,49.8732,0.0004,944.1807,998.6631,54.4824
7232.0000,9.9284,0.8055,49.8739,0.0004,944.1529,998.6362,54.4833
7233.0000,9.9302,0.8055,49.8745,0.0004,944.1251,998.6094,54.4842
7234.0000,9.9319,0.8054,49.8752,0.0004,944.0973,998.5824,54.4851
7235.0000,9.9337,0.8054,49.8759,0.0004,944.0696,998.5555,54.4859
7236.0000,9.9355,0.8054,49.8766,0.0004,944.0418,998.5285,54.4867
7237.0000,9.9372,0.8054,49.8773,0.0004,944.0141,998.5015,54.4875
7238.0000,9.9390,0.8054,49.8780,0.0004,943.9864,998.4745,54.4882
7239.0000,9.9408,0.8053,49.8787,0.0004,943.9586,998.4475,54.4888
7240.0000,9.9425,0.8053,49.8793,0.0004,943.9309,998.4204,54.4894
7241.0000,9.9443,0.8053,49.8800,0.0004,943.9033,998.3933,54.4900
7242.0000,9.9461,0.8053,49.8807,0.0004,943.8756,998.3662,54.4906
7243.0000,9.9478,0.8052,49.8814,0.0004,943.8479,998.3390,54.4911
7244.0000,9.9496,0.8052,49.8821,0.0004,943.8203,998.3119,54.4916
7245.0000,9.9514,0.8052,49.8828,0.0004,943.7927,998.2847,54.4920
7246.0000,9.9531,0.8052,49.8834,0.0004,943.7651,998.2575,54.4924
7247.0000,9.9549,0.8052,49.8841,0.0004,943.7374,998.2303,54.4928
7248.0000,9.9567,0.8051,49.8848,0.0004,943.7099,998.2030,54.4932
7249.0000,9.9585,0.8051,49.8855,0.0004,943.6823,998.1757,54.4935
7250.0000,9.9602,0.8051,49.8862,0.0004,943.6547,998.1485,54.4938
7251.0000,9.9620,0.8051,49.8869,0.0004,943.6271,998.1212,54.4940
7252.0000,9.9638,0.8051,49.8875,0.0004,943.5996,998.0938,54.4942
7253.0000,9.9656,0.8050,49.8882,0.0004,943.5721,998.0665,54.4944
7254.0000,9.9673,0.8050,49.8889,0.0004,943.5445,998.0391,54.4946
7255.0000,9.9691,0.8050,49.8896,0.0004,943.5170,998.0118,54.4947
7256.0000,9.9709,0.8050,49.8903,0.0004,943.4895,997.9844,54.4948
7257.0000,9.9727,0.8049,49.8910,0.0004,943.4620,997.9570,54.4949
7258.0000,9.9745,0.8049,49.8916,0.0004,943.4346,997.9296,54.4950
7259.0000,9.9762,0.8049,49.8923,0.0004,943.4071,997.9021,54.4950
7260.0000,9.9780,0.8049,49.8930,0.0004,943.3796,997.8747,54.4950
7261.0000,9.9797,0.8049,49.8884,0.0004,943.3525,997.7195,54.3670
7262.0000,9.9812,0.8048,49.8839,0.0004,943.3254,997.5661,54.2408
7263.0000,9.9827,0.8048,49.8793,0.0004,943.2981,997.4140,54.1159
7264.0000,9.9842,0.8048,49.8747,0.0004,943.2707,997.2628,53.9921
7265.0000,9.9857,0.8048,49.8702,0.0004,943.2432,997.1125,53.8693
7266.0000,9.9871,0.8048,49.8656,0.0004,943.2157,996.9630,53.7474
7267.0000,9.9885,0.8047,49.8610,0.0004,943.1880,996.8142,53.6262
7268.0000,9.9898,0.8047,49.8565,0.0004,943.1603,996.6661,53.5058
7269.0000,9.9912,0.8047,49.8519,0.0004,943.1325,996.5185,53.3860
7270.0000,9.9925,0.8047,49.8473,0.0004,943.1045,996.3715,53.2669
7271.0000,9.9938,0.8046,49.8428,0.0004,943.0765,996.2249,53.1484
7272.0000,9.9950,0.8046,49.8382,0.0004,943.0484,996.0789,53.0305
7273.0000,9.9963,0.8046,49.8336,0.0004,943.0202,995.9334,52.9131
7274.0000,9.9975,0.8046,49.8291,0.0004,942.9920,995.7882,52.7963
7275.0000,9.9988,0.8046,49.8245,0.0004,942.9636,995.6435,52.6799
7276.0000,10.0000,0.8045,49.8199,0.0004,942.9352,995.4992,52.5641
7277.0000,10.0012,0.8045,49.8154,0.0004,942.9066,995.3553,52.4487
7278.0000,10.0023,0.8045,49.8108,0.0004,942.8780,995.2118,52.3338
7279.0000,10.0035,0.8045,49.8062,0.0004,942.8493,995.0686,52.2193
7280.0000,10.0046,0.8044,49.8017,0.0004,942.8206,994.9258,52.1052
7281.0000,10.0058,0.8044,49.7971,0.0004,942.7917,994.7833,51.9916
7282.0000,10.0069,0.8044,49.7925,0.0004,942.7628,994.6411,51.8783
7283.0000,10.0080,0.8044,49.7880,0.0004,942.7338,994.4993,51.7655
7284.0000,10.0091,0.8043,49.7834,0.0004,942.7047,994.3577,51.6531
7285.0000,10.0102,0.8043,49.7788,0.0004,942.6755,994.2165,51.5410
7286.0000,10.0112,0.8043,49.7743,0.0004,942.6462,994.0755,51.4293
7287.0000,10.0123,0.8043,49.7697,0.0004,942.6169,993.9349,51.3179
7288.0000,10.0134,0.8043,49.7651,0.0004,942.5875,993.7945,51.2070
7289.0000,10.0144,0.8042,49.7606,0.0004,942.5580,993.6543,51.0963
7290.0000,10.0154,0.8042,49.7560,0.0004,942.5285,993.5145,50.9860
7291.0000,10.0164,0.8042,49.7514,0.0004,942.4988,993.3749,50.8761
7292.0000,10.0174,0.8042,49.7469,0.0004,942.4691,993.2356,50.7664
7293.0000,10.0184,0.8041,49.7423,0.0004,942.4393,993.0965,50.6571
7294.0000,10.0194,0.8041,49.7377,0.0004,942.4095,992.9576,50.5481
7295.0000,10.0204,0.8041,49.7332,0.0004,942.3795,992.8190,50.4395
7296.0000,10.0214,0.8041,49.7286,0.0004,942.3495,992.6806,50.3311
7297.0000,10.0223,0.8040,49.7240,0.0004,942.3194,992.5425,50.2230
7298.0000,10.0233,0.8040,49.7195,0.0004,942.2893,992.4045,50.1153
7299.0000,10.0242,0.8040,49.7149,0.0004,942.2590,992.2668,50.0078
7300.0000,10.0252,0.8040,49.7103,0.0004,942.2287,992.1293,49.9006
7301.0000,10.0261,0.8039,49.7058,0.0004,942.1984,991.9921,49.7937
7302.0000,10.0270,0.8039,49.7012,0.0004,942.1679,991.8550,49.6871
7303.0000,10.0279,0.8039,49.6966,0.0004,942.1374,991.7181,49.5807
7304.0000,10.0288,0.8039,49.6921,0.0004,942.1068,991.5815,49.4747
7305.0000,10.0297,0.8038,49.6875,0.0004,942.0761,991.4450,49.3689
7306.0000,10.0306,0.8038,49.6829,0.0004,942.0454,991.3088,49.2634
7307.0000,10.0315,0.8038,49.6784,0.0004,942.0146,991.1727,49.1581
7308.0000,10.0323,0.8038,49.6738,0.0004,941.9837,991.0368,49.0531
7309.0000,10.0332,0.8037,49.6692,0.0004,941.9528,990.9011,48.9483
7310.0000,10.0340,0.8037,49.6647,0.0004,941.9218,990.7656,48.8438
7311.0000,10.0349,0.8037,49.6601,0.0004,941.8907,990.6303,48.7396
7312.0000,10.0357,0.8037,49.6555,0.0004,941.8596,990.4952,48.6356
7313.0000,10.0366,0.8036,49.6510,0.0004,941.8284,990.3602,48.5319
7314.0000,10.0374,0.8036,49.6464,0.0004,941.7971,990.2255,48.4284
7315.0000,10.0382,0.8036,49.6418,0.0004,941.7657,990.0908,48.3251
7316.0000,10.0390,0.8036,49.6373,0.0004,941.7343,989.9564,48.2221
7317.0000,10.0398,0.8035,49.6327,0.0004,941.7028,989.8221,48.1193
7318.0000,10.0406,0.8035,49.6281,0.0004,941.6713,989.6880,48.0168
7319.0000,10.0414,0.8035,49.6236,0.0004,941.6397,989.5541,47.9144
7320.0000,10.0422,0.8035,49.6190,0.0004,941.6080,989.4203,47.8124
7321.0000,10.0432,0.8034,49.6219,0.0004,941.5702,989.4677,47.8976
7322.0000,10.0443,0.8034,49.6248,0.0004,941.5325,989.5128,47.9803
7323.0000,10.0454,0.8034,49.6277,0.0004,941.4949,989.5561,48.0612
7324.0000,10.0466,0.8034,49.6305,0.0004,941.4575,989.5981,48.1406
7325.0000,10.0479,0.8033,49.6334,0.0004,941.4202,989.6389,48.2187
7326.0000,10.0491,0.8033,49.6363,0.0004,941.3830,989.6788,48.2958
7327.0000,10.0505,0.8033,49.6392,0.0004,941.3459,989.7177,48.3718
7328.0000,10.0518,0.8033,49.6421,0.0004,941.3089,989.7559,48.4470
7329.0000,10.0532,0.8033,49.6450,0.0004,941.2720,989.7933,48.5213
7330.0000,10.0546,0.8032,49.6478,0.0004,941.2352,989.8301,48.5949
7331.0000,10.0561,0.8032,49.6507,0.0004,941.1986,989.8662,48.6677
7332.0000,10.0575,0.8032,49.6536,0.0004,941.1620,989.9018,48.7398
7333.0000,10.0590,0.8032,49.6565,0.0004,941.1255,989.9368,48.8113
7334.0000,10.0605,0.8031,49.6594,0.0004,941.0891,989.9713,48.8822
7335.0000,10.0620,0.8031,49.6623,0.0004,941.0528,990.0053,48.9525
7336.0000,10.0636,0.8031,49.6651,0.0004,941.0166,990.0388,49.0222
7337.0000,10.0651,0.8031,49.6680,0.0004,940.9804,990.0719,49.0914
7338.0000,10.0667,0.8030,49.6709,0.0004,940.9444,990.1045,49.1601
7339.0000,10.0683,0.8030,49.6738,0.0004,940.9084,990.1368,49.2283
7340.0000,10.0699,0.8030,49.6767,0.0004,940.8726,990.1686,49.2961
7341.0000,10.0715,0.8030,49.6795,0.0004,940.8368,990.2001,49.3634
7342.0000,10.0732,0.8029,49.6824,0.0004,940.8011,990.2313,49.4302
7343.0000,10.0748,0.8029,49.6853,0.0004,940.7654,990.2620,49.4966
7344.0000,10.0765,0.8029,49.6882,0.0004,940.7299,990.2925,49.5626
7345.0000,10.0782,0.8029,49.6911,0.0004,940.6944,990.3226,49.6282
7346.0000,10.0799,0.8028,49.6940,0.0004,940.6590,990.3524,49.6934
7347.0000,10.0816,0.8028,49.6968,0.0004,940.6237,990.3819,49.7582
7348.0000,10.0833,0.8028,49.6997,0.0004,940.5885,990.4112,49.8227
7349.0000,10.0850,0.8028,49.7026,0.0004,940.5533,990.4401,49.8868
7350.0000,10.0867,0.8028,49.7055,0.0004,940.5182,990.4688,49.9506
7351.0000,10.0885,0.8027,49.7084,0.0004,940.4832,990.4971,50.0140
7352.0000,10.0903,0.8027,49.7113,0.0004,940.4482,990.5253,50.0770
7353.0000,10.0920,0.8027,49.7142,0.0004,940.4134,990.5531,50.1398
7354.0000,10.0938,0.8027,49.7170,0.0004,940.3786,990.5808,50.2022
7355.0000,10.0956,0.8026,49.7199,0.0004,940.3438,990.6082,50.2643
7356.0000,10.0974,0.8026,49.7228,0.0004,940.3092,990.6353,50.3261
7357.0000,10.0992,0.8026,49.7257,0.0004,940.2746,990.6622,50.3876
7358.0000,10.1010,0.8026,49.7286,0.0004,940.2401,990.6889,50.4489
7359.0000,10.1028,0.8026,49.7315,0.0004,940.2056,990.7154,50.5098
7360.0000,10.1047,0.8025,49.7343,0.0004,940.1712,990.7417,50.5704
7361.0000,10.1065,0.8025,49.7372,0.0004,940.1369,990.7677,50.6308
7362.0000,10.1084,0.8025,49.7401,0.0004,940.1027,990.7936,50.6909
7363.0000,10.1102,0.8025,49.7430,0.0004,940.0685,990.8192,50.7507
7364.0000,10.1121,0.8024,49.7459,0.0004,940.0344,990.8447,50.8103
7365.0000,10.1140,0.8024,49.7488,0.0004,940.0003,990.8699,50.8696
7366.0000,10.1158,0.8024,49.7516,0.0004,939.9663,990.8950,50.9287
7367.0000,10.1177,0.8024,49.7545,0.0004,939.9324,990.9199,50.9875
7368.0000,10.1196,0.8024,49.7574,0.0004,939.8985,990.9446,51.0460
7369.0000,10.1215,0.8023,49.7603,0.0004,939.8648,990.9691,51.1044
7370.0000,10.1234,0.8023,49.7632,0.0004,939.8310,990.9935,51.1625
7371.0000,10.1253,0.8023,49.7660,0.0004,939.7974,991.0177,51.2203
7372.0000,10.1273,0.8023,49.7689,0.0004,939.7637,991.0417,51.2779
7373.0000,10.1292,0.8022,49.7718,0.0004,939.7302,991.0655,51.3353
7374.0000,10.1311,0.8022,49.7747,0.0004,939.6967,991.0892,51.3925
7375.0000,10.1331,0.8022,49.7776,0.0004,939.6633,991.1128,51.4494
7376.0000,10.1350,0.8022,49.7805,0.0004,939.6299,991.1361,51.5062
7377.0000,10.1370,0.8022,49.7833,0.0004,939.5966,991.1593,51.5627
7378.0000,10.1389,0.8021,49.7862,0.0004,939.5634,991.1824,51.6190
7379.0000,10.1409,0.8021,49.7891,0.0004,939.5302,991.2053,51.6751
7380.0000,10.1429,0.8021,49.7920,0.0004,939.4971,991.2281,51.7310
7381.0000,10.1447,0.8021,49.7890,0.0004,939.4722,991.1079,51.6357
7382.0000,10.1464,0.8020,49.7860,0.0004,939.4471,990.9896,51.5424
7383.0000,10.1481,0.8020,49.7830,0.0004,939.4220,990.8726,51.4506
7384.0000,10.1497,0.8020,49.7800,0.0004,939.3967,990.7567,51.3600
7385.0000,10.1513,0.8020,49.7770,0.0004,939.3713,990.6417,51.2705
7386.0000,10.1529,0.8020,49.7740,0.0004,939.3458,990.5275,51.1818
7387.0000,10.1544,0.8019,49.7710,0.0004,939.3202,990.4140,51.0939
7388.0000,10.1560,0.8019,49.7680,0.0004,939.2945,990.3012,51.0067
7389.0000,10.1574,0.8019,49.7650,0.0004,939.2687,990.1889,50.9202
7390.0000,10.1589,0.8019,49.7620,0.0004,939.2428,990.0772,50.8343
7391.0000,10.1604,0.8019,49.7590,0.0004,939.2169,989.9659,50.7491
7392.0000,10.1618,0.8018,49.7560,0.0004,939.1908,989.8552,50.6643
7393.0000,10.1632,0.8018,49.7530,0.0004,939.1647,989.7448,50.5801
7394.0000,10.1646,0.8018,49.7500,0.0004,939.1385,989.6349,50.4964
7395.0000,10.1660,0.8018,49.7470,0.0004,939.1122,989.5253,50.4131
7396.0000,10.1674,0.8017,49.7440,0.0004,939.0859,989.4162,50.3303
7397.0000,10.1687,0.8017,49.7410,0.0004,939.0595,989.3073,50.2479
7398.0000,10.1700,0.8017,49.7380,0.0004,939.0330,989.1989,50.1659
7399.0000,10.1714,0.8017,49.7350,0.0004,939.0064,989.0907,50.0843
7400.0000,10.1727,0.8016,49.7320,0.0004,938.9797,988.9828,50.0031
7401.0000,10.1740,0.8016,49.7290,0.0004,938.9530,988.8753,49.9223
7402.0000,10.1753,0.8016,49.7260,0.0004,938.9263,988.7680,49.8418
7403.0000,10.1766,0.8016,49.7230,0.0004,938.8994,988.6610,49.7616
7404.0000,10.1778,0.8016,49.7200,0.0004,938.8725,988.5543,49.6818
7405.0000,10.1791,0.8015,49.7170,0.0004,938.8455,988.4478,49.6023
7406.0000,10.1803,0.8015,49.7140,0.0004,938.8185,988.3416,49.5232
7407.0000,10.1816,0.8015,49.7110,0.0004,938.7914,988.2357,49.4443
7408.0000,10.1828,0.8015,49.7080,0.0004,938.7642,988.1299,49.3657
7409.0000,10.1840,0.8014,49.7050,0.0004,938.7369,988.0244,49.2875
7410.0000,10.1852,0.8014,49.7020,0.0004,938.7096,987.9191,49.2095
7411.0000,10.1864,0.8014,49.6990,0.0004,938.6823,987.8140,49.1318
7412.0000,10.1876,0.8014,49.6960,0.0004,938.6549,987.7092,49.0543
7413.0000,10.1888,0.8013,49.6930,0.0004,938.6274,987.6045,48.9771
7414.0000,10.1900,0.8013,49.6900,0.0004,938.5998,987.5001,48.9002
7415.0000,10.1912,0.8013,49.6870,0.0004,938.5722,987.3958,48.8236
7416.0000,10.1923,0.8013,49.6840,0.0004,938.5446,987.2917,48.7471
7417.0000,10.1935,0.8013,49.6810,0.0004,938.5169,987.1878,48.6710
7418.0000,10.1946,0.8012,49.6780,0.0004,938.4891,987.0841,48.5950
7419.0000,10.1958,0.8012,49.6750,0.0004,938.4613,986.9806,48.5193
7420.0000,10.1969,0.8012,49.6720,0.0004,938.4334,986.8773,48.4439
7421.0000,10.1980,0.8012,49.6690,0.0004,938.4054,986.7741,48.3686
7422.0000,10.1992,0.8011,49.6660,0.0004,938.3774,986.6711,48.2936
7423.0000,10.2003,0.8011,49.6630,0.0004,938.3494,986.5682,48.2188
7424.0000,10.2014,0.8011,49.6600,0.0004,938.3213,986.4655,48.1443
7425.0000,10.2025,0.8011,49.6570,0.0004,938.2931,986.3630,48.0699
7426.0000,10.2036,0.8010,49.6540,0.0004,938.2649,986.2606,47.9957
7427.0000,10.2047,0.8010,49.6510,0.0004,938.2366,986.1584,47.9218
7428.0000,10.2057,0.8010,49.6480,0.0004,938.2083,986.0563,47.8480
7429.0000,10.2068,0.8010,49.6450,0.0004,938.1799,985.9544,47.7745
7430.0000,10.2079,0.8009,49.6420,0.0004,938.1515,985.8526,47.7011
7431.0000,10.2090,0.8009,49.6390,0.0004,938.1230,985.7510,47.6280
7432.0000,10.2100,0.8009,49.6360,0.0004,938.0944,985.6495,47.5550
7433.0000,10.2111,0.8009,49.6330,0.0004,938.0659,985.5481,47.4822
7434.0000,10.2121,0.8008,49.6300,0.0004,938.0372,985.4469,47.4096
7435.0000,10.2132,0.8008,49.6270,0.0004,938.0085,985.3458,47.3372
7436.0000,10.2142,0.8008,49.6240,0.0004,937.9798,985.2448,47.2650
7437.0000,10.2152,0.8008,49.6210,0.0004,937.9510,985.1440,47.1930
7438.0000,10.2163,0.8007,49.6180,0.0004,937.9221,985.0432,47.1211
7439.0000,10.2173,0.8007,49.6150,0.0004,937.8933,984.9427,47.0494
7440.0000,10.2183,0.8007,49.6120,0.0004,937.8643,984.8422,46.9779
7441.0000,10.2195,0.8007,49.6159,0.0004,937.8292,984.9091,47.0798
7442.0000,10.2208,0.8006,49.6198,0.0004,937.7943,984.9737,47.1794
7443.0000,10.2222,0.8006,49.6237,0.0004,937.7595,985.0368,47.2773
7444.0000,10.2236,0.8006,49.6275,0.0004,937.7248,985.0986,47.3737
7445.0000,10.2250,0.8006,49.6314,0.0004,937.6903,985.1593,47.4690
7446.0000,10.2265,0.8005,49.6353,0.0004,937.6559,985.2190,47.5631
7447.0000,10.2281,0.8005,49.6392,0.0004,937.6216,985.2779,47.6563
7448.0000,10.2296,0.8005,49.6431,0.0004,937.5874,985.3360,47.7487
7449.0000,10.2312,0.8005,49.6470,0.0004,937.5533,985.3935,47.8402
7450.0000,10.2328,0.8005,49.6508,0.0004,937.5193,985.4502,47.9310
7451.0000,10.2345,0.8004,49.6547,0.0004,937.4854,985.5064,48.0210
7452.0000,10.2361,0.8004,49.6586,0.0004,937.4516,985.5620,48.1104
7453.0000,10.2378,0.8004,49.6625,0.0004,937.4179,985.6170,48.1991
7454.0000,10.2395,0.8004,49.6664,0.0004,937.3844,985.6716,48.2872
7455.0000,10.2412,0.8003,49.6703,0.0004,937.3509,985.7257,48.3748
7456.0000,10.2430,0.8003,49.6741,0.0004,937.3175,985.7793,48.4618
7457.0000,10.2447,0.8003,49.6780,0.0004,937.2842,985.8325,48.5483
7458.0000,10.2465,0.8003,49.6819,0.0004,937.2510,985.8852,48.6342
7459.0000,10.2483,0.8002,49.6858,0.0004,937.2179,985.9376,48.7197
7460.0000,10.2501,0.8002,49.6897,0.0004,937.1848,985.9895,48.8047
7461.0000,10.2519,0.8002,49.6936,0.0004,937.1519,986.0411,48.8892
7462.0000,10.2537,0.8002,49.6974,0.0004,937.1191,986.0923,48.9733
7463.0000,10.2556,0.8002,49.7013,0.0004,937.0863,986.1432,49.0569
7464.0000,10.2574,0.8001,49.7052,0.0004,937.0536,986.1938,49.1401
7465.0000,10.2593,0.8001,49.7091,0.0004,937.0210,986.2440,49.2230
7466.0000,10.2612,0.8001,49.7130,0.0004,936.9885,986.2939,49.3054
7467.0000,10.2631,0.8001,49.7169,0.0004,936.9561,986.3435,49.3874
7468.0000,10.2650,0.8000,49.7207,0.0004,936.9238,986.3928,49.4690
7469.0000,10.2669,0.8000,49.7246,0.0004,936.8915,986.4418,49.5503
7470.0000,10.2689,0.8000,49.7285,0.0004,936.8593,986.4906,49.6312
7471.0000,10.2708,0.8000,49.7324,0.0004,936.8272,986.5390,49.7118
7472.0000,10.2728,0.7999,49.7363,0.0004,936.7952,986.5872,49.7920
7473.0000,10.2747,0.7999,49.7401,0.0004,936.7633,986.6352,49.8719
7474.0000,10.2767,0.7999,49.7440,0.0004,936.7314,986.6828,49.9514
7475.0000,10.2787,0.7999,49.7479,0.0004,936.6996,986.7303,50.0306
7476.0000,10.2807,0.7999,49.7518,0.0004,936.6679,986.7775,50.1095
7477.0000,10.2827,0.7998,49.7557,0.0004,936.6363,986.8244,50.1881
7478.0000,10.2847,0.7998,49.7596,0.0004,936.6048,986.8711,50.2664
7479.0000,10.2867,0.7998,49.7634,0.0004,936.5733,986.9176,50.3444
7480.0000,10.2888,0.7998,49.7673,0.0004,936.5419,986.9639,50.4220
7481.0000,10.2908,0.7998,49.7712,0.0004,936.5106,987.0100,50.4994
7482.0000,10.2929,0.7997,49.7751,0.0004,936.4793,987.0558,50.5765
7483.0000,10.2949,0.7997,49.7790,0.0004,936.4481,987.1014,50.6533
7484.0000,10.2970,0.7997,49.7829,0.0004,936.4170,987.1469,50.7299
7485.0000,10.2991,0.7997,49.7867,0.0004,936.3860,987.1921,50.8061
7486.0000,10.3011,0.7996,49.7906,0.0004,936.3550,987.2371,50.8821
7487.0000,10.3032,0.7996,49.7945,0.0004,936.3241,987.2820,50.9578
7488.0000,10.3053,0.7996,49.7984,0.0004,936.2933,987.3266,51.0333
7489.0000,10.3074,0.7996,49.8023,0.0004,936.2626,987.3711,51.1085
7490.0000,10.3096,0.7996,49.8062,0.0004,936.2319,987.4153,51.1834
7491.0000,10.3117,0.7995,49.8100,0.0004,936.2013,987.4594,51.2581
7492.0000,10.3138,0.7995,49.8139,0.0004,936.1707,987.5033,51.3326
7493.0000,10.3159,0.7995,49.8178,0.0004,936.1403,987.5471,51.4068
7494.0000,10.3181,0.7995,49.8217,0.0004,936.1099,987.5906,51.4808
7495.0000,10.3202,0.7995,49.8256,0.0004,936.0795,987.6340,51.5545
7496.0000,10.3224,0.7994,49.8295,0.0004,936.0493,987.6773,51.6280
7497.0000,10.3245,0.7994,49.8333,0.0004,936.0191,987.7203,51.7012
7498.0000,10.3267,0.7994,49.8372,0.0004,935.9890,987.7632,51.7743
7499.0000,10.3289,0.7994,49.8411,0.0004,935.9589,987.8060,51.8471
7500.0000,10.3311,0.7994,49.8450,0.0004,935.9289,987.8485,51.9196
7501.0000,10.3331,0.7993,49.8438,0.0004,935.9038,987.7663,51.8624
7502.0000,10.3351,0.7993,49.8425,0.0004,935.8787,987.6856,51.8069
7503.0000,10.3370,0.7993,49.8413,0.0004,935.8535,987.6061,51.7526
7504.0000,10.3389,0.7993,49.8400,0.0004,935.8282,987.5274,51.6992
7505.0000,10.3408,0.7992,49.8387,0.0004,935.8029,987.4496,51.6467
7506.0000,10.3426,0.7992,49.8375,0.0004,935.7775,987.3723,51.5948
7507.0000,10.3444,0.7992,49.8362,0.0004,935.7520,987.2957,51.5436
7508.0000,10.3462,0.7992,49.8350,0.0004,935.7265,987.2195,51.4930
7509.0000,10.3480,0.7992,49.8338,0.0004,935.7009,987.1438,51.4429
7510.0000,10.3498,0.7991,49.8325,0.0004,935.6753,987.0686,51.3933
7511.0000,10.3515,0.7991,49.8312,0.0004,935.6496,986.9937,51.3441
7512.0000,10.3532,0.7991,49.8300,0.0004,935.6239,986.9193,51.2954
7513.0000,10.3549,0.7991,49.8287,0.0004,935.5981,986.8451,51.2470
7514.0000,10.3566,0.7991,49.8275,0.0004,935.5723,986.7713,51.1990
7515.0000,10.3583,0.7990,49.8263,0.0004,935.5464,986.6978,51.1514
7516.0000,10.3600,0.7990,49.8250,0.0004,935.5205,986.6246,51.1041
7517.0000,10.3617,0.7990,49.8237,0.0004,935.4946,986.5517,51.0571
7518.0000,10.3633,0.7990,49.8225,0.0004,935.4686,986.4790,51.0104
7519.0000,10.3650,0.7990,49.8212,0.0004,935.4426,986.4066,50.9640
7520.0000,10.3666,0.7989,49.8200,0.0004,935.4165,986.3345,50.9179
7521.0000,10.3682,0.7989,49.8188,0.0004,935.3904,986.2625,50.8721
7522.0000,10.3699,0.7989,49.8175,0.0004,935.3642,986.1908,50.8265
7523.0000,10.3715,0.7989,49.8163,0.0004,935.3381,986.1193,50.7812
7524.0000,10.3731,0.7988,49.8150,0.0004,935.3118,986.0480,50.7361
7525.0000,10.3747,0.7988,49.8137,0.0004,935.2856,985.9768,50.6913
7526.0000,10.3763,0.7988,49.8125,0.0004,935.2593,985.9059,50.6466
7527.0000,10.3778,0.7988,49.8113,0.0004,935.2329,985.8352,50.6022
7528.0000,10.3794,0.7988,49.8100,0.0004,935.2066,985.7646,50.5580
7529.0000,10.3810,0.7987,49.8088,0.0004,935.1802,985.6942,50.5140
7530.0000,10.3825,0.7987,49.8075,0.0004,935.1537,985.6240,50.4702
7531.0000,10.3841,0.7987,49.8062,0.0004,935.1273,985.5539,50.4266
7532.0000,10.3856,0.7987,49.8050,0.0004,935.1008,985.4840,50.3832
7533.0000,10.3872,0.7987,49.8038,0.0004,935.0742,985.4142,50.3400
7534.0000,10.3887,0.7986,49.8025,0.0004,935.0477,985.3446,50.2970
7535.0000,10.3902,0.7986,49.8013,0.0004,935.0210,985.2752,50.2541
7536.0000,10.3918,0.7986,49.8000,0.0004,934.9944,985.2058,50.2114
7537.0000,10.3933,0.7986,49.7987,0.0004,934.9677,985.1366,50.1689
7538.0000,10.3948,0.7985,49.7975,0.0004,934.9410,985.0676,50.1265
7539.0000,10.3963,0.7985,49.7963,0.0004,934.9143,984.9987,50.0843
7540.0000,10.3978,0.7985,49.7950,0.0004,934.8876,984.9298,50.0423
7541.0000,10.3993,0.7985,49.7938,0.0004,934.8608,984.8612,50.0004
7542.0000,10.4008,0.7985,49.7925,0.0004,934.8339,984.7926,49.9587
7543.0000,10.4023,0.7984,49.7913,0.0004,934.8071,984.7242,49.9171
7544.0000,10.4038,0.7984,49.7900,0.0004,934.7802,984.6558,49.8756
7545.0000,10.4052,0.7984,49.7888,0.0004,934.7533,984.5876,49.8343
7546.0000,10.4067,0.7984,49.7875,0.0004,934.7264,984.5195,49.7932
7547.0000,10.4082,0.7983,49.7863,0.0004,934.6994,984.4515,49.7521
7548.0000,10.4097,0.7983,49.7850,0.0004,934.6724,984.3836,49.7112
7549.0000,10.4111,0.7983,49.7838,0.0004,934.6454,984.3159,49.6705
7550.0000,10.4126,0.7983,49.7825,0.0004,934.6183,984.2482,49.6299
7551.0000,10.4140,0.7983,49.7812,0.0004,934.5912,984.1806,49.5894
7552.0000,10.4155,0.7982,49.7800,0.0004,934.5641,984.1131,49.5490
7553.0000,10.4169,0.7982,49.7788,0.0004,934.5370,984.0457,49.5087
7554.0000,10.4184,0.7982,49.7775,0.0004,934.5098,983.9784,49.4686
7555.0000,10.4198,0.7982,49.7763,0.0004,934.4826,983.9112,49.4286
7556.0000,10.4212,0.7981,49.7750,0.0004,934.4554,983.8441,49.3887
7557.0000,10.4227,0.7981,49.7737,0.0004,934.4282,983.7771,49.3489
7558.0000,10.4241,0.7981,49.7725,0.0004,934.4009,983.7102,49.3093
7559.0000,10.4255,0.7981,49.7713,0.0004,934.3736,983.6433,49.2697
7560.0000,10.4269,0.7981,49.7700,0.0004,934.3463,983.5766,49.2303
7561.0000,10.4283,0.7980,49.7686,0.0004,934.3212,983.5051,49.1839
7562.0000,10.4297,0.7980,49.7671,0.0004,934.2961,983.4338,49.1377
7563.0000,10.4311,0.7980,49.7657,0.0004,934.2709,983.3626,49.0918
7564.0000,10.4325,0.7980,49.7642,0.0004,934.2456,983.2916,49.0460
7565.0000,10.4339,0.7979,49.7628,0.0004,934.2203,983.2208,49.0004
7566.0000,10.4353,0.7979,49.7613,0.0004,934.1950,983.1500,48.9550
7567.0000,10.4367,0.7979,49.7599,0.0004,934.1697,983.0793,48.9097
7568.0000,10.4380,0.7979,49.7584,0.0004,934.1443,983.0088,48.8645
7569.0000,10.4394,0.7979,49.7570,0.0004,934.1188,982.9384,48.8195
7570.0000,10.4408,0.7978,49.7555,0.0004,934.0933,982.8680,48.7747
7571.0000,10.4421,0.7978,49.7540,0.0004,934.0678,982.7978,48.7300
7572.0000,10.4435,0.7978,49.7526,0.0004,934.0423,982.7277,48.6854
7573.0000,10.4448,0.7978,49.7512,0.0004,934.0167,982.6576,48.6410
7574.0000,10.4462,0.7977,49.7497,0.0004,933.9911,982.5877,48.5966
7575.0000,10.4475,0.7977,49.7482,0.0004,933.9654,982.5179,48.5525
7576.0000,10.4489,0.7977,49.7468,0.0004,933.9397,982.4481,48.5084
7577.0000,10.4502,0.7977,49.7454,0.0004,933.9140,982.3784,48.4644
7578.0000,10.4515,0.7976,49.7439,0.0004,933.8882,982.3088,48.4206
7579.0000,10.4529,0.7976,49.7425,0.0004,933.8624,982.2393,48.3769
7580.0000,10.4542,0.7976,49.7410,0.0004,933.8366,982.1699,48.3333
7581.0000,10.4555,0.7976,49.7396,0.0004,933.8108,982.1006,48.2898
7582.0000,10.4568,0.7976,49.7381,0.0004,933.7849,982.0313,48.2465
7583.0000,10.4582,0.7975,49.7367,0.0004,933.7589,981.9622,48.2032
7584.0000,10.4595,0.7975,49.7352,0.0004,933.7330,981.8931,48.1601
7585.0000,10.4608,0.7975,49.7338,0.0004,933.7070,981.8241,48.1170
7586.0000,10.4621,0.7975,49.7323,0.0004,933.6810,981.7551,48.0741
7587.0000,10.4634,0.7974,49.7309,0.0004,933.6550,981.6862,48.0313
7588.0000,10.4647,0.7974,49.7294,0.0004,933.6289,981.6175,47.9886
7589.0000,10.4660,0.7974,49.7279,0.0004,933.6028,981.5487,47.9460
7590.0000,10.4673,0.7974,49.7265,0.0004,933.5766,981.4801,47.9034
7591.0000,10.4686,0.7973,49.7251,0.0004,933.5505,981.4115,47.8610
7592.0000,10.4699,0.7973,49.7236,0.0004,933.5243,981.3430,47.8187
7593.0000,10.4712,0.7973,49.7221,0.0004,933.4980,981.2745,47.7765
7594.0000,10.4725,0.7973,49.7207,0.0004,933.4718,981.2062,47.7344
7595.0000,10.4737,0.7973,49.7193,0.0004,933.4455,981.1379,47.6924
7596.0000,10.4750,0.7972,49.7178,0.0004,933.4192,981.0696,47.6504
7597.0000,10.4763,0.7972,49.7163,0.0004,933.3928,981.0015,47.6086
7598.0000,10.4776,0.7972,49.7149,0.0004,933.3665,980.9333,47.5669
7599.0000,10.4788,0.7972,49.7135,0.0004,933.3401,980.8653,47.5252
7600.0000,10.4801,0.7971,49.7120,0.0004,933.3136,980.7973,47.4837
7601.0000,10.4814,0.7971,49.7105,0.0004,933.2872,980.7294,47.4422
7602.0000,10.4826,0.7971,49.7091,0.0004,933.2607,980.6615,47.4008
7603.0000,10.4839,0.7971,49.7077,0.0004,933.2342,980.5938,47.3596
7604.0000,10.4852,0.7970,49.7062,0.0004,933.2077,980.5260,47.3184
7605.0000,10.4864,0.7970,49.7047,0.0004,933.1811,980.4583,47.2773
7606.0000,10.4877,0.7970,49.7033,0.0004,933.1545,980.3907,47.2362
7607.0000,10.4889,0.7970,49.7019,0.0004,933.1279,980.3232,47.1953
7608.0000,10.4902,0.7969,49.7004,0.0004,933.1012,980.2557,47.1545
7609.0000,10.4914,0.7969,49.6990,0.0004,933.0745,980.1882,47.1137
7610.0000,10.4927,0.7969,49.6975,0.0004,933.0478,980.1209,47.0730
7611.0000,10.4939,0.7969,49.6960,0.0004,933.0211,980.0535,47.0324
7612.0000,10.4951,0.7969,49.6946,0.0004,932.9944,979.9863,46.9919
7613.0000,10.4964,0.7968,49.6932,0.0004,932.9676,979.9190,46.9515
7614.0000,10.4976,0.7968,49.6917,0.0004,932.9408,979.8519,46.9111
7615.0000,10.4989,0.7968,49.6902,0.0004,932.9139,979.7848,46.8708
7616.0000,10.5001,0.7968,49.6888,0.0004,932.8871,979.7177,46.8306
7617.0000,10.5013,0.7967,49.6874,0.0004,932.8602,979.6507,46.7905
7618.0000,10.5025,0.7967,49.6859,0.0004,932.8333,979.5838,46.7505
7619.0000,10.5038,0.7967,49.6844,0.0004,932.8064,979.5169,46.7105
7620.0000,10.5050,0.7967,49.6830,0.0004,932.7794,979.4500,46.6707
7621.0000,10.5063,0.7966,49.6828,0.0004,932.7434,979.4126,46.6692
7622.0000,10.5075,0.7966,49.6825,0.0004,932.7075,979.3747,46.6672
7623.0000,10.5088,0.7966,49.6823,0.0004,932.6716,979.3364,46.6648
7624.0000,10.5101,0.7966,49.6821,0.0004,932.6358,979.2979,46.6621
7625.0000,10.5115,0.7965,49.6818,0.0004,932.6001,979.2592,46.6591
7626.0000,10.5128,0.7965,49.6816,0.0004,932.5645,979.2203,46.6559
7627.0000,10.5141,0.7965,49.6814,0.0004,932.5288,979.1813,46.6524
7628.0000,10.5155,0.7965,49.6811,0.0004,932.4932,979.1421,46.6488
7629.0000,10.5168,0.7964,49.6809,0.0004,932.4577,979.1027,46.6450
7630.0000,10.5181,0.7964,49.6807,0.0004,932.4222,979.0633,46.6411
7631.0000,10.5195,0.7964,49.6804,0.0004,932.3867,979.0237,46.6370
7632.0000,10.5208,0.7964,49.6802,0.0004,932.3513,978.9841,46.6328
7633.0000,10.5222,0.7964,49.6800,0.0004,932.3159,978.9443,46.6284
7634.0000,10.5236,0.7963,49.6797,0.0004,932.2805,978.9045,46.6240
7635.0000,10.5249,0.7963,49.6795,0.0004,932.2451,978.8645,46.6194
7636.0000,10.5263,0.7963,49.6793,0.0004,932.2098,978.8246,46.6148
7637.0000,10.5277,0.7963,49.6790,0.0004,932.1745,978.7845,46.6100
7638.0000,10.5290,0.7962,49.6788,0.0004,932.1392,978.7444,46.6052
7639.0000,10.5304,0.7962,49.6786,0.0004,932.1040,978.7042,46.6002
7640.0000,10.5318,0.7962,49.6783,0.0004,932.0687,978.6639,46.5952
7641.0000,10.5332,0.7962,49.6781,0.0004,932.0335,978.6236,46.5901
7642.0000,10.5345,0.7961,49.6779,0.0004,931.9983,978.5832,46.5849
7643.0000,10.5359,0.7961,49.6776,0.0004,931.9632,978.5428,46.5797
7644.0000,10.5373,0.7961,49.6774,0.0004,931.9280,978.5024,46.5743
7645.0000,10.5387,0.7961,49.6772,0.0004,931.8929,978.4618,46.5690
7646.0000,10.5401,0.7961,49.6769,0.0004,931.8578,978.4213,46.5635
7647.0000,10.5415,0.7960,49.6767,0.0004,931.8227,978.3807,46.5580
7648.0000,10.5429,0.7960,49.6765,0.0004,931.7876,978.3400,46.5524
7649.0000,10.5443,0.7960,49.6762,0.0004,931.7526,978.2994,46.5468
7650.0000,10.5457,0.7960,49.6760,0.0004,931.7176,978.2587,46.5411
7651.0000,10.5471,0.7959,49.6758,0.0004,931.6825,978.2179,46.5354
7652.0000,10.5484,0.7959,49.6755,0.0004,931.6475,978.1771,46.5296
7653.0000,10.5498,0.7959,49.6753,0.0004,931.6126,978.1363,46.5237
7654.0000,10.5512,0.7959,49.6751,0.0004,931.5776,978.0954,46.5178
7655.0000,10.5527,0.7958,49.6748,0.0004,931.5427,978.0546,46.5119
7656.0000,10.5541,0.7958,49.6746,0.0004,931.5077,978.0136,46.5059
7657.0000,10.5555,0.7958,49.6744,0.0004,931.4728,977.9727,46.4999
7658.0000,10.5569,0.7958,49.6741,0.0004,931.4379,977.9317,46.4938
7659.0000,10.5583,0.7958,49.6739,0.0004,931.4030,977.8907,46.4877
7660.0000,10.5597,0.7957,49.6737,0.0004,931.3682,977.8497,46.4815
7661.0000,10.5611,0.7957,49.6734,0.0004,931.3333,977.8087,46.4754
7662.0000,10.5625,0.7957,49.6732,0.0004,931.2985,977.7676,46.4691
7663.0000,10.5639,0.7957,49.6730,0.0004,931.2636,977.7265,46.4629
7664.0000,10.5653,0.7956,49.6727,0.0004,931.2288,977.6854,46.4566
7665.0000,10.5667,0.7956,49.6725,0.0004,931.1940,977.6442,46.4502
7666.0000,10.5681,0.7956,49.6723,0.0004,931.1592,977.6031,46.4438
7667.0000,10.5696,0.7956,49.6720,0.0004,931.1245,977.5619,46.4374
7668.0000,10.5710,0.7955,49.6718,0.0004,931.0897,977.5207,46.4310
7669.0000,10.5724,0.7955,49.6716,0.0004,931.0550,977.4795,46.4245
7670.0000,10.5738,0.7955,49.6713,0.0004,931.0202,977.4383,46.4180
7671.0000,10.5752,0.7955,49.6711,0.0004,930.9855,977.3970,46.4115
7672.0000,10.5766,0.7955,49.6709,0.0004,930.9508,977.3557,46.4049
7673.0000,10.5781,0.7954,49.6706,0.0004,930.9161,977.3145,46.3984
7674.0000,10.5795,0.7954,49.6704,0.0004,930.8814,977.2732,46.3917
7675.0000,10.5809,0.7954,49.6702,0.0004,930.8467,977.2318,46.3851
7676.0000,10.5823,0.7954,49.6699,0.0004,930.8121,977.1905,46.3784
7677.0000,10.5837,0.7953,49.6697,0.0004,930.7774,977.1492,46.3717
7678.0000,10.5852,0.7953,49.6695,0.0004,930.7428,977.1078,46.3650
7679.0000,10.5866,0.7953,49.6692,0.0004,930.7082,977.0664,46.3583
7680.0000,10.5880,0.7953,49.6690,0.0004,930.6736,977.0250,46.3515
7681.0000,10.5895,0.7952,49.6731,0.0004,930.6460,977.0896,46.4436
7682.0000,10.5911,0.7952,49.6772,0.0004,930.6184,977.1528,46.5344
7683.0000,10.5927,0.7952,49.6813,0.0004,930.5909,977.2150,46.6241
7684.0000,10.5944,0.7952,49.6855,0.0004,930.5634,977.2764,46.7130
7685.0000,10.5961,0.7952,49.6896,0.0004,930.5360,977.3371,46.8011
7686.0000,10.5978,0.7951,49.6937,0.0004,930.5086,977.3972,46.8886
7687.0000,10.5995,0.7951,49.6978,0.0004,930.4813,977.4567,46.9754
7688.0000,10.6013,0.7951,49.7019,0.0004,930.4540,977.5157,47.0617
7689.0000,10.6031,0.7951,49.7060,0.0004,930.4268,977.5742,47.1474
7690.0000,10.6049,0.7950,49.7102,0.0004,930.3997,977.6323,47.2326
7691.0000,10.6067,0.7950,49.7143,0.0004,930.3726,977.6899,47.3173
7692.0000,10.6085,0.7950,49.7184,0.0004,930.3455,977.7471,47.4016
7693.0000,10.6104,0.7950,49.7225,0.0004,930.3186,977.8040,47.4854
7694.0000,10.6122,0.7950,49.7266,0.0004,930.2917,977.8605,47.5688
7695.0000,10.6141,0.7949,49.7308,0.0004,930.2648,977.9166,47.6518
7696.0000,10.6160,0.7949,49.7349,0.0004,930.2380,977.9724,47.7344
7697.0000,10.6179,0.7949,49.7390,0.0004,930.2113,978.0279,47.8166
7698.0000,10.6198,0.7949,49.7431,0.0004,930.1847,978.0831,47.8984
7699.0000,10.6217,0.7948,49.7472,0.0004,930.1581,978.1380,47.9799
7700.0000,10.6236,0.7948,49.7513,0.0004,930.1315,978.1926,48.0610
7701.0000,10.6256,0.7948,49.7554,0.0004,930.1051,978.2469,48.1418
7702.0000,10.6275,0.7948,49.7596,0.0004,930.0787,978.3009,48.2223
7703.0000,10.6295,0.7948,49.7637,0.0004,930.0523,978.3547,48.3024
7704.0000,10.6315,0.7947,49.7678,0.0004,930.0260,978.4082,48.3822
7705.0000,10.6335,0.7947,49.7719,0.0004,929.9998,978.4615,48.4617
7706.0000,10.6355,0.7947,49.7760,0.0004,929.9736,978.5146,48.5409
7707.0000,10.6375,0.7947,49.7801,0.0004,929.9475,978.5674,48.6198
7708.0000,10.6395,0.7947,49.7843,0.0004,929.9215,978.6199,48.6984
7709.0000,10.6415,0.7946,49.7884,0.0004,929.8955,978.6723,48.7768
7710.0000,10.6435,0.7946,49.7925,0.0004,929.8696,978.7244,48.8548
7711.0000,10.6456,0.7946,49.7966,0.0004,929.8437,978.7763,48.9326
7712.0000,10.6476,0.7946,49.8007,0.0004,929.8179,978.8280,49.0101
7713.0000,10.6497,0.7945,49.8048,0.0004,929.7922,978.8795,49.0873
7714.0000,10.6517,0.7945,49.8090,0.0004,929.7665,978.9308,49.1643
7715.0000,10.6538,0.7945,49.8131,0.0004,929.7409,978.9819,49.2410
7716.0000,10.6559,0.7945,49.8172,0.0004,929.7153,979.0328,49.3175
7717.0000,10.6580,0.7945,49.8213,0.0004,929.6898,979.0835,49.3937
7718.0000,10.6601,0.7944,49.8254,0.0004,929.6643,979.1340,49.4696
7719.0000,10.6622,0.7944,49.8295,0.0004,929.6390,979.1843,49.5454
7720.0000,10.6643,0.7944,49.8337,0.0004,929.6136,979.2345,49.6208
7721.0000,10.6664,0.7944,49.8378,0.0004,929.5884,979.2845,49.6961
7722.0000,10.6685,0.7944,49.8419,0.0004,929.5632,979.3343,49.7711
7723.0000,10.6707,0.7943,49.8460,0.0004,929.5380,979.3839,49.8459
7724.0000,10.6728,0.7943,49.8501,0.0004,929.5129,979.4334,49.9205
7725.0000,10.6749,0.7943,49.8543,0.0004,929.4879,979.4826,49.9948
7726.0000,10.6771,0.7943,49.8584,0.0004,929.4629,979.5318,50.0689
7727.0000,10.6793,0.7943,49.8625,0.0004,929.4380,979.5807,50.1428
7728.0000,10.6814,0.7942,49.8666,0.0004,929.4131,979.6296,50.2165
7729.0000,10.6836,0.7942,49.8707,0.0004,929.3883,979.6782,50.2899
7730.0000,10.6858,0.7942,49.8748,0.0004,929.3635,979.7267,50.3632
7731.0000,10.6879,0.7942,49.8789,0.0004,929.3388,979.7751,50.4363
7732.0000,10.6901,0.7941,49.8831,0.0004,929.3142,979.8233,50.5091
7733.0000,10.6923,0.7941,49.8872,0.0004,929.2896,979.8713,50.5817
7734.0000,10.6945,0.7941,49.8913,0.0004,929.2651,979.9192,50.6542
7735.0000,10.6967,0.7941,49.8954,0.0004,929.2406,979.9670,50.7264
7736.0000,10.6989,0.7941,49.8995,0.0004,929.2162,980.0146,50.7985
7737.0000,10.7012,0.7940,49.9036,0.0004,929.1918,980.0621,50.8703
7738.0000,10.7034,0.7940,49.9078,0.0004,929.1675,980.1095,50.9420
7739.0000,10.7056,0.7940,49.9119,0.0004,929.1432,980.1567,51.0134
7740.0000,10.7079,0.7940,49.9160,0.0004,929.1190,980.2037,51.0847
7741.0000,10.7099,0.7940,49.9126,0.0004,929.0985,980.0688,50.9703
7742.0000,10.7118,0.7939,49.9093,0.0004,929.0778,979.9363,50.8584
7743.0000,10.7137,0.7939,49.9059,0.0004,929.0571,979.8055,50.7484
7744.0000,10.7155,0.7939,49.9025,0.0004,929.0362,979.6760,50.6398
7745.0000,10.7173,0.7939,49.8992,0.0004,929.0152,979.5478,50.5325
7746.0000,10.7190,0.7939,49.8958,0.0004,928.9941,979.4205,50.4264
7747.0000,10.7207,0.7938,49.8924,0.0004,928.9729,979.2941,50.3212
7748.0000,10.7223,0.7938,49.8891,0.0004,928.9516,979.1686,50.2170
7749.0000,10.7239,0.7938,49.8857,0.0004,928.9302,979.0438,50.1136
7750.0000,10.7255,0.7938,49.8823,0.0004,928.9087,978.9198,50.0111
7751.0000,10.7271,0.7938,49.8790,0.0004,928.8871,978.7963,49.9092
7752.0000,10.7287,0.7937,49.8756,0.0004,928.8654,978.6735,49.8081
7753.0000,10.7302,0.7937,49.8722,0.0004,928.8436,978.5513,49.7077
7754.0000,10.7317,0.7937,49.8689,0.0004,928.8217,978.4296,49.6079
7755.0000,10.7332,0.7937,49.8655,0.0004,928.7998,978.3084,49.5087
7756.0000,10.7346,0.7937,49.8621,0.0004,928.7777,978.1877,49.4100
7757.0000,10.7361,0.7936,49.8588,0.0004,928.7555,978.0675,49.3120
7758.0000,10.7375,0.7936,49.8554,0.0004,928.7333,977.9477,49.2144
7759.0000,10.7389,0.7936,49.8520,0.0004,928.7110,977.8284,49.1174
7760.0000,10.7403,0.7936,49.8487,0.0004,928.6886,977.7095,49.0209
7761.0000,10.7417,0.7935,49.8453,0.0004,928.6661,977.5909,48.9248
7762.0000,10.7430,0.7935,49.8419,0.0004,928.6435,977.4728,48.8292
7763.0000,10.7444,0.7935,49.8386,0.0004,928.6209,977.3550,48.7341
7764.0000,10.7457,0.7935,49.8352,0.0004,928.5982,977.2376,48.6394
7765.0000,10.7470,0.7935,49.8318,0.0004,928.5754,977.1205,48.5452
7766.0000,10.7483,0.7934,49.8285,0.0004,928.5525,977.0038,48.4513
7767.0000,10.7496,0.7934,49.8251,0.0004,928.5295,976.8874,48.3579
7768.0000,10.7509,0.7934,49.8217,0.0004,928.5065,976.7713,48.2648
7769.0000,10.7521,0.7934,49.8184,0.0004,928.4834,976.6555,48.1721
7770.0000,10.7534,0.7933,49.8150,0.0004,928.4602,976.5400,48.0798
7771.0000,10.7546,0.7933,49.8116,0.0004,928.4369,976.4248,47.9879
7772.0000,10.7559,0.7933,49.8083,0.0004,928.4136,976.3099,47.8963
7773.0000,10.7571,0.7933,49.8049,0.0004,928.3902,976.1953,47.8051
7774.0000,10.7583,0.7933,49.8015,0.0004,928.3667,976.0809,47.7143
7775.0000,10.7595,0.7932,49.7982,0.0004,928.3431,975.9668,47.6237
7776.0000,10.7607,0.7932,49.7948,0.0004,928.3195,975.8530,47.5335
7777.0000,10.7619,0.7932,49.7914,0.0004,928.2958,975.7394,47.4436
7778.0000,10.7630,0.7932,49.7881,0.0004,928.2720,975.6261,47.3541
7779.0000,10.7642,0.7931,49.7847,0.0004,928.2482,975.5130,47.2648
7780.0000,10.7653,0.7931,49.7813,0.0004,928.2242,975.4001,47.1759
7781.0000,10.7665,0.7931,49.7780,0.0004,928.2003,975.2875,47.0872
7782.0000,10.7676,0.7931,49.7746,0.0004,928.1762,975.1751,46.9989
7783.0000,10.7687,0.7931,49.7712,0.0004,928.1521,975.0629,46.9108
7784.0000,10.7698,0.7930,49.7679,0.0004,928.1279,974.9509,46.8230
7785.0000,10.7709,0.7930,49.7645,0.0004,928.1036,974.8392,46.7355
7786.0000,10.7720,0.7930,49.7611,0.0004,928.0793,974.7276,46.6483
7787.0000,10.7731,0.7930,49.7578,0.0004,928.0549,974.6163,46.5614
7788.0000,10.7742,0.7929,49.7544,0.0004,928.0305,974.5052,46.4747
7789.0000,10.7753,0.7929,49.7510,0.0004,928.0059,974.3942,46.3883
7790.0000,10.7763,0.7929,49.7477,0.0004,927.9814,974.2835,46.3022
7791.0000,10.7774,0.7929,49.7443,0.0004,927.9567,974.1730,46.2163
7792.0000,10.7784,0.7928,49.7409,0.0004,927.9320,974.0626,46.1306
7793.0000,10.7795,0.7928,49.7376,0.0004,927.9072,973.9525,46.0452
7794.0000,10.7805,0.7928,49.7342,0.0004,927.8824,973.8425,45.9601
7795.0000,10.7815,0.7928,49.7308,0.0004,927.8575,973.7327,45.8752
7796.0000,10.7825,0.7928,49.7275,0.0004,927.8325,973.6230,45.7906
7797.0000,10.7836,0.7927,49.7241,0.0004,927.8075,973.5136,45.7061
7798.0000,10.7846,0.7927,49.7207,0.0004,927.7824,973.4043,45.6220
7799.0000,10.7856,0.7927,49.7174,0.0004,927.7572,973.2952,45.5380
7800.0000,10.7865,0.7927,49.7140,0.0004,927.7320,973.1863,45.4543
7801.0000,10.7878,0.7926,49.7203,0.0004,927.7009,973.3136,45.6127
7802.0000,10.7892,0.7926,49.7267,0.0004,927.6699,973.4378,45.7679
7803.0000,10.7907,0.7926,49.7330,0.0004,927.6391,973.5597,45.9206
7804.0000,10.7922,0.7926,49.7394,0.0004,927.6085,973.6799,46.0714
7805.0000,10.7938,0.7925,49.7458,0.0004,927.5781,973.7985,46.2204
7806.0000,10.7955,0.7925,49.7521,0.0004,927.5478,973.9158,46.3680
7807.0000,10.7972,0.7925,49.7584,0.0004,927.5176,974.0319,46.5143
7808.0000,10.7989,0.7925,49.7648,0.0004,927.4876,974.1469,46.6593
7809.0000,10.8007,0.7924,49.7711,0.0004,927.4578,974.2609,46.8031
7810.0000,10.8025,0.7924,49.7775,0.0004,927.4281,974.3740,46.9459
7811.0000,10.8044,0.7924,49.7839,0.0004,927.3985,974.4862,47.0877
7812.0000,10.8063,0.7924,49.7902,0.0004,927.3691,974.5977,47.2286
7813.0000,10.8082,0.7924,49.7965,0.0004,927.3398,974.7083,47.3686
7814.0000,10.8102,0.7923,49.8029,0.0004,927.3106,974.8183,47.5077
7815.0000,10.8121,0.7923,49.8092,0.0004,927.2816,974.9275,47.6460
7816.0000,10.8142,0.7923,49.8156,0.0004,927.2527,975.0361,47.7835
7817.0000,10.8162,0.7923,49.8220,0.0004,927.2239,975.1441,47.9203
7818.0000,10.8182,0.7922,49.8283,0.0004,927.1952,975.2515,48.0563
7819.0000,10.8203,0.7922,49.8346,0.0004,927.1667,975.3584,48.1917
7820.0000,10.8224,0.7922,49.8410,0.0004,927.1383,975.4646,48.3263
7821.0000,10.8245,0.7922,49.8473,0.0004,927.1100,975.5704,48.4604
7822.0000,10.8267,0.7922,49.8537,0.0004,927.0818,975.6756,48.5938
7823.0000,10.8288,0.7921,49.8601,0.0004,927.0538,975.7803,48.7265
7824.0000,10.8310,0.7921,49.8664,0.0004,927.0259,975.8846,48.8587
7825.0000,10.8332,0.7921,49.8727,0.0004,926.9980,975.9884,48.9903
7826.0000,10.8354,0.7921,49.8791,0.0004,926.9704,976.0917,49.1214
7827.0000,10.8377,0.7921,49.8854,0.0004,926.9428,976.1946,49.2519
7828.0000,10.8399,0.7920,49.8918,0.0004,926.9153,976.2971,49.3818
7829.0000,10.8422,0.7920,49.8982,0.0004,926.8880,976.3992,49.5113
7830.0000,10.8445,0.7920,49.9045,0.0004,926.8607,976.5009,49.6402
7831.0000,10.8468,0.7920,49.9108,0.0004,926.8336,976.6022,49.7686
7832.0000,10.8491,0.7920,49.9172,0.0004,926.8066,976.7031,49.8965
7833.0000,10.8514,0.7919,49.9235,0.0004,926.7796,976.8036,50.0239
7834.0000,10.8537,0.7919,49.9299,0.0004,926.7528,976.9038,50.1509
7835.0000,10.8561,0.7919,49.9363,0.0004,926.7261,977.0036,50.2774
7836.0000,10.8585,0.7919,49.9426,0.0004,926.6996,977.1030,50.4035
7837.0000,10.8609,0.7918,49.9489,0.0004,926.6731,977.2021,50.5291
7838.0000,10.8633,0.7918,49.9553,0.0004,926.6467,977.3009,50.6542
7839.0000,10.8657,0.7918,49.9616,0.0004,926.6204,977.3994,50.7790
7840.0000,10.8681,0.7918,49.9680,0.0004,926.5943,977.4975,50.9033
7841.0000,10.8705,0.7918,49.9744,0.0004,926.5682,977.5954,51.0272
7842.0000,10.8730,0.7918,49.9807,0.0004,926.5422,977.6929,51.1507
7843.0000,10.8754,0.7917,49.9870,0.0004,926.5164,977.7901,51.2737
7844.0000,10.8779,0.7917,49.9934,0.0004,926.4906,977.8871,51.3964
7845.0000,10.8804,0.7917,49.9997,0.0004,926.4650,977.9837,51.5187
7846.0000,10.8829,0.7917,50.0061,0.0004,926.4394,978.0801,51.6406
7847.0000,10.8854,0.7917,50.0125,0.0004,926.4140,978.1761,51.7622
7848.0000,10.8879,0.7916,50.0188,0.0004,926.3886,978.2719,51.8833
7849.0000,10.8905,0.7916,50.0251,0.0004,926.3634,978.3675,52.0041
7850.0000,10.8930,0.7916,50.0315,0.0004,926.3382,978.4627,52.1245
7851.0000,10.8955,0.7916,50.0378,0.0004,926.3132,978.5577,52.2446
7852.0000,10.8981,0.7916,50.0442,0.0004,926.2882,978.6525,52.3643
7853.0000,10.9007,0.7915,50.0506,0.0004,926.2633,978.7470,52.4836
7854.0000,10.9033,0.7915,50.0569,0.0004,926.2386,978.8412,52.6026
7855.0000,10.9058,0.7915,50.0632,0.0004,926.2139,978.9352,52.7213
7856.0000,10.9084,0.7915,50.0696,0.0004,926.1893,979.0290,52.8396
7857.0000,10.9111,0.7915,50.0759,0.0004,926.1648,979.1225,52.9576
7858.0000,10.9137,0.7914,50.0823,0.0004,926.1404,979.2158,53.0753
7859.0000,10.9163,0.7914,50.0887,0.0004,926.1161,979.3088,53.1927
7860.0000,10.9189,0.7914,50.0950,0.0004,926.0919,979.4016,53.3097
7861.0000,10.9213,0.7914,50.0922,0.0004,926.0694,979.2726,53.2032
7862.0000,10.9236,0.7914,50.0895,0.0004,926.0467,979.1464,53.0997
7863.0000,10.9258,0.7914,50.0867,0.0004,926.0240,979.0222,52.9982
7864.0000,10.9280,0.7913,50.0839,0.0004,926.0011,978.8996,52.8984
7865.0000,10.9300,0.7913,50.0812,0.0004,925.9782,978.7783,52.8001
7866.0000,10.9321,0.7913,50.0784,0.0004,925.9552,978.6582,52.7030
7867.0000,10.9341,0.7913,50.0756,0.0004,925.9321,978.5391,52.6070
7868.0000,10.9360,0.7913,50.0729,0.0004,925.9089,978.4210,52.5120
7869.0000,10.9380,0.7912,50.0701,0.0004,925.8857,978.3037,52.4180
7870.0000,10.9398,0.7912,50.0673,0.0004,925.8623,978.1872,52.3249
7871.0000,10.9417,0.7912,50.0646,0.0004,925.8389,978.0714,52.2325
7872.0000,10.9435,0.7912,50.0618,0.0004,925.8154,977.9563,52.1409
7873.0000,10.9454,0.7912,50.0590,0.0004,925.7918,977.8419,52.0501
7874.0000,10.9471,0.7911,50.0563,0.0004,925.7682,977.7280,51.9599
7875.0000,10.9489,0.7911,50.0535,0.0004,925.7444,977.6148,51.8703
7876.0000,10.9507,0.7911,50.0507,0.0004,925.7206,977.5020,51.7814
7877.0000,10.9524,0.7911,50.0480,0.0004,925.6967,977.3898,51.6931
7878.0000,10.9541,0.7911,50.0452,0.0004,925.6728,977.2781,51.6053
7879.0000,10.9558,0.7911,50.0424,0.0004,925.6488,977.1668,51.5181
7880.0000,10.9574,0.7910,50.0397,0.0004,925.6247,977.0560,51.4314
7881.0000,10.9591,0.7910,50.0369,0.0004,925.6005,976.9457,51.3452
7882.0000,10.9607,0.7910,50.0341,0.0004,925.5763,976.8357,51.2594
7883.0000,10.9623,0.7910,50.0314,0.0004,925.5520,976.7262,51.1742
7884.0000,10.9639,0.7910,50.0286,0.0004,925.5276,976.6170,51.0894
7885.0000,10.9655,0.7909,50.0258,0.0004,925.5032,976.5082,51.0050
7886.0000,10.9671,0.7909,50.0231,0.0004,925.4787,976.3998,50.9210
7887.0000,10.9686,0.7909,50.0203,0.0004,925.4542,976.2917,50.8375
7888.0000,10.9702,0.7909,50.0175,0.0004,925.4295,976.1839,50.7544
7889.0000,10.9717,0.7909,50.0148,0.0004,925.4049,976.0765,50.6716
7890.0000,10.9732,0.7908,50.0120,0.0004,925.3801,975.9694,50.5893
7891.0000,10.9747,0.7908,50.0092,0.0004,925.3553,975.8626,50.5073
7892.0000,10.9762,0.7908,50.0065,0.0004,925.3304,975.7561,50.4257
7893.0000,10.9777,0.7908,50.0037,0.0004,925.3055,975.6499,50.3444
7894.0000,10.9792,0.7908,50.0009,0.0004,925.2805,975.5440,50.2635
7895.0000,10.9806,0.7907,49.9982,0.0004,925.2555,975.4384,50.1829
7896.0000,10.9821,0.7907,49.9954,0.0004,925.2304,975.3330,50.1026
7897.0000,10.9835,0.7907,49.9926,0.0004,925.2052,975.2279,50.0227
7898.0000,10.9849,0.7907,49.9899,0.0004,925.1800,975.1231,49.9431
7899.0000,10.9864,0.7907,49.9871,0.0004,925.1547,975.0185,49.8638
7900.0000,10.9878,0.7906,49.9843,0.0004,925.1293,974.9141,49.7848
7901.0000,10.9892,0.7906,49.9816,0.0004,925.1039,974.8100,49.7061
7902.0000,10.9906,0.7906,49.9788,0.0004,925.0785,974.7062,49.6277
7903.0000,10.9919,0.7906,49.9760,0.0004,925.0530,974.6025,49.5496
7904.0000,10.9933,0.7906,49.9733,0.0004,925.0274,974.4991,49.4717
7905.0000,10.9947,0.7905,49.9705,0.0004,925.0018,974.3959,49.3942
7906.0000,10.9960,0.7905,49.9677,0.0004,924.9761,974.2930,49.3169
7907.0000,10.9974,0.7905,49.9650,0.0004,924.9504,974.1902,49.2399
7908.0000,10.9987,0.7905,49.9622,0.0004,924.9246,974.0877,49.1631
7909.0000,11.0000,0.7904,49.9594,0.0004,924.8987,973.9853,49.0866
7910.0000,11.0013,0.7904,49.9567,0.0004,924.8729,973.8832,49.0104
7911.0000,11.0026,0.7904,49.9539,0.0004,924.8469,973.7813,48.9344
7912.0000,11.0040,0.7904,49.9511,0.0004,924.8209,973.6795,48.8586
7913.0000,11.0052,0.7904,49.9484,0.0004,924.7948,973.5780,48.7831
7914.0000,11.0065,0.7903,49.9456,0.0004,924.7687,973.4766,48.7079
7915.0000,11.0078,0.7903,49.9428,0.0004,924.7426,973.3754,48.6328
7916.0000,11.0091,0.7903,49.9401,0.0004,924.7164,973.2744,48.5581
7917.0000,11.0104,0.7903,49.9373,0.0004,924.6901,973.1736,48.4835
7918.0000,11.0116,0.7903,49.9345,0.0004,924.6638,973.0730,48.4092
7919.0000,11.0129,0.7902,49.9318,0.0004,924.6374,972.9725,48.3351
7920.0000,11.0141,0.7902,49.9290,0.0004,924.6110,972.8722,48.2612
7921.0000,11.0154,0.7902,49.9271,0.0004,924.5854,972.7940,48.2086
7922.0000,11.0166,0.7902,49.9253,0.0004,924.5597,972.7156,48.1559
7923.0000,11.0179,0.7901,49.9234,0.0004,924.5340,972.6372,48.1032
7924.0000,11.0192,0.7901,49.9215,0.0004,924.5082,972.5588,48.0506
7925.0000,11.0205,0.7901,49.9197,0.0004,924.4825,972.4804,47.9980
7926.0000,11.0217,0.7901,49.9178,0.0004,924.4566,972.4020,47.9454
7927.0000,11.0230,0.7901,49.9159,0.0004,924.4308,972.3237,47.8929
7928.0000,11.0243,0.7900,49.9141,0.0004,924.4049,972.2454,47.8405
7929.0000,11.0255,0.7900,49.9122,0.0004,924.3789,972.1672,47.7882
7930.0000,11.0268,0.7900,49.9103,0.0004,924.3529,972.0890,47.7360
7931.0000,11.0280,0.7900,49.9085,0.0004,924.3269,972.0108,47.6839
7932.0000,11.0293,0.7900,49.9066,0.0004,924.3009,971.9328,47.6319
7933.0000,11.0305,0.7899,49.9047,0.0004,924.2748,971.8547,47.5799
7934.0000,11.0318,0.7899,49.9029,0.0004,924.2487,971.7768,47.5281
7935.0000,11.0330,0.7899,49.9010,0.0004,924.2226,971.6989,47.4764
7936.0000,11.0343,0.7899,49.8991,0.0004,924.1964,971.6211,47.4247
7937.0000,11.0355,0.7898,49.8973,0.0004,924.1702,971.5434,47.3732
7938.0000,11.0368,0.7898,49.8954,0.0004,924.1439,971.4657,47.3218
7939.0000,11.0380,0.7898,49.8935,0.0004,924.1177,971.3881,47.2704
7940.0000,11.0392,0.7898,49.8917,0.0004,924.0913,971.3105,47.2192
7941.0000,11.0405,0.7898,49.8898,0.0004,924.0650,971.2331,47.1681
7942.0000,11.0417,0.7897,49.8879,0.0004,924.0386,971.1557,47.1171
7943.0000,11.0429,0.7897,49.8861,0.0004,924.0122,971.0784,47.0662
7944.0000,11.0442,0.7897,49.8842,0.0004,923.9858,971.0011,47.0153
7945.0000,11.0454,0.7897,49.8823,0.0004,923.9593,970.9239,46.9646
7946.0000,11.0466,0.7896,49.8805,0.0004,923.9328,970.8468,46.9140
7947.0000,11.0478,0.7896,49.8786,0.0004,923.9062,970.7698,46.8635
7948.0000,11.0490,0.7896,49.8767,0.0004,923.8797,970.6928,46.8131
7949.0000,11.0502,0.7896,49.8749,0.0004,923.8531,970.6159,46.7628
7950.0000,11.0514,0.7896,49.8730,0.0004,923.8264,970.5391,46.7127
7951.0000,11.0526,0.7895,49.8711,0.0004,923.7998,970.4623,46.6626
7952.0000,11.0538,0.7895,49.8693,0.0004,923.7731,970.3856,46.6126
7953.0000,11.0550,0.7895,49.8674,0.0004,923.7463,970.3090,46.5627
7954.0000,11.0562,0.7895,49.8655,0.0004,923.7196,970.2325,46.5129
7955.0000,11.0574,0.7894,49.8637,0.0004,923.6928,970.1560,46.4632
7956.0000,11.0586,0.7894,49.8618,0.0004,923.6660,970.0796,46.4136
7957.0000,11.0598,0.7894,49.8599,0.0004,923.6391,970.0033,46.3641
7958.0000,11.0610,0.7894,49.8581,0.0004,923.6122,969.9270,46.3148
7959.0000,11.0622,0.7894,49.8562,0.0004,923.5853,969.8508,46.2655
7960.0000,11.0633,0.7893,49.8543,0.0004,923.5584,969.7746,46.2163
7961.0000,11.0645,0.7893,49.8525,0.0004,923.5314,969.6986,46.1672
7962.0000,11.0657,0.7893,49.8506,0.0004,923.5044,969.6226,46.1182
7963.0000,11.0669,0.7893,49.8487,0.0004,923.4774,969.5466,46.0693
7964.0000,11.0680,0.7892,49.8469,0.0004,923.4503,969.4708,46.0205
7965.0000,11.0692,0.7892,49.8450,0.0004,923.4232,969.3950,45.9718
7966.0000,11.0704,0.7892,49.8431,0.0004,923.3961,969.3192,45.9231
7967.0000,11.0715,0.7892,49.8413,0.0004,923.3689,969.2436,45.8746
7968.0000,11.0727,0.7892,49.8394,0.0004,923.3417,969.1679,45.8262
7969.0000,11.0738,0.7891,49.8375,0.0004,923.3145,969.0924,45.7779
7970.0000,11.0750,0.7891,49.8357,0.0004,923.2873,969.0169,45.7296
7971.0000,11.0761,0.7891,49.8338,0.0004,923.2600,968.9415,45.6815
7972.0000,11.0773,0.7891,49.8319,0.0004,923.2327,968.8661,45.6334
7973.0000,11.0784,0.7890,49.8301,0.0004,923.2054,968.7909,45.5855
7974.0000,11.0796,0.7890,49.8282,0.0004,923.1780,968.7156,45.5376
7975.0000,11.0807,0.7890,49.8263,0.0004,923.1506,968.6405,45.4898
7976.0000,11.0819,0.7890,49.8245,0.0004,923.1232,968.5653,45.4421
7977.0000,11.0830,0.7890,49.8226,0.0004,923.0958,968.4903,45.3945
7978.0000,11.0841,0.7889,49.8207,0.0004,923.0683,968.4153,45.3470
7979.0000,11.0853,0.7889,49.8189,0.0004,923.0408,968.3404,45.2996
7980.0000,11.0864,0.7889,49.8170,0.0004,923.0133,968.2655,45.2522
7981.0000,11.0876,0.7889,49.8191,0.0004,922.9846,968.2871,45.3026
7982.0000,11.0889,0.7888,49.8212,0.0004,922.9559,968.3075,45.3516
7983.0000,11.0902,0.7888,49.8233,0.0004,922.9272,968.3269,45.3996
7984.0000,11.0916,0.7888,49.8254,0.0004,922.8987,968.3456,45.4469
7985.0000,11.0930,0.7888,49.8275,0.0004,922.8701,968.3636,45.4935
7986.0000,11.0944,0.7887,49.8296,0.0004,922.8417,968.3812,45.5395
7987.0000,11.0958,0.7887,49.8317,0.0004,922.8132,968.3982,45.5849
7988.0000,11.0972,0.7887,49.8338,0.0004,922.7849,968.4148,45.6299
7989.0000,11.0987,0.7887,49.8359,0.0004,922.7566,968.4310,45.6744
7990.0000,11.1001,0.7887,49.8380,0.0004,922.7283,968.4468,45.7185
7991.0000,11.1016,0.7886,49.8401,0.0004,922.7001,968.4622,45.7622
7992.0000,11.1031,0.7886,49.8422,0.0004,922.6719,968.4773,45.8055
7993.0000,11.1046,0.7886,49.8443,0.0004,922.6438,968.4922,45.8484
7994.0000,11.1061,0.7886,49.8464,0.0004,922.6157,968.5067,45.8910
7995.0000,11.1077,0.7885,49.8485,0.0004,922.5876,968.5209,45.9333
7996.0000,11.1092,0.7885,49.8506,0.0004,922.5597,968.5349,45.9753
7997.0000,11.1108,0.7885,49.8527,0.0004,922.5317,968.5487,46.0169
7998.0000,11.1123,0.7885,49.8548,0.0004,922.5038,968.5621,46.0583
7999.0000,11.1139,0.7885,49.8569,0.0004,922.4759,968.5754,46.0995
8000.0000,11.1155,0.7884,49.8590,0.0004,922.4481,968.5884,46.1403
8001.0000,11.1170,0.7884,49.8611,0.0004,922.4204,968.6013,46.1809
8002.0000,11.1186,0.7884,49.8632,0.0004,922.3926,968.6139,46.2213
8003.0000,11.1202,0.7884,49.8653,0.0004,922.3649,968.6263,46.2614
8004.0000,11.1219,0.7883,49.8674,0.0004,922.3373,968.6385,46.3012
8005.0000,11.1235,0.7883,49.8695,0.0004,922.3097,968.6506,46.3409
8006.0000,11.1251,0.7883,49.8716,0.0004,922.2821,968.6624,46.3803
8007.0000,11.1267,0.7883,49.8737,0.0004,922.2546,968.6741,46.4195
8008.0000,11.1284,0.7883,49.8758,0.0004,922.2271,968.6856,46.4585
8009.0000,11.1300,0.7882,49.8779,0.0004,922.1996,968.6970,46.4973
8010.0000,11.1317,0.7882,49.8800,0.0004,922.1722,968.7081,46.5359
8011.0000,11.1333,0.7882,49.8821,0.0004,922.1448,968.7192,46.5744
8012.0000,11.1350,0.7882,49.8842,0.0004,922.1175,968.7301,46.6126
8013.0000,11.1367,0.7881,49.8863,0.0004,922.0902,968.7408,46.6506
8014.0000,11.1383,0.7881,49.8884,0.0004,922.0629,968.7514,46.6885
8015.0000,11.1400,0.7881,49.8905,0.0004,922.0357,968.7618,46.7261
8016.0000,11.1417,0.7881,49.8926,0.0004,922.0085,968.7721,46.7636
8017.0000,11.1434,0.7881,49.8947,0.0004,921.9813,968.7823,46.8010
8018.0000,11.1451,0.7880,49.8968,0.0004,921.9542,968.7924,46.8381
8019.0000,11.1468,0.7880,49.8989,0.0004,921.9272,968.8023,46.8751
8020.0000,11.1485,0.7880,49.9010,0.0004,921.9001,968.8121,46.9120
8021.0000,11.1502,0.7880,49.9031,0.0004,921.8731,968.8217,46.9486
8022.0000,11.1519,0.7880,49.9052,0.0004,921.8461,968.8313,46.9852
8023.0000,11.1537,0.7879,49.9073,0.0004,921.8192,968.8407,47.0215
8024.0000,11.1554,0.7879,49.9094,0.0004,921.7923,968.8500,47.0578
8025.0000,11.1571,0.7879,49.9115,0.0004,921.7654,968.8592,47.0938
8026.0000,11.1589,0.7879,49.9136,0.0004,921.7386,968.8683,47.1298
8027.0000,11.1606,0.7878,49.9157,0.0004,921.7118,968.8773,47.1655
8028.0000,11.1624,0.7878,49.9178,0.0004,921.6850,968.8862,47.2012
8029.0000,11.1641,0.7878,49.9199,0.0004,921.6583,968.8950,47.2367
8030.0000,11.1659,0.7878,49.9220,0.0004,921.6316,968.9037,47.2721
8031.0000,11.1676,0.7878,49.9241,0.0004,921.6049,968.9122,47.3073
8032.0000,11.1694,0.7877,49.9262,0.0004,921.5783,968.9207,47.3424
8033.0000,11.1711,0.7877,49.9283,0.0004,921.5517,968.9291,47.3774
8034.0000,11.1729,0.7877,49.9304,0.0004,921.5251,968.9373,47.4122
8035.0000,11.1747,0.7877,49.9325,0.0004,921.4986,968.9455,47.4469
8036.0000,11.1765,0.7877,49.9346,0.0004,921.4721,968.9536,47.4815
8037.0000,11.1782,0.7876,49.9367,0.0004,921.4457,968.9616,47.5160
8038.0000,11.1800,0.7876,49.9388,0.0004,921.4192,968.9695,47.5503
8039.0000,11.1818,0.7876,49.9409,0.0004,921.3928,968.9774,47.5845
8040.0000,11.1836,0.7876,49.9430,0.0004,921.3665,968.9851,47.6187
8041.0000,11.1852,0.7876,49.9383,0.0004,921.3318,968.8284,47.4966
8042.0000,11.1867,0.7875,49.9337,0.0004,921.2972,968.6738,47.3766
8043.0000,11.1882,0.7875,49.9290,0.0004,921.2625,968.5206,47.2581
8044.0000,11.1897,0.7875,49.9244,0.0004,921.2278,968.3686,47.1408
8045.0000,11.1910,0.7875,49.9198,0.0004,921.1931,968.2177,47.0246
8046.0000,11.1924,0.7874,49.9151,0.0004,921.1583,968.0676,46.9093
8047.0000,11.1937,0.7874,49.9104,0.0004,921.1235,967.9183,46.7948
8048.0000,11.1950,0.7874,49.9058,0.0004,921.0886,967.7698,46.6811
8049.0000,11.1963,0.7874,49.9012,0.0004,921.0537,967.6219,46.5682
8050.0000,11.1975,0.7874,49.8965,0.0004,921.0187,967.4746,46.4559
8051.0000,11.1987,0.7873,49.8918,0.0004,920.9837,967.3280,46.3443
8052.0000,11.1999,0.7873,49.8872,0.0004,920.9486,967.1818,46.2333
8053.0000,11.2011,0.7873,49.8826,0.0004,920.9134,967.0362,46.1228
8054.0000,11.2023,0.7873,49.8779,0.0004,920.8782,966.8911,46.0129
8055.0000,11.2034,0.7873,49.8732,0.0004,920.8429,966.7464,45.9035
8056.0000,11.2045,0.7872,49.8686,0.0004,920.8076,966.6022,45.7946
8057.0000,11.2056,0.7872,49.8639,0.0004,920.7722,966.4584,45.6862
8058.0000,11.2067,0.7872,49.8593,0.0004,920.7368,966.3151,45.5783
8059.0000,11.2078,0.7872,49.8546,0.0004,920.7012,966.1721,45.4708
8060.0000,11.2088,0.7871,49.8500,0.0004,920.6657,966.0295,45.3638
8061.0000,11.2099,0.7871,49.8453,0.0004,920.6301,965.8872,45.2572
8062.0000,11.2109,0.7871,49.8407,0.0004,920.5944,965.7453,45.1510
8063.0000,11.2119,0.7871,49.8361,0.0004,920.5586,965.6038,45.0452
8064.0000,11.2129,0.7871,49.8314,0.0004,920.5228,965.4626,44.9398
8065.0000,11.2139,0.7870,49.8267,0.0004,920.4870,965.3217,44.8347
8066.0000,11.2149,0.7870,49.8221,0.0004,920.4511,965.1811,44.7301
8067.0000,11.2158,0.7870,49.8175,0.0004,920.4151,965.0409,44.6258
8068.0000,11.2168,0.7870,49.8128,0.0004,920.3791,964.9009,44.5218
8069.0000,11.2177,0.7870,49.8081,0.0004,920.3430,964.7612,44.4182
8070.0000,11.2186,0.7869,49.8035,0.0004,920.3069,964.6218,44.3149
8071.0000,11.2195,0.7869,49.7989,0.0004,920.2707,964.4827,44.2120
8072.0000,11.2204,0.7869,49.7942,0.0004,920.2344,964.3438,44.1094
8073.0000,11.2213,0.7869,49.7895,0.0004,920.1981,964.2052,44.0071
8074.0000,11.2222,0.7868,49.7849,0.0004,920.1617,964.0669,43.9051
8075.0000,11.2231,0.7868,49.7803,0.0004,920.1253,963.9288,43.8035
8076.0000,11.2240,0.7868,49.7756,0.0004,920.0888,963.7909,43.7021
8077.0000,11.2248,0.7868,49.7709,0.0004,920.0523,963.6533,43.6010
8078.0000,11.2257,0.7868,49.7663,0.0004,920.0157,963.5160,43.5003
8079.0000,11.2265,0.7867,49.7617,0.0004,919.9791,963.3788,43.3998
8080.0000,11.2273,0.7867,49.7570,0.0004,919.9424,963.2419,43.2996
8081.0000,11.2281,0.7867,49.7523,0.0004,919.9056,963.1052,43.1996
8082.0000,11.2289,0.7867,49.7477,0.0004,919.8688,962.9688,43.1000
8083.0000,11.2297,0.7866,49.7431,0.0004,919.8319,962.8325,43.0006
8084.0000,11.2305,0.7866,49.7384,0.0004,919.7950,962.6965,42.9015
8085.0000,11.2313,0.7866,49.7338,0.0004,919.7581,962.5607,42.8026
8086.0000,11.2321,0.7866,49.7291,0.0004,919.7210,962.4250,42.7040
8087.0000,11.2329,0.7865,49.7244,0.0004,919.6839,962.2896,42.6057
8088.0000,11.2336,0.7865,49.7198,0.0004,919.6468,962.1544,42.5076
8089.0000,11.2344,0.7865,49.7152,0.0004,919.6096,962.0194,42.4097
8090.0000,11.2351,0.7865,49.7105,0.0004,919.5724,961.8845,42.3121
8091.0000,11.2359,0.7865,49.7058,0.0004,919.5351,961.7499,42.2148
8092.0000,11.2366,0.7864,49.7012,0.0004,919.4977,961.6154,42.1177
8093.0000,11.2373,0.7864,49.6966,0.0004,919.4603,961.4811,42.0208
8094.0000,11.2380,0.7864,49.6919,0.0004,919.4229,961.3470,41.9242
8095.0000,11.2387,0.7864,49.6872,0.0004,919.3854,961.2131,41.8277
8096.0000,11.2394,0.7863,49.6826,0.0004,919.3478,961.0794,41.7316
8097.0000,11.2401,0.7863,49.6780,0.0004,919.3102,960.9458,41.6356
8098.0000,11.2408,0.7863,49.6733,0.0004,919.2726,960.8124,41.5399
8099.0000,11.2415,0.7863,49.6686,0.0004,919.2348,960.6792,41.4444
8100.0000,11.2422,0.7862,49.6640,0.0004,919.1971,960.5461,41.3491
8101.0000,11.2431,0.7862,49.6718,0.0004,919.1726,960.7175,41.5450
8102.0000,11.2443,0.7862,49.6797,0.0004,919.1481,960.8851,41.7370
8103.0000,11.2456,0.7862,49.6876,0.0004,919.1236,961.0499,41.9263
8104.0000,11.2469,0.7862,49.6954,0.0004,919.0993,961.2125,42.1132
8105.0000,11.2483,0.7861,49.7033,0.0004,919.0750,961.3732,42.2982
8106.0000,11.2498,0.7861,49.7111,0.0004,919.0509,961.5323,42.4814
8107.0000,11.2514,0.7861,49.7189,0.0004,919.0268,961.6899,42.6630
8108.0000,11.2530,0.7861,49.7268,0.0004,919.0029,961.8461,42.8432
8109.0000,11.2546,0.7860,49.7347,0.0004,918.9791,962.0011,43.0220
8110.0000,11.2563,0.7860,49.7425,0.0004,918.9554,962.1550,43.1996
8111.0000,11.2580,0.7860,49.7503,0.0004,918.9318,962.3078,43.3759
8112.0000,11.2598,0.7860,49.7582,0.0004,918.9084,962.4595,43.5511
8113.0000,11.2616,0.7859,49.7660,0.0004,918.8850,962.6103,43.7253
8114.0000,11.2635,0.7859,49.7739,0.0004,918.8618,962.7602,43.8984
8115.0000,11.2654,0.7859,49.7818,0.0004,918.8387,962.9093,44.0706
8116.0000,11.2673,0.7859,49.7896,0.0004,918.8158,963.0575,44.2418
8117.0000,11.2693,0.7859,49.7974,0.0004,918.7929,963.2050,44.4121
8118.0000,11.2712,0.7858,49.8053,0.0004,918.7702,963.3517,44.5815
8119.0000,11.2732,0.7858,49.8132,0.0004,918.7475,963.4977,44.7501
8120.0000,11.2753,0.7858,49.8210,0.0004,918.7250,963.6429,44.9179
8121.0000,11.2773,0.7858,49.8289,0.0004,918.7027,963.7875,45.0849
8122.0000,11.2794,0.7857,49.8367,0.0004,918.6804,963.9315,45.2511
8123.0000,11.2816,0.7857,49.8445,0.0004,918.6582,964.0748,45.4166
8124.0000,11.2837,0.7857,49.8524,0.0004,918.6362,964.2176,45.5814
8125.0000,11.2859,0.7857,49.8603,0.0004,918.6143,964.3597,45.7454
8126.0000,11.2880,0.7857,49.8681,0.0004,918.5925,964.5013,45.9088
8127.0000,11.2903,0.7856,49.8760,0.0004,918.5708,964.6423,46.0715
8128.0000,11.2925,0.7856,49.8838,0.0004,918.5492,964.7827,46.2335
8129.0000,11.2947,0.7856,49.8916,0.0004,918.5278,964.9227,46.3949
8130.0000,11.2970,0.7856,49.8995,0.0004,918.5064,965.0621,46.5557
8131.0000,11.2993,0.7856,49.9074,0.0004,918.4852,965.2011,46.7159
8132.0000,11.3016,0.7855,49.9152,0.0004,918.4641,965.3395,46.8754
8133.0000,11.3040,0.7855,49.9230,0.0004,918.4431,965.4775,47.0344
8134.0000,11.3063,0.7855,49.9309,0.0004,918.4222,965.6150,47.1928
8135.0000,11.3087,0.7855,49.9387,0.0004,918.4014,965.7520,47.3506
8136.0000,11.3111,0.7855,49.9466,0.0004,918.3807,965.8886,47.5079
8137.0000,11.3135,0.7854,49.9545,0.0004,918.3602,966.0248,47.6646
8138.0000,11.3159,0.7854,49.9623,0.0004,918.3397,966.1605,47.8208
8139.0000,11.3183,0.7854,49.9701,0.0004,918.3194,966.2959,47.9765
8140.0000,11.3208,0.7854,49.9780,0.0004,918.2992,966.4308,48.1316
8141.0000,11.3232,0.7854,49.9858,0.0004,918.2791,966.5653,48.2862
8142.0000,11.3257,0.7853,49.9937,0.0004,918.2590,966.6994,48.4404
8143.0000,11.3282,0.7853,50.0016,0.0004,918.2391,966.8332,48.5940
8144.0000,11.3307,0.7853,50.0094,0.0004,918.2194,966.9665,48.7472
8145.0000,11.3333,0.7853,50.0172,0.0004,918.1997,967.0995,48.8998
8146.0000,11.3358,0.7853,50.0251,0.0004,918.1801,967.2321,49.0520
8147.0000,11.3384,0.7852,50.0329,0.0004,918.1606,967.3644,49.2037
8148.0000,11.3409,0.7852,50.0408,0.0004,918.1413,967.4963,49.3550
8149.0000,11.3435,0.7852,50.0487,0.0004,918.1220,967.6278,49.5058
8150.0000,11.3461,0.7852,50.0565,0.0004,918.1028,967.7590,49.6562
8151.0000,11.3488,0.7852,50.0643,0.0004,918.0838,967.8899,49.8061
8152.0000,11.3514,0.7851,50.0722,0.0004,918.0649,968.0204,49.9556
8153.0000,11.3540,0.7851,50.0800,0.0004,918.0460,968.1507,50.1046
8154.0000,11.3567,0.7851,50.0879,0.0004,918.0273,968.2805,50.2533
8155.0000,11.3593,0.7851,50.0957,0.0004,918.0087,968.4101,50.4015
8156.0000,11.3620,0.7851,50.1036,0.0004,917.9901,968.5394,50.5492
8157.0000,11.3647,0.7850,50.1114,0.0004,917.9717,968.6683,50.6966
8158.0000,11.3674,0.7850,50.1193,0.0004,917.9534,968.7970,50.8436
8159.0000,11.3701,0.7850,50.1272,0.0004,917.9352,968.9253,50.9902
8160.0000,11.3729,0.7850,50.1350,0.0004,917.9171,969.0534,51.1363
8161.0000,11.3753,0.7850,50.1311,0.0004,917.8944,968.8957,51.0014
8162.0000,11.3776,0.7850,50.1272,0.0004,917.8716,968.7417,50.8700
8163.0000,11.3797,0.7849,50.1233,0.0004,917.8488,968.5901,50.7413
8164.0000,11.3818,0.7849,50.1195,0.0004,917.8260,968.4406,50.6146
8165.0000,11.3839,0.7849,50.1156,0.0004,917.8030,968.2927,50.4897
8166.0000,11.3858,0.7849,50.1117,0.0004,917.7800,968.1463,50.3664
8167.0000,11.3878,0.7849,50.1078,0.0004,917.7568,968.0012,50.2444
8168.0000,11.3896,0.7848,50.1039,0.0004,917.7336,967.8573,50.1238
8169.0000,11.3915,0.7848,50.1000,0.0004,917.7102,967.7145,50.0043
8170.0000,11.3933,0.7848,50.0962,0.0004,917.6868,967.5727,49.8858
8171.0000,11.3950,0.7848,50.0923,0.0004,917.6633,967.4317,49.7684
8172.0000,11.3967,0.7848,50.0884,0.0004,917.6397,967.2917,49.6520
8173.0000,11.3984,0.7847,50.0845,0.0004,917.6160,967.1524,49.5364
8174.0000,11.4001,0.7847,50.0806,0.0004,917.5922,967.0139,49.4217
8175.0000,11.4017,0.7847,50.0767,0.0004,917.5684,966.8761,49.3077
8176.0000,11.4033,0.7847,50.0729,0.0004,917.5444,966.7390,49.1946
8177.0000,11.4049,0.7847,50.0690,0.0004,917.5204,966.6026,49.0822
8178.0000,11.4064,0.7847,50.0651,0.0004,917.4963,966.4667,48.9704
8179.0000,11.4080,0.7846,50.0612,0.0004,917.4721,966.3315,48.8594
8180.0000,11.4095,0.7846,50.0573,0.0004,917.4478,966.1968,48.7490
8181.0000,11.4109,0.7846,50.0534,0.0004,917.4234,966.0626,48.6392
8182.0000,11.4124,0.7846,50.0496,0.0004,917.3990,965.9290,48.5300
8183.0000,11.4138,0.7846,50.0457,0.0004,917.3745,965.7959,48.4215
8184.0000,11.4153,0.7845,50.0418,0.0004,917.3498,965.6633,48.3134
8185.0000,11.4167,0.7845,50.0379,0.0004,917.3252,965.5311,48.2060
8186.0000,11.4181,0.7845,50.0340,0.0004,917.3004,965.3994,48.0990
8187.0000,11.4194,0.7845,50.0301,0.0004,917.2755,965.2681,47.9926
8188.0000,11.4208,0.7845,50.0263,0.0004,917.2506,965.1373,47.8867
8189.0000,11.4221,0.7844,50.0224,0.0004,917.2256,965.0068,47.7812
8190.0000,11.4234,0.7844,50.0185,0.0004,917.2005,964.8768,47.6763
8191.0000,11.4247,0.7844,50.0146,0.0004,917.1754,964.7472,47.5718
8192.0000,11.4260,0.7844,50.0107,0.0004,917.1502,964.6179,47.4677
8193.0000,11.4273,0.7844,50.0069,0.0004,917.1249,964.4890,47.3641
8194.0000,11.4285,0.7843,50.0030,0.0004,917.0995,964.3604,47.2609
8195.0000,11.4298,0.7843,49.9991,0.0004,917.0740,964.2322,47.1582
8196.0000,11.4310,0.7843,49.9952,0.0004,917.0485,964.1044,47.0559
8197.0000,11.4322,0.7843,49.9913,0.0004,917.0229,963.9768,46.9539
8198.0000,11.4334,0.7842,49.9874,0.0004,916.9972,963.8496,46.8524
8199.0000,11.4346,0.7842,49.9836,0.0004,916.9715,963.7227,46.7512
8200.0000,11.4358,0.7842,49.9797,0.0004,916.9457,963.5962,46.6505
8201.0000,11.4370,0.7842,49.9758,0.0004,916.9198,963.4699,46.5501
8202.0000,11.4381,0.7842,49.9719,0.0004,916.8939,963.3439,46.4501
8203.0000,11.4393,0.7841,49.9680,0.0004,916.8678,963.2182,46.3504
8204.0000,11.4404,0.7841,49.9641,0.0004,916.8417,963.0928,46.2511
8205.0000,11.4415,0.7841,49.9603,0.0004,916.8156,962.9677,46.1521
8206.0000,11.4427,0.7841,49.9564,0.0004,916.7893,962.8428,46.0535
8207.0000,11.4438,0.7841,49.9525,0.0004,916.7630,962.7182,45.9552
8208.0000,11.4448,0.7840,49.9486,0.0004,916.7367,962.5939,45.8572
8209.0000,11.4459,0.7840,49.9447,0.0004,916.7102,962.4698,45.7596
8210.0000,11.4470,0.7840,49.9408,0.0004,916.6837,962.3460,45.6623
8211.0000,11.4481,0.7840,49.9370,0.0004,916.6572,962.2225,45.5653
8212.0000,11.4491,0.7840,49.9331,0.0004,916.6305,962.0991,45.4686
8213.0000,11.4501,0.7839,49.9292,0.0004,916.6038,961.9760,45.3722
8214.0000,11.4512,0.7839,49.9253,0.0004,916.5771,961.8532,45.2761
8215.0000,11.4522,0.7839,49.9214,0.0004,916.5502,961.7306,45.1803
8216.0000,11.4532,0.7839,49.9175,0.0004,916.5233,961.6082,45.0848
8217.0000,11.4542,0.7838,49.9137,0.0004,916.4964,961.4860,44.9896
8218.0000,11.4552,0.7838,49.9098,0.0004,916.4693,961.3640,44.8947
8219.0000,11.4562,0.7838,49.9059,0.0004,916.4422,961.2423,44.8001
8220.0000,11.4572,0.7838,49.9020,0.0004,916.4151,961.1208,44.7057
8221.0000,11.4583,0.7838,49.9046,0.0004,916.3838,961.1562,44.7724
8222.0000,11.4596,0.7837,49.9071,0.0004,916.3527,961.1896,44.8369
8223.0000,11.4608,0.7837,49.9097,0.0004,916.3216,961.2216,44.9000
8224.0000,11.4622,0.7837,49.9123,0.0004,916.2906,961.2525,44.9619
8225.0000,11.4635,0.7837,49.9148,0.0004,916.2597,961.2824,45.0227
8226.0000,11.4649,0.7836,49.9174,0.0004,916.2289,961.3116,45.0827
8227.0000,11.4664,0.7836,49.9200,0.0004,916.1981,961.3400,45.1419
8228.0000,11.4678,0.7836,49.9225,0.0004,916.1674,961.3679,45.2004
8229.0000,11.4693,0.7836,49.9251,0.0004,916.1368,961.3951,45.2583
8230.0000,11.4708,0.7836,49.9277,0.0004,916.1063,961.4218,45.3155
8231.0000,11.4723,0.7835,49.9302,0.0004,916.0758,961.4481,45.3722
8232.0000,11.4738,0.7835,49.9328,0.0004,916.0454,961.4738,45.4284
8233.0000,11.4754,0.7835,49.9354,0.0004,916.0151,961.4992,45.4841
8234.0000,11.4770,0.7835,49.9379,0.0004,915.9848,961.5241,45.5393
8235.0000,11.4786,0.7835,49.9405,0.0004,915.9546,961.5487,45.5941
8236.0000,11.4802,0.7834,49.9431,0.0004,915.9244,961.5729,45.6485
8237.0000,11.4818,0.7834,49.9456,0.0004,915.8943,961.5968,45.7024
8238.0000,11.4834,0.7834,49.9482,0.0004,915.8643,961.6203,45.7560
8239.0000,11.4850,0.7834,49.9508,0.0004,915.8343,961.6436,45.8092
8240.0000,11.4867,0.7834,49.9533,0.0004,915.8044,961.6665,45.8621
8241.0000,11.4883,0.7833,49.9559,0.0004,915.7746,961.6892,45.9146
8242.0000,11.4900,0.7833,49.9585,0.0004,915.7448,961.7116,45.9669
8243.0000,11.4917,0.7833,49.9610,0.0004,915.7150,961.7338,46.0188
8244.0000,11.4934,0.7833,49.9636,0.0004,915.6854,961.7557,46.0703
8245.0000,11.4951,0.7832,49.9662,0.0004,915.6557,961.7774,46.1216
8246.0000,11.4968,0.7832,49.9687,0.0004,915.6261,961.7988,46.1727
8247.0000,11.4985,0.7832,49.9713,0.0004,915.5966,961.8200,46.2234
8248.0000,11.5002,0.7832,49.9739,0.0004,915.5671,961.8410,46.2739
8249.0000,11.5020,0.7832,49.9764,0.0004,915.5377,961.8618,46.3241
8250.0000,11.5037,0.7831,49.9790,0.0004,915.5084,961.8824,46.3741
8251.0000,11.5055,0.7831,49.9816,0.0004,915.4790,961.9028,46.4238
8252.0000,11.5072,0.7831,49.9841,0.0004,915.4498,961.9230,46.4732
8253.0000,11.5090,0.7831,49.9867,0.0004,915.4206,961.9430,46.5225
8254.0000,11.5108,0.7831,49.9893,0.0004,915.3914,961.9629,46.5715
8255.0000,11.5125,0.7830,49.9918,0.0004,915.3623,961.9826,46.6203
8256.0000,11.5143,0.7830,49.9944,0.0004,915.3332,962.0021,46.6688
8257.0000,11.5161,0.7830,49.9970,0.0004,915.3042,962.0214,46.7172
8258.0000,11.5179,0.7830,49.9995,0.0004,915.2752,962.0406,46.7653
8259.0000,11.5197,0.7830,50.0021,0.0004,915.2463,962.0596,46.8133
8260.0000,11.5215,0.7829,50.0047,0.0004,915.2174,962.0784,46.8610
8261.0000,11.5233,0.7829,50.0072,0.0004,915.1886,962.0972,46.9085
8262.0000,11.5252,0.7829,50.0098,0.0004,915.1598,962.1157,46.9559
8263.0000,11.5270,0.7829,50.0124,0.0004,915.1311,962.1341,47.0031
8264.0000,11.5288,0.7829,50.0149,0.0004,915.1024,962.1524,47.0500
8265.0000,11.5307,0.7828,50.0175,0.0004,915.0738,962.1706,47.0968
8266.0000,11.5325,0.7828,50.0201,0.0004,915.0452,962.1886,47.1434
8267.0000,11.5344,0.7828,50.0226,0.0004,915.0166,962.2065,47.1899
8268.0000,11.5362,0.7828,50.0252,0.0004,914.9881,962.2242,47.2361
8269.0000,11.5381,0.7828,50.0278,0.0004,914.9597,962.2419,47.2822
8270.0000,11.5400,0.7827,50.0303,0.0004,914.9312,962.2594,47.3281
8271.0000,11.5418,0.7827,50.0329,0.0004,914.9029,962.2768,47.3739
8272.0000,11.5437,0.7827,50.0355,0.0004,914.8745,962.2940,47.4195
8273.0000,11.5456,0.7827,50.0380,0.0004,914.8463,962.3112,47.4649
8274.0000,11.5475,0.7827,50.0406,0.0004,914.8180,962.3282,47.5102
8275.0000,11.5494,0.7826,50.0432,0.0004,914.7898,962.3451,47.5553
8276.0000,11.5513,0.7826,50.0457,0.0004,914.7617,962.3619,47.6003
8277.0000,11.5532,0.7826,50.0483,0.0004,914.7335,962.3786,47.6451
8278.0000,11.5551,0.7826,50.0509,0.0004,914.7055,962.3952,47.6898
8279.0000,11.5570,0.7826,50.0534,0.0004,914.6774,962.4117,47.7343
8280.0000,11.5589,0.7826,50.0560,0.0004,914.6495,962.4281,47.7787
8281.0000,11.5606,0.7825,50.0502,0.0004,914.6268,962.2419,47.6152
8282.0000,11.5621,0.7825,50.0445,0.0004,914.6039,962.0585,47.4546
8283.0000,11.5636,0.7825,50.0387,0.0004,914.5809,961.8771,47.2962
8284.0000,11.5650,0.7825,50.0329,0.0004,914.5577,961.6972,47.1395
8285.0000,11.5664,0.7825,50.0272,0.0004,914.5344,961.5187,46.9843
8286.0000,11.5677,0.7824,50.0214,0.0004,914.5110,961.3414,46.8305
8287.0000,11.5690,0.7824,50.0156,0.0004,914.4874,961.1652,46.6778
8288.0000,11.5703,0.7824,50.0099,0.0004,914.4637,960.9900,46.5263
8289.0000,11.5715,0.7824,50.0041,0.0004,914.4398,960.8156,46.3758
8290.0000,11.5726,0.7824,49.9983,0.0004,914.4159,960.6421,46.2262
8291.0000,11.5738,0.7823,49.9926,0.0004,914.3918,960.4694,46.0776
8292.0000,11.5749,0.7823,49.9868,0.0004,914.3675,960.2973,45.9298
8293.0000,11.5760,0.7823,49.9810,0.0004,914.3432,960.1260,45.7828
8294.0000,11.5771,0.7823,49.9753,0.0004,914.3187,959.9554,45.6367
8295.0000,11.5781,0.7822,49.9695,0.0004,914.2941,959.7854,45.4912
8296.0000,11.5791,0.7822,49.9637,0.0004,914.2694,959.6159,45.3465
8297.0000,11.5801,0.7822,49.9580,0.0004,914.2446,959.4471,45.2025
8298.0000,11.5810,0.7822,49.9522,0.0004,914.2197,959.2788,45.0591
8299.0000,11.5820,0.7822,49.9464,0.0004,914.1946,959.1110,44.9164
8300.0000,11.5829,0.7821,49.9407,0.0004,914.1695,958.9437,44.7743
8301.0000,11.5838,0.7821,49.9349,0.0004,914.1442,958.7770,44.6328
8302.0000,11.5847,0.7821,49.9291,0.0004,914.1188,958.6107,44.4918
8303.0000,11.5856,0.7821,49.9234,0.0004,914.0933,958.4448,44.3515
8304.0000,11.5864,0.7821,49.9176,0.0004,914.0678,958.2795,44.2117
8305.0000,11.5873,0.7820,49.9118,0.0004,914.0421,958.1145,44.0725
8306.0000,11.5881,0.7820,49.9061,0.0004,914.0162,957.9500,43.9337
8307.0000,11.5889,0.7820,49.9003,0.0004,913.9903,957.7859,43.7955
8308.0000,11.5896,0.7820,49.8945,0.0004,913.9643,957.6221,43.6578
8309.0000,11.5904,0.7819,49.8888,0.0004,913.9382,957.4588,43.5206
8310.0000,11.5912,0.7819,49.8830,0.0004,913.9120,957.2959,43.3839
8311.0000,11.5919,0.7819,49.8772,0.0004,913.8857,957.1333,43.2476
8312.0000,11.5926,0.7819,49.8715,0.0004,913.8592,956.9711,43.1118
8313.0000,11.5933,0.7819,49.8657,0.0004,913.8327,956.8092,42.9765
8314.0000,11.5940,0.7818,49.8599,0.0004,913.8061,956.6477,42.8416
8315.0000,11.5947,0.7818,49.8542,0.0004,913.7794,956.4865,42.7071
8316.0000,11.5954,0.7818,49.8484,0.0004,913.7526,956.3257,42.5731
8317.0000,11.5960,0.7818,49.8426,0.0004,913.7256,956.1652,42.4395
8318.0000,11.5967,0.7817,49.8369,0.0004,913.6986,956.0050,42.3063
8319.0000,11.5973,0.7817,49.8311,0.0004,913.6715,955.8451,42.1735
8320.0000,11.5979,0.7817,49.8253,0.0004,913.6443,955.6855,42.0412
8321.0000,11.5985,0.7817,49.8196,0.0004,913.6170,955.5262,41.9092
8322.0000,11.5991,0.7817,49.8138,0.0004,913.5896,955.3672,41.7776
8323.0000,11.5997,0.7816,49.8080,0.0004,913.5622,955.2085,41.6464
8324.0000,11.6003,0.7816,49.8023,0.0004,913.5346,955.0501,41.5155
8325.0000,11.6008,0.7816,49.7965,0.0004,913.5069,954.8920,41.3851
8326.0000,11.6014,0.7816,49.7907,0.0004,913.4791,954.7341,41.2550
8327.0000,11.6019,0.7815,49.7850,0.0004,913.4513,954.5765,41.1253
8328.0000,11.6024,0.7815,49.7792,0.0004,913.4233,954.4192,40.9959
8329.0000,11.6029,0.7815,49.7734,0.0004,913.3953,954.2622,40.8669
8330.0000,11.6035,0.7815,49.7677,0.0004,913.3672,954.1054,40.7382
8331.0000,11.6039,0.7814,49.7619,0.0004,913.3390,953.9488,40.6099
8332.0000,11.6044,0.7814,49.7561,0.0004,913.3107,953.7926,40.4819
8333.0000,11.6049,0.7814,49.7504,0.0004,913.2823,953.6365,40.3543
8334.0000,11.6054,0.7814,49.7446,0.0004,913.2538,953.4807,40.2269
8335.0000,11.6058,0.7813,49.7388,0.0004,913.2252,953.3252,40.1000
8336.0000,11.6063,0.7813,49.7331,0.0004,913.1965,953.1698,39.9733
8337.0000,11.6067,0.7813,49.7273,0.0004,913.1678,953.0148,39.8470
8338.0000,11.6071,0.7813,49.7215,0.0004,913.1390,952.8599,39.7209
8339.0000,11.6076,0.7812,49.7158,0.0004,913.1100,952.7053,39.5952
8340.0000,11.6080,0.7812,49.7100,0.0004,913.0810,952.5509,39.4698
8341.0000,11.6086,0.7812,49.7134,0.0004,913.0463,952.6198,39.5735
8342.0000,11.6094,0.7812,49.7168,0.0004,913.0117,952.6858,39.6741
8343.0000,11.6103,0.7812,49.7203,0.0004,912.9772,952.7497,39.7725
8344.0000,11.6112,0.7811,49.7237,0.0004,912.9429,952.8120,39.8691
8345.0000,11.6122,0.7811,49.7271,0.0004,912.9086,952.8729,39.9643
8346.0000,11.6132,0.7811,49.7305,0.0004,912.8745,952.9326,40.0581
8347.0000,11.6143,0.7811,49.7339,0.0004,912.8405,952.9912,40.1507
8348.0000,11.6154,0.7810,49.7373,0.0004,912.8066,953.0489,40.2422
8349.0000,11.6165,0.7810,49.7407,0.0004,912.7728,953.1056,40.3328
8350.0000,11.6177,0.7810,49.7442,0.0004,912.7391,953.1616,40.4224
8351.0000,11.6189,0.7810,49.7476,0.0004,912.7056,953.2167,40.5112
8352.0000,11.6202,0.7809,49.7510,0.0004,912.6721,953.2712,40.5991
8353.0000,11.6214,0.7809,49.7544,0.0004,912.6387,953.3250,40.6863
8354.0000,11.6227,0.7809,49.7578,0.0004,912.6054,953.3782,40.7728
8355.0000,11.6240,0.7809,49.7612,0.0004,912.5722,953.4308,40.8586
8356.0000,11.6254,0.7808,49.7647,0.0004,912.5390,953.4828,40.9437
8357.0000,11.6267,0.7808,49.7681,0.0004,912.5060,953.5343,41.0283
8358.0000,11.6281,0.7808,49.7715,0.0004,912.4731,953.5852,41.1122
8359.0000,11.6295,0.7808,49.7749,0.0004,912.4402,953.6357,41.1955
8360.0000,11.6309,0.7808,49.7783,0.0004,912.4075,953.6857,41.2783
8361.0000,11.6323,0.7807,49.7818,0.0004,912.3748,953.7353,41.3605
8362.0000,11.6338,0.7807,49.7852,0.0004,912.3422,953.7844,41.4423
8363.0000,11.6353,0.7807,49.7886,0.0004,912.3096,953.8331,41.5235
8364.0000,11.6367,0.7807,49.7920,0.0004,912.2772,953.8815,41.6042
8365.0000,11.6382,0.7806,49.7954,0.0004,912.2449,953.9294,41.6845
8366.0000,11.6398,0.7806,49.7988,0.0004,912.2126,953.9769,41.7644
8367.0000,11.6413,0.7806,49.8023,0.0004,912.1804,954.0241,41.8437
8368.0000,11.6428,0.7806,49.8057,0.0004,912.1483,954.0710,41.9227
8369.0000,11.6444,0.7806,49.8091,0.0004,912.1162,954.1175,42.0012
8370.0000,11.6460,0.7805,49.8125,0.0004,912.0843,954.1636,42.0794
8371.0000,11.6475,0.7805,49.8159,0.0004,912.0524,954.2095,42.1571
8372.0000,11.6491,0.7805,49.8193,0.0004,912.0205,954.2550,42.2344
8373.0000,11.6507,0.7805,49.8227,0.0004,911.9888,954.3002,42.3114
8374.0000,11.6524,0.7804,49.8262,0.0004,911.9571,954.3451,42.3880
8375.0000,11.6540,0.7804,49.8296,0.0004,911.9255,954.3898,42.4642
8376.0000,11.6556,0.7804,49.8330,0.0004,911.8940,954.4341,42.5401
8377.0000,11.6573,0.7804,49.8364,0.0004,911.8626,954.4782,42.6157
8378.0000,11.6590,0.7804,49.8398,0.0004,911.8312,954.5220,42.6909
8379.0000,11.6606,0.7803,49.8432,0.0004,911.7999,954.5656,42.7657
8380.0000,11.6623,0.7803,49.8467,0.0004,911.7686,954.6089,42.8403
8381.0000,11.6640,0.7803,49.8501,0.0004,911.7375,954.6519,42.9145
8382.0000,11.6657,0.7803,49.8535,0.0004,911.7064,954.6947,42.9884
8383.0000,11.6674,0.7802,49.8569,0.0004,911.6753,954.7373,43.0620
8384.0000,11.6691,0.7802,49.8603,0.0004,911.6444,954.7796,43.1353
8385.0000,11.6709,0.7802,49.8637,0.0004,911.6135,954.8217,43.2083
8386.0000,11.6726,0.7802,49.8672,0.0004,911.5826,954.8636,43.2810
8387.0000,11.6744,0.7802,49.8706,0.0004,911.5519,954.9053,43.3534
8388.0000,11.6761,0.7801,49.8740,0.0004,911.5212,954.9467,43.4255
8389.0000,11.6779,0.7801,49.8774,0.0004,911.4905,954.9879,43.4974
8390.0000,11.6797,0.7801,49.8808,0.0004,911.4600,955.0289,43.5690
8391.0000,11.6815,0.7801,49.8843,0.0004,911.4295,955.0698,43.6403
8392.0000,11.6833,0.7801,49.8877,0.0004,911.3990,955.1104,43.7113
8393.0000,11.6851,0.7800,49.8911,0.0004,911.3687,955.1508,43.7821
8394.0000,11.6869,0.7800,49.8945,0.0004,911.3384,955.1910,43.8527
8395.0000,11.6887,0.7800,49.8979,0.0004,911.3081,955.2310,43.9229
8396.0000,11.6905,0.7800,49.9013,0.0004,911.2779,955.2709,43.9930
8397.0000,11.6923,0.7800,49.9047,0.0004,911.2478,955.3105,44.0627
8398.0000,11.6942,0.7799,49.9082,0.0004,911.2178,955.3500,44.1323
8399.0000,11.6960,0.7799,49.9116,0.0004,911.1878,955.3893,44.2016
8400.0000,11.6979,0.7799,49.9150,0.0004,911.1578,955.4285,44.2706
8401.0000,11.6996,0.7799,49.9151,0.0004,911.1337,955.3865,44.2529
8402.0000,11.7013,0.7799,49.9152,0.0004,911.1094,955.3456,44.2362
8403.0000,11.7030,0.7798,49.9153,0.0004,911.0852,955.3054,44.2202
8404.0000,11.7047,0.7798,49.9153,0.0004,911.0609,955.2658,44.2049
8405.0000,11.7064,0.7798,49.9154,0.0004,911.0365,955.2265,44.1900
8406.0000,11.7080,0.7798,49.9155,0.0004,911.0122,955.1877,44.1755
8407.0000,11.7096,0.7797,49.9156,0.0004,910.9878,955.1492,44.1614
8408.0000,11.7112,0.7797,49.9157,0.0004,910.9633,955.1109,44.1476
8409.0000,11.7128,0.7797,49.9158,0.0004,910.9389,955.0730,44.1341
8410.0000,11.7144,0.7797,49.9158,0.0004,910.9144,955.0352,44.1208
8411.0000,11.7160,0.7797,49.9159,0.0004,910.8899,954.9977,44.1078
8412.0000,11.7176,0.7796,49.9160,0.0004,910.8654,954.9603,44.0950
8413.0000,11.7192,0.7796,49.9161,0.0004,910.8408,954.9232,44.0824
8414.0000,11.7207,0.7796,49.9162,0.0004,910.8163,954.8862,44.0699
8415.0000,11.7223,0.7796,49.9162,0.0004,910.7917,954.8494,44.0577
8416.0000,11.7238,0.7796,49.9163,0.0004,910.7671,954.8127,44.0456
8417.0000,11.7254,0.7795,49.9164,0.0004,910.7425,954.7761,44.0336
8418.0000,11.7269,0.7795,49.9165,0.0004,910.7179,954.7397,44.0218
8419.0000,11.7284,0.7795,49.9166,0.0004,910.6932,954.7034,44.0101
8420.0000,11.7300,0.7795,49.9167,0.0004,910.6686,954.6672,43.9986
8421.0000,11.7315,0.7795,49.9168,0.0004,910.6439,954.6311,43.9872
8422.0000,11.7330,0.7794,49.9168,0.0004,910.6192,954.5951,43.9758
8423.0000,11.7345,0.7794,49.9169,0.0004,910.5945,954.5592,43.9646
8424.0000,11.7361,0.7794,49.9170,0.0004,910.5698,954.5234,43.9535
8425.0000,11.7376,0.7794,49.9171,0.0004,910.5451,954.4876,43.9425
8426.0000,11.7391,0.7794,49.9172,0.0004,910.5204,954.4520,43.9316
8427.0000,11.7406,0.7793,49.9173,0.0004,910.4956,954.4164,43.9208
8428.0000,11.7421,0.7793,49.9173,0.0004,910.4709,954.3809,43.9101
8429.0000,11.7436,0.7793,49.9174,0.0004,910.4461,954.3455,43.8994
8430.0000,11.7451,0.7793,49.9175,0.0004,910.4214,954.3102,43.8888
8431.0000,11.7466,0.7792,49.9176,0.0004,910.3966,954.2749,43.8783
8432.0000,11.7481,0.7792,49.9177,0.0004,910.3718,954.2397,43.8679
8433.0000,11.7496,0.7792,49.9177,0.0004,910.3470,954.2045,43.8575
8434.0000,11.7511,0.7792,49.9178,0.0004,910.3222,954.1694,43.8472
8435.0000,11.7525,0.7792,49.9179,0.0004,910.2974,954.1344,43.8370
8436.0000,11.7540,0.7791,49.9180,0.0004,910.2725,954.0994,43.8268
8437.0000,11.7555,0.7791,49.9181,0.0004,910.2477,954.0644,43.8167
8438.0000,11.7570,0.7791,49.9182,0.0004,910.2229,954.0295,43.8067
8439.0000,11.7585,0.7791,49.9183,0.0004,910.1980,953.9947,43.7967
8440.0000,11.7599,0.7791,49.9183,0.0004,910.1731,953.9599,43.7867
8441.0000,11.7614,0.7790,49.9184,0.0004,910.1483,953.9251,43.7769
8442.0000,11.7629,0.7790,49.9185,0.0004,910.1234,953.8904,43.7670
8443.0000,11.7644,0.7790,49.9186,0.0004,910.0985,953.8558,43.7572
8444.0000,11.7658,0.7790,49.9187,0.0004,910.0736,953.8211,43.7475
8445.0000,11.7673,0.7790,49.9188,0.0004,910.0487,953.7866,43.7378
8446.0000,11.7688,0.7789,49.9188,0.0004,910.0238,953.7520,43.7282
8447.0000,11.7702,0.7789,49.9189,0.0004,909.9989,953.7175,43.7186
8448.0000,11.7717,0.7789,49.9190,0.0004,909.9740,953.6830,43.7090
8449.0000,11.7731,0.7789,49.9191,0.0004,909.9491,953.6486,43.6995
8450.0000,11.7746,0.7788,49.9192,0.0004,909.9242,953.6142,43.6900
8451.0000,11.7761,0.7788,49.9192,0.0004,909.8992,953.5798,43.6806
8452.0000,11.7775,0.7788,49.9193,0.0004,909.8743,953.5455,43.6712
8453.0000,11.7790,0.7788,49.9194,0.0004,909.8494,953.5112,43.6619
8454.0000,11.7804,0.7788,49.9195,0.0004,909.8244,953.4769,43.6525
8455.0000,11.7819,0.7787,49.9196,0.0004,909.7994,953.4427,43.6432
8456.0000,11.7833,0.7787,49.9197,0.0004,909.7745,953.4085,43.6340
8457.0000,11.7848,0.7787,49.9198,0.0004,909.7495,953.3743,43.6248
8458.0000,11.7862,0.7787,49.9198,0.0004,909.7245,953.3401,43.6156
8459.0000,11.7877,0.7787,49.9199,0.0004,909.6996,953.3060,43.6064
8460.0000,11.7891,0.7786,49.9200,0.0004,909.6746,953.2719,43.5973
8461.0000,11.7907,0.7786,49.9238,0.0004,909.6509,953.3278,43.6769
8462.0000,11.7923,0.7786,49.9276,0.0004,909.6272,953.3825,43.7553
8463.0000,11.7939,0.7786,49.9314,0.0004,909.6036,953.4364,43.8328
8464.0000,11.7956,0.7786,49.9351,0.0004,909.5800,953.4895,43.9095
8465.0000,11.7972,0.7785,49.9389,0.0004,909.5565,953.5421,43.9856
8466.0000,11.7989,0.7785,49.9427,0.0004,909.5330,953.5941,44.0610
8467.0000,11.8007,0.7785,49.9465,0.0004,909.5096,953.6456,44.1360
8468.0000,11.8024,0.7785,49.9503,0.0004,909.4863,953.6967,44.2104
8469.0000,11.8042,0.7784,49.9541,0.0004,909.4630,953.7474,44.2844
8470.0000,11.8059,0.7784,49.9578,0.0004,909.4398,953.7978,44.3580
8471.0000,11.8077,0.7784,49.9616,0.0004,909.4166,953.8477,44.4312
8472.0000,11.8095,0.7784,49.9654,0.0004,909.3935,953.8974,44.5039
8473.0000,11.8113,0.7784,49.9692,0.0004,909.3704,953.9467,44.5763
8474.0000,11.8131,0.7783,49.9730,0.0004,909.3474,953.9958,44.6484
8475.0000,11.8150,0.7783,49.9768,0.0004,909.3244,954.0445,44.7201
8476.0000,11.8168,0.7783,49.9805,0.0004,909.3015,954.0930,44.7915
8477.0000,11.8187,0.7783,49.9843,0.0004,909.2786,954.1412,44.8625
8478.0000,11.8205,0.7783,49.9881,0.0004,909.2558,954.1891,44.9333
8479.0000,11.8224,0.7782,49.9919,0.0004,909.2331,954.2368,45.0038
8480.0000,11.8243,0.7782,49.9957,0.0004,909.2104,954.2843,45.0739
8481.0000,11.8262,0.7782,49.9995,0.0004,909.1877,954.3316,45.1438
8482.0000,11.8281,0.7782,50.0032,0.0004,909.1651,954.3786,45.2135
8483.0000,11.8300,0.7782,50.0070,0.0004,909.1426,954.4254,45.2828
8484.0000,11.8319,0.7781,50.0108,0.0004,909.1201,954.4720,45.3519
8485.0000,11.8338,0.7781,50.0146,0.0004,909.0976,954.5184,45.4208
8486.0000,11.8358,0.7781,50.0184,0.0004,909.0752,954.5646,45.4894
8487.0000,11.8377,0.7781,50.0222,0.0004,909.0529,954.6106,45.5577
8488.0000,11.8397,0.7781,50.0259,0.0004,909.0306,954.6564,45.6258
8489.0000,11.8416,0.7780,50.0297,0.0004,909.0084,954.7021,45.6937
8490.0000,11.8436,0.7780,50.0335,0.0004,908.9862,954.7475,45.7614
8491.0000,11.8456,0.7780,50.0373,0.0004,908.9640,954.7928,45.8288
8492.0000,11.8475,0.7780,50.0411,0.0004,908.9419,954.8380,45.8960
8493.0000,11.8495,0.7780,50.0448,0.0004,908.9199,954.8829,45.9630
8494.0000,11.8515,0.7779,50.0486,0.0004,908.8979,954.9277,46.0298
8495.0000,11.8535,0.7779,50.0524,0.0004,908.8759,954.9723,46.0964
8496.0000,11.8555,0.7779,50.0562,0.0004,908.8540,955.0168,46.1628
8497.0000,11.8575,0.7779,50.0600,0.0004,908.8322,955.0611,46.2289
8498.0000,11.8596,0.7779,50.0638,0.0004,908.8104,955.1053,46.2949
8499.0000,11.8616,0.7778,50.0675,0.0004,908.7886,955.1493,46.3607
8500.0000,11.8636,0.7778,50.0713,0.0004,908.7669,955.1931,46.4262
8501.0000,11.8656,0.7778,50.0751,0.0004,908.7452,955.2369,46.4916
8502.0000,11.8677,0.7778,50.0789,0.0004,908.7236,955.2805,46.5568
8503.0000,11.8697,0.7778,50.0827,0.0004,908.7021,955.3239,46.6218
8504.0000,11.8718,0.7777,50.0865,0.0004,908.6805,955.3672,46.6867
8505.0000,11.8738,0.7777,50.0902,0.0004,908.6591,955.4104,46.7513
8506.0000,11.8759,0.7777,50.0940,0.0004,908.6376,955.4534,46.8158
8507.0000,11.8780,0.7777,50.0978,0.0004,908.6163,955.4963,46.8801
8508.0000,11.8800,0.7777,50.1016,0.0004,908.5949,955.5391,46.9442
8509.0000,11.8821,0.7776,50.1054,0.0004,908.5736,955.5818,47.0081
8510.0000,11.8842,0.7776,50.1092,0.0004,908.5524,955.6243,47.0719
8511.0000,11.8863,0.7776,50.1129,0.0004,908.5312,955.6667,47.1355
8512.0000,11.8884,0.7776,50.1167,0.0004,908.5100,955.7090,47.1990
8513.0000,11.8905,0.7776,50.1205,0.0004,908.4889,955.7511,47.2622
8514.0000,11.8926,0.7776,50.1243,0.0004,908.4679,955.7932,47.3253
8515.0000,11.8947,0.7775,50.1281,0.0004,908.4468,955.8351,47.3883
8516.0000,11.8968,0.7775,50.1319,0.0004,908.4259,955.8769,47.4511
8517.0000,11.8989,0.7775,50.1356,0.0004,908.4049,955.9186,47.5137
8518.0000,11.9010,0.7775,50.1394,0.0004,908.3841,955.9602,47.5762
8519.0000,11.9031,0.7775,50.1432,0.0004,908.3632,956.0017,47.6385
8520.0000,11.9053,0.7774,50.1470,0.0004,908.3424,956.0431,47.7007
8521.0000,11.9072,0.7774,50.1440,0.0004,908.3197,955.9194,47.5996
8522.0000,11.9091,0.7774,50.1410,0.0004,908.2970,955.7978,47.5008
8523.0000,11.9109,0.7774,50.1380,0.0004,908.2742,955.6778,47.4036
8524.0000,11.9126,0.7774,50.1350,0.0004,908.2514,955.5590,47.3076
8525.0000,11.9144,0.7773,50.1320,0.0004,908.2285,955.4412,47.2128
8526.0000,11.9160,0.7773,50.1290,0.0004,908.2055,955.3244,47.1189
8527.0000,11.9177,0.7773,50.1260,0.0004,908.1824,955.2084,47.0260
8528.0000,11.9193,0.7773,50.1230,0.0004,908.1593,955.0931,46.9338
8529.0000,11.9209,0.7773,50.1200,0.0004,908.1361,954.9785,46.8424
8530.0000,11.9224,0.7772,50.1170,0.0004,908.1128,954.8645,46.7517
8531.0000,11.9240,0.7772,50.1140,0.0004,908.0895,954.7511,46.6616
8532.0000,11.9255,0.7772,50.1110,0.0004,908.0661,954.6383,46.5722
8533.0000,11.9270,0.7772,50.1080,0.0004,908.0426,954.5260,46.4833
8534.0000,11.9284,0.7772,50.1050,0.0004,908.0191,954.4141,46.3950
8535.0000,11.9299,0.7772,50.1020,0.0004,907.9955,954.3028,46.3073
8536.0000,11.9313,0.7771,50.0990,0.0004,907.9719,954.1919,46.2200
8537.0000,11.9327,0.7771,50.0960,0.0004,907.9482,954.0814,46.1332
8538.0000,11.9341,0.7771,50.0930,0.0004,907.9244,953.9713,46.0470
8539.0000,11.9355,0.7771,50.0900,0.0004,907.9006,953.8617,45.9611
8540.0000,11.9369,0.7771,50.0870,0.0004,907.8767,953.7524,45.8757
8541.0000,11.9383,0.7770,50.0840,0.0004,907.8527,953.6434,45.7907
8542.0000,11.9396,0.7770,50.0810,0.0004,907.8287,953.5348,45.7062
8543.0000,11.9409,0.7770,50.0780,0.0004,907.8046,953.4266,45.6220
8544.0000,11.9423,0.7770,50.0750,0.0004,907.7804,953.3187,45.5382
8545.0000,11.9436,0.7770,50.0720,0.0004,907.7562,953.2111,45.4548
8546.0000,11.9448,0.7769,50.0690,0.0004,907.7320,953.1038,45.3718
8547.0000,11.9461,0.7769,50.0660,0.0004,907.7077,952.9968,45.2891
8548.0000,11.9474,0.7769,50.0630,0.0004,907.6833,952.8901,45.2068
8549.0000,11.9487,0.7769,50.0600,0.0004,907.6589,952.7837,45.1248
8550.0000,11.9499,0.7769,50.0570,0.0004,907.6344,952.6775,45.0431
8551.0000,11.9511,0.7768,50.0540,0.0004,907.6098,952.5716,44.9618
8552.0000,11.9524,0.7768,50.0510,0.0004,907.5852,952.4660,44.8808
8553.0000,11.9536,0.7768,50.0480,0.0004,907.5606,952.3606,44.8001
8554.0000,11.9548,0.7768,50.0450,0.0004,907.5358,952.2555,44.7197
8555.0000,11.9560,0.7767,50.0420,0.0004,907.5111,952.1506,44.6396
8556.0000,11.9572,0.7767,50.0390,0.0004,907.4863,952.0460,44.5598
8557.0000,11.9583,0.7767,50.0360,0.0004,907.4614,951.9416,44.4802
8558.0000,11.9595,0.7767,50.0330,0.0004,907.4364,951.8374,44.4010
8559.0000,11.9607,0.7767,50.0300,0.0004,907.4115,951.7335,44.3220
8560.0000,11.9618,0.7766,50.0270,0.0004,907.3864,951.6297,44.2433
8561.0000,11.9630,0.7766,50.0240,0.0004,907.3613,951.5262,44.1649
8562.0000,11.9641,0.7766,50.0210,0.0004,907.3362,951.4229,44.0867
8563.0000,11.9652,0.7766,50.0180,0.0004,907.3110,951.3198,44.0088
8564.0000,11.9663,0.7766,50.0150,0.0004,907.2857,951.2169,43.9311
8565.0000,11.9674,0.7765,50.0120,0.0004,907.2604,951.1142,43.8537
8566.0000,11.9685,0.7765,50.0090,0.0004,907.2351,951.0116,43.7766
8567.0000,11.9696,0.7765,50.0060,0.0004,907.2097,950.9093,43.6996
8568.0000,11.9707,0.7765,50.0030,0.0004,907.1842,950.8072,43.6230
8569.0000,11.9718,0.7765,50.0000,0.0004,907.1587,950.7052,43.5465
8570.0000,11.9729,0.7764,49.9970,0.0004,907.1331,950.6034,43.4703
8571.0000,11.9739,0.7764,49.9940,0.0004,907.1075,950.5018,43.3943
8572.0000,11.9750,0.7764,49.9910,0.0004,907.0819,950.4004,43.3185
8573.0000,11.9760,0.7764,49.9880,0.0004,907.0562,950.2992,43.2430
8574.0000,11.9771,0.7764,49.9850,0.0004,907.0304,950.1981,43.1677
8575.0000,11.9781,0.7763,49.9820,0.0004,907.0046,950.0972,43.0926
8576.0000,11.9791,0.7763,49.9790,0.0004,906.9787,949.9964,43.0177
8577.0000,11.9802,0.7763,49.9760,0.0004,906.9528,949.8959,42.9430
8578.0000,11.9812,0.7763,49.9730,0.0004,906.9269,949.7954,42.8685
8579.0000,11.9822,0.7762,49.9700,0.0004,906.9009,949.6952,42.7943
8580.0000,11.9832,0.7762,49.9670,0.0004,906.8748,949.5950,42.7202
8581.0000,11.9843,0.7762,49.9662,0.0004,906.8414,949.5492,42.7078
8582.0000,11.9854,0.7762,49.9655,0.0004,906.8080,949.5026,42.6946
8583.0000,11.9865,0.7762,49.9647,0.0004,906.7746,949.4556,42.6810
8584.0000,11.9876,0.7761,49.9639,0.0004,906.7413,949.4082,42.6669
8585.0000,11.9887,0.7761,49.9632,0.0004,906.7081,949.3605,42.6525
8586.0000,11.9899,0.7761,49.9624,0.0004,906.6748,949.3126,42.6378
8587.0000,11.9911,0.7761,49.9616,0.0004,906.6416,949.2645,42.6229
8588.0000,11.9922,0.7761,49.9609,0.0004,906.6085,949.2162,42.6078
8589.0000,11.9934,0.7760,49.9601,0.0004,906.5753,949.1678,42.5925
8590.0000,11.9946,0.7760,49.9593,0.0004,906.5422,949.1192,42.5771
8591.0000,11.9957,0.7760,49.9586,0.0004,906.5091,949.0706,42.5615
8592.0000,11.9969,0.7760,49.9578,0.0004,906.4760,949.0218,42.5458
8593.0000,11.9981,0.7759,49.9570,0.0004,906.4429,948.9729,42.5299
8594.0000,11.9993,0.7759,49.9563,0.0004,906.4099,948.9239,42.5140
8595.0000,12.0005,0.7759,49.9555,0.0004,906.3768,948.8748,42.4980
8596.0000,12.0017,0.7759,49.9547,0.0004,906.3438,948.8257,42.4818
8597.0000,12.0029,0.7759,49.9540,0.0004,906.3108,948.7765,42.4656
8598.0000,12.0041,0.7758,49.9532,0.0004,906.2778,948.7272,42.4494
8599.0000,12.0053,0.7758,49.9524,0.0004,906.2449,948.6779,42.4330
8600.0000,12.0065,0.7758,49.9517,0.0004,906.2119,948.6285,42.4166
8601.0000,12.0077,0.7758,49.9509,0.0004,906.1789,948.5791,42.4001
8602.0000,12.0089,0.7758,49.9501,0.0004,906.1460,948.5296,42.3836
8603.0000,12.0102,0.7757,49.9494,0.0004,906.1131,948.4801,42.3670
8604.0000,12.0114,0.7757,49.9486,0.0004,906.0801,948.4306,42.3504
8605.0000,12.0126,0.7757,49.9478,0.0004,906.0472,948.3810,42.3338
8606.0000,12.0138,0.7757,49.9471,0.0004,906.0143,948.3314,42.3171
8607.0000,12.0150,0.7757,49.9463,0.0004,905.9814,948.2817,42.3003
8608.0000,12.0162,0.7756,49.9455,0.0004,905.9485,948.2321,42.2835
8609.0000,12.0175,0.7756,49.9448,0.0004,905.9157,948.1824,42.2667
8610.0000,12.0187,0.7756,49.9440,0.0004,905.8828,948.1327,42.2499
8611.0000,12.0199,0.7756,49.9432,0.0004,905.8499,948.0830,42.2330
8612.0000,12.0211,0.7755,49.9425,0.0004,905.8171,948.0332,42.2161
8613.0000,12.0224,0.7755,49.9417,0.0004,905.7842,947.9835,42.1992
8614.0000,12.0236,0.7755,49.9409,0.0004,905.7514,947.9337,42.1823
8615.0000,12.0248,0.7755,49.9402,0.0004,905.7185,947.8839,42.1653
8616.0000,12.0260,0.7755,49.9394,0.0004,905.6857,947.8341,42.1484
8617.0000,12.0273,0.7754,49.9386,0.0004,905.6529,947.7843,42.1314
8618.0000,12.0285,0.7754,49.9379,0.0004,905.6201,947.7344,42.1144
8619.0000,12.0297,0.7754,49.9371,0.0004,905.5873,947.6846,42.0974
8620.0000,12.0309,0.7754,49.9363,0.0004,905.5544,947.6348,42.0803
8621.0000,12.0322,0.7754,49.9356,0.0004,905.5216,947.5849,42.0633
8622.0000,12.0334,0.7753,49.9348,0.0004,905.4888,947.5351,42.0462
8623.0000,12.0346,0.7753,49.9340,0.0004,905.4561,947.4852,42.0292
8624.0000,12.0359,0.7753,49.9333,0.0004,905.4233,947.4353,42.0121
8625.0000,12.0371,0.7753,49.9325,0.0004,905.3905,947.3855,41.9950
8626.0000,12.0383,0.7753,49.9317,0.0004,905.3577,947.3356,41.9779
8627.0000,12.0395,0.7752,49.9310,0.0004,905.3249,947.2857,41.9608
8628.0000,12.0408,0.7752,49.9302,0.0004,905.2921,947.2359,41.9437
8629.0000,12.0420,0.7752,49.9294,0.0004,905.2594,947.1860,41.9266
8630.0000,12.0432,0.7752,49.9287,0.0004,905.2266,947.1361,41.9095
8631.0000,12.0445,0.7751,49.9279,0.0004,905.1939,947.0862,41.8924
8632.0000,12.0457,0.7751,49.9271,0.0004,905.1611,947.0364,41.8753
8633.0000,12.0469,0.7751,49.9264,0.0004,905.1283,946.9865,41.8581
8634.0000,12.0481,0.7751,49.9256,0.0004,905.0956,946.9366,41.8410
8635.0000,12.0494,0.7751,49.9248,0.0004,905.0628,946.8867,41.8239
8636.0000,12.0506,0.7750,49.9241,0.0004,905.0301,946.8369,41.8068
8637.0000,12.0518,0.7750,49.9233,0.0004,904.9973,946.7870,41.7897
8638.0000,12.0530,0.7750,49.9225,0.0004,904.9646,946.7372,41.7726
8639.0000,12.0543,0.7750,49.9218,0.0004,904.9319,946.6873,41.7554
8640.0000,12.0555,0.7750,49.9210,0.0004,904.8991,946.6374,41.7383
8641.0000,12.0567,0.7749,49.9193,0.0004,904.8754,946.5660,41.6905
8642.0000,12.0579,0.7749,49.9177,0.0004,904.8516,946.4949,41.6433
8643.0000,12.0590,0.7749,49.9160,0.0004,904.8277,946.4242,41.5965
8644.0000,12.0602,0.7749,49.9143,0.0004,904.8037,946.3537,41.5500
8645.0000,12.0613,0.7749,49.9127,0.0004,904.7797,946.2834,41.5037
8646.0000,12.0625,0.7748,49.9110,0.0004,904.7556,946.2133,41.4578
8647.0000,12.0636,0.7748,49.9093,0.0004,904.7314,946.1434,41.4120
8648.0000,12.0647,0.7748,49.9077,0.0004,904.7072,946.0737,41.3665
8649.0000,12.0658,0.7748,49.9060,0.0004,904.6829,946.0041,41.3212
8650.0000,12.0669,0.7747,49.9043,0.0004,904.6586,945.9347,41.2761
8651.0000,12.0681,0.7747,49.9027,0.0004,904.6342,945.8654,41.2312
8652.0000,12.0692,0.7747,49.9010,0.0004,904.6098,945.7962,41.1864
8653.0000,12.0702,0.7747,49.8993,0.0004,904.5853,945.7271,41.1418
8654.0000,12.0713,0.7747,49.8977,0.0004,904.5608,945.6581,41.0974
8655.0000,12.0724,0.7746,49.8960,0.0004,904.5362,945.5893,41.0531
8656.0000,12.0735,0.7746,49.8943,0.0004,904.5116,945.5206,41.0089
8657.0000,12.0746,0.7746,49.8927,0.0004,904.4870,945.4519,40.9650
8658.0000,12.0757,0.7746,49.8910,0.0004,904.4623,945.3834,40.9211
8659.0000,12.0767,0.7746,49.8893,0.0004,904.4376,945.3149,40.8774
8660.0000,12.0778,0.7745,49.8877,0.0004,904.4128,945.2466,40.8338
8661.0000,12.0789,0.7745,49.8860,0.0004,904.3880,945.1783,40.7903
8662.0000,12.0799,0.7745,49.8843,0.0004,904.3632,945.1102,40.7470
8663.0000,12.0810,0.7745,49.8827,0.0004,904.3383,945.0421,40.7038
8664.0000,12.0820,0.7744,49.8810,0.0004,904.3134,944.9741,40.6607
8665.0000,12.0831,0.7744,49.8793,0.0004,904.2885,944.9062,40.6177
8666.0000,12.0841,0.7744,49.8777,0.0004,904.2635,944.8383,40.5748
8667.0000,12.0852,0.7744,49.8760,0.0004,904.2385,944.7706,40.5321
8668.0000,12.0862,0.7744,49.8743,0.0004,904.2134,944.7029,40.4894
8669.0000,12.0873,0.7743,49.8727,0.0004,904.1883,944.6353,40.4469
8670.0000,12.0883,0.7743,49.8710,0.0004,904.1632,944.5677,40.4045
8671.0000,12.0893,0.7743,49.8693,0.0004,904.1381,944.5003,40.3622
8672.0000,12.0904,0.7743,49.8677,0.0004,904.1129,944.4329,40.3200
8673.0000,12.0914,0.7742,49.8660,0.0004,904.0877,944.3655,40.2778
8674.0000,12.0924,0.7742,49.8643,0.0004,904.0625,944.2983,40.2358
8675.0000,12.0934,0.7742,49.8627,0.0004,904.0372,944.2311,40.1939
8676.0000,12.0944,0.7742,49.8610,0.0004,904.0119,944.1640,40.1521
8677.0000,12.0955,0.7742,49.8593,0.0004,903.9865,944.0969,40.1104
8678.0000,12.0965,0.7741,49.8577,0.0004,903.9612,944.0299,40.0687
8679.0000,12.0975,0.7741,49.8560,0.0004,903.9358,943.9630,40.0272
8680.0000,12.0985,0.7741,49.8543,0.0004,903.9104,943.8961,39.9858
8681.0000,12.0995,0.7741,49.8527,0.0004,903.8849,943.8293,39.9444
8682.0000,12.1005,0.7740,49.8510,0.0004,903.8594,943.7626,39.9032
8683.0000,12.1015,0.7740,49.8493,0.0004,903.8339,943.6959,39.8620
8684.0000,12.1025,0.7740,49.8477,0.0004,903.8084,943.6293,39.8209
8685.0000,12.1035,0.7740,49.8460,0.0004,903.7828,943.5627,39.7799
8686.0000,12.1045,0.7740,49.8443,0.0004,903.7572,943.4962,39.7390
8687.0000,12.1055,0.7739,49.8427,0.0004,903.7315,943.4298,39.6982
8688.0000,12.1065,0.7739,49.8410,0.0004,903.7059,943.3634,39.6575
8689.0000,12.1075,0.7739,49.8393,0.0004,903.6802,943.2970,39.6168
8690.0000,12.1084,0.7739,49.8377,0.0004,903.6545,943.2307,39.5763
8691.0000,12.1094,0.7738,49.8360,0.0004,903.6287,943.1645,39.5358
8692.0000,12.1104,0.7738,49.8343,0.0004,903.6030,943.0983,39.4954
8693.0000,12.1114,0.7738,49.8327,0.0004,903.5772,943.0322,39.4550
8694.0000,12.1124,0.7738,49.8310,0.0004,903.5513,942.9661,39.4148
8695.0000,12.1133,0.7737,49.8293,0.0004,903.5255,942.9001,39.3746
8696.0000,12.1143,0.7737,49.8277,0.0004,903.4996,942.8342,39.3345
8697.0000,12.1153,0.7737,49.8260,0.0004,903.4737,942.7682,39.2945
8698.0000,12.1162,0.7737,49.8243,0.0004,903.4478,942.7024,39.2546
8699.0000,12.1172,0.7737,49.8227,0.0004,903.4218,942.6366,39.2148
8700.0000,12.1182,0.7736,49.8210,0.0004,903.3958,942.5708,39.1750
8701.0000,12.1192,0.7736,49.8216,0.0004,903.3647,942.5596,39.1949
8702.0000,12.1203,0.7736,49.8222,0.0004,903.3337,942.5477,39.2141
8703.0000,12.1213,0.7736,49.8227,0.0004,903.3027,942.5352,39.2326
8704.0000,12.1224,0.7735,49.8233,0.0004,903.2717,942.5223,39.2506
8705.0000,12.1236,0.7735,49.8239,0.0004,903.2408,942.5090,39.2682
8706.0000,12.1247,0.7735,49.8245,0.0004,903.2099,942.4954,39.2855
8707.0000,12.1258,0.7735,49.8251,0.0004,903.1791,942.4815,39.3024
8708.0000,12.1270,0.7735,49.8257,0.0004,903.1483,942.4674,39.3190
8709.0000,12.1281,0.7734,49.8263,0.0004,903.1176,942.4530,39.3354
8710.0000,12.1293,0.7734,49.8268,0.0004,903.0869,942.4383,39.3515
8711.0000,12.1305,0.7734,49.8274,0.0004,903.0562,942.4235,39.3673
8712.0000,12.1317,0.7734,49.8280,0.0004,903.0256,942.4085,39.3829
8713.0000,12.1329,0.7733,49.8286,0.0004,902.9950,942.3933,39.3984
8714.0000,12.1340,0.7733,49.8292,0.0004,902.9644,942.3780,39.4136
8715.0000,12.1353,0.7733,49.8297,0.0004,902.9338,942.3624,39.4286
8716.0000,12.1365,0.7733,49.8303,0.0004,902.9033,942.3468,39.4435
8717.0000,12.1377,0.7733,49.8309,0.0004,902.8728,942.3310,39.4582
8718.0000,12.1389,0.7732,49.8315,0.0004,902.8423,942.3150,39.4727
8719.0000,12.1401,0.7732,49.8321,0.0004,902.8119,942.2989,39.4870
8720.0000,12.1414,0.7732,49.8327,0.0004,902.7815,942.2827,39.5012
8721.0000,12.1426,0.7732,49.8332,0.0004,902.7511,942.2664,39.5153
8722.0000,12.1438,0.7731,49.8338,0.0004,902.7207,942.2499,39.5292
8723.0000,12.1451,0.7731,49.8344,0.0004,902.6904,942.2334,39.5430
8724.0000,12.1463,0.7731,49.8350,0.0004,902.6601,942.2167,39.5566
8725.0000,12.1476,0.7731,49.8356,0.0004,902.6298,942.1999,39.5702
8726.0000,12.1488,0.7731,49.8362,0.0004,902.5995,942.1830,39.5835
8727.0000,12.1501,0.7730,49.8368,0.0004,902.5693,942.1661,39.5968
8728.0000,12.1514,0.7730,49.8373,0.0004,902.5390,942.1490,39.6100
8729.0000,12.1526,0.7730,49.8379,0.0004,902.5088,942.1318,39.6230
8730.0000,12.1539,0.7730,49.8385,0.0004,902.4787,942.1146,39.6359
8731.0000,12.1552,0.7729,49.8391,0.0004,902.4485,942.0973,39.6488
8732.0000,12.1565,0.7729,49.8397,0.0004,902.4184,942.0798,39.6615
8733.0000,12.1578,0.7729,49.8402,0.0004,902.3883,942.0624,39.6741
8734.0000,12.1590,0.7729,49.8408,0.0004,902.3582,942.0448,39.6866
8735.0000,12.1603,0.7729,49.8414,0.0004,902.3281,942.0271,39.6990
8736.0000,12.1616,0.7728,49.8420,0.0004,902.2980,942.0094,39.7113
8737.0000,12.1629,0.7728,49.8426,0.0004,902.2680,941.9916,39.7236
8738.0000,12.1642,0.7728,49.8432,0.0004,902.2380,941.9737,39.7357
8739.0000,12.1655,0.7728,49.8438,0.0004,902.2080,941.9558,39.7477
8740.0000,12.1668,0.7727,49.8443,0.0004,902.1781,941.9378,39.7597
8741.0000,12.1681,0.7727,49.8449,0.0004,902.1481,941.9197,39.7716
8742.0000,12.1694,0.7727,49.8455,0.0004,902.1182,941.9015,39.7833
8743.0000,12.1708,0.7727,49.8461,0.0004,902.0883,941.8833,39.7951
8744.0000,12.1721,0.7727,49.8467,0.0004,902.0584,941.8651,39.8067
8745.0000,12.1734,0.7726,49.8473,0.0004,902.0285,941.8467,39.8182
8746.0000,12.1747,0.7726,49.8478,0.0004,901.9987,941.8283,39.8297
8747.0000,12.1760,0.7726,49.8484,0.0004,901.9688,941.8099,39.8411
8748.0000,12.1773,0.7726,49.8490,0.0004,901.9390,941.7914,39.8524
8749.0000,12.1787,0.7725,49.8496,0.0004,901.9092,941.7728,39.8636
8750.0000,12.1800,0.7725,49.8502,0.0004,901.8794,941.7542,39.8748
8751.0000,12.1813,0.7725,49.8507,0.0004,901.8497,941.7355,39.8859
8752.0000,12.1827,0.7725,49.8513,0.0004,901.8199,941.7168,39.8969
8753.0000,12.1840,0.7725,49.8519,0.0004,901.7902,941.6980,39.9078
8754.0000,12.1853,0.7724,49.8525,0.0004,901.7605,941.6792,39.9187
8755.0000,12.1867,0.7724,49.8531,0.0004,901.7308,941.6603,39.9295
8756.0000,12.1880,0.7724,49.8537,0.0004,901.7012,941.6414,39.9403
8757.0000,12.1894,0.7724,49.8543,0.0004,901.6715,941.6225,39.9510
8758.0000,12.1907,0.7724,49.8548,0.0004,901.6419,941.6034,39.9616
8759.0000,12.1920,0.7723,49.8554,0.0004,901.6122,941.5844,39.9721
8760.0000,12.1934,0.7723,49.8560,0.0004,901.5826,941.5653,39.9826
8761.0000,12.1948,0.7723,49.8576,0.0004,901.5640,941.5715,40.0076
8762.0000,12.1961,0.7723,49.8592,0.0004,901.5452,941.5775,40.0324
8763.0000,12.1975,0.7722,49.8608,0.0004,901.5264,941.5834,40.0570
8764.0000,12.1989,0.7722,49.8625,0.0004,901.5075,941.5890,40.0815
8765.0000,12.2003,0.7722,49.8641,0.0004,901.4886,941.5946,40.1059
8766.0000,12.2017,0.7722,49.8657,0.0004,901.4697,941.5999,40.1302
8767.0000,12.2031,0.7722,49.8673,0.0004,901.4507,941.6052,40.1544
8768.0000,12.2045,0.7721,49.8689,0.0004,901.4318,941.6103,40.1785
8769.0000,12.2059,0.7721,49.8706,0.0004,901.4128,941.6153,40.2025
8770.0000,12.2074,0.7721,49.8722,0.0004,901.3938,941.6202,40.2264
8771.0000,12.2088,0.7721,49.8738,0.0004,901.3748,941.6250,40.2502
8772.0000,12.2102,0.7721,49.8754,0.0004,901.3559,941.6298,40.2739
8773.0000,12.2116,0.7720,49.8770,0.0004,901.3368,941.6344,40.2975
8774.0000,12.2131,0.7720,49.8786,0.0004,901.3178,941.6389,40.3210
8775.0000,12.2145,0.7720,49.8803,0.0004,901.2988,941.6433,40.3445
8776.0000,12.2160,0.7720,49.8819,0.0004,901.2798,941.6477,40.3678
8777.0000,12.2174,0.7719,49.8835,0.0004,901.2608,941.6519,40.3911
8778.0000,12.2189,0.7719,49.8851,0.0004,901.2418,941.6561,40.4143
8779.0000,12.2203,0.7719,49.8867,0.0004,901.2228,941.6602,40.4374
8780.0000,12.2218,0.7719,49.8883,0.0004,901.2038,941.6642,40.4604
8781.0000,12.2232,0.7719,49.8899,0.0004,901.1848,941.6681,40.4834
8782.0000,12.2247,0.7718,49.8916,0.0004,901.1658,941.6720,40.5062
8783.0000,12.2262,0.7718,49.8932,0.0004,901.1468,941.6758,40.5290
8784.0000,12.2276,0.7718,49.8948,0.0004,901.1278,941.6795,40.5517
8785.0000,12.2291,0.7718,49.8964,0.0004,901.1088,941.6831,40.5744
8786.0000,12.2306,0.7717,49.8980,0.0004,901.0898,941.6867,40.5969
8787.0000,12.2320,0.7717,49.8997,0.0004,901.0708,941.6902,40.6194
8788.0000,12.2335,0.7717,49.9013,0.0004,901.0518,941.6937,40.6419
8789.0000,12.2350,0.7717,49.9029,0.0004,901.0328,941.6970,40.6642
8790.0000,12.2365,0.7717,49.9045,0.0004,901.0138,941.7003,40.6865
8791.0000,12.2380,0.7716,49.9061,0.0004,900.9949,941.7036,40.7087
8792.0000,12.2395,0.7716,49.9077,0.0004,900.9759,941.7068,40.7309
8793.0000,12.2410,0.7716,49.9094,0.0004,900.9569,941.7099,40.7529
8794.0000,12.2424,0.7716,49.9110,0.0004,900.9380,941.7129,40.7749
8795.0000,12.2439,0.7715,49.9126,0.0004,900.9190,941.7159,40.7969
8796.0000,12.2454,0.7715,49.9142,0.0004,900.9001,941.7189,40.8188
8797.0000,12.2469,0.7715,49.9158,0.0004,900.8812,941.7218,40.8406
8798.0000,12.2484,0.7715,49.9174,0.0004,900.8622,941.7246,40.8623
8799.0000,12.2500,0.7715,49.9191,0.0004,900.8433,941.7274,40.8840
8800.0000,12.2515,0.7714,49.9207,0.0004,900.8244,941.7301,40.9057
8801.0000,12.2530,0.7714,49.9223,0.0004,900.8055,941.7327,40.9272
8802.0000,12.2545,0.7714,49.9239,0.0004,900.7866,941.7353,40.9487
8803.0000,12.2560,0.7714,49.9255,0.0004,900.7677,941.7379,40.9702
8804.0000,12.2575,0.7714,49.9271,0.0004,900.7488,941.7404,40.9916
8805.0000,12.2590,0.7713,49.9288,0.0004,900.7300,941.7428,41.0129
8806.0000,12.2606,0.7713,49.9304,0.0004,900.7111,941.7452,41.0342
8807.0000,12.2621,0.7713,49.9320,0.0004,900.6922,941.7476,41.0554
8808.0000,12.2636,0.7713,49.9336,0.0004,900.6734,941.7499,41.0765
8809.0000,12.2651,0.7712,49.9352,0.0004,900.6545,941.7521,41.0976
8810.0000,12.2667,0.7712,49.9368,0.0004,900.6357,941.7543,41.1186
8811.0000,12.2682,0.7712,49.9385,0.0004,900.6169,941.7565,41.1396
8812.0000,12.2697,0.7712,49.9401,0.0004,900.5980,941.7586,41.1605
8813.0000,12.2713,0.7712,49.9417,0.0004,900.5792,941.7606,41.1814
8814.0000,12.2728,0.7711,49.9433,0.0004,900.5604,941.7626,41.2022
8815.0000,12.2743,0.7711,49.9449,0.0004,900.5416,941.7646,41.2230
8816.0000,12.2759,0.7711,49.9465,0.0004,900.5228,941.7665,41.2437
8817.0000,12.2774,0.7711,49.9482,0.0004,900.5041,941.7684,41.2643
8818.0000,12.2790,0.7710,49.9498,0.0004,900.4853,941.7702,41.2849
8819.0000,12.2805,0.7710,49.9514,0.0004,900.4665,941.7720,41.3055
8820.0000,12.2821,0.7710,49.9530,0.0004,900.4478,941.7737,41.3259
8821.0000,12.2836,0.7710,49.9524,0.0004,900.4132,941.7203,41.3071
8822.0000,12.2850,0.7710,49.9517,0.0004,900.3787,941.6674,41.2886
8823.0000,12.2865,0.7709,49.9511,0.0004,900.3444,941.6148,41.2704
8824.0000,12.2880,0.7709,49.9505,0.0004,900.3101,941.5625,41.2524
8825.0000,12.2894,0.7709,49.9498,0.0004,900.2759,941.5104,41.2345
8826.0000,12.2909,0.7709,49.9492,0.0004,900.2418,941.4586,41.2168
8827.0000,12.2923,0.7709,49.9486,0.0004,900.2077,941.4070,41.1993
8828.0000,12.2937,0.7708,49.9479,0.0004,900.1736,941.3555,41.1819
8829.0000,12.2951,0.7708,49.9473,0.0004,900.1396,941.3042,41.1646
8830.0000,12.2965,0.7708,49.9467,0.0004,900.1056,941.2530,41.1474
8831.0000,12.2980,0.7708,49.9460,0.0004,900.0717,941.2019,41.1303
8832.0000,12.2994,0.7707,49.9454,0.0004,900.0378,941.1510,41.1133
8833.0000,12.3008,0.7707,49.9448,0.0004,900.0039,941.1002,41.0963
8834.0000,12.3022,0.7707,49.9441,0.0004,899.9700,941.0495,41.0795
8835.0000,12.3035,0.7707,49.9435,0.0004,899.9361,940.9989,41.0628
8836.0000,12.3049,0.7707,49.9429,0.0004,899.9023,940.9484,41.0461
8837.0000,12.3063,0.7706,49.9422,0.0004,899.8685,940.8980,41.0295
8838.0000,12.3077,0.7706,49.9416,0.0004,899.8347,940.8477,41.0130
8839.0000,12.3091,0.7706,49.9410,0.0004,899.8010,940.7975,40.9965
8840.0000,12.3104,0.7706,49.9403,0.0004,899.7672,940.7473,40.9801
8841.0000,12.3118,0.7706,49.9397,0.0004,899.7335,940.6973,40.9638
8842.0000,12.3132,0.7705,49.9391,0.0004,899.6998,940.6473,40.9475
8843.0000,12.3145,0.7705,49.9384,0.0004,899.6661,940.5974,40.9313
8844.0000,12.3159,0.7705,49.9378,0.0004,899.6324,940.5475,40.9151
8845.0000,12.3173,0.7705,49.9372,0.0004,899.5988,940.4978,40.8990
8846.0000,12.3186,0.7705,49.9365,0.0004,899.5651,940.4481,40.8830
8847.0000,12.3200,0.7704,49.9359,0.0004,899.5315,940.3984,40.8670
8848.0000,12.3213,0.7704,49.9353,0.0004,899.4978,940.3489,40.8510
8849.0000,12.3227,0.7704,49.9346,0.0004,899.4642,940.2993,40.8351
8850.0000,12.3240,0.7704,49.9340,0.0004,899.4306,940.2499,40.8192
8851.0000,12.3253,0.7704,49.9334,0.0004,899.3970,940.2005,40.8034
8852.0000,12.3267,0.7703,49.9327,0.0004,899.3635,940.1511,40.7877
8853.0000,12.3280,0.7703,49.9321,0.0004,899.3299,940.1018,40.7719
8854.0000,12.3294,0.7703,49.9315,0.0004,899.2963,940.0526,40.7563
8855.0000,12.3307,0.7703,49.9308,0.0004,899.2628,940.0034,40.7406
8856.0000,12.3320,0.7702,49.9302,0.0004,899.2293,939.9543,40.7250
8857.0000,12.3334,0.7702,49.9296,0.0004,899.1957,939.9052,40.7094
8858.0000,12.3347,0.7702,49.9289,0.0004,899.1622,939.8561,40.6939
8859.0000,12.3360,0.7702,49.9283,0.0004,899.1287,939.8071,40.6784
8860.0000,12.3373,0.7702,49.9277,0.0004,899.0952,939.7582,40.6630
8861.0000,12.3387,0.7701,49.9270,0.0004,899.0617,939.7093,40.6476
8862.0000,12.3400,0.7701,49.9264,0.0004,899.0282,939.6604,40.6322
8863.0000,12.3413,0.7701,49.9258,0.0004,898.9948,939.6116,40.6168
8864.0000,12.3426,0.7701,49.9251,0.0004,898.9613,939.5628,40.6015
8865.0000,12.3439,0.7701,49.9245,0.0004,898.9278,939.5141,40.5863
8866.0000,12.3453,0.7700,49.9239,0.0004,898.8944,939.4654,40.5710
8867.0000,12.3466,0.7700,49.9232,0.0004,898.8610,939.4168,40.5558
8868.0000,12.3479,0.7700,49.9226,0.0004,898.8275,939.3681,40.5406
8869.0000,12.3492,0.7700,49.9220,0.0004,898.7941,939.3196,40.5255
8870.0000,12.3505,0.7700,49.9213,0.0004,898.7607,939.2710,40.5104
8871.0000,12.3518,0.7699,49.9207,0.0004,898.7273,939.2225,40.4953
8872.0000,12.3531,0.7699,49.9201,0.0004,898.6938,939.1741,40.4802
8873.0000,12.3544,0.7699,49.9194,0.0004,898.6604,939.1256,40.4652
8874.0000,12.3557,0.7699,49.9188,0.0004,898.6270,939.0772,40.4502
8875.0000,12.3570,0.7699,49.9182,0.0004,898.5937,939.0289,40.4352
8876.0000,12.3583,0.7698,49.9175,0.0004,898.5603,938.9806,40.4203
8877.0000,12.3596,0.7698,49.9169,0.0004,898.5269,938.9323,40.4054
8878.0000,12.3609,0.7698,49.9163,0.0004,898.4935,938.8840,40.3905
8879.0000,12.3622,0.7698,49.9156,0.0004,898.4602,938.8358,40.3756
8880.0000,12.3635,0.7698,49.9150,0.0004,898.4268,938.7876,40.3608
8881.0000,12.3647,0.7697,49.9115,0.0004,898.4029,938.6712,40.2683
8882.0000,12.3659,0.7697,49.9081,0.0004,898.3788,938.5559,40.1771
8883.0000,12.3670,0.7697,49.9046,0.0004,898.3546,938.4415,40.0869
8884.0000,12.3681,0.7697,49.9012,0.0004,898.3303,938.3277,39.9974
8885.0000,12.3692,0.7696,49.8978,0.0004,898.3059,938.2145,39.9086
8886.0000,12.3702,0.7696,49.8943,0.0004,898.2814,938.1017,39.8204
8887.0000,12.3713,0.7696,49.8909,0.0004,898.2568,937.9895,39.7327
8888.0000,12.3723,0.7696,49.8874,0.0004,898.2321,937.8777,39.6456
8889.0000,12.3733,0.7696,49.8839,0.0004,898.2073,937.7662,39.5589
8890.0000,12.3743,0.7695,49.8805,0.0004,898.1825,937.6552,39.4727
8891.0000,12.3753,0.7695,49.8770,0.0004,898.1575,937.5445,39.3870
8892.0000,12.3762,0.7695,49.8736,0.0004,898.1325,937.4341,39.3016
8893.0000,12.3772,0.7695,49.8702,0.0004,898.1074,937.3241,39.2166
8894.0000,12.3781,0.7695,49.8667,0.0004,898.0823,937.2143,39.1321
8895.0000,12.3791,0.7694,49.8633,0.0004,898.0570,937.1049,39.0478
8896.0000,12.3800,0.7694,49.8598,0.0004,898.0317,936.9957,38.9639
8897.0000,12.3809,0.7694,49.8563,0.0004,898.0064,936.8868,38.8804
8898.0000,12.3818,0.7694,49.8529,0.0004,897.9809,936.7781,38.7972
8899.0000,12.3827,0.7693,49.8494,0.0004,897.9554,936.6697,38.7143
8900.0000,12.3835,0.7693,49.8460,0.0004,897.9298,936.5616,38.6317
8901.0000,12.3844,0.7693,49.8425,0.0004,897.9042,936.4537,38.5495
8902.0000,12.3853,0.7693,49.8391,0.0004,897.8785,936.3460,38.4675
8903.0000,12.3861,0.7693,49.8357,0.0004,897.8527,936.2385,38.3858
8904.0000,12.3869,0.7692,49.8322,0.0004,897.8269,936.1313,38.3044
8905.0000,12.3878,0.7692,49.8287,0.0004,897.8010,936.0242,38.2232
8906.0000,12.3886,0.7692,49.8253,0.0004,897.7751,935.9174,38.1423
8907.0000,12.3894,0.7692,49.8218,0.0004,897.7490,935.8108,38.0617
8908.0000,12.3902,0.7691,49.8184,0.0004,897.7230,935.7043,37.9814
8909.0000,12.3910,0.7691,49.8149,0.0004,897.6968,935.5981,37.9013
8910.0000,12.3918,0.7691,49.8115,0.0004,897.6706,935.4921,37.8214
8911.0000,12.3926,0.7691,49.8081,0.0004,897.6444,935.3862,37.7418
8912.0000,12.3934,0.7691,49.8046,0.0004,897.6181,935.2805,37.6624
8913.0000,12.3941,0.7690,49.8011,0.0004,897.5917,935.1750,37.5833
8914.0000,12.3949,0.7690,49.7977,0.0004,897.5653,935.0697,37.5044
8915.0000,12.3957,0.7690,49.7942,0.0004,897.5388,934.9645,37.4257
8916.0000,12.3964,0.7690,49.7908,0.0004,897.5122,934.8595,37.3473
8917.0000,12.3972,0.7689,49.7873,0.0004,897.4856,934.7547,37.2691
8918.0000,12.3979,0.7689,49.7839,0.0004,897.4590,934.6500,37.1910
8919.0000,12.3986,0.7689,49.7805,0.0004,897.4323,934.5455,37.1132
8920.0000,12.3994,0.7689,49.7770,0.0004,897.4055,934.4412,37.0357
8921.0000,12.4001,0.7689,49.7736,0.0004,897.3787,934.3370,36.9583
8922.0000,12.4008,0.7688,49.7701,0.0004,897.3518,934.2329,36.8811
8923.0000,12.4015,0.7688,49.7666,0.0004,897.3249,934.1290,36.8041
8924.0000,12.4022,0.7688,49.7632,0.0004,897.2979,934.0253,36.7274
8925.0000,12.4029,0.7688,49.7597,0.0004,897.2709,933.9217,36.6508
8926.0000,12.4036,0.7687,49.7563,0.0004,897.2438,933.8182,36.5744
8927.0000,12.4043,0.7687,49.7528,0.0004,897.2167,933.7149,36.4983
8928.0000,12.4049,0.7687,49.7494,0.0004,897.1895,933.6117,36.4223
8929.0000,12.4056,0.7687,49.7460,0.0004,897.1622,933.5087,36.3465
8930.0000,12.4063,0.7686,49.7425,0.0004,897.1349,933.4058,36.2709
8931.0000,12.4069,0.7686,49.7390,0.0004,897.1076,933.3030,36.1954
8932.0000,12.4076,0.7686,49.7356,0.0004,897.0802,933.2004,36.1202
8933.0000,12.4082,0.7686,49.7321,0.0004,897.0527,933.0979,36.0451
8934.0000,12.4089,0.7685,49.7287,0.0004,897.0252,932.9955,35.9702
8935.0000,12.4095,0.7685,49.7252,0.0004,896.9977,932.8932,35.8955
8936.0000,12.4102,0.7685,49.7218,0.0004,896.9701,932.7911,35.8210
8937.0000,12.4108,0.7685,49.7184,0.0004,896.9425,932.6891,35.7466
8938.0000,12.4114,0.7685,49.7149,0.0004,896.9148,932.5872,35.6724
8939.0000,12.4120,0.7684,49.7114,0.0004,896.8870,932.4854,35.5984
8940.0000,12.4126,0.7684,49.7080,0.0004,896.8592,932.3838,35.5245
8941.0000,12.4136,0.7684,49.7156,0.0004,896.8288,932.5504,35.7215
8942.0000,12.4146,0.7684,49.7232,0.0004,896.7986,932.7133,35.9147
8943.0000,12.4158,0.7683,49.7308,0.0004,896.7686,932.8737,36.1051
8944.0000,12.4171,0.7683,49.7383,0.0004,896.7387,933.0320,36.2933
8945.0000,12.4184,0.7683,49.7459,0.0004,896.7089,933.1884,36.4795
8946.0000,12.4198,0.7683,49.7535,0.0004,896.6794,933.3433,36.6639
8947.0000,12.4212,0.7682,49.7611,0.0004,896.6500,933.4967,36.8468
8948.0000,12.4227,0.7682,49.7687,0.0004,896.6207,933.6489,37.0282
8949.0000,12.4243,0.7682,49.7762,0.0004,896.5916,933.7999,37.2083
8950.0000,12.4258,0.7682,49.7838,0.0004,896.5627,933.9498,37.3871
8951.0000,12.4275,0.7682,49.7914,0.0004,896.5339,934.0986,37.5647
8952.0000,12.4291,0.7681,49.7990,0.0004,896.5052,934.2464,37.7412
8953.0000,12.4308,0.7681,49.8066,0.0004,896.4767,934.3934,37.9167
8954.0000,12.4326,0.7681,49.8142,0.0004,896.4483,934.5394,38.0911
8955.0000,12.4344,0.7681,49.8217,0.0004,896.4201,934.6847,38.2645
8956.0000,12.4362,0.7680,49.8293,0.0004,896.3920,934.8291,38.4370
8957.0000,12.4380,0.7680,49.8369,0.0004,896.3641,934.9728,38.6087
8958.0000,12.4399,0.7680,49.8445,0.0004,896.3363,935.1157,38.7794
8959.0000,12.4418,0.7680,49.8521,0.0004,896.3086,935.2579,38.9493
8960.0000,12.4437,0.7680,49.8597,0.0004,896.2811,935.3995,39.1184
8961.0000,12.4456,0.7679,49.8672,0.0004,896.2537,935.5404,39.2867
8962.0000,12.4476,0.7679,49.8748,0.0004,896.2265,935.6807,39.4542
8963.0000,12.4496,0.7679,49.8824,0.0004,896.1993,935.8203,39.6210
8964.0000,12.4516,0.7679,49.8900,0.0004,896.1723,935.9594,39.7871
8965.0000,12.4537,0.7679,49.8976,0.0004,896.1455,936.0979,39.9524
8966.0000,12.4557,0.7678,49.9052,0.0004,896.1187,936.2358,40.1171
8967.0000,12.4578,0.7678,49.9127,0.0004,896.0921,936.3732,40.2811
8968.0000,12.4599,0.7678,49.9203,0.0004,896.0656,936.5101,40.4444
8969.0000,12.4621,0.7678,49.9279,0.0004,896.0393,936.6464,40.6071
8970.0000,12.4642,0.7677,49.9355,0.0004,896.0130,936.7823,40.7692
8971.0000,12.4664,0.7677,49.9431,0.0004,895.9869,936.9176,40.9307
8972.0000,12.4686,0.7677,49.9507,0.0004,895.9610,937.0525,41.0915
8973.0000,12.4708,0.7677,49.9582,0.0004,895.9351,937.1869,41.2518
8974.0000,12.4730,0.7677,49.9658,0.0004,895.9094,937.3209,41.4115
8975.0000,12.4752,0.7676,49.9734,0.0004,895.8837,937.4544,41.5706
8976.0000,12.4775,0.7676,49.9810,0.0004,895.8582,937.5874,41.7292
8977.0000,12.4798,0.7676,49.9886,0.0004,895.8329,937.7201,41.8872
8978.0000,12.4821,0.7676,49.9962,0.0004,895.8076,937.8523,42.0447
8979.0000,12.4844,0.7676,50.0037,0.0004,895.7825,937.9841,42.2016
8980.0000,12.4867,0.7676,50.0113,0.0004,895.7574,938.1155,42.3581
8981.0000,12.4891,0.7675,50.0189,0.0004,895.7325,938.2465,42.5140
8982.0000,12.4914,0.7675,50.0265,0.0004,895.7078,938.3771,42.6694
8983.0000,12.4938,0.7675,50.0341,0.0004,895.6831,938.5074,42.8243
8984.0000,12.4962,0.7675,50.0417,0.0004,895.6585,938.6372,42.9787
8985.0000,12.4986,0.7675,50.0492,0.0004,895.6341,938.7667,43.1327
8986.0000,12.5010,0.7674,50.0568,0.0004,895.6098,938.8959,43.2861
8987.0000,12.5034,0.7674,50.0644,0.0004,895.5855,939.0247,43.4391
8988.0000,12.5059,0.7674,50.0720,0.0004,895.5614,939.1531,43.5916
8989.0000,12.5083,0.7674,50.0796,0.0004,895.5375,939.2812,43.7437
8990.0000,12.5108,0.7674,50.0872,0.0004,895.5136,939.4089,43.8953
8991.0000,12.5133,0.7673,50.0947,0.0004,895.4898,939.5363,44.0465
8992.0000,12.5158,0.7673,50.1023,0.0004,895.4662,939.6634,44.1973
8993.0000,12.5183,0.7673,50.1099,0.0004,895.4426,939.7902,44.3476
8994.0000,12.5208,0.7673,50.1175,0.0004,895.4192,939.9166,44.4974
8995.0000,12.5234,0.7673,50.1251,0.0004,895.3959,940.0428,44.6469
8996.0000,12.5259,0.7673,50.1327,0.0004,895.3726,940.1686,44.7959
8997.0000,12.5285,0.7672,50.1402,0.0004,895.3495,940.2941,44.9446
8998.0000,12.5311,0.7672,50.1478,0.0004,895.3265,940.4193,45.0928
8999.0000,12.5336,0.7672,50.1554,0.0004,895.3036,940.5442,45.2406
9000.0000,12.5362,0.7672,50.1630,0.0004,895.2809,940.6688,45.3880
9001.0000,12.5387,0.7672,50.1636,0.0004,895.2542,940.6229,45.3687
9002.0000,12.5410,0.7671,50.1642,0.0004,895.2276,940.5790,45.3515
9003.0000,12.5433,0.7671,50.1647,0.0004,895.2009,940.5365,45.3356
9004.0000,12.5455,0.7671,50.1653,0.0004,895.1743,940.4951,45.3207
9005.0000,12.5477,0.7671,50.1659,0.0004,895.1477,940.4545,45.3068
9006.0000,12.5499,0.7671,50.1665,0.0004,895.1211,940.4148,45.2937
9007.0000,12.5521,0.7671,50.1671,0.0004,895.0945,940.3757,45.2812
9008.0000,12.5542,0.7670,50.1677,0.0004,895.0679,940.3372,45.2693
9009.0000,12.5563,0.7670,50.1683,0.0004,895.0414,940.2993,45.2580
9010.0000,12.5584,0.7670,50.1688,0.0004,895.0148,940.2619,45.2471
9011.0000,12.5604,0.7670,50.1694,0.0004,894.9882,940.2249,45.2367
9012.0000,12.5625,0.7670,50.1700,0.0004,894.9616,940.1883,45.2267
9013.0000,12.5645,0.7670,50.1706,0.0004,894.9350,940.1521,45.2171
9014.0000,12.5665,0.7669,50.1712,0.0004,894.9084,940.1162,45.2079
9015.0000,12.5685,0.7669,50.1717,0.0004,894.8818,940.0807,45.1990
9016.0000,12.5705,0.7669,50.1723,0.0004,894.8552,940.0455,45.1904
9017.0000,12.5725,0.7669,50.1729,0.0004,894.8286,940.0106,45.1820
9018.0000,12.5745,0.7669,50.1735,0.0004,894.8020,939.9760,45.1740
9019.0000,12.5764,0.7669,50.1741,0.0004,894.7754,939.9416,45.1662
9020.0000,12.5784,0.7668,50.1747,0.0004,894.7488,939.9075,45.1587
9021.0000,12.5803,0.7668,50.1752,0.0004,894.7222,939.8736,45.1514
9022.0000,12.5822,0.7668,50.1758,0.0004,894.6956,939.8400,45.1444
9023.0000,12.5842,0.7668,50.1764,0.0004,894.6690,939.8065,45.1375
9024.0000,12.5861,0.7668,50.1770,0.0004,894.6424,939.7733,45.1308
9025.0000,12.5880,0.7667,50.1776,0.0004,894.6158,939.7402,45.1244
9026.0000,12.5899,0.7667,50.1782,0.0004,894.5892,939.7073,45.1181
9027.0000,12.5918,0.7667,50.1788,0.0004,894.5626,939.6746,45.1120
9028.0000,12.5936,0.7667,50.1793,0.0004,894.5360,939.6421,45.1061
9029.0000,12.5955,0.7667,50.1799,0.0004,894.5095,939.6097,45.1003
9030.0000,12.5974,0.7667,50.1805,0.0004,894.4829,939.5775,45.0947
9031.0000,12.5993,0.7666,50.1811,0.0004,894.4563,939.5455,45.0892
9032.0000,12.6011,0.7666,50.1817,0.0004,894.4297,939.5136,45.0839
9033.0000,12.6030,0.7666,50.1822,0.0004,894.4031,939.4818,45.0787
9034.0000,12.6048,0.7666,50.1828,0.0004,894.3765,939.4502,45.0736
9035.0000,12.6067,0.7666,50.1834,0.0004,894.3500,939.4187,45.0687
9036.0000,12.6085,0.7666,50.1840,0.0004,894.3234,939.3873,45.0639
9037.0000,12.6103,0.7665,50.1846,0.0004,894.2968,939.3560,45.0592
9038.0000,12.6122,0.7665,50.1852,0.0004,894.2702,939.3249,45.0546
9039.0000,12.6140,0.7665,50.1857,0.0004,894.2437,939.2939,45.0502
9040.0000,12.6158,0.7665,50.1863,0.0004,894.2171,939.2629,45.0458
9041.0000,12.6176,0.7665,50.1869,0.0004,894.1905,939.2321,45.0416
9042.0000,12.6194,0.7664,50.1875,0.0004,894.1640,939.2014,45.0374
9043.0000,12.6213,0.7664,50.1881,0.0004,894.1374,939.1708,45.0334
9044.0000,12.6231,0.7664,50.1887,0.0004,894.1109,939.1403,45.0294
9045.0000,12.6249,0.7664,50.1893,0.0004,894.0843,939.1099,45.0255
9046.0000,12.6267,0.7664,50.1898,0.0004,894.0578,939.0795,45.0217
9047.0000,12.6284,0.7664,50.1904,0.0004,894.0312,939.0493,45.0181
9048.0000,12.6302,0.7663,50.1910,0.0004,894.0047,939.0191,45.0144
9049.0000,12.6320,0.7663,50.1916,0.0004,893.9781,938.9890,45.0109
9050.0000,12.6338,0.7663,50.1922,0.0004,893.9516,938.9591,45.0074
9051.0000,12.6356,0.7663,50.1927,0.0004,893.9251,938.9291,45.0041
9052.0000,12.6374,0.7663,50.1933,0.0004,893.8985,938.8993,45.0008
9053.0000,12.6391,0.7663,50.1939,0.0004,893.8720,938.8695,44.9975
9054.0000,12.6409,0.7662,50.1945,0.0004,893.8455,938.8399,44.9944
9055.0000,12.6427,0.7662,50.1951,0.0004,893.8190,938.8102,44.9913
9056.0000,12.6444,0.7662,50.1957,0.0004,893.7925,938.7807,44.9882
9057.0000,12.6462,0.7662,50.1962,0.0004,893.7659,938.7512,44.9853
9058.0000,12.6480,0.7662,50.1968,0.0004,893.7394,938.7218,44.9824
9059.0000,12.6497,0.7662,50.1974,0.0004,893.7129,938.6924,44.9795
9060.0000,12.6515,0.7661,50.1980,0.0004,893.6864,938.6632,44.9767
9061.0000,12.6530,0.7661,50.1917,0.0004,893.6635,938.4667,44.8032
9062.0000,12.6545,0.7661,50.1854,0.0004,893.6405,938.2727,44.6322
9063.0000,12.6559,0.7661,50.1791,0.0004,893.6173,938.0805,44.4631
9064.0000,12.6572,0.7661,50.1728,0.0004,893.5940,937.8897,44.2957
9065.0000,12.6585,0.7660,50.1665,0.0004,893.5706,937.7002,44.1296
9066.0000,12.6597,0.7660,50.1602,0.0004,893.5470,937.5118,43.9648
9067.0000,12.6609,0.7660,50.1539,0.0004,893.5233,937.3244,43.8012
9068.0000,12.6621,0.7660,50.1476,0.0004,893.4994,937.1380,43.6386
9069.0000,12.6632,0.7660,50.1413,0.0004,893.4754,936.9524,43.4770
9070.0000,12.6643,0.7660,50.1350,0.0004,893.4513,936.7677,43.3164
9071.0000,12.6654,0.7659,50.1287,0.0004,893.4271,936.5837,43.1567
9072.0000,12.6664,0.7659,50.1224,0.0004,893.4027,936.4005,42.9978
9073.0000,12.6674,0.7659,50.1161,0.0004,893.3782,936.2179,42.8397
9074.0000,12.6684,0.7659,50.1098,0.0004,893.3536,936.0360,42.6824
9075.0000,12.6693,0.7659,50.1035,0.0004,893.3289,935.8548,42.5259
9076.0000,12.6702,0.7658,50.0972,0.0004,893.3041,935.6742,42.3701
9077.0000,12.6711,0.7658,50.0909,0.0004,893.2791,935.4941,42.2150
9078.0000,12.6720,0.7658,50.0846,0.0004,893.2540,935.3146,42.0606
9079.0000,12.6729,0.7658,50.0783,0.0004,893.2288,935.1357,41.9068
9080.0000,12.6737,0.7658,50.0720,0.0004,893.2035,934.9573,41.7537
9081.0000,12.6745,0.7657,50.0657,0.0004,893.1781,934.7794,41.6012
9082.0000,12.6753,0.7657,50.0594,0.0004,893.1526,934.6020,41.4494
9083.0000,12.6761,0.7657,50.0531,0.0004,893.1270,934.4251,41.2981
9084.0000,12.6769,0.7657,50.0468,0.0004,893.1012,934.2486,41.1474
9085.0000,12.6776,0.7657,50.0405,0.0004,893.0754,934.0726,40.9972
9086.0000,12.6783,0.7656,50.0342,0.0004,893.0494,933.8971,40.8477
9087.0000,12.6790,0.7656,50.0279,0.0004,893.0234,933.7220,40.6986
9088.0000,12.6797,0.7656,50.0216,0.0004,892.9972,933.5473,40.5501
9089.0000,12.6804,0.7656,50.0153,0.0004,892.9709,933.3731,40.4021
9090.0000,12.6810,0.7656,50.0090,0.0004,892.9446,933.1992,40.2547
9091.0000,12.6817,0.7655,50.0027,0.0004,892.9181,933.0258,40.1077
9092.0000,12.6823,0.7655,49.9964,0.0004,892.8915,932.8527,39.9612
9093.0000,12.6829,0.7655,49.9901,0.0004,892.8648,932.6800,39.8152
9094.0000,12.6835,0.7655,49.9838,0.0004,892.8380,932.5077,39.6697
9095.0000,12.6841,0.7655,49.9775,0.0004,892.8111,932.3358,39.5247
9096.0000,12.6846,0.7654,49.9712,0.0004,892.7841,932.1642,39.3801
9097.0000,12.6852,0.7654,49.9649,0.0004,892.7571,931.9930,39.2359
9098.0000,12.6857,0.7654,49.9586,0.0004,892.7299,931.8221,39.0922
9099.0000,12.6862,0.7654,49.9523,0.0004,892.7026,931.6516,38.9490
9100.0000,12.6867,0.7654,49.9460,0.0004,892.6752,931.4814,38.8062
9101.0000,12.6872,0.7653,49.9397,0.0004,892.6477,931.3115,38.6638
9102.0000,12.6877,0.7653,49.9334,0.0004,892.6201,931.1420,38.5218
9103.0000,12.6882,0.7653,49.9271,0.0004,892.5925,930.9727,38.3803
9104.0000,12.6886,0.7653,49.9208,0.0004,892.5647,930.8038,38.2391
9105.0000,12.6891,0.7653,49.9145,0.0004,892.5368,930.6352,38.0984
9106.0000,12.6895,0.7652,49.9082,0.0004,892.5089,930.4669,37.9581
9107.0000,12.6899,0.7652,49.9019,0.0004,892.4808,930.2989,37.8181
9108.0000,12.6904,0.7652,49.8956,0.0004,892.4527,930.1312,37.6786
9109.0000,12.6907,0.7652,49.8893,0.0004,892.4244,929.9638,37.5394
9110.0000,12.6911,0.7651,49.8830,0.0004,892.3961,929.7967,37.4006
9111.0000,12.6915,0.7651,49.8767,0.0004,892.3676,929.6298,37.2622
9112.0000,12.6919,0.7651,49.8704,0.0004,892.3391,929.4633,37.1241
9113.0000,12.6922,0.7651,49.8641,0.0004,892.3105,929.2970,36.9865
9114.0000,12.6926,0.7651,49.8578,0.0004,892.2818,929.1310,36.8491
9115.0000,12.6929,0.7650,49.8515,0.0004,892.2530,928.9652,36.7122
9116.0000,12.6932,0.7650,49.8452,0.0004,892.2241,928.7997,36.5756
9117.0000,12.6935,0.7650,49.8389,0.0004,892.1952,928.6345,36.4393
9118.0000,12.6938,0.7650,49.8326,0.0004,892.1661,928.4695,36.3034
9119.0000,12.6941,0.7649,49.8263,0.0004,892.1369,928.3048,36.1679
9120.0000,12.6944,0.7649,49.8200,0.0004,892.1077,928.1403,36.0326
9121.0000,12.6949,0.7649,49.8235,0.0004,892.0863,928.2133,36.1271
9122.0000,12.6956,0.7649,49.8269,0.0004,892.0649,928.2834,36.2185
9123.0000,12.6963,0.7649,49.8304,0.0004,892.0435,928.3514,36.3079
9124.0000,12.6971,0.7648,49.8338,0.0004,892.0221,928.4177,36.3956
9125.0000,12.6979,0.7648,49.8372,0.0004,892.0007,928.4827,36.4819
9126.0000,12.6988,0.7648,49.8407,0.0004,891.9794,928.5464,36.5670
9127.0000,12.6998,0.7648,49.8441,0.0004,891.9582,928.6091,36.6509
9128.0000,12.7008,0.7647,49.8476,0.0004,891.9370,928.6708,36.7338
9129.0000,12.7018,0.7647,49.8511,0.0004,891.9158,928.7316,36.8158
9130.0000,12.7028,0.7647,49.8545,0.0004,891.8947,928.7916,36.8970
9131.0000,12.7039,0.7647,49.8580,0.0004,891.8736,928.8509,36.9773
9132.0000,12.7050,0.7646,49.8614,0.0004,891.8526,928.9094,37.0569
9133.0000,12.7062,0.7646,49.8648,0.0004,891.8316,928.9673,37.1357
9134.0000,12.7073,0.7646,49.8683,0.0004,891.8107,929.0246,37.2139
9135.0000,12.7085,0.7646,49.8717,0.0004,891.7898,929.0813,37.2915
9136.0000,12.7097,0.7646,49.8752,0.0004,891.7690,929.1375,37.3685
9137.0000,12.7109,0.7645,49.8787,0.0004,891.7482,929.1931,37.4449
9138.0000,12.7122,0.7645,49.8821,0.0004,891.7275,929.2482,37.5207
9139.0000,12.7134,0.7645,49.8856,0.0004,891.7068,929.3028,37.5960
9140.0000,12.7147,0.7645,49.8890,0.0004,891.6861,929.3570,37.6709
9141.0000,12.7160,0.7645,49.8925,0.0004,891.6656,929.4107,37.7452
9142.0000,12.7173,0.7644,49.8959,0.0004,891.6450,929.4641,37.8190
9143.0000,12.7187,0.7644,49.8993,0.0004,891.6245,929.5170,37.8924
9144.0000,12.7200,0.7644,49.9028,0.0004,891.6041,929.5695,37.9654
9145.0000,12.7214,0.7644,49.9062,0.0004,891.5837,929.6216,38.0379
9146.0000,12.7228,0.7643,49.9097,0.0004,891.5633,929.6734,38.1100
9147.0000,12.7242,0.7643,49.9132,0.0004,891.5430,929.7248,38.1818
9148.0000,12.7256,0.7643,49.9166,0.0004,891.5228,929.7759,38.2531
9149.0000,12.7270,0.7643,49.9201,0.0004,891.5025,929.8266,38.3240
9150.0000,12.7284,0.7643,49.9235,0.0004,891.4824,929.8770,38.3946
9151.0000,12.7299,0.7642,49.9269,0.0004,891.4623,929.9271,38.4649
9152.0000,12.7313,0.7642,49.9304,0.0004,891.4422,929.9769,38.5347
9153.0000,12.7328,0.7642,49.9338,0.0004,891.4221,930.0264,38.6043
9154.0000,12.7343,0.7642,49.9373,0.0004,891.4022,930.0757,38.6735
9155.0000,12.7358,0.7641,49.9408,0.0004,891.3822,930.1246,38.7424
9156.0000,12.7373,0.7641,49.9442,0.0004,891.3623,930.1733,38.8110
9157.0000,12.7388,0.7641,49.9477,0.0004,891.3425,930.2217,38.8792
9158.0000,12.7403,0.7641,49.9511,0.0004,891.3226,930.2698,38.9472
9159.0000,12.7418,0.7641,49.9545,0.0004,891.3029,930.3177,39.0148
9160.0000,12.7434,0.7640,49.9580,0.0004,891.2832,930.3654,39.0822
9161.0000,12.7449,0.7640,49.9614,0.0004,891.2635,930.4128,39.1493
9162.0000,12.7465,0.7640,49.9649,0.0004,891.2438,930.4599,39.2161
9163.0000,12.7481,0.7640,49.9684,0.0004,891.2242,930.5069,39.2826
9164.0000,12.7497,0.7640,49.9718,0.0004,891.2047,930.5536,39.3489
9165.0000,12.7512,0.7639,49.9753,0.0004,891.1852,930.6001,39.4149
9166.0000,12.7528,0.7639,49.9787,0.0004,891.1657,930.6464,39.4806
9167.0000,12.7545,0.7639,49.9822,0.0004,891.1463,930.6924,39.5461
9168.0000,12.7561,0.7639,49.9856,0.0004,891.1269,930.7383,39.6114
9169.0000,12.7577,0.7638,49.9890,0.0004,891.1076,930.7840,39.6764
9170.0000,12.7593,0.7638,49.9925,0.0004,891.0883,930.8294,39.7411
9171.0000,12.7610,0.7638,49.9960,0.0004,891.0690,930.8747,39.8056
9172.0000,12.7626,0.7638,49.9994,0.0004,891.0498,930.9197,39.8699
9173.0000,12.7643,0.7638,50.0029,0.0004,891.0306,930.9646,39.9340
9174.0000,12.7659,0.7637,50.0063,0.0004,891.0115,931.0093,39.9978
9175.0000,12.7676,0.7637,50.0098,0.0004,890.9924,931.0538,40.0614
9176.0000,12.7693,0.7637,50.0132,0.0004,890.9734,931.0982,40.1248
9177.0000,12.7710,0.7637,50.0166,0.0004,890.9544,931.1423,40.1880
9178.0000,12.7726,0.7637,50.0201,0.0004,890.9354,931.1863,40.2509
9179.0000,12.7743,0.7636,50.0236,0.0004,890.9165,931.2301,40.3137
9180.0000,12.7760,0.7636,50.0270,0.0004,890.8976,931.2738,40.3762
9181.0000,12.7776,0.7636,50.0233,0.0004,890.8674,931.1428,40.2754
9182.0000,12.7790,0.7636,50.0196,0.0004,890.8372,931.0138,40.1767
9183.0000,12.7804,0.7636,50.0159,0.0004,890.8070,930.8864,40.0794
9184.0000,12.7817,0.7635,50.0121,0.0004,890.7768,930.7602,39.9834
9185.0000,12.7830,0.7635,50.0084,0.0004,890.7466,930.6349,39.8883
9186.0000,12.7843,0.7635,50.0047,0.0004,890.7164,930.5106,39.7942
9187.0000,12.7855,0.7635,50.0010,0.0004,890.6861,930.3870,39.7009
9188.0000,12.7867,0.7635,49.9973,0.0004,890.6559,930.2641,39.6083
9189.0000,12.7879,0.7634,49.9935,0.0004,890.6255,930.1419,39.5164
9190.0000,12.7890,0.7634,49.9898,0.0004,890.5952,930.0203,39.4251
9191.0000,12.7901,0.7634,49.9861,0.0004,890.5648,929.8992,39.3344
9192.0000,12.7913,0.7634,49.9824,0.0004,890.5344,929.7787,39.2443
9193.0000,12.7923,0.7634,49.9787,0.0004,890.5039,929.6586,39.1547
9194.0000,12.7934,0.7633,49.9750,0.0004,890.4734,929.5390,39.0656
9195.0000,12.7945,0.7633,49.9712,0.0004,890.4428,929.4198,38.9770
9196.0000,12.7955,0.7633,49.9675,0.0004,890.4122,929.3010,38.8888
9197.0000,12.7965,0.7633,49.9638,0.0004,890.3816,929.1827,38.8011
9198.0000,12.7975,0.7632,49.9601,0.0004,890.3509,929.0647,38.7138
9199.0000,12.7985,0.7632,49.9564,0.0004,890.3202,928.9471,38.6269
9200.0000,12.7995,0.7632,49.9527,0.0004,890.2894,928.8298,38.5404
9201.0000,12.8004,0.7632,49.9490,0.0004,890.2586,928.7129,38.4542
9202.0000,12.8014,0.7632,49.9452,0.0004,890.2278,928.5963,38.3685
9203.0000,12.8023,0.7631,49.9415,0.0004,890.1969,928.4800,38.2830
9204.0000,12.8032,0.7631,49.9378,0.0004,890.1660,928.3640,38.1980
9205.0000,12.8042,0.7631,49.9341,0.0004,890.1350,928.2482,38.1132
9206.0000,12.8051,0.7631,49.9304,0.0004,890.1040,928.1328,38.0288
9207.0000,12.8059,0.7631,49.9267,0.0004,890.0729,928.0177,37.9447
9208.0000,12.8068,0.7630,49.9229,0.0004,890.0418,927.9028,37.8609
9209.0000,12.8077,0.7630,49.9192,0.0004,890.0107,927.7881,37.7774
9210.0000,12.8085,0.7630,49.9155,0.0004,889.9795,927.6738,37.6943
9211.0000,12.8094,0.7630,49.9118,0.0004,889.9483,927.5596,37.6113
9212.0000,12.8102,0.7630,49.9081,0.0004,889.9170,927.4457,37.5287
9213.0000,12.8111,0.7629,49.9044,0.0004,889.8857,927.3321,37.4464
9214.0000,12.8119,0.7629,49.9006,0.0004,889.8544,927.2186,37.3643
9215.0000,12.8127,0.7629,49.8969,0.0004,889.8230,927.1054,37.2825
9216.0000,12.8135,0.7629,49.8932,0.0004,889.7915,926.9924,37.2009
9217.0000,12.8143,0.7628,49.8895,0.0004,889.7600,926.8797,37.1196
9218.0000,12.8151,0.7628,49.8858,0.0004,889.7285,926.7671,37.0386
9219.0000,12.8159,0.7628,49.8820,0.0004,889.6970,926.6547,36.9577
9220.0000,12.8166,0.7628,49.8783,0.0004,889.6653,926.5425,36.8772
9221.0000,12.8174,0.7628,49.8746,0.0004,889.6337,926.4305,36.7968
9222.0000,12.8181,0.7627,49.8709,0.0004,889.6020,926.3188,36.7167
9223.0000,12.8189,0.7627,49.8672,0.0004,889.5703,926.2072,36.6369
9224.0000,12.8196,0.7627,49.8635,0.0004,889.5385,926.0957,36.5572
9225.0000,12.8204,0.7627,49.8597,0.0004,889.5067,925.9845,36.4778
9226.0000,12.8211,0.7626,49.8560,0.0004,889.4748,925.8734,36.3986
9227.0000,12.8218,0.7626,49.8523,0.0004,889.4429,925.7626,36.3196
9228.0000,12.8225,0.7626,49.8486,0.0004,889.4110,925.6518,36.2408
9229.0000,12.8232,0.7626,49.8449,0.0004,889.3790,925.5413,36.1623
9230.0000,12.8239,0.7626,49.8412,0.0004,889.3470,925.4309,36.0839
9231.0000,12.8246,0.7625,49.8375,0.0004,889.3149,925.3207,36.0058
9232.0000,12.8253,0.7625,49.8337,0.0004,889.2828,925.2106,35.9278
9233.0000,12.8260,0.7625,49.8300,0.0004,889.2507,925.1007,35.8500
9234.0000,12.8267,0.7625,49.8263,0.0004,889.2185,924.9910,35.7725
9235.0000,12.8273,0.7625,49.8226,0.0004,889.1863,924.8814,35.6951
9236.0000,12.8280,0.7624,49.8189,0.0004,889.1540,924.7720,35.6179
9237.0000,12.8286,0.7624,49.8152,0.0004,889.1217,924.6627,35.5410
9238.0000,12.8293,0.7624,49.8114,0.0004,889.0894,924.5535,35.4642
9239.0000,12.8299,0.7624,49.8077,0.0004,889.0570,924.4445,35.3875
9240.0000,12.8306,0.7623,49.8040,0.0004,889.0246,924.3357,35.3111
9241.0000,12.8314,0.7623,49.8087,0.0004,888.9930,924.4316,35.4385
9242.0000,12.8324,0.7623,49.8134,0.0004,888.9616,924.5248,35.5632
9243.0000,12.8335,0.7623,49.8181,0.0004,888.9302,924.6160,35.6858
9244.0000,12.8346,0.7623,49.8228,0.0004,888.8990,924.7058,35.8068
9245.0000,12.8357,0.7622,49.8275,0.0004,888.8678,924.7942,35.9264
9246.0000,12.8369,0.7622,49.8322,0.0004,888.8368,924.8815,36.0447
9247.0000,12.8382,0.7622,49.8369,0.0004,888.8058,924.9677,36.1619
9248.0000,12.8395,0.7622,49.8416,0.0004,888.7749,925.0530,36.2781
9249.0000,12.8408,0.7621,49.8463,0.0004,888.7442,925.1375,36.3933
9250.0000,12.8422,0.7621,49.8510,0.0004,888.7135,925.2212,36.5076
9251.0000,12.8435,0.7621,49.8557,0.0004,888.6830,925.3041,36.6211
9252.0000,12.8449,0.7621,49.8604,0.0004,888.6525,925.3863,36.7338
9253.0000,12.8464,0.7621,49.8651,0.0004,888.6222,925.4679,36.8458
9254.0000,12.8478,0.7620,49.8698,0.0004,888.5919,925.5489,36.9570
9255.0000,12.8493,0.7620,49.8745,0.0004,888.5617,925.6292,37.0675
9256.0000,12.8508,0.7620,49.8792,0.0004,888.5316,925.7091,37.1774
9257.0000,12.8524,0.7620,49.8839,0.0004,888.5016,925.7883,37.2867
9258.0000,12.8539,0.7620,49.8886,0.0004,888.4717,925.8671,37.3954
9259.0000,12.8555,0.7619,49.8933,0.0004,888.4419,925.9454,37.5034
9260.0000,12.8571,0.7619,49.8980,0.0004,888.4122,926.0232,37.6110
9261.0000,12.8587,0.7619,49.9027,0.0004,888.3826,926.1005,37.7179
9262.0000,12.8603,0.7619,49.9074,0.0004,888.3530,926.1774,37.8244
9263.0000,12.8619,0.7618,49.9121,0.0004,888.3236,926.2539,37.9303
9264.0000,12.8636,0.7618,49.9168,0.0004,888.2942,926.3299,38.0357
9265.0000,12.8653,0.7618,49.9215,0.0004,888.2649,926.4056,38.1407
9266.0000,12.8670,0.7618,49.9262,0.0004,888.2357,926.4809,38.2451
9267.0000,12.8687,0.7618,49.9309,0.0004,888.2066,926.5558,38.3492
9268.0000,12.8704,0.7617,49.9356,0.0004,888.1776,926.6303,38.4527
9269.0000,12.8721,0.7617,49.9403,0.0004,888.1486,926.7045,38.5558
9270.0000,12.8739,0.7617,49.9450,0.0004,888.1198,926.7783,38.6585
9271.0000,12.8756,0.7617,49.9497,0.0004,888.0910,926.8518,38.7608
9272.0000,12.8774,0.7617,49.9544,0.0004,888.0623,926.9250,38.8627
9273.0000,12.8792,0.7616,49.9591,0.0004,888.0337,926.9978,38.9641
9274.0000,12.8810,0.7616,49.9638,0.0004,888.0051,927.0703,39.0652
9275.0000,12.8828,0.7616,49.9685,0.0004,887.9767,927.1426,39.1659
9276.0000,12.8846,0.7616,49.9732,0.0004,887.9483,927.2145,39.2662
9277.0000,12.8865,0.7616,49.9779,0.0004,887.9200,927.2861,39.3661
9278.0000,12.8883,0.7615,49.9826,0.0004,887.8918,927.3575,39.4656
9279.0000,12.8902,0.7615,49.9873,0.0004,887.8637,927.4285,39.5649
9280.0000,12.8920,0.7615,49.9920,0.0004,887.8356,927.4993,39.6637
9281.0000,12.8939,0.7615,49.9967,0.0004,887.8076,927.5698,39.7622
9282.0000,12.8958,0.7615,50.0014,0.0004,887.7797,927.6401,39.8604
9283.0000,12.8977,0.7614,50.0061,0.0004,887.7519,927.7101,39.9582
9284.0000,12.8996,0.7614,50.0108,0.0004,887.7242,927.7798,40.0557
9285.0000,12.9015,0.7614,50.0155,0.0004,887.6965,927.8493,40.1528
9286.0000,12.9035,0.7614,50.0202,0.0004,887.6689,927.9186,40.2497
9287.0000,12.9054,0.7614,50.0249,0.0004,887.6414,927.9876,40.3462
9288.0000,12.9073,0.7614,50.0296,0.0004,887.6139,928.0564,40.4424
9289.0000,12.9093,0.7613,50.0343,0.0004,887.5865,928.1249,40.5384
9290.0000,12.9113,0.7613,50.0390,0.0004,887.5592,928.1932,40.6340
9291.0000,12.9132,0.7613,50.0437,0.0004,887.5320,928.2613,40.7293
9292.0000,12.9152,0.7613,50.0484,0.0004,887.5049,928.3291,40.8243
9293.0000,12.9172,0.7613,50.0531,0.0004,887.4778,928.3968,40.9190
9294.0000,12.9192,0.7612,50.0578,0.0004,887.4508,928.4642,41.0134
9295.0000,12.9212,0.7612,50.0625,0.0004,887.4238,928.5314,41.1076
9296.0000,12.9233,0.7612,50.0672,0.0004,887.3970,928.5985,41.2015
9297.0000,12.9253,0.7612,50.0719,0.0004,887.3702,928.6653,41.2951
9298.0000,12.9273,0.7612,50.0766,0.0004,887.3435,928.7319,41.3884
9299.0000,12.9294,0.7611,50.0813,0.0004,887.3168,928.7983,41.4814
9300.0000,12.9314,0.7611,50.0860,0.0004,887.2903,928.8645,41.5742
9301.0000,12.9332,0.7611,50.0827,0.0004,887.2727,928.7375,41.4648
9302.0000,12.9350,0.7611,50.0795,0.0004,887.2550,928.6132,41.3582
9303.0000,12.9366,0.7611,50.0763,0.0004,887.2372,928.4907,41.2535
9304.0000,12.9382,0.7611,50.0730,0.0004,887.2192,928.3696,41.1505
9305.0000,12.9398,0.7610,50.0697,0.0004,887.2011,928.2498,41.0488
9306.0000,12.9413,0.7610,50.0665,0.0004,887.1829,928.1311,40.9483
9307.0000,12.9427,0.7610,50.0632,0.0004,887.1645,928.0134,40.8489
9308.0000,12.9441,0.7610,50.0600,0.0004,887.1461,927.8965,40.7504
9309.0000,12.9455,0.7610,50.0568,0.0004,887.1276,927.7805,40.6529
9310.0000,12.9469,0.7609,50.0535,0.0004,887.1089,927.6651,40.5562
9311.0000,12.9482,0.7609,50.0502,0.0004,887.0902,927.5505,40.4603
9312.0000,12.9495,0.7609,50.0470,0.0004,887.0713,927.4365,40.3651
9313.0000,12.9508,0.7609,50.0437,0.0004,887.0524,927.3231,40.2706
9314.0000,12.9521,0.7609,50.0405,0.0004,887.0334,927.2102,40.1768
9315.0000,12.9533,0.7608,50.0373,0.0004,887.0143,927.0979,40.0836
9316.0000,12.9546,0.7608,50.0340,0.0004,886.9951,926.9861,39.9910
9317.0000,12.9558,0.7608,50.0307,0.0004,886.9758,926.8748,39.8990
9318.0000,12.9569,0.7608,50.0275,0.0004,886.9565,926.7639,39.8075
9319.0000,12.9581,0.7608,50.0242,0.0004,886.9370,926.6535,39.7165
9320.0000,12.9593,0.7607,50.0210,0.0004,886.9175,926.5435,39.6261
9321.0000,12.9604,0.7607,50.0177,0.0004,886.8979,926.4340,39.5361
9322.0000,12.9615,0.7607,50.0145,0.0004,886.8782,926.3248,39.4466
9323.0000,12.9626,0.7607,50.0112,0.0004,886.8584,926.2160,39.3575
9324.0000,12.9637,0.7607,50.0080,0.0004,886.8386,926.1075,39.2689
9325.0000,12.9648,0.7606,50.0048,0.0004,886.8187,925.9994,39.1808
9326.0000,12.9658,0.7606,50.0015,0.0004,886.7987,925.8917,39.0930
9327.0000,12.9669,0.7606,49.9982,0.0004,886.7786,925.7843,39.0057
9328.0000,12.9679,0.7606,49.9950,0.0004,886.7584,925.6772,38.9187
9329.0000,12.9689,0.7606,49.9917,0.0004,886.7382,925.5704,38.8321
9330.0000,12.9699,0.7605,49.9885,0.0004,886.7179,925.4639,38.7460
9331.0000,12.9709,0.7605,49.9853,0.0004,886.6976,925.3577,38.6601
9332.0000,12.9719,0.7605,49.9820,0.0004,886.6772,925.2518,38.5746
9333.0000,12.9729,0.7605,49.9787,0.0004,886.6567,925.1462,38.4895
9334.0000,12.9739,0.7605,49.9755,0.0004,886.6361,925.0408,38.4047
9335.0000,12.9748,0.7604,49.9722,0.0004,886.6155,924.9358,38.3203
9336.0000,12.9758,0.7604,49.9690,0.0004,886.5948,924.8309,38.2362
9337.0000,12.9767,0.7604,49.9657,0.0004,886.5740,924.7264,38.1524
9338.0000,12.9776,0.7604,49.9625,0.0004,886.5532,924.6220,38.0689
9339.0000,12.9785,0.7604,49.9592,0.0004,886.5323,924.5179,37.9857
9340.0000,12.9794,0.7603,49.9560,0.0004,886.5113,924.4141,37.9028
9341.0000,12.9803,0.7603,49.9528,0.0004,886.4903,924.3105,37.8202
9342.0000,12.9812,0.7603,49.9495,0.0004,886.4692,924.2071,37.7379
9343.0000,12.9821,0.7603,49.9462,0.0004,886.4480,924.1039,37.6559
9344.0000,12.9830,0.7602,49.9430,0.0004,886.4268,924.0010,37.5742
9345.0000,12.9838,0.7602,49.9397,0.0004,886.4055,923.8982,37.4928
9346.0000,12.9847,0.7602,49.9365,0.0004,886.3841,923.7957,37.4116
9347.0000,12.9855,0.7602,49.9333,0.0004,886.3627,923.6934,37.3307
9348.0000,12.9863,0.7602,49.9300,0.0004,886.3413,923.5913,37.2500
9349.0000,12.9872,0.7601,49.9267,0.0004,886.3197,923.4893,37.1696
9350.0000,12.9880,0.7601,49.9235,0.0004,886.2981,923.3876,37.0895
9351.0000,12.9888,0.7601,49.9202,0.0004,886.2765,923.2861,37.0096
9352.0000,12.9896,0.7601,49.9170,0.0004,886.2548,923.1847,36.9299
9353.0000,12.9904,0.7601,49.9138,0.0004,886.2330,923.0835,36.8506
9354.0000,12.9912,0.7600,49.9105,0.0004,886.2111,922.9825,36.7714
9355.0000,12.9920,0.7600,49.9072,0.0004,886.1893,922.8817,36.6925
9356.0000,12.9928,0.7600,49.9040,0.0004,886.1673,922.7811,36.6138
9357.0000,12.9935,0.7600,49.9007,0.0004,886.1453,922.6806,36.5353
9358.0000,12.9943,0.7599,49.8975,0.0004,886.1232,922.5803,36.4571
9359.0000,12.9950,0.7599,49.8942,0.0004,886.1011,922.4802,36.3791
9360.0000,12.9958,0.7599,49.8910,0.0004,886.0789,922.3802,36.3013
9361.0000,12.9967,0.7599,49.8941,0.0004,886.0498,922.4358,36.3860
9362.0000,12.9977,0.7599,49.8973,0.0004,886.0207,922.4893,36.4685
9363.0000,12.9988,0.7598,49.9004,0.0004,885.9918,922.5413,36.5494
9364.0000,12.9999,0.7598,49.9036,0.0004,885.9630,922.5921,36.6291
9365.0000,13.0011,0.7598,49.9067,0.0004,885.9343,922.6419,36.7076
9366.0000,13.0023,0.7598,49.9099,0.0004,885.9057,922.6908,36.7852
9367.0000,13.0035,0.7597,49.9130,0.0004,885.8771,922.7390,36.8619
9368.0000,13.0047,0.7597,49.9162,0.0004,885.8487,922.7865,36.9378
9369.0000,13.0060,0.7597,49.9194,0.0004,885.8203,922.8333,37.0130
9370.0000,13.0073,0.7597,49.9225,0.0004,885.7920,922.8796,37.0876
9371.0000,13.0086,0.7597,49.9256,0.0004,885.7638,922.9253,37.1615
9372.0000,13.0100,0.7596,49.9288,0.0004,885.7357,922.9705,37.2348
9373.0000,13.0113,0.7596,49.9320,0.0004,885.7076,923.0152,37.3076
9374.0000,13.0127,0.7596,49.9351,0.0004,885.6796,923.0595,37.3799
9375.0000,13.0141,0.7596,49.9382,0.0004,885.6517,923.1034,37.4517
9376.0000,13.0155,0.7596,49.9414,0.0004,885.6238,923.1468,37.5229
9377.0000,13.0170,0.7595,49.9445,0.0004,885.5961,923.1899,37.5938
9378.0000,13.0184,0.7595,49.9477,0.0004,885.5684,923.2325,37.6642
9379.0000,13.0199,0.7595,49.9508,0.0004,885.5407,923.2749,37.7342
9380.0000,13.0213,0.7595,49.9540,0.0004,885.5131,923.3169,37.8037
9381.0000,13.0228,0.7595,49.9571,0.0004,885.4856,923.3585,37.8729
9382.0000,13.0243,0.7594,49.9603,0.0004,885.4582,923.3999,37.9417
9383.0000,13.0258,0.7594,49.9635,0.0004,885.4308,923.4410,38.0102
9384.0000,13.0273,0.7594,49.9666,0.0004,885.4035,923.4817,38.0782
9385.0000,13.0289,0.7594,49.9697,0.0004,885.3762,923.5222,38.1460
9386.0000,13.0304,0.7593,49.9729,0.0004,885.3490,923.5624,38.2134
9387.0000,13.0320,0.7593,49.9761,0.0004,885.3219,923.6024,38.2805
9388.0000,13.0335,0.7593,49.9792,0.0004,885.2948,923.6421,38.3473
9389.0000,13.0351,0.7593,49.9823,0.0004,885.2678,923.6815,38.4137
9390.0000,13.0367,0.7593,49.9855,0.0004,885.2408,923.7207,38.4799
9391.0000,13.0383,0.7592,49.9886,0.0004,885.2139,923.7597,38.5458
9392.0000,13.0399,0.7592,49.9918,0.0004,885.1871,923.7985,38.6114
9393.0000,13.0415,0.7592,49.9949,0.0004,885.1603,923.8370,38.6767
9394.0000,13.0431,0.7592,49.9981,0.0004,885.1336,923.8753,38.7417
9395.0000,13.0447,0.7592,50.0012,0.0004,885.1069,923.9134,38.8065
9396.0000,13.0463,0.7591,50.0044,0.0004,885.0803,923.9513,38.8710
9397.0000,13.0480,0.7591,50.0075,0.0004,885.0537,923.9890,38.9352
9398.0000,13.0496,0.7591,50.0107,0.0004,885.0272,924.0265,38.9992
9399.0000,13.0513,0.7591,50.0138,0.0004,885.0008,924.0638,39.0630
9400.0000,13.0530,0.7591,50.0170,0.0004,884.9744,924.1009,39.1265
9401.0000,13.0546,0.7590,50.0202,0.0004,884.9480,924.1378,39.1898
9402.0000,13.0563,0.7590,50.0233,0.0004,884.9217,924.1745,39.2528
9403.0000,13.0580,0.7590,50.0264,0.0004,884.8955,924.2111,39.3156
9404.0000,13.0597,0.7590,50.0296,0.0004,884.8693,924.2475,39.3782
9405.0000,13.0614,0.7590,50.0328,0.0004,884.8432,924.2837,39.4406
9406.0000,13.0631,0.7589,50.0359,0.0004,884.8171,924.3198,39.5027
9407.0000,13.0648,0.7589,50.0390,0.0004,884.7911,924.3557,39.5646
9408.0000,13.0665,0.7589,50.0422,0.0004,884.7651,924.3915,39.6264
9409.0000,13.0683,0.7589,50.0453,0.0004,884.7392,924.4270,39.6879
9410.0000,13.0700,0.7589,50.0485,0.0004,884.7133,924.4625,39.7492
9411.0000,13.0717,0.7589,50.0516,0.0004,884.6875,924.4977,39.8103
9412.0000,13.0735,0.7588,50.0548,0.0004,884.6617,924.5329,39.8712
9413.0000,13.0752,0.7588,50.0579,0.0004,884.6360,924.5679,39.9319
9414.0000,13.0770,0.7588,50.0611,0.0004,884.6103,924.6027,39.9924
9415.0000,13.0788,0.7588,50.0643,0.0004,884.5846,924.6374,40.0527
9416.0000,13.0805,0.7588,50.0674,0.0004,884.5591,924.6719,40.1129
9417.0000,13.0823,0.7587,50.0705,0.0004,884.5335,924.7064,40.1728
9418.0000,13.0841,0.7587,50.0737,0.0004,884.5081,924.7406,40.2326
9419.0000,13.0859,0.7587,50.0769,0.0004,884.4826,924.7748,40.2922
9420.0000,13.0876,0.7587,50.0800,0.0004,884.4572,924.8088,40.3516
9421.0000,13.0894,0.7587,50.0805,0.0004,884.4337,924.7796,40.3459
9422.0000,13.0911,0.7586,50.0811,0.0004,884.4102,924.7511,40.3409
9423.0000,13.0927,0.7586,50.0816,0.0004,884.3866,924.7231,40.3365
9424.0000,13.0944,0.7586,50.0822,0.0004,884.3631,924.6956,40.3325
9425.0000,13.0960,0.7586,50.0827,0.0004,884.3395,924.6684,40.3289
9426.0000,13.0976,0.7586,50.0833,0.0004,884.3159,924.6415,40.3256
9427.0000,13.0993,0.7585,50.0838,0.0004,884.2924,924.6149,40.3225
9428.0000,13.1009,0.7585,50.0844,0.0004,884.2688,924.5884,40.3197
9429.0000,13.1025,0.7585,50.0849,0.0004,884.2452,924.5622,40.3170
9430.0000,13.1041,0.7585,50.0855,0.0004,884.2216,924.5361,40.3145
9431.0000,13.1056,0.7585,50.0861,0.0004,884.1980,924.5102,40.3123
9432.0000,13.1072,0.7585,50.0866,0.0004,884.1744,924.4845,40.3101
9433.0000,13.1088,0.7584,50.0872,0.0004,884.1508,924.4589,40.3081
9434.0000,13.1104,0.7584,50.0877,0.0004,884.1271,924.4334,40.3062
9435.0000,13.1119,0.7584,50.0883,0.0004,884.1035,924.4080,40.3045
9436.0000,13.1135,0.7584,50.0888,0.0004,884.0799,924.3828,40.3029
9437.0000,13.1150,0.7584,50.0893,0.0004,884.0563,924.3576,40.3013
9438.0000,13.1166,0.7583,50.0899,0.0004,884.0327,924.3326,40.2999
9439.0000,13.1181,0.7583,50.0904,0.0004,884.0090,924.3076,40.2985
9440.0000,13.1197,0.7583,50.0910,0.0004,883.9854,924.2827,40.2973
9441.0000,13.1212,0.7583,50.0915,0.0004,883.9618,924.2579,40.2961
9442.0000,13.1228,0.7583,50.0921,0.0004,883.9382,924.2332,40.2950
9443.0000,13.1243,0.7582,50.0926,0.0004,883.9145,924.2085,40.2940
9444.0000,13.1258,0.7582,50.0932,0.0004,883.8909,924.1840,40.2931
9445.0000,13.1274,0.7582,50.0938,0.0004,883.8673,924.1595,40.2922
9446.0000,13.1289,0.7582,50.0943,0.0004,883.8437,924.1350,40.2913
9447.0000,13.1304,0.7582,50.0949,0.0004,883.8200,924.1106,40.2906
9448.0000,13.1319,0.7581,50.0954,0.0004,883.7964,924.0863,40.2899
9449.0000,13.1335,0.7581,50.0960,0.0004,883.7728,924.0620,40.2892
9450.0000,13.1350,0.7581,50.0965,0.0004,883.7492,924.0378,40.2886
9451.0000,13.1365,0.7581,50.0970,0.0004,883.7255,924.0136,40.2881
9452.0000,13.1380,0.7581,50.0976,0.0004,883.7019,923.9895,40.2876
9453.0000,13.1395,0.7581,50.0981,0.0004,883.6783,923.9654,40.2871
9454.0000,13.1410,0.7580,50.0987,0.0004,883.6547,923.9413,40.2867
9455.0000,13.1426,0.7580,50.0992,0.0004,883.6310,923.9173,40.2863
9456.0000,13.1441,0.7580,50.0998,0.0004,883.6074,923.8934,40.2860
9457.0000,13.1456,0.7580,50.1003,0.0004,883.5838,923.8695,40.2857
9458.0000,13.1471,0.7580,50.1009,0.0004,883.5602,923.8456,40.2854
9459.0000,13.1486,0.7579,50.1014,0.0004,883.5366,923.8217,40.2852
9460.0000,13.1501,0.7579,50.1020,0.0004,883.5130,923.7979,40.2850
9461.0000,13.1516,0.7579,50.1026,0.0004,883.4893,923.7742,40.2848
9462.0000,13.1531,0.7579,50.1031,0.0004,883.4657,923.7504,40.2847
9463.0000,13.1546,0.7579,50.1037,0.0004,883.4421,923.7267,40.2846
9464.0000,13.1561,0.7578,50.1042,0.0004,883.4185,923.7030,40.2845
9465.0000,13.1576,0.7578,50.1048,0.0004,883.3949,923.6794,40.2845
9466.0000,13.1591,0.7578,50.1053,0.0004,883.3713,923.6557,40.2845
9467.0000,13.1606,0.7578,50.1058,0.0004,883.3477,923.6321,40.2845
9468.0000,13.1621,0.7578,50.1064,0.0004,883.3241,923.6086,40.2845
9469.0000,13.1635,0.7577,50.1069,0.0004,883.3005,923.5850,40.2845
9470.0000,13.1650,0.7577,50.1075,0.0004,883.2769,923.5615,40.2846
9471.0000,13.1665,0.7577,50.1080,0.0004,883.2533,923.5380,40.2847
9472.0000,13.1680,0.7577,50.1086,0.0004,883.2297,923.5145,40.2849
9473.0000,13.1695,0.7577,50.1091,0.0004,883.2061,923.4911,40.2850
9474.0000,13.1710,0.7576,50.1097,0.0004,883.1825,923.4677,40.2852
9475.0000,13.1725,0.7576,50.1103,0.0004,883.1589,923.4443,40.2853
9476.0000,13.1740,0.7576,50.1108,0.0004,883.1353,923.4209,40.2855
9477.0000,13.1754,0.7576,50.1114,0.0004,883.1118,923.3975,40.2858
9478.0000,13.1769,0.7576,50.1119,0.0004,883.0882,923.3742,40.2860
9479.0000,13.1784,0.7576,50.1125,0.0004,883.0646,923.3509,40.2863
9480.0000,13.1799,0.7575,50.1130,0.0004,883.0410,923.3276,40.2865
9481.0000,13.1814,0.7575,50.1133,0.0004,883.0187,923.2994,40.2808
9482.0000,13.1828,0.7575,50.1137,0.0004,882.9963,923.2714,40.2751
9483.0000,13.1843,0.7575,50.1140,0.0004,882.9740,923.2435,40.2695
9484.0000,13.1858,0.7575,50.1144,0.0004,882.9516,923.2156,40.2640
9485.0000,13.1872,0.7574,50.1148,0.0004,882.9292,923.1878,40.2586
9486.0000,13.1887,0.7574,50.1151,0.0004,882.9068,923.1601,40.2533
9487.0000,13.1902,0.7574,50.1155,0.0004,882.8844,923.1324,40.2479
9488.0000,13.1916,0.7574,50.1158,0.0004,882.8620,923.1047,40.2427
9489.0000,13.1931,0.7574,50.1161,0.0004,882.8396,923.0771,40.2375
9490.0000,13.1945,0.7573,50.1165,0.0004,882.8172,923.0495,40.2323
9491.0000,13.1960,0.7573,50.1168,0.0004,882.7948,923.0220,40.2272
9492.0000,13.1974,0.7573,50.1172,0.0004,882.7723,922.9945,40.2221
9493.0000,13.1989,0.7573,50.1176,0.0004,882.7499,922.9670,40.2171
9494.0000,13.2003,0.7573,50.1179,0.0004,882.7275,922.9396,40.2121
9495.0000,13.2018,0.7572,50.1183,0.0004,882.7050,922.9122,40.2072
9496.0000,13.2032,0.7572,50.1186,0.0004,882.6826,922.8848,40.2023
9497.0000,13.2046,0.7572,50.1189,0.0004,882.6601,922.8575,40.1974
9498.0000,13.2061,0.7572,50.1193,0.0004,882.6377,922.8302,40.1925
9499.0000,13.2075,0.7572,50.1197,0.0004,882.6152,922.8029,40.1877
9500.0000,13.2090,0.7572,50.1200,0.0004,882.5928,922.7757,40.1829
9501.0000,13.2104,0.7571,50.1204,0.0004,882.5703,922.7485,40.1782
9502.0000,13.2118,0.7571,50.1207,0.0004,882.5478,922.7213,40.1735
9503.0000,13.2133,0.7571,50.1210,0.0004,882.5254,922.6941,40.1688
9504.0000,13.2147,0.7571,50.1214,0.0004,882.5029,922.6670,40.1641
9505.0000,13.2162,0.7571,50.1217,0.0004,882.4804,922.6399,40.1595
9506.0000,13.2176,0.7570,50.1221,0.0004,882.4579,922.6128,40.1549
9507.0000,13.2190,0.7570,50.1225,0.0004,882.4355,922.5857,40.1503
9508.0000,13.2205,0.7570,50.1228,0.0004,882.4130,922.5587,40.1457
9509.0000,13.2219,0.7570,50.1232,0.0004,882.3905,922.5317,40.1412
9510.0000,13.2233,0.7570,50.1235,0.0004,882.3680,922.5047,40.1367
9511.0000,13.2247,0.7569,50.1238,0.0004,882.3455,922.4777,40.1322
9512.0000,13.2262,0.7569,50.1242,0.0004,882.3230,922.4508,40.1277
9513.0000,13.2276,0.7569,50.1245,0.0004,882.3005,922.4238,40.1233
9514.0000,13.2290,0.7569,50.1249,0.0004,882.2780,922.3969,40.1189
9515.0000,13.2304,0.7569,50.1253,0.0004,882.2555,922.3700,40.1145
9516.0000,13.2319,0.7568,50.1256,0.0004,882.2330,922.3432,40.1101
9517.0000,13.2333,0.7568,50.1260,0.0004,882.2105,922.3163,40.1058
9518.0000,13.2347,0.7568,50.1263,0.0004,882.1880,922.2895,40.1014
9519.0000,13.2361,0.7568,50.1266,0.0004,882.1655,922.2627,40.0971
9520.0000,13.2376,0.7568,50.1270,0.0004,882.1430,922.2359,40.0928
9521.0000,13.2390,0.7567,50.1273,0.0004,882.1205,922.2091,40.0886
9522.0000,13.2404,0.7567,50.1277,0.0004,882.0980,922.1823,40.0843
9523.0000,13.2418,0.7567,50.1281,0.0004,882.0755,922.1556,40.0801
9524.0000,13.2432,0.7567,50.1284,0.0004,882.0530,922.1288,40.0759
9525.0000,13.2447,0.7567,50.1288,0.0004,882.0304,922.1021,40.0717
9526.0000,13.2461,0.7567,50.1291,0.0004,882.0079,922.0754,40.0675
9527.0000,13.2475,0.7566,50.1294,0.0004,881.9854,922.0488,40.0634
9528.0000,13.2489,0.7566,50.1298,0.0004,881.9629,922.0221,40.0592
9529.0000,13.2503,0.7566,50.1302,0.0004,881.9404,921.9954,40.0551
9530.0000,13.2517,0.7566,50.1305,0.0004,881.9178,921.9688,40.0510
9531.0000,13.2532,0.7566,50.1309,0.0004,881.8953,921.9422,40.0469
9532.0000,13.2546,0.7565,50.1312,0.0004,881.8728,921.9156,40.0428
9533.0000,13.2560,0.7565,50.1315,0.0004,881.8502,921.8890,40.0388
9534.0000,13.2574,0.7565,50.1319,0.0004,881.8277,921.8624,40.0347
9535.0000,13.2588,0.7565,50.1322,0.0004,881.8052,921.8359,40.0307
9536.0000,13.2602,0.7565,50.1326,0.0004,881.7826,921.8093,40.0267
9537.0000,13.2616,0.7564,50.1330,0.0004,881.7601,921.7828,40.0227
9538.0000,13.2630,0.7564,50.1333,0.0004,881.7376,921.7563,40.0187
9539.0000,13.2645,0.7564,50.1337,0.0004,881.7150,921.7298,40.0147
9540.0000,13.2659,0.7564,50.1340,0.0004,881.6925,921.7033,40.0108
9541.0000,13.2671,0.7564,50.1285,0.0004,881.6621,921.5344,39.8723
9542.0000,13.2683,0.7563,50.1230,0.0004,881.6317,921.3674,39.7357
9543.0000,13.2694,0.7563,50.1175,0.0004,881.6012,921.2018,39.6006
9544.0000,13.2705,0.7563,50.1120,0.0004,881.5707,921.0373,39.4666
9545.0000,13.2715,0.7563,50.1065,0.0004,881.5401,920.8738,39.3336
9546.0000,13.2726,0.7563,50.1010,0.0004,881.5095,920.7111,39.2016
9547.0000,13.2735,0.7562,50.0955,0.0004,881.4788,920.5493,39.0704
9548.0000,13.2745,0.7562,50.0900,0.0004,881.4481,920.3881,38.9400
9549.0000,13.2754,0.7562,50.0845,0.0004,881.4173,920.2276,38.8103
9550.0000,13.2763,0.7562,50.0790,0.0004,881.3864,920.0678,38.6814
9551.0000,13.2772,0.7562,50.0735,0.0004,881.3554,919.9085,38.5530
9552.0000,13.2780,0.7562,50.0680,0.0004,881.3244,919.7498,38.4253
9553.0000,13.2788,0.7561,50.0625,0.0004,881.2934,919.5916,38.2982
9554.0000,13.2796,0.7561,50.0570,0.0004,881.2622,919.4339,38.1717
9555.0000,13.2804,0.7561,50.0515,0.0004,881.2310,919.2767,38.0457
9556.0000,13.2812,0.7561,50.0460,0.0004,881.1997,919.1199,37.9202
9557.0000,13.2820,0.7561,50.0405,0.0004,881.1684,918.9636,37.7953
9558.0000,13.2827,0.7560,50.0350,0.0004,881.1369,918.8078,37.6708
9559.0000,13.2834,0.7560,50.0295,0.0004,881.1054,918.6523,37.5469
9560.0000,13.2841,0.7560,50.0240,0.0004,881.0739,918.4972,37.4234
9561.0000,13.2848,0.7560,50.0185,0.0004,881.0423,918.3426,37.3003
9562.0000,13.2855,0.7560,50.0130,0.0004,881.0106,918.1883,37.1777
9563.0000,13.2861,0.7559,50.0075,0.0004,880.9788,918.0344,37.0556
9564.0000,13.2868,0.7559,50.0020,0.0004,880.9470,917.8808,36.9338
9565.0000,13.2874,0.7559,49.9965,0.0004,880.9151,917.7276,36.8125
9566.0000,13.2880,0.7559,49.9910,0.0004,880.8831,917.5747,36.6916
9567.0000,13.2886,0.7558,49.9855,0.0004,880.8511,917.4222,36.5711
9568.0000,13.2892,0.7558,49.9800,0.0004,880.8190,917.2700,36.4510
9569.0000,13.2898,0.7558,49.9745,0.0004,880.7868,917.1181,36.3312
9570.0000,13.2903,0.7558,49.9690,0.0004,880.7546,916.9665,36.2119
9571.0000,13.2909,0.7558,49.9635,0.0004,880.7223,916.8152,36.0929
9572.0000,13.2914,0.7557,49.9580,0.0004,880.6900,916.6642,35.9742
9573.0000,13.2920,0.7557,49.9525,0.0004,880.6575,916.5135,35.8560
9574.0000,13.2925,0.7557,49.9470,0.0004,880.6250,916.3631,35.7380
9575.0000,13.2930,0.7557,49.9415,0.0004,880.5925,916.2129,35.6204
9576.0000,13.2935,0.7557,49.9360,0.0004,880.5598,916.0631,35.5032
9577.0000,13.2940,0.7556,49.9305,0.0004,880.5272,915.9135,35.3863
9578.0000,13.2944,0.7556,49.9250,0.0004,880.4944,915.7641,35.2697
9579.0000,13.2949,0.7556,49.9195,0.0004,880.4616,915.6150,35.1535
9580.0000,13.2954,0.7556,49.9140,0.0004,880.4287,915.4662,35.0375
9581.0000,13.2958,0.7556,49.9085,0.0004,880.3957,915.3177,34.9219
9582.0000,13.2962,0.7555,49.9030,0.0004,880.3627,915.1693,34.8066
9583.0000,13.2967,0.7555,49.8975,0.0004,880.3297,915.0212,34.6916
9584.0000,13.2971,0.7555,49.8920,0.0004,880.2965,914.8734,34.5769
9585.0000,13.2975,0.7555,49.8865,0.0004,880.2633,914.7258,34.4625
9586.0000,13.2979,0.7555,49.8810,0.0004,880.2300,914.5784,34.3484
9587.0000,13.2982,0.7554,49.8755,0.0004,880.1967,914.4313,34.2346
9588.0000,13.2986,0.7554,49.8700,0.0004,880.1633,914.2844,34.1210
9589.0000,13.2990,0.7554,49.8645,0.0004,880.1299,914.1377,34.0078
9590.0000,13.2994,0.7554,49.8590,0.0004,880.0963,913.9912,33.8948
9591.0000,13.2997,0.7553,49.8535,0.0004,880.0628,913.8449,33.7822
9592.0000,13.3000,0.7553,49.8480,0.0004,880.0291,913.6989,33.6698
9593.0000,13.3004,0.7553,49.8425,0.0004,879.9954,913.5530,33.5576
9594.0000,13.3007,0.7553,49.8370,0.0004,879.9616,913.4074,33.4458
9595.0000,13.3010,0.7553,49.8315,0.0004,879.9278,913.2620,33.3342
9596.0000,13.3013,0.7552,49.8260,0.0004,879.8939,913.1168,33.2228
9597.0000,13.3016,0.7552,49.8205,0.0004,879.8600,912.9717,33.1118
9598.0000,13.3019,0.7552,49.8150,0.0004,879.8260,912.8269,33.0010
9599.0000,13.3022,0.7552,49.8095,0.0004,879.7919,912.6823,32.8904
9600.0000,13.3025,0.7551,49.8040,0.0004,879.7577,912.5379,32.7801
9601.0000,13.3031,0.7551,49.8107,0.0004,879.7315,912.6911,32.9597
9602.0000,13.3038,0.7551,49.8175,0.0004,879.7053,912.8406,33.1353
9603.0000,13.3047,0.7551,49.8242,0.0004,879.6792,912.9873,33.3081
9604.0000,13.3057,0.7551,49.8309,0.0004,879.6532,913.1318,33.4786
9605.0000,13.3067,0.7550,49.8377,0.0004,879.6272,913.2743,33.6471
9606.0000,13.3078,0.7550,49.8444,0.0004,879.6014,913.4153,33.8139
9607.0000,13.3089,0.7550,49.8511,0.0004,879.5757,913.5548,33.9791
9608.0000,13.3102,0.7550,49.8579,0.0004,879.5501,913.6929,34.1428
9609.0000,13.3114,0.7549,49.8646,0.0004,879.5246,913.8298,34.3052
9610.0000,13.3127,0.7549,49.8713,0.0004,879.4993,913.9656,34.4663
9611.0000,13.3141,0.7549,49.8781,0.0004,879.4740,914.1003,34.6263
9612.0000,13.3154,0.7549,49.8848,0.0004,879.4488,914.2340,34.7851
9613.0000,13.3169,0.7549,49.8915,0.0004,879.4238,914.3667,34.9429
9614.0000,13.3183,0.7548,49.8983,0.0004,879.3989,914.4986,35.0997
9615.0000,13.3198,0.7548,49.9050,0.0004,879.3741,914.6296,35.2555
9616.0000,13.3213,0.7548,49.9117,0.0004,879.3493,914.7598,35.4105
9617.0000,13.3229,0.7548,49.9185,0.0004,879.3247,914.8892,35.5645
9618.0000,13.3245,0.7548,49.9252,0.0004,879.3002,915.0179,35.7177
9619.0000,13.3261,0.7547,49.9319,0.0004,879.2758,915.1459,35.8701
9620.0000,13.3277,0.7547,49.9387,0.0004,879.2516,915.2732,36.0216
9621.0000,13.3294,0.7547,49.9454,0.0004,879.2274,915.3998,36.1725
9622.0000,13.3311,0.7547,49.9521,0.0004,879.2033,915.5259,36.3225
9623.0000,13.3328,0.7547,49.9589,0.0004,879.1793,915.6512,36.4719
9624.0000,13.3346,0.7546,49.9656,0.0004,879.1555,915.7760,36.6206
9625.0000,13.3363,0.7546,49.9723,0.0004,879.1317,915.9003,36.7685
9626.0000,13.3381,0.7546,49.9791,0.0004,879.1081,916.0239,36.9159
9627.0000,13.3399,0.7546,49.9858,0.0004,879.0845,916.1471,37.0625
9628.0000,13.3417,0.7546,49.9925,0.0004,879.0611,916.2697,37.2086
9629.0000,13.3436,0.7545,49.9993,0.0004,879.0377,916.3917,37.3540
9630.0000,13.3455,0.7545,50.0060,0.0004,879.0145,916.5133,37.4989
9631.0000,13.3474,0.7545,50.0127,0.0004,878.9913,916.6344,37.6431
9632.0000,13.3493,0.7545,50.0195,0.0004,878.9683,916.7550,37.7868
9633.0000,13.3512,0.7545,50.0262,0.0004,878.9453,916.8752,37.9299
9634.0000,13.3531,0.7544,50.0329,0.0004,878.9225,916.9949,38.0724
9635.0000,13.3551,0.7544,50.0397,0.0004,878.8997,917.1142,38.2145
9636.0000,13.3571,0.7544,50.0464,0.0004,878.8771,917.2330,38.3560
9637.0000,13.3591,0.7544,50.0531,0.0004,878.8545,917.3514,38.4969
9638.0000,13.3611,0.7544,50.0599,0.0004,878.8321,917.4695,38.6374
9639.0000,13.3631,0.7543,50.0666,0.0004,878.8097,917.5871,38.7774
9640.0000,13.3652,0.7543,50.0733,0.0004,878.7874,917.7043,38.9168
9641.0000,13.3672,0.7543,50.0801,0.0004,878.7653,917.8211,39.0558
9642.0000,13.3693,0.7543,50.0868,0.0004,878.7432,917.9375,39.1943
9643.0000,13.3714,0.7543,50.0935,0.0004,878.7212,918.0536,39.3324
9644.0000,13.3735,0.7542,50.1003,0.0004,878.6993,918.1693,39.4699
9645.0000,13.3756,0.7542,50.1070,0.0004,878.6775,918.2846,39.6071
9646.0000,13.3777,0.7542,50.1137,0.0004,878.6558,918.3996,39.7438
9647.0000,13.3799,0.7542,50.1205,0.0004,878.6342,918.5142,39.8800
9648.0000,13.3821,0.7542,50.1272,0.0004,878.6127,918.6285,40.0158
9649.0000,13.3842,0.7542,50.1339,0.0004,878.5913,918.7425,40.1512
9650.0000,13.3864,0.7541,50.1407,0.0004,878.5700,918.8561,40.2861
9651.0000,13.3886,0.7541,50.1474,0.0004,878.5488,918.9694,40.4207
9652.0000,13.3908,0.7541,50.1541,0.0004,878.5276,919.0824,40.5548
9653.0000,13.3931,0.7541,50.1609,0.0004,878.5066,919.1951,40.6885
9654.0000,13.3953,0.7541,50.1676,0.0004,878.4856,919.3075,40.8219
9655.0000,13.3976,0.7540,50.1743,0.0004,878.4647,919.4196,40.9548
9656.0000,13.3998,0.7540,50.1811,0.0004,878.4440,919.5313,41.0874
9657.0000,13.4021,0.7540,50.1878,0.0004,878.4233,919.6428,41.2195
9658.0000,13.4044,0.7540,50.1945,0.0004,878.4027,919.7540,41.3513
9659.0000,13.4067,0.7540,50.2013,0.0004,878.3822,919.8649,41.4827
9660.0000,13.4090,0.7540,50.2080,0.0004,878.3617,919.9755,41.6138
9661.0000,13.4109,0.7539,50.2023,0.0004,878.3466,919.7834,41.4368
9662.0000,13.4128,0.7539,50.1966,0.0004,878.3313,919.5953,41.2640
9663.0000,13.4144,0.7539,50.1908,0.0004,878.3158,919.4101,41.0942
9664.0000,13.4160,0.7539,50.1851,0.0004,878.3002,919.2271,40.9269
9665.0000,13.4176,0.7539,50.1794,0.0004,878.2844,919.0461,40.7616
9666.0000,13.4190,0.7538,50.1737,0.0004,878.2685,918.8667,40.5982
9667.0000,13.4204,0.7538,50.1680,0.0004,878.2524,918.6889,40.4364
9668.0000,13.4218,0.7538,50.1623,0.0004,878.2362,918.5124,40.2762
9669.0000,13.4231,0.7538,50.1565,0.0004,878.2198,918.3371,40.1173
9670.0000,13.4243,0.7538,50.1508,0.0004,878.2033,918.1630,39.9597
9671.0000,13.4255,0.7538,50.1451,0.0004,878.1867,917.9899,39.8032
9672.0000,13.4267,0.7537,50.1394,0.0004,878.1699,917.8178,39.6480
9673.0000,13.4278,0.7537,50.1337,0.0004,878.1530,917.6467,39.4937
9674.0000,13.4289,0.7537,50.1280,0.0004,878.1359,917.4765,39.3405
9675.0000,13.4300,0.7537,50.1223,0.0004,878.1188,917.3071,39.1883
9676.0000,13.4310,0.7537,50.1165,0.0004,878.1015,917.1385,39.0370
9677.0000,13.4320,0.7536,50.1108,0.0004,878.0840,916.9706,38.8866
9678.0000,13.4330,0.7536,50.1051,0.0004,878.0665,916.8035,38.7370
9679.0000,13.4339,0.7536,50.0994,0.0004,878.0488,916.6371,38.5883
9680.0000,13.4348,0.7536,50.0937,0.0004,878.0310,916.4713,38.4403
9681.0000,13.4357,0.7536,50.0879,0.0004,878.0131,916.3062,38.2931
9682.0000,13.4366,0.7535,50.0822,0.0004,877.9951,916.1417,38.1466
9683.0000,13.4374,0.7535,50.0765,0.0004,877.9770,915.9778,38.0008
9684.0000,13.4382,0.7535,50.0708,0.0004,877.9587,915.8145,37.8558
9685.0000,13.4390,0.7535,50.0651,0.0004,877.9403,915.6517,37.7114
9686.0000,13.4398,0.7535,50.0594,0.0004,877.9219,915.4895,37.5676
9687.0000,13.4405,0.7534,50.0536,0.0004,877.9033,915.3278,37.4245
9688.0000,13.4413,0.7534,50.0479,0.0004,877.8846,915.1666,37.2820
9689.0000,13.4420,0.7534,50.0422,0.0004,877.8657,915.0059,37.1401
9690.0000,13.4427,0.7534,50.0365,0.0004,877.8468,914.8457,36.9988
9691.0000,13.4433,0.7534,50.0308,0.0004,877.8278,914.6859,36.8581
9692.0000,13.4440,0.7533,50.0251,0.0004,877.8087,914.5266,36.7180
9693.0000,13.4446,0.7533,50.0194,0.0004,877.7894,914.3678,36.5783
9694.0000,13.4453,0.7533,50.0136,0.0004,877.7701,914.2093,36.4393
9695.0000,13.4459,0.7533,50.0079,0.0004,877.7506,914.0513,36.3007
9696.0000,13.4465,0.7533,50.0022,0.0004,877.7311,913.8937,36.1627
9697.0000,13.4470,0.7532,49.9965,0.0004,877.7114,913.7366,36.0252
9698.0000,13.4476,0.7532,49.9908,0.0004,877.6916,913.5798,35.8881
9699.0000,13.4481,0.7532,49.9851,0.0004,877.6718,913.4233,35.7516
9700.0000,13.4486,0.7532,49.9793,0.0004,877.6518,913.2673,35.6155
9701.0000,13.4492,0.7531,49.9736,0.0004,877.6317,913.1117,35.4799
9702.0000,13.4496,0.7531,49.9679,0.0004,877.6116,912.9564,35.3448
9703.0000,13.4501,0.7531,49.9622,0.0004,877.5913,912.8014,35.2101
9704.0000,13.4506,0.7531,49.9565,0.0004,877.5710,912.6468,35.0758
9705.0000,13.4510,0.7531,49.9507,0.0004,877.5505,912.4925,34.9420
9706.0000,13.4515,0.7530,49.9450,0.0004,877.5299,912.3386,34.8087
9707.0000,13.4519,0.7530,49.9393,0.0004,877.5093,912.1850,34.6757
9708.0000,13.4523,0.7530,49.9336,0.0004,877.4885,912.0317,34.5432
9709.0000,13.4527,0.7530,49.9279,0.0004,877.4677,911.8788,34.4111
9710.0000,13.4531,0.7529,49.9222,0.0004,877.4468,911.7261,34.2794
9711.0000,13.4535,0.7529,49.9165,0.0004,877.4257,911.5738,34.1481
9712.0000,13.4539,0.7529,49.9107,0.0004,877.4046,911.4218,34.0172
9713.0000,13.4542,0.7529,49.9050,0.0004,877.3834,911.2700,33.8866
9714.0000,13.4546,0.7529,49.8993,0.0004,877.3621,911.1186,33.7565
9715.0000,13.4549,0.7528,49.8936,0.0004,877.3407,910.9674,33.6267
9716.0000,13.4552,0.7528,49.8879,0.0004,877.3192,910.8165,33.4973
9717.0000,13.4555,0.7528,49.8822,0.0004,877.2976,910.6659,33.3683
9718.0000,13.4558,0.7528,49.8764,0.0004,877.2759,910.5156,33.2397
9719.0000,13.4561,0.7527,49.8707,0.0004,877.2541,910.3655,33.1114
9720.0000,13.4564,0.7527,49.8650,0.0004,877.2323,910.2157,32.9834
9721.0000,13.4568,0.7527,49.8634,0.0004,877.1946,910.1658,32.9712
9722.0000,13.4572,0.7527,49.8618,0.0004,877.1570,910.1145,32.9575
9723.0000,13.4577,0.7527,49.8602,0.0004,877.1195,910.0623,32.9428
9724.0000,13.4582,0.7526,49.8586,0.0004,877.0821,910.0094,32.9273
9725.0000,13.4588,0.7526,49.8570,0.0004,877.0448,909.9560,32.9111
9726.0000,13.4593,0.7526,49.8554,0.0004,877.0076,909.9020,32.8944
9727.0000,13.4599,0.7526,49.8538,0.0004,876.9704,909.8477,32.8773
9728.0000,13.4605,0.7525,49.8522,0.0004,876.9333,909.7930,32.8597
9729.0000,13.4611,0.7525,49.8506,0.0004,876.8962,909.7379,32.8417
9730.0000,13.4617,0.7525,49.8490,0.0004,876.8592,909.6826,32.8235
9731.0000,13.4623,0.7525,49.8474,0.0004,876.8222,909.6271,32.8049
9732.0000,13.4629,0.7525,49.8458,0.0004,876.7852,909.5713,32.7861
9733.0000,13.4636,0.7524,49.8442,0.0004,876.7483,909.5153,32.7670
9734.0000,13.4642,0.7524,49.8426,0.0004,876.7114,909.4591,32.7476
9735.0000,13.4649,0.7524,49.8410,0.0004,876.6746,909.4027,32.7281
9736.0000,13.4656,0.7524,49.8394,0.0004,876.6377,909.3461,32.7084
9737.0000,13.4662,0.7523,49.8378,0.0004,876.6009,909.2894,32.6885
9738.0000,13.4669,0.7523,49.8362,0.0004,876.5642,909.2326,32.6684
9739.0000,13.4676,0.7523,49.8346,0.0004,876.5274,909.1756,32.6482
9740.0000,13.4683,0.7523,49.8330,0.0004,876.4907,909.1185,32.6278
9741.0000,13.4689,0.7523,49.8314,0.0004,876.4540,909.0613,32.6073
9742.0000,13.4696,0.7522,49.8298,0.0004,876.4173,909.0040,32.5867
9743.0000,13.4703,0.7522,49.8282,0.0004,876.3806,908.9466,32.5660
9744.0000,13.4710,0.7522,49.8266,0.0004,876.3440,908.8891,32.5451
9745.0000,13.4717,0.7522,49.8250,0.0004,876.3074,908.8315,32.5241
9746.0000,13.4724,0.7521,49.8234,0.0004,876.2708,908.7738,32.5031
9747.0000,13.4732,0.7521,49.8218,0.0004,876.2342,908.7161,32.4819
9748.0000,13.4739,0.7521,49.8202,0.0004,876.1976,908.6582,32.4607
9749.0000,13.4746,0.7521,49.8186,0.0004,876.1610,908.6003,32.4393
9750.0000,13.4753,0.7521,49.8170,0.0004,876.1245,908.5424,32.4179
9751.0000,13.4760,0.7520,49.8154,0.0004,876.0879,908.4844,32.3964
9752.0000,13.4767,0.7520,49.8138,0.0004,876.0514,908.4263,32.3749
9753.0000,13.4775,0.7520,49.8122,0.0004,876.0149,908.3682,32.3533
9754.0000,13.4782,0.7520,49.8106,0.0004,875.9784,908.3100,32.3316
9755.0000,13.4789,0.7519,49.8090,0.0004,875.9419,908.2518,32.3098
9756.0000,13.4797,0.7519,49.8074,0.0004,875.9055,908.1935,32.2880
9757.0000,13.4804,0.7519,49.8058,0.0004,875.8690,908.1352,32.2662
9758.0000,13.4811,0.7519,49.8042,0.0004,875.8326,908.0768,32.2443
9759.0000,13.4819,0.7519,49.8026,0.0004,875.7961,908.0184,32.2223
9760.0000,13.4826,0.7518,49.8010,0.0004,875.7597,907.9600,32.2003
9761.0000,13.4833,0.7518,49.7994,0.0004,875.7233,907.9016,32.1783
9762.0000,13.4841,0.7518,49.7978,0.0004,875.6869,907.8431,32.1562
9763.0000,13.4848,0.7518,49.7962,0.0004,875.6505,907.7845,32.1341
9764.0000,13.4856,0.7517,49.7946,0.0004,875.6141,907.7260,32.1119
9765.0000,13.4863,0.7517,49.7930,0.0004,875.5777,907.6674,32.0897
9766.0000,13.4870,0.7517,49.7914,0.0004,875.5413,907.6088,32.0675
9767.0000,13.4878,0.7517,49.7898,0.0004,875.5049,907.5502,32.0453
9768.0000,13.4885,0.7517,49.7882,0.0004,875.4686,907.4915,32.0230
9769.0000,13.4893,0.7516,49.7866,0.0004,875.4322,907.4329,32.0007
9770.0000,13.4900,0.7516,49.7850,0.0004,875.3959,907.3742,31.9783
9771.0000,13.4908,0.7516,49.7834,0.0004,875.3595,907.3155,31.9560
9772.0000,13.4915,0.7516,49.7818,0.0004,875.3232,907.2568,31.9336
9773.0000,13.4923,0.7516,49.7802,0.0004,875.2868,907.1980,31.9112
9774.0000,13.4930,0.7515,49.7786,0.0004,875.2505,907.1393,31.8888
9775.0000,13.4938,0.7515,49.7770,0.0004,875.2142,907.0805,31.8663
9776.0000,13.4945,0.7515,49.7754,0.0004,875.1779,907.0217,31.8439
9777.0000,13.4953,0.7515,49.7738,0.0004,875.1416,906.9629,31.8214
9778.0000,13.4960,0.7514,49.7722,0.0004,875.1053,906.9041,31.7989
9779.0000,13.4968,0.7514,49.7706,0.0004,875.0690,906.8453,31.7764
9780.0000,13.4975,0.7514,49.7690,0.0004,875.0327,906.7865,31.7538
9781.0000,13.4984,0.7514,49.7733,0.0004,875.0067,906.8714,31.8646
9782.0000,13.4994,0.7514,49.7776,0.0004,874.9808,906.9543,31.9736
9783.0000,13.5005,0.7513,49.7819,0.0004,874.9548,907.0359,32.0811
9784.0000,13.5015,0.7513,49.7862,0.0004,874.9289,907.1164,32.1875
9785.0000,13.5027,0.7513,49.7905,0.0004,874.9030,907.1960,32.2929
9786.0000,13.5038,0.7513,49.7948,0.0004,874.8772,907.2746,32.3974
9787.0000,13.5050,0.7512,49.7991,0.0004,874.8515,907.3526,32.5011
9788.0000,13.5062,0.7512,49.8034,0.0004,874.8258,907.4298,32.6040
9789.0000,13.5074,0.7512,49.8077,0.0004,874.8001,907.5063,32.7062
9790.0000,13.5087,0.7512,49.8120,0.0004,874.7745,907.5823,32.8078
9791.0000,13.5100,0.7512,49.8163,0.0004,874.7490,907.6576,32.9087
9792.0000,13.5113,0.7511,49.8206,0.0004,874.7235,907.7324,33.0089
9793.0000,13.5126,0.7511,49.8249,0.0004,874.6981,907.8067,33.1087
9794.0000,13.5140,0.7511,49.8292,0.0004,874.6727,907.8806,33.2078
9795.0000,13.5153,0.7511,49.8335,0.0004,874.6474,907.9539,33.3065
9796.0000,13.5167,0.7511,49.8378,0.0004,874.6222,908.0268,33.4046
9797.0000,13.5181,0.7510,49.8421,0.0004,874.5970,908.0992,33.5022
9798.0000,13.5195,0.7510,49.8464,0.0004,874.5719,908.1713,33.5993
9799.0000,13.5210,0.7510,49.8507,0.0004,874.5469,908.2429,33.6960
9800.0000,13.5224,0.7510,49.8550,0.0004,874.5219,908.3142,33.7923
9801.0000,13.5239,0.7509,49.8593,0.0004,874.4970,908.3850,33.8880
9802.0000,13.5254,0.7509,49.8636,0.0004,874.4721,908.4556,33.9834
9803.0000,13.5269,0.7509,49.8679,0.0004,874.4474,908.5257,34.0784
9804.0000,13.5284,0.7509,49.8722,0.0004,874.4226,908.5955,34.1729
9805.0000,13.5299,0.7509,49.8765,0.0004,874.3980,908.6650,34.2670
9806.0000,13.5314,0.7508,49.8808,0.0004,874.3734,908.7342,34.3608
9807.0000,13.5330,0.7508,49.8851,0.0004,874.3488,908.8030,34.4542
9808.0000,13.5345,0.7508,49.8894,0.0004,874.3243,908.8715,34.5472
9809.0000,13.5361,0.7508,49.8937,0.0004,874.2999,908.9398,34.6398
9810.0000,13.5377,0.7508,49.8980,0.0004,874.2756,909.0077,34.7321
9811.0000,13.5393,0.7507,49.9023,0.0004,874.2513,909.0753,34.8241
9812.0000,13.5409,0.7507,49.9066,0.0004,874.2270,909.1427,34.9157
9813.0000,13.5425,0.7507,49.9109,0.0004,874.2029,909.2098,35.0069
9814.0000,13.5441,0.7507,49.9152,0.0004,874.1787,909.2766,35.0979
9815.0000,13.5458,0.7507,49.9195,0.0004,874.1547,909.3432,35.1885
9816.0000,13.5474,0.7506,49.9238,0.0004,874.1307,909.4095,35.2788
9817.0000,13.5491,0.7506,49.9281,0.0004,874.1068,909.4755,35.3687
9818.0000,13.5507,0.7506,49.9324,0.0004,874.0829,909.5413,35.4584
9819.0000,13.5524,0.7506,49.9367,0.0004,874.0591,909.6068,35.5478
9820.0000,13.5541,0.7506,49.9410,0.0004,874.0353,909.6722,35.6368
9821.0000,13.5558,0.7505,49.9453,0.0004,874.0116,909.7372,35.7256
9822.0000,13.5575,0.7505,49.9496,0.0004,873.9880,909.8021,35.8141
9823.0000,13.5592,0.7505,49.9539,0.0004,873.9644,909.8667,35.9023
9824.0000,13.5610,0.7505,49.9582,0.0004,873.9409,909.9311,35.9902
9825.0000,13.5627,0.7505,49.9625,0.0004,873.9175,909.9953,36.0778
9826.0000,13.5644,0.7504,49.9668,0.0004,873.8941,910.0592,36.1651
9827.0000,13.5662,0.7504,49.9711,0.0004,873.8707,910.1230,36.2522
9828.0000,13.5679,0.7504,49.9754,0.0004,873.8475,910.1865,36.3390
9829.0000,13.5697,0.7504,49.9797,0.0004,873.8242,910.2498,36.4256
9830.0000,13.5715,0.7504,49.9840,0.0004,873.8011,910.3130,36.5119
9831.0000,13.5733,0.7503,49.9883,0.0004,873.7780,910.3759,36.5979
9832.0000,13.5751,0.7503,49.9926,0.0004,873.7549,910.4386,36.6837
9833.0000,13.5769,0.7503,49.9969,0.0004,873.7319,910.5012,36.7692
9834.0000,13.5787,0.7503,50.0012,0.0004,873.7090,910.5635,36.8545
9835.0000,13.5805,0.7503,50.0055,0.0004,873.6861,910.6257,36.9396
9836.0000,13.5823,0.7502,50.0098,0.0004,873.6633,910.6877,37.0243
9837.0000,13.5841,0.7502,50.0141,0.0004,873.6405,910.7494,37.1089
9838.0000,13.5860,0.7502,50.0184,0.0004,873.6178,910.8111,37.1932
9839.0000,13.5878,0.7502,50.0227,0.0004,873.5952,910.8725,37.2773
9840.0000,13.5897,0.7502,50.0270,0.0004,873.5726,910.9337,37.3611
9841.0000,13.5913,0.7501,50.0255,0.0004,873.5549,910.8532,37.2983
9842.0000,13.5930,0.7501,50.0239,0.0004,873.5372,910.7745,37.2373
9843.0000,13.5945,0.7501,50.0224,0.0004,873.5193,910.6972,37.1778
9844.0000,13.5960,0.7501,50.0209,0.0004,873.5014,910.6209,37.1194
9845.0000,13.5975,0.7501,50.0193,0.0004,873.4834,910.5454,37.0620
9846.0000,13.5990,0.7501,50.0178,0.0004,873.4654,910.4707,37.0054
9847.0000,13.6004,0.7500,50.0163,0.0004,873.4473,910.3967,36.9495
9848.0000,13.6018,0.7500,50.0147,0.0004,873.4291,910.3234,36.8943
9849.0000,13.6032,0.7500,50.0132,0.0004,873.4108,910.2505,36.8397
9850.0000,13.6045,0.7500,50.0117,0.0004,873.3925,910.1782,36.7857
9851.0000,13.6059,0.7500,50.0101,0.0004,873.3741,910.1063,36.7322
9852.0000,13.6072,0.7499,50.0086,0.0004,873.3557,910.0349,36.6792
9853.0000,13.6085,0.7499,50.0071,0.0004,873.3372,909.9639,36.6266
9854.0000,13.6098,0.7499,50.0055,0.0004,873.3187,909.8932,36.5745
9855.0000,13.6111,0.7499,50.0040,0.0004,873.3001,909.8230,36.5228
9856.0000,13.6123,0.7499,50.0025,0.0004,873.2815,909.7530,36.4716
9857.0000,13.6136,0.7498,50.0009,0.0004,873.2628,909.6834,36.4206
9858.0000,13.6148,0.7498,49.9994,0.0004,873.2441,909.6141,36.3701
9859.0000,13.6161,0.7498,49.9979,0.0004,873.2253,909.5452,36.3199
9860.0000,13.6173,0.7498,49.9963,0.0004,873.2064,909.4764,36.2700
9861.0000,13.6185,0.7498,49.9948,0.0004,873.1876,909.4080,36.2204
9862.0000,13.6197,0.7497,49.9933,0.0004,873.1686,909.3398,36.1712
9863.0000,13.6209,0.7497,49.9917,0.0004,873.1497,909.2719,36.1222
9864.0000,13.6220,0.7497,49.9902,0.0004,873.1307,909.2042,36.0735
9865.0000,13.6232,0.7497,49.9887,0.0004,873.1116,909.1367,36.0251
9866.0000,13.6244,0.7497,49.9871,0.0004,873.0925,909.0695,35.9770
9867.0000,13.6255,0.7496,49.9856,0.0004,873.0733,909.0025,35.9291
9868.0000,13.6266,0.7496,49.9841,0.0004,873.0541,908.9357,35.8815
9869.0000,13.6278,0.7496,49.9825,0.0004,873.0349,908.8691,35.8341
9870.0000,13.6289,0.7496,49.9810,0.0004,873.0156,908.8027,35.7870
9871.0000,13.6300,0.7496,49.9795,0.0004,872.9963,908.7364,35.7401
9872.0000,13.6311,0.7495,49.9779,0.0004,872.9770,908.6704,35.6934
9873.0000,13.6322,0.7495,49.9764,0.0004,872.9576,908.6045,35.6470
9874.0000,13.6333,0.7495,49.9749,0.0004,872.9381,908.5389,35.6007
9875.0000,13.6344,0.7495,49.9733,0.0004,872.9187,908.4733,35.5547
9876.0000,13.6355,0.7494,49.9718,0.0004,872.8991,908.4080,35.5088
9877.0000,13.6366,0.7494,49.9703,0.0004,872.8796,908.3428,35.4632
9878.0000,13.6376,0.7494,49.9687,0.0004,872.8600,908.2778,35.4178
9879.0000,13.6387,0.7494,49.9672,0.0004,872.8404,908.2129,35.3725
9880.0000,13.6397,0.7494,49.9657,0.0004,872.8207,908.1482,35.3275
9881.0000,13.6408,0.7493,49.9641,0.0004,872.8010,908.0836,35.2826
9882.0000,13.6418,0.7493,49.9626,0.0004,872.7812,908.0191,35.2379
9883.0000,13.6429,0.7493,49.9611,0.0004,872.7615,907.9548,35.1934
9884.0000,13.6439,0.7493,49.9595,0.0004,872.7417,907.8907,35.1490
9885.0000,13.6449,0.7493,49.9580,0.0004,872.7218,907.8266,35.1048
9886.0000,13.6460,0.7492,49.9565,0.0004,872.7019,907.7627,35.0608
9887.0000,13.6470,0.7492,49.9549,0.0004,872.6820,907.6990,35.0170
9888.0000,13.6480,0.7492,49.9534,0.0004,872.6620,907.6353,34.9733
9889.0000,13.6490,0.7492,49.9519,0.0004,872.6420,907.5718,34.9297
9890.0000,13.6500,0.7492,49.9503,0.0004,872.6220,907.5084,34.8863
9891.0000,13.6510,0.7491,49.9488,0.0004,872.6020,907.4451,34.8431
9892.0000,13.6520,0.7491,49.9473,0.0004,872.5819,907.3819,34.8000
9893.0000,13.6530,0.7491,49.9457,0.0004,872.5617,907.3188,34.7571
9894.0000,13.6540,0.7491,49.9442,0.0004,872.5416,907.2559,34.7143
9895.0000,13.6549,0.7491,49.9427,0.0004,872.5214,907.1930,34.6717
9896.0000,13.6559,0.7490,49.9411,0.0004,872.5012,907.1303,34.6292
9897.0000,13.6569,0.7490,49.9396,0.0004,872.4809,907.0677,34.5868
9898.0000,13.6579,0.7490,49.9381,0.0004,872.4606,907.0052,34.5446
9899.0000,13.6588,0.7490,49.9365,0.0004,872.4403,906.9427,34.5025
9900.0000,13.6598,0.7489,49.9350,0.0004,872.4199,906.8804,34.4605
9901.0000,13.6609,0.7489,49.9388,0.0004,872.3877,906.9483,34.5606
9902.0000,13.6621,0.7489,49.9427,0.0004,872.3556,907.0143,34.6587
9903.0000,13.6633,0.7489,49.9465,0.0004,872.3237,907.0789,34.7552
9904.0000,13.6646,0.7489,49.9503,0.0004,872.2919,907.1424,34.8505
9905.0000,13.6660,0.7488,49.9542,0.0004,872.2602,907.2051,34.9448
9906.0000,13.6673,0.7488,49.9580,0.0004,872.2287,907.2669,35.0382
9907.0000,13.6687,0.7488,49.9618,0.0004,872.1973,907.3280,35.1307
9908.0000,13.6701,0.7488,49.9657,0.0004,872.1660,907.3885,35.2225
9909.0000,13.6716,0.7488,49.9695,0.0004,872.1348,907.4484,35.3135
9910.0000,13.6730,0.7487,49.9733,0.0004,872.1037,907.5077,35.4039
9911.0000,13.6745,0.7487,49.9772,0.0004,872.0728,907.5665,35.4937
9912.0000,13.6760,0.7487,49.9810,0.0004,872.0419,907.6248,35.5829
9913.0000,13.6775,0.7487,49.9848,0.0004,872.0111,907.6827,35.6716
9914.0000,13.6791,0.7487,49.9887,0.0004,871.9804,907.7401,35.7597
9915.0000,13.6806,0.7486,49.9925,0.0004,871.9498,907.7971,35.8473
9916.0000,13.6822,0.7486,49.9963,0.0004,871.9193,907.8537,35.9344
9917.0000,13.6838,0.7486,50.0002,0.0004,871.8888,907.9099,36.0211
9918.0000,13.6854,0.7486,50.0040,0.0004,871.8585,907.9658,36.1073
9919.0000,13.6870,0.7486,50.0078,0.0004,871.8282,908.0214,36.1931
9920.0000,13.6886,0.7485,50.0117,0.0004,871.7981,908.0766,36.2785
9921.0000,13.6902,0.7485,50.0155,0.0004,871.7680,908.1314,36.3635
9922.0000,13.6919,0.7485,50.0193,0.0004,871.7380,908.1860,36.4481
9923.0000,13.6936,0.7485,50.0232,0.0004,871.7080,908.2403,36.5323
9924.0000,13.6952,0.7485,50.0270,0.0004,871.6782,908.2943,36.6161
9925.0000,13.6969,0.7484,50.0308,0.0004,871.6484,908.3480,36.6996
9926.0000,13.6986,0.7484,50.0347,0.0004,871.6187,908.4014,36.7827
9927.0000,13.7003,0.7484,50.0385,0.0004,871.5891,908.4546,36.8655
9928.0000,13.7020,0.7484,50.0423,0.0004,871.5596,908.5075,36.9479
9929.0000,13.7038,0.7484,50.0462,0.0004,871.5301,908.5601,37.0300
9930.0000,13.7055,0.7483,50.0500,0.0004,871.5007,908.6125,37.1118
9931.0000,13.7072,0.7483,50.0538,0.0004,871.4714,908.6647,37.1933
9932.0000,13.7090,0.7483,50.0577,0.0004,871.4421,908.7167,37.2745
9933.0000,13.7108,0.7483,50.0615,0.0004,871.4130,908.7684,37.3554
9934.0000,13.7125,0.7483,50.0653,0.0004,871.3839,908.8199,37.4360
9935.0000,13.7143,0.7483,50.0692,0.0004,871.3548,908.8712,37.5163
9936.0000,13.7161,0.7482,50.0730,0.0004,871.3259,908.9222,37.5963
9937.0000,13.7179,0.7482,50.0768,0.0004,871.2970,908.9731,37.6761
9938.0000,13.7197,0.7482,50.0807,0.0004,871.2682,909.0237,37.7556
9939.0000,13.7215,0.7482,50.0845,0.0004,871.2394,909.0742,37.8348
9940.0000,13.7234,0.7482,50.0883,0.0004,871.2107,909.1245,37.9137
9941.0000,13.7252,0.7481,50.0922,0.0004,871.1821,909.1745,37.9924
9942.0000,13.7270,0.7481,50.0960,0.0004,871.1536,909.2244,38.0708
9943.0000,13.7289,0.7481,50.0998,0.0004,871.1251,909.2741,38.1490
9944.0000,13.7307,0.7481,50.1037,0.0004,871.0967,909.3236,38.2269
9945.0000,13.7326,0.7481,50.1075,0.0004,871.0683,909.3730,38.3046
9946.0000,13.7344,0.7481,50.1113,0.0004,871.0401,909.4221,38.3821
9947.0000,13.7363,0.7480,50.1152,0.0004,871.0119,909.4711,38.4593
9948.0000,13.7382,0.7480,50.1190,0.0004,870.9837,909.5200,38.5363
9949.0000,13.7401,0.7480,50.1228,0.0004,870.9556,909.5686,38.6130
9950.0000,13.7420,0.7480,50.1267,0.0004,870.9276,909.6171,38.6895
9951.0000,13.7439,0.7480,50.1305,0.0004,870.8996,909.6654,38.7658
9952.0000,13.7458,0.7479,50.1343,0.0004,870.8717,909.7136,38.8419
9953.0000,13.7477,0.7479,50.1382,0.0004,870.8439,909.7616,38.9177
9954.0000,13.7496,0.7479,50.1420,0.0004,870.8161,909.8095,38.9934
9955.0000,13.7515,0.7479,50.1458,0.0004,870.7884,909.8572,39.0688
9956.0000,13.7535,0.7479,50.1497,0.0004,870.7608,909.9048,39.1440
9957.0000,13.7554,0.7479,50.1535,0.0004,870.7332,909.9522,39.2190
9958.0000,13.7574,0.7478,50.1573,0.0004,870.7057,909.9995,39.2938
9959.0000,13.7593,0.7478,50.1612,0.0004,870.6782,910.0466,39.3684
9960.0000,13.7613,0.7478,50.1650,0.0004,870.6508,910.0936,39.4428
9961.0000,13.7631,0.7478,50.1648,0.0004,870.6368,910.0432,39.4064
9962.0000,13.7649,0.7478,50.1646,0.0004,870.6226,909.9942,39.3716
9963.0000,13.7666,0.7478,50.1645,0.0004,870.6083,909.9462,39.3379
9964.0000,13.7683,0.7477,50.1643,0.0004,870.5939,909.8990,39.3051
9965.0000,13.7700,0.7477,50.1641,0.0004,870.5795,909.8524,39.2730
9966.0000,13.7716,0.7477,50.1639,0.0004,870.5649,909.8064,39.2415
9967.0000,13.7733,0.7477,50.1637,0.0004,870.5503,909.7609,39.2107
9968.0000,13.7749,0.7477,50.1635,0.0004,870.5356,909.7159,39.1803
9969.0000,13.7765,0.7476,50.1634,0.0004,870.5208,909.6712,39.1504
9970.0000,13.7781,0.7476,50.1632,0.0004,870.5060,909.6269,39.1209
9971.0000,13.7797,0.7476,50.1630,0.0004,870.4911,909.5830,39.0919
9972.0000,13.7812,0.7476,50.1628,0.0004,870.4762,909.5394,39.0632
9973.0000,13.7828,0.7476,50.1626,0.0004,870.4612,909.4961,39.0348
9974.0000,13.7843,0.7476,50.1624,0.0004,870.4462,909.4530,39.0068
9975.0000,13.7858,0.7475,50.1623,0.0004,870.4311,909.4103,38.9791
9976.0000,13.7874,0.7475,50.1621,0.0004,870.4160,909.3678,38.9517
9977.0000,13.7889,0.7475,50.1619,0.0004,870.4008,909.3255,38.9246
9978.0000,13.7904,0.7475,50.1617,0.0004,870.3856,909.2834,38.8978
9979.0000,13.7919,0.7475,50.1615,0.0004,870.3704,909.2416,38.8712
9980.0000,13.7933,0.7474,50.1613,0.0004,870.3551,909.1999,38.8448
9981.0000,13.7948,0.7474,50.1611,0.0004,870.3398,909.1585,38.8187
9982.0000,13.7963,0.7474,50.1610,0.0004,870.3244,909.1172,38.7928
9983.0000,13.7977,0.7474,50.1608,0.0004,870.3090,909.0761,38.7671
9984.0000,13.7992,0.7474,50.1606,0.0004,870.2935,909.0352,38.7417
9985.0000,13.8006,0.7474,50.1604,0.0004,870.2781,908.9945,38.7164
9986.0000,13.8021,0.7473,50.1602,0.0004,870.2625,908.9539,38.6914
9987.0000,13.8035,0.7473,50.1600,0.0004,870.2470,908.9135,38.6665
9988.0000,13.8049,0.7473,50.1599,0.0004,870.2314,908.8732,38.6418
9989.0000,13.8064,0.7473,50.1597,0.0004,870.2158,908.8331,38.6173
9990.0000,13.8078,0.7473,50.1595,0.0004,870.2001,908.7931,38.5929
9991.0000,13.8092,0.7472,50.1593,0.0004,870.1845,908.7532,38.5687
9992.0000,13.8106,0.7472,50.1591,0.0004,870.1687,908.7135,38.5447
9993.0000,13.8120,0.7472,50.1590,0.0004,870.1530,908.6739,38.5209
9994.0000,13.8134,0.7472,50.1588,0.0004,870.1372,908.6344,38.4972
9995.0000,13.8148,0.7472,50.1586,0.0004,870.1214,908.5950,38.4736
9996.0000,13.8162,0.7471,50.1584,0.0004,870.1056,908.5558,38.4502
9997.0000,13.8176,0.7471,50.1582,0.0004,870.0897,908.5167,38.4269
9998.0000,13.8189,0.7471,50.1580,0.0004,870.0738,908.4776,38.4038
9999.0000,13.8203,0.7471,50.1579,0.0004,870.0579,908.4387,38.3808
10000.0000,13.8217,0.7471,50.1577,0.0004,870.0420,908.3999,38.3579
10001.0000,13.8230,0.7471,50.1575,0.0004,870.0260,908.3612,38.3352
10002.0000,13.8244,0.7470,50.1573,0.0004,870.0100,908.3226,38.3126
10003.0000,13.8258,0.7470,50.1571,0.0004,869.9940,908.2841,38.2901
10004.0000,13.8271,0.7470,50.1569,0.0004,869.9779,908.2457,38.2677
10005.0000,13.8285,0.7470,50.1568,0.0004,869.9618,908.2073,38.2455
10006.0000,13.8298,0.7470,50.1566,0.0004,869.9457,908.1691,38.2234
10007.0000,13.8311,0.7469,50.1564,0.0004,869.9296,908.1310,38.2014
10008.0000,13.8325,0.7469,50.1562,0.0004,869.9135,908.0929,38.1795
10009.0000,13.8338,0.7469,50.1560,0.0004,869.8973,908.0549,38.1577
10010.0000,13.8352,0.7469,50.1558,0.0004,869.8811,908.0170,38.1360
10011.0000,13.8365,0.7469,50.1557,0.0004,869.8648,907.9792,38.1144
10012.0000,13.8378,0.7468,50.1555,0.0004,869.8486,907.9415,38.0929
10013.0000,13.8391,0.7468,50.1553,0.0004,869.8323,907.9038,38.0715
10014.0000,13.8404,0.7468,50.1551,0.0004,869.8160,907.8663,38.0502
10015.0000,13.8418,0.7468,50.1549,0.0004,869.7997,907.8288,38.0291
10016.0000,13.8431,0.7468,50.1547,0.0004,869.7834,907.7913,38.0080
10017.0000,13.8444,0.7467,50.1546,0.0004,869.7670,907.7540,37.9870
10018.0000,13.8457,0.7467,50.1544,0.0004,869.7506,907.7167,37.9661
10019.0000,13.8470,0.7467,50.1542,0.0004,869.7342,907.6795,37.9453
10020.0000,13.8483,0.7467,50.1540,0.0004,869.7178,907.6423,37.9245
10021.0000,13.8495,0.7467,50.1499,0.0004,869.6844,907.5100,37.8256
10022.0000,13.8507,0.7467,50.1458,0.0004,869.6512,907.3788,37.7277
10023.0000,13.8518,0.7466,50.1418,0.0004,869.6180,907.2485,37.6306
10024.0000,13.8529,0.7466,50.1377,0.0004,869.5848,907.1190,37.5342
10025.0000,13.8540,0.7466,50.1336,0.0004,869.5516,906.9900,37.4384
10026.0000,13.8550,0.7466,50.1295,0.0004,869.5185,906.8616,37.3432
10027.0000,13.8561,0.7466,50.1254,0.0004,869.4853,906.7338,37.2484
10028.0000,13.8571,0.7465,50.1213,0.0004,869.4522,906.6064,37.1542
10029.0000,13.8581,0.7465,50.1173,0.0004,869.4190,906.4794,37.0605
10030.0000,13.8591,0.7465,50.1132,0.0004,869.3858,906.3529,36.9671
10031.0000,13.8600,0.7465,50.1091,0.0004,869.3526,906.2268,36.8742
10032.0000,13.8610,0.7465,50.1050,0.0004,869.3193,906.1010,36.7817
10033.0000,13.8619,0.7464,50.1009,0.0004,869.2860,905.9757,36.6896
10034.0000,13.8628,0.7464,50.0968,0.0004,869.2528,905.8506,36.5979
10035.0000,13.8637,0.7464,50.0928,0.0004,869.2194,905.7259,36.5065
10036.0000,13.8646,0.7464,50.0887,0.0004,869.1861,905.6015,36.4154
10037.0000,13.8655,0.7464,50.0846,0.0004,869.1527,905.4775,36.3247
10038.0000,13.8664,0.7463,50.0805,0.0004,869.1193,905.3537,36.2344
10039.0000,13.8672,0.7463,50.0764,0.0004,869.0859,905.2302,36.1443
10040.0000,13.8681,0.7463,50.0723,0.0004,869.0524,905.1070,36.0546
10041.0000,13.8689,0.7463,50.0682,0.0004,869.0190,904.9841,35.9652
10042.0000,13.8697,0.7463,50.0642,0.0004,868.9854,904.8615,35.8760
10043.0000,13.8705,0.7462,50.0601,0.0004,868.9519,904.7391,35.7872
10044.0000,13.8713,0.7462,50.0560,0.0004,868.9183,904.6170,35.6987
10045.0000,13.8721,0.7462,50.0519,0.0004,868.8847,904.4951,35.6104
10046.0000,13.8729,0.7462,50.0478,0.0004,868.8510,904.3734,35.5224
10047.0000,13.8737,0.7462,50.0438,0.0004,868.8173,904.2520,35.4347
10048.0000,13.8744,0.7462,50.0397,0.0004,868.7836,904.1309,35.3473
10049.0000,13.8752,0.7461,50.0356,0.0004,868.7498,904.0099,35.2601
10050.0000,13.8759,0.7461,50.0315,0.0004,868.7161,903.8892,35.1732
10051.0000,13.8767,0.7461,50.0274,0.0004,868.6822,903.7687,35.0865
10052.0000,13.8774,0.7461,50.0233,0.0004,868.6484,903.6484,35.0001
10053.0000,13.8781,0.7461,50.0192,0.0004,868.6145,903.5284,34.9139
10054.0000,13.8788,0.7460,50.0152,0.0004,868.5805,903.4085,34.8279
10055.0000,13.8795,0.7460,50.0111,0.0004,868.5466,903.2888,34.7423
10056.0000,13.8802,0.7460,50.0070,0.0004,868.5126,903.1694,34.6568
10057.0000,13.8809,0.7460,50.0029,0.0004,868.4785,903.0501,34.5716
10058.0000,13.8816,0.7460,49.9988,0.0004,868.4445,902.9310,34.4866
10059.0000,13.8823,0.7459,49.9948,0.0004,868.4104,902.8121,34.4018
10060.0000,13.8829,0.7459,49.9907,0.0004,868.3762,902.6935,34.3172
10061.0000,13.8836,0.7459,49.9866,0.0004,868.3420,902.5749,34.2329
10062.0000,13.8842,0.7459,49.9825,0.0004,868.3078,902.4566,34.1488
10063.0000,13.8849,0.7459,49.9784,0.0004,868.2736,902.3385,34.0649
10064.0000,13.8855,0.7458,49.9743,0.0004,868.2393,902.2205,33.9812
10065.0000,13.8861,0.7458,49.9703,0.0004,868.2049,902.1027,33.8977
10066.0000,13.8868,0.7458,49.9662,0.0004,868.1706,901.9851,33.8145
10067.0000,13.8874,0.7458,49.9621,0.0004,868.1362,901.8676,33.7314
10068.0000,13.8880,0.7458,49.9580,0.0004,868.1018,901.7503,33.6486
10069.0000,13.8886,0.7457,49.9539,0.0004,868.0673,901.6332,33.5659
10070.0000,13.8892,0.7457,49.9498,0.0004,868.0328,901.5162,33.4834
10071.0000,13.8898,0.7457,49.9457,0.0004,867.9982,901.3994,33.4012
10072.0000,13.8904,0.7457,49.9417,0.0004,867.9637,901.2828,33.3191
10073.0000,13.8909,0.7457,49.9376,0.0004,867.9291,901.1663,33.2372
10074.0000,13.8915,0.7456,49.9335,0.0004,867.8944,901.0500,33.1555
10075.0000,13.8921,0.7456,49.9294,0.0004,867.8597,900.9338,33.0741
10076.0000,13.8926,0.7456,49.9253,0.0004,867.8250,900.8177,32.9927
10077.0000,13.8932,0.7456,49.9213,0.0004,867.7902,900.7019,32.9116
10078.0000,13.8937,0.7456,49.9172,0.0004,867.7555,900.5861,32.8307
10079.0000,13.8943,0.7455,49.9131,0.0004,867.7206,900.4705,32.7499
10080.0000,13.8948,0.7455,49.9090,0.0004,867.6858,900.3551,32.6693
10081.0000,13.8956,0.7455,49.9143,0.0004,867.6637,900.4678,32.8041
10082.0000,13.8965,0.7455,49.9196,0.0004,867.6416,900.5776,32.9359
10083.0000,13.8974,0.7454,49.9248,0.0004,867.6196,900.6853,33.0657
10084.0000,13.8985,0.7454,49.9301,0.0004,867.5975,900.7914,33.1939
10085.0000,13.8996,0.7454,49.9354,0.0004,867.5755,900.8961,33.3205
10086.0000,13.9007,0.7454,49.9407,0.0004,867.5536,900.9995,33.4459
10087.0000,13.9019,0.7454,49.9460,0.0004,867.5317,901.1019,33.5701
10088.0000,13.9031,0.7453,49.9513,0.0004,867.5099,901.2032,33.6933
10089.0000,13.9044,0.7453,49.9566,0.0004,867.4882,901.3036,33.8154
10090.0000,13.9057,0.7453,49.9618,0.0004,867.4665,901.4032,33.9367
10091.0000,13.9070,0.7453,49.9671,0.0004,867.4449,901.5019,34.0571
10092.0000,13.9084,0.7453,49.9724,0.0004,867.4233,901.6000,34.1766
10093.0000,13.9098,0.7452,49.9777,0.0004,867.4018,901.6973,34.2954
10094.0000,13.9112,0.7452,49.9830,0.0004,867.3804,901.7939,34.4135
10095.0000,13.9127,0.7452,49.9883,0.0004,867.3591,901.8899,34.5308
10096.0000,13.9141,0.7452,49.9935,0.0004,867.3378,901.9853,34.6475
10097.0000,13.9156,0.7452,49.9988,0.0004,867.3166,902.0801,34.7635
10098.0000,13.9171,0.7451,50.0041,0.0004,867.2955,902.1744,34.8790
10099.0000,13.9187,0.7451,50.0094,0.0004,867.2744,902.2681,34.9938
10100.0000,13.9202,0.7451,50.0147,0.0004,867.2534,902.3614,35.1080
10101.0000,13.9218,0.7451,50.0200,0.0004,867.2325,902.4541,35.2216
10102.0000,13.9234,0.7451,50.0252,0.0004,867.2116,902.5463,35.3348
10103.0000,13.9250,0.7450,50.0305,0.0004,867.1908,902.6381,35.4473
10104.0000,13.9266,0.7450,50.0358,0.0004,867.1701,902.7295,35.5594
10105.0000,13.9283,0.7450,50.0411,0.0004,867.1494,902.8204,35.6710
10106.0000,13.9299,0.7450,50.0464,0.0004,867.1288,902.9109,35.7821
10107.0000,13.9316,0.7450,50.0517,0.0004,867.1083,903.0010,35.8927
10108.0000,13.9333,0.7450,50.0569,0.0004,867.0879,903.0907,36.0028
10109.0000,13.9350,0.7449,50.0622,0.0004,867.0675,903.1800,36.1125
10110.0000,13.9367,0.7449,50.0675,0.0004,867.0472,903.2689,36.2217
10111.0000,13.9385,0.7449,50.0728,0.0004,867.0269,903.3575,36.3306
10112.0000,13.9402,0.7449,50.0781,0.0004,867.0068,903.4457,36.4389
10113.0000,13.9420,0.7449,50.0833,0.0004,866.9867,903.5336,36.5469
10114.0000,13.9438,0.7448,50.0886,0.0004,866.9666,903.6211,36.6545
10115.0000,13.9456,0.7448,50.0939,0.0004,866.9466,903.7083,36.7617
10116.0000,13.9474,0.7448,50.0992,0.0004,866.9267,903.7952,36.8684
10117.0000,13.9492,0.7448,50.1045,0.0004,866.9069,903.8817,36.9748
10118.0000,13.9510,0.7448,50.1098,0.0004,866.8871,903.9680,37.0809
10119.0000,13.9529,0.7447,50.1150,0.0004,866.8674,904.0539,37.1865
10120.0000,13.9547,0.7447,50.1203,0.0004,866.8478,904.1396,37.2918
10121.0000,13.9566,0.7447,50.1256,0.0004,866.8282,904.2249,37.3967
10122.0000,13.9585,0.7447,50.1309,0.0004,866.8087,904.3100,37.5013
10123.0000,13.9604,0.7447,50.1362,0.0004,866.7893,904.3948,37.6055
10124.0000,13.9623,0.7447,50.1415,0.0004,866.7699,904.4793,37.7094
10125.0000,13.9642,0.7446,50.1467,0.0004,866.7506,904.5636,37.8130
10126.0000,13.9661,0.7446,50.1520,0.0004,866.7313,904.6476,37.9162
10127.0000,13.9681,0.7446,50.1573,0.0004,866.7121,904.7313,38.0191
10128.0000,13.9700,0.7446,50.1626,0.0004,866.6930,904.8147,38.1217
10129.0000,13.9720,0.7446,50.1679,0.0004,866.6740,904.8980,38.2240
10130.0000,13.9739,0.7445,50.1732,0.0004,866.6550,904.9809,38.3259
10131.0000,13.9759,0.7445,50.1784,0.0004,866.6361,905.0636,38.4276
10132.0000,13.9779,0.7445,50.1837,0.0004,866.6172,905.1461,38.5289
10133.0000,13.9799,0.7445,50.1890,0.0004,866.5984,905.2284,38.6300
10134.0000,13.9819,0.7445,50.1943,0.0004,866.5797,905.3104,38.7307
10135.0000,13.9839,0.7445,50.1996,0.0004,866.5610,905.3922,38.8312
10136.0000,13.9859,0.7444,50.2049,0.0004,866.5424,905.4738,38.9314
10137.0000,13.9879,0.7444,50.2101,0.0004,866.5239,905.5551,39.0312
10138.0000,13.9900,0.7444,50.2154,0.0004,866.5054,905.6362,39.1309
10139.0000,13.9920,0.7444,50.2207,0.0004,866.4870,905.7171,39.2302
10140.0000,13.9941,0.7444,50.2260,0.0004,866.4686,905.7978,39.3292
10141.0000,13.9959,0.7443,50.2205,0.0004,866.4467,905.6158,39.1691
10142.0000,13.9975,0.7443,50.2150,0.0004,866.4247,905.4371,39.0124
10143.0000,13.9990,0.7443,50.2094,0.0004,866.4026,905.2609,38.8583
10144.0000,14.0005,0.7443,50.2039,0.0004,866.3805,905.0867,38.7062
10145.0000,14.0019,0.7443,50.1984,0.0004,866.3582,904.9141,38.5559
10146.0000,14.0032,0.7443,50.1929,0.0004,866.3359,904.7430,38.4071
10147.0000,14.0045,0.7442,50.1874,0.0004,866.3134,904.5731,38.2597
10148.0000,14.0057,0.7442,50.1819,0.0004,866.2909,904.4045,38.1136
10149.0000,14.0069,0.7442,50.1763,0.0004,866.2682,904.2369,37.9687
10150.0000,14.0080,0.7442,50.1708,0.0004,866.2454,904.0703,37.8248
10151.0000,14.0091,0.7442,50.1653,0.0004,866.2226,903.9046,37.6820
10152.0000,14.0102,0.7442,50.1598,0.0004,866.1996,903.7398,37.5401
10153.0000,14.0113,0.7441,50.1543,0.0004,866.1766,903.5758,37.3992
10154.0000,14.0123,0.7441,50.1488,0.0004,866.1535,903.4126,37.2591
10155.0000,14.0132,0.7441,50.1433,0.0004,866.1302,903.2501,37.1199
10156.0000,14.0142,0.7441,50.1377,0.0004,866.1069,903.0883,36.9814
10157.0000,14.0151,0.7441,50.1322,0.0004,866.0835,902.9272,36.8437
10158.0000,14.0160,0.7440,50.1267,0.0004,866.0599,902.7667,36.7068
10159.0000,14.0169,0.7440,50.1212,0.0004,866.0363,902.6069,36.5705
10160.0000,14.0178,0.7440,50.1157,0.0004,866.0126,902.4476,36.4350
10161.0000,14.0186,0.7440,50.1101,0.0004,865.9888,902.2889,36.3001
10162.0000,14.0194,0.7440,50.1046,0.0004,865.9649,902.1307,36.1658
10163.0000,14.0202,0.7439,50.0991,0.0004,865.9410,901.9731,36.0321
10164.0000,14.0210,0.7439,50.0936,0.0004,865.9169,901.8160,35.8991
10165.0000,14.0217,0.7439,50.0881,0.0004,865.8928,901.6594,35.7666
10166.0000,14.0224,0.7439,50.0826,0.0004,865.8685,901.5032,35.6347
10167.0000,14.0231,0.7439,50.0770,0.0004,865.8442,901.3476,35.5034
10168.0000,14.0238,0.7438,50.0715,0.0004,865.8198,901.1923,35.3725
10169.0000,14.0245,0.7438,50.0660,0.0004,865.7953,901.0375,35.2423
10170.0000,14.0252,0.7438,50.0605,0.0004,865.7707,900.8832,35.1125
10171.0000,14.0258,0.7438,50.0550,0.0004,865.7460,900.7292,34.9832
10172.0000,14.0264,0.7438,50.0495,0.0004,865.7213,900.5757,34.8544
10173.0000,14.0270,0.7437,50.0440,0.0004,865.6965,900.4226,34.7261
10174.0000,14.0276,0.7437,50.0384,0.0004,865.6715,900.2698,34.5983
10175.0000,14.0282,0.7437,50.0329,0.0004,865.6465,900.1175,34.4709
10176.0000,14.0288,0.7437,50.0274,0.0004,865.6215,899.9655,34.3440
10177.0000,14.0293,0.7437,50.0219,0.0004,865.5963,899.8138,34.2175
10178.0000,14.0299,0.7436,50.0164,0.0004,865.5710,899.6625,34.0915
10179.0000,14.0304,0.7436,50.0109,0.0004,865.5457,899.5116,33.9659
10180.0000,14.0309,0.7436,50.0053,0.0004,865.5203,899.3610,33.8407
10181.0000,14.0314,0.7436,49.9998,0.0004,865.4948,899.2107,33.7159
10182.0000,14.0319,0.7436,49.9943,0.0004,865.4692,899.0608,33.5915
10183.0000,14.0323,0.7435,49.9888,0.0004,865.4436,898.9111,33.4675
10184.0000,14.0328,0.7435,49.9833,0.0004,865.4179,898.7618,33.3440
10185.0000,14.0332,0.7435,49.9778,0.0004,865.3920,898.6128,33.2208
10186.0000,14.0337,0.7435,49.9722,0.0004,865.3662,898.4641,33.0979
10187.0000,14.0341,0.7435,49.9667,0.0004,865.3402,898.3157,32.9755
10188.0000,14.0345,0.7434,49.9612,0.0004,865.3142,898.1676,32.8534
10189.0000,14.0349,0.7434,49.9557,0.0004,865.2880,898.0198,32.7317
10190.0000,14.0353,0.7434,49.9502,0.0004,865.2618,897.8722,32.6104
10191.0000,14.0357,0.7434,49.9447,0.0004,865.2356,897.7249,32.4894
10192.0000,14.0360,0.7434,49.9391,0.0004,865.2092,897.5779,32.3687
10193.0000,14.0364,0.7433,49.9336,0.0004,865.1828,897.4312,32.2484
10194.0000,14.0367,0.7433,49.9281,0.0004,865.1563,897.2848,32.1284
10195.0000,14.0370,0.7433,49.9226,0.0004,865.1297,897.1385,32.0088
10196.0000,14.0374,0.7433,49.9171,0.0004,865.1031,896.9926,31.8895
10197.0000,14.0377,0.7433,49.9116,0.0004,865.0764,896.8469,31.7705
10198.0000,14.0380,0.7432,49.9060,0.0004,865.0496,896.7015,31.6519
10199.0000,14.0383,0.7432,49.9005,0.0004,865.0227,896.5563,31.5336
10200.0000,14.0385,0.7432,49.8950,0.0004,864.9958,896.4113,31.4155
10201.0000,14.0390,0.7432,49.8969,0.0004,864.9746,896.4466,31.4720
10202.0000,14.0396,0.7431,49.8988,0.0004,864.9534,896.4796,31.5262
10203.0000,14.0402,0.7431,49.9007,0.0004,864.9322,896.5111,31.5789
10204.0000,14.0409,0.7431,49.9025,0.0004,864.9110,896.5414,31.6304
10205.0000,14.0416,0.7431,49.9044,0.0004,864.8898,896.5707,31.6808
10206.0000,14.0423,0.7431,49.9063,0.0004,864.8687,896.5990,31.7304
10207.0000,14.0431,0.7430,49.9082,0.0004,864.8476,896.6266,31.7791
10208.0000,14.0439,0.7430,49.9101,0.0004,864.8265,896.6535,31.8271
10209.0000,14.0448,0.7430,49.9120,0.0004,864.8054,896.6798,31.8744
10210.0000,14.0456,0.7430,49.9138,0.0004,864.7843,896.7055,31.9211
10211.0000,14.0465,0.7429,49.9157,0.0004,864.7633,896.7306,31.9673
10212.0000,14.0474,0.7429,49.9176,0.0004,864.7423,896.7552,32.0129
10213.0000,14.0483,0.7429,49.9195,0.0004,864.7213,896.7794,32.0581
10214.0000,14.0492,0.7429,49.9214,0.0004,864.7004,896.8031,32.1027
10215.0000,14.0502,0.7429,49.9233,0.0004,864.6795,896.8264,32.1470
10216.0000,14.0512,0.7428,49.9251,0.0004,864.6586,896.8494,32.1908
10217.0000,14.0521,0.7428,49.9270,0.0004,864.6377,896.8719,32.2342
10218.0000,14.0531,0.7428,49.9289,0.0004,864.6169,896.8941,32.2773
10219.0000,14.0541,0.7428,49.9308,0.0004,864.5960,896.9160,32.3199
10220.0000,14.0552,0.7428,49.9327,0.0004,864.5753,896.9375,32.3623
10221.0000,14.0562,0.7427,49.9346,0.0004,864.5545,896.9588,32.4043
10222.0000,14.0572,0.7427,49.9364,0.0004,864.5337,896.9797,32.4460
10223.0000,14.0583,0.7427,49.9383,0.0004,864.5130,897.0004,32.4874
10224.0000,14.0594,0.7427,49.9402,0.0004,864.4923,897.0208,32.5284
10225.0000,14.0604,0.7426,49.9421,0.0004,864.4717,897.0409,32.5692
10226.0000,14.0615,0.7426,49.9440,0.0004,864.4510,897.0608,32.6098
10227.0000,14.0626,0.7426,49.9459,0.0004,864.4304,897.0804,32.6500
10228.0000,14.0637,0.7426,49.9477,0.0004,864.4098,897.0998,32.6900
10229.0000,14.0649,0.7426,49.9496,0.0004,864.3893,897.1190,32.7298
10230.0000,14.0660,0.7425,49.9515,0.0004,864.3687,897.1380,32.7693
10231.0000,14.0671,0.7425,49.9534,0.0004,864.3482,897.1567,32.8085
10232.0000,14.0683,0.7425,49.9553,0.0004,864.3277,897.1753,32.8476
10233.0000,14.0694,0.7425,49.9572,0.0004,864.3073,897.1936,32.8864
10234.0000,14.0706,0.7425,49.9590,0.0004,864.2868,897.2118,32.9250
10235.0000,14.0717,0.7424,49.9609,0.0004,864.2664,897.2298,32.9634
10236.0000,14.0729,0.7424,49.9628,0.0004,864.2460,897.2475,33.0015
10237.0000,14.0741,0.7424,49.9647,0.0004,864.2256,897.2651,33.0395
10238.0000,14.0753,0.7424,49.9666,0.0004,864.2053,897.2826,33.0773
10239.0000,14.0765,0.7424,49.9685,0.0004,864.1850,897.2998,33.1149
10240.0000,14.0777,0.7423,49.9703,0.0004,864.1647,897.3169,33.1523
10241.0000,14.0789,0.7423,49.9722,0.0004,864.1444,897.3339,33.1895
10242.0000,14.0801,0.7423,49.9741,0.0004,864.1241,897.3506,33.2265
10243.0000,14.0813,0.7423,49.9760,0.0004,864.1039,897.3673,33.2634
10244.0000,14.0825,0.7422,49.9779,0.0004,864.0837,897.3837,33.3000
10245.0000,14.0837,0.7422,49.9798,0.0004,864.0635,897.4001,33.3366
10246.0000,14.0850,0.7422,49.9816,0.0004,864.0433,897.4163,33.3729
10247.0000,14.0862,0.7422,49.9835,0.0004,864.0232,897.4323,33.4091
10248.0000,14.0875,0.7422,49.9854,0.0004,864.0031,897.4482,33.4451
10249.0000,14.0887,0.7421,49.9873,0.0004,863.9830,897.4640,33.4810
10250.0000,14.0900,0.7421,49.9892,0.0004,863.9629,897.4796,33.5167
10251.0000,14.0912,0.7421,49.9911,0.0004,863.9429,897.4952,33.5523
10252.0000,14.0925,0.7421,49.9929,0.0004,863.9229,897.5105,33.5877
10253.0000,14.0938,0.7421,49.9948,0.0004,863.9028,897.5258,33.6230
10254.0000,14.0951,0.7420,49.9967,0.0004,863.8829,897.5410,33.6581
10255.0000,14.0963,0.7420,49.9986,0.0004,863.8629,897.5560,33.6931
10256.0000,14.0976,0.7420,50.0005,0.0004,863.8430,897.5709,33.7279
10257.0000,14.0989,0.7420,50.0023,0.0004,863.8230,897.5857,33.7626
10258.0000,14.1002,0.7420,50.0042,0.0004,863.8032,897.6004,33.7972
10259.0000,14.1015,0.7419,50.0061,0.0004,863.7833,897.6149,33.8317
10260.0000,14.1028,0.7419,50.0080,0.0004,863.7634,897.6294,33.8660
10261.0000,14.1040,0.7419,50.0058,0.0004,863.7296,897.5450,33.8154
10262.0000,14.1052,0.7419,50.0037,0.0004,863.6958,897.4616,33.7658
10263.0000,14.1063,0.7419,50.0015,0.0004,863.6621,897.3790,33.7169
10264.0000,14.1075,0.7418,49.9993,0.0004,863.6285,897.2970,33.6685
10265.0000,14.1085,0.7418,49.9972,0.0004,863.5949,897.2156,33.6206
10266.0000,14.1096,0.7418,49.9950,0.0004,863.5614,897.1345,33.5732
10267.0000,14.1107,0.7418,49.9928,0.0004,863.5278,897.0539,33.5261
10268.0000,14.1117,0.7418,49.9907,0.0004,863.4943,896.9736,33.4794
10269.0000,14.1128,0.7417,49.9885,0.0004,863.4608,896.8937,33.4329
10270.0000,14.1138,0.7417,49.9863,0.0004,863.4273,896.8141,33.3868
10271.0000,14.1148,0.7417,49.9842,0.0004,863.3938,896.7347,33.3409
10272.0000,14.1158,0.7417,49.9820,0.0004,863.3603,896.6556,33.2953
10273.0000,14.1168,0.7417,49.9798,0.0004,863.3268,896.5767,33.2499
10274.0000,14.1177,0.7416,49.9777,0.0004,863.2933,896.4981,33.2048
10275.0000,14.1187,0.7416,49.9755,0.0004,863.2598,896.4197,33.1598
10276.0000,14.1197,0.7416,49.9733,0.0004,863.2264,896.3415,33.1151
10277.0000,14.1206,0.7416,49.9712,0.0004,863.1929,896.2635,33.0706
10278.0000,14.1216,0.7416,49.9690,0.0004,863.1594,896.1856,33.0262
10279.0000,14.1225,0.7415,49.9668,0.0004,863.1259,896.1080,32.9821
10280.0000,14.1234,0.7415,49.9647,0.0004,863.0925,896.0305,32.9381
10281.0000,14.1244,0.7415,49.9625,0.0004,863.0590,895.9532,32.8942
10282.0000,14.1253,0.7415,49.9603,0.0004,863.0255,895.8761,32.8506
10283.0000,14.1262,0.7415,49.9582,0.0004,862.9920,895.7991,32.8071
10284.0000,14.1271,0.7414,49.9560,0.0004,862.9585,895.7222,32.7637
10285.0000,14.1280,0.7414,49.9538,0.0004,862.9250,895.6455,32.7205
10286.0000,14.1289,0.7414,49.9517,0.0004,862.8915,895.5690,32.6775
10287.0000,14.1298,0.7414,49.9495,0.0004,862.8580,895.4926,32.6346
10288.0000,14.1307,0.7414,49.9473,0.0004,862.8245,895.4163,32.5918
10289.0000,14.1316,0.7413,49.9452,0.0004,862.7909,895.3401,32.5492
10290.0000,14.1324,0.7413,49.9430,0.0004,862.7574,895.2641,32.5066
10291.0000,14.1333,0.7413,49.9408,0.0004,862.7239,895.1881,32.4643
10292.0000,14.1342,0.7413,49.9387,0.0004,862.6903,895.1123,32.4220
10293.0000,14.1350,0.7413,49.9365,0.0004,862.6568,895.0366,32.3799
10294.0000,14.1359,0.7412,49.9343,0.0004,862.6232,894.9611,32.3378
10295.0000,14.1367,0.7412,49.9322,0.0004,862.5897,894.8856,32.2959
10296.0000,14.1376,0.7412,49.9300,0.0004,862.5561,894.8102,32.2541
10297.0000,14.1384,0.7412,49.9278,0.0004,862.5225,894.7350,32.2125
10298.0000,14.1393,0.7412,49.9257,0.0004,862.4889,894.6598,32.1709
10299.0000,14.1401,0.7411,49.9235,0.0004,862.4554,894.5848,32.1294
10300.0000,14.1409,0.7411,49.9213,0.0004,862.4218,894.5098,32.0881
10301.0000,14.1418,0.7411,49.9192,0.0004,862.3881,894.4350,32.0468
10302.0000,14.1426,0.7411,49.9170,0.0004,862.3545,894.3602,32.0057
10303.0000,14.1434,0.7410,49.9148,0.0004,862.3209,894.2855,31.9646
10304.0000,14.1442,0.7410,49.9127,0.0004,862.2873,894.2109,31.9237
10305.0000,14.1450,0.7410,49.9105,0.0004,862.2536,894.1364,31.8828
10306.0000,14.1459,0.7410,49.9083,0.0004,862.2200,894.0620,31.8421
10307.0000,14.1467,0.7410,49.9062,0.0004,862.1863,893.9877,31.8014
10308.0000,14.1475,0.7409,49.9040,0.0004,862.1526,893.9134,31.7608
10309.0000,14.1483,0.7409,49.9018,0.0004,862.1189,893.8393,31.7204
10310.0000,14.1491,0.7409,49.8997,0.0004,862.0852,893.7652,31.6800
10311.0000,14.1499,0.7409,49.8975,0.0004,862.0515,893.6912,31.6397
10312.0000,14.1506,0.7409,49.8953,0.0004,862.0178,893.6173,31.5995
10313.0000,14.1514,0.7408,49.8932,0.0004,861.9841,893.5435,31.5593
10314.0000,14.1522,0.7408,49.8910,0.0004,861.9504,893.4697,31.5193
10315.0000,14.1530,0.7408,49.8888,0.0004,861.9166,893.3960,31.4794
10316.0000,14.1538,0.7408,49.8867,0.0004,861.8829,893.3224,31.4395
10317.0000,14.1545,0.7408,49.8845,0.0004,861.8491,893.2489,31.3997
10318.0000,14.1553,0.7407,49.8823,0.0004,861.8154,893.1754,31.3600
10319.0000,14.1561,0.7407,49.8802,0.0004,861.7816,893.1020,31.3204
10320.0000,14.1569,0.7407,49.8780,0.0004,861.7478,893.0287,31.2809
10321.0000,14.1578,0.7407,49.8837,0.0004,861.7313,893.1462,31.4149
10322.0000,14.1589,0.7407,49.8893,0.0004,861.7148,893.2614,31.5466
10323.0000,14.1600,0.7406,49.8950,0.0004,861.6983,893.3749,31.6766
10324.0000,14.1612,0.7406,49.9007,0.0004,861.6818,893.4870,31.8053
10325.0000,14.1624,0.7406,49.9063,0.0004,861.6652,893.5980,31.9327
10326.0000,14.1637,0.7406,49.9120,0.0004,861.6487,893.7078,32.0591
10327.0000,14.1650,0.7406,49.9177,0.0004,861.6323,893.8168,32.1845
10328.0000,14.1663,0.7405,49.9233,0.0004,861.6159,893.9249,32.3090
10329.0000,14.1677,0.7405,49.9290,0.0004,861.5995,894.0321,32.4327
10330.0000,14.1691,0.7405,49.9347,0.0004,861.5832,894.1387,32.5555
10331.0000,14.1706,0.7405,49.9403,0.0004,861.5669,894.2446,32.6777
10332.0000,14.1720,0.7405,49.9460,0.0004,861.5507,894.3498,32.7991
10333.0000,14.1735,0.7404,49.9517,0.0004,861.5345,894.4544,32.9199
10334.0000,14.1750,0.7404,49.9573,0.0004,861.5184,894.5584,33.0400
10335.0000,14.1765,0.7404,49.9630,0.0004,861.5023,894.6618,33.1595
10336.0000,14.1781,0.7404,49.9687,0.0004,861.4863,894.7648,33.2785
10337.0000,14.1796,0.7404,49.9743,0.0004,861.4703,894.8672,33.3968
10338.0000,14.1812,0.7403,49.9800,0.0004,861.4544,894.9691,33.5147
10339.0000,14.1828,0.7403,49.9857,0.0004,861.4386,895.0705,33.6319
10340.0000,14.1845,0.7403,49.9913,0.0004,861.4228,895.1715,33.7487
10341.0000,14.1861,0.7403,49.9970,0.0004,861.4071,895.2721,33.8650
10342.0000,14.1878,0.7403,50.0027,0.0004,861.3914,895.3722,33.9808
10343.0000,14.1895,0.7402,50.0083,0.0004,861.3758,895.4719,34.0961
10344.0000,14.1912,0.7402,50.0140,0.0004,861.3603,895.5712,34.2109
10345.0000,14.1929,0.7402,50.0197,0.0004,861.3448,895.6701,34.3253
10346.0000,14.1946,0.7402,50.0253,0.0004,861.3293,895.7686,34.4393
10347.0000,14.1963,0.7402,50.0310,0.0004,861.3140,895.8668,34.5528
10348.0000,14.1981,0.7401,50.0367,0.0004,861.2987,895.9646,34.6660
10349.0000,14.1999,0.7401,50.0423,0.0004,861.2834,896.0621,34.7787
10350.0000,14.2016,0.7401,50.0480,0.0004,861.2682,896.1592,34.8910
10351.0000,14.2034,0.7401,50.0537,0.0004,861.2531,896.2560,35.0029
10352.0000,14.2052,0.7401,50.0593,0.0004,861.2380,896.3524,35.1144
10353.0000,14.2071,0.7400,50.0650,0.0004,861.2230,896.4486,35.2256
10354.0000,14.2089,0.7400,50.0707,0.0004,861.2081,896.5444,35.3363
10355.0000,14.2107,0.7400,50.0763,0.0004,861.1932,896.6399,35.4467
10356.0000,14.2126,0.7400,50.0820,0.0004,861.1783,896.7351,35.5568
10357.0000,14.2145,0.7400,50.0877,0.0004,861.1636,896.8300,35.6665
10358.0000,14.2163,0.7399,50.0933,0.0004,861.1488,896.9247,35.7758
10359.0000,14.2182,0.7399,50.0990,0.0004,861.1342,897.0190,35.8848
10360.0000,14.2201,0.7399,50.1047,0.0004,861.1196,897.1131,35.9935
10361.0000,14.2221,0.7399,50.1103,0.0004,861.1051,897.2069,36.1018
10362.0000,14.2240,0.7399,50.1160,0.0004,861.0906,897.3004,36.2099
10363.0000,14.2259,0.7398,50.1217,0.0004,861.0762,897.3937,36.3175
10364.0000,14.2279,0.7398,50.1273,0.0004,861.0618,897.4867,36.4249
10365.0000,14.2298,0.7398,50.1330,0.0004,861.0475,897.5795,36.5320
10366.0000,14.2318,0.7398,50.1387,0.0004,861.0333,897.6720,36.6387
10367.0000,14.2338,0.7398,50.1443,0.0004,861.0191,897.7643,36.7452
10368.0000,14.2357,0.7398,50.1500,0.0004,861.0050,897.8563,36.8513
10369.0000,14.2377,0.7397,50.1557,0.0004,860.9909,897.9481,36.9572
10370.0000,14.2397,0.7397,50.1613,0.0004,860.9769,898.0396,37.0627
10371.0000,14.2418,0.7397,50.1670,0.0004,860.9630,898.1310,37.1680
10372.0000,14.2438,0.7397,50.1727,0.0004,860.9491,898.2220,37.2730
10373.0000,14.2458,0.7397,50.1783,0.0004,860.9352,898.3129,37.3777
10374.0000,14.2479,0.7396,50.1840,0.0004,860.9215,898.4036,37.4821
10375.0000,14.2499,0.7396,50.1897,0.0004,860.9078,898.4940,37.5862
10376.0000,14.2520,0.7396,50.1953,0.0004,860.8941,898.5842,37.6901
10377.0000,14.2540,0.7396,50.2010,0.0004,860.8805,898.6742,37.7937
10378.0000,14.2561,0.7396,50.2067,0.0004,860.8670,898.7640,37.8970
10379.0000,14.2582,0.7396,50.2123,0.0004,860.8535,898.8536,38.0001
10380.0000,14.2603,0.7395,50.2180,0.0004,860.8401,898.9430,38.1029
10381.0000,14.2621,0.7395,50.2116,0.0004,860.8153,898.7378,37.9226
10382.0000,14.2637,0.7395,50.2051,0.0004,860.7904,898.5364,37.7460
10383.0000,14.2652,0.7395,50.1987,0.0004,860.7656,898.3378,37.5722
10384.0000,14.2666,0.7395,50.1923,0.0004,860.7407,898.1413,37.4006
10385.0000,14.2680,0.7394,50.1858,0.0004,860.7157,897.9466,37.2309
10386.0000,14.2693,0.7394,50.1794,0.0004,860.6906,897.7535,37.0630
10387.0000,14.2705,0.7394,50.1730,0.0004,860.6654,897.5619,36.8965
10388.0000,14.2717,0.7394,50.1665,0.0004,860.6401,897.3716,36.7315
10389.0000,14.2728,0.7394,50.1601,0.0004,860.6148,897.1825,36.5677
10390.0000,14.2739,0.7394,50.1537,0.0004,860.5893,896.9945,36.4052
10391.0000,14.2749,0.7393,50.1472,0.0004,860.5638,896.8076,36.2438
10392.0000,14.2759,0.7393,50.1408,0.0004,860.5382,896.6216,36.0835
10393.0000,14.2769,0.7393,50.1344,0.0004,860.5125,896.4366,35.9241
10394.0000,14.2778,0.7393,50.1279,0.0004,860.4866,896.2524,35.7658
10395.0000,14.2787,0.7393,50.1215,0.0004,860.4607,896.0691,35.6084
10396.0000,14.2796,0.7392,50.1151,0.0004,860.4347,895.8865,35.4518
10397.0000,14.2804,0.7392,50.1086,0.0004,860.4087,895.7047,35.2961
10398.0000,14.2813,0.7392,50.1022,0.0004,860.3825,895.5237,35.1412
10399.0000,14.2820,0.7392,50.0958,0.0004,860.3562,895.3433,34.9871
10400.0000,14.2828,0.7392,50.0893,0.0004,860.3298,895.1636,34.8337
10401.0000,14.2835,0.7391,50.0829,0.0004,860.3034,894.9845,34.6811
10402.0000,14.2842,0.7391,50.0765,0.0004,860.2768,894.8060,34.5292
10403.0000,14.2849,0.7391,50.0700,0.0004,860.2502,894.6282,34.3780
10404.0000,14.2856,0.7391,50.0636,0.0004,860.2235,894.4509,34.2275
10405.0000,14.2862,0.7391,50.0572,0.0004,860.1966,894.2742,34.0776
10406.0000,14.2868,0.7390,50.0507,0.0004,860.1697,894.0980,33.9283
10407.0000,14.2874,0.7390,50.0443,0.0004,860.1427,893.9224,33.7797
10408.0000,14.2880,0.7390,50.0379,0.0004,860.1156,893.7473,33.6316
10409.0000,14.2885,0.7390,50.0314,0.0004,860.0885,893.5727,33.4842
10410.0000,14.2891,0.7390,50.0250,0.0004,860.0612,893.3985,33.3373
10411.0000,14.2896,0.7389,50.0186,0.0004,860.0339,893.2249,33.1910
10412.0000,14.2901,0.7389,50.0121,0.0004,860.0064,893.0517,33.0453
10413.0000,14.2905,0.7389,50.0057,0.0004,859.9789,892.8789,32.9000
10414.0000,14.2910,0.7389,49.9993,0.0004,859.9513,892.7066,32.7553
10415.0000,14.2914,0.7389,49.9928,0.0004,859.9236,892.5348,32.6112
10416.0000,14.2919,0.7388,49.9864,0.0004,859.8958,892.3633,32.4675
10417.0000,14.2923,0.7388,49.9800,0.0004,859.8679,892.1923,32.3243
10418.0000,14.2927,0.7388,49.9735,0.0004,859.8400,892.0216,32.1816
10419.0000,14.2930,0.7388,49.9671,0.0004,859.8120,891.8514,32.0394
10420.0000,14.2934,0.7388,49.9607,0.0004,859.7838,891.6815,31.8977
10421.0000,14.2938,0.7387,49.9542,0.0004,859.7556,891.5121,31.7564
10422.0000,14.2941,0.7387,49.9478,0.0004,859.7273,891.3430,31.6156
10423.0000,14.2944,0.7387,49.9414,0.0004,859.6990,891.1742,31.4753
10424.0000,14.2947,0.7387,49.9349,0.0004,859.6705,891.0059,31.3354
10425.0000,14.2950,0.7387,49.9285,0.0004,859.6420,890.8378,31.1959
10426.0000,14.2953,0.7386,49.9221,0.0004,859.6133,890.6702,31.0568
10427.0000,14.2955,0.7386,49.9156,0.0004,859.5846,890.5028,30.9182
10428.0000,14.2958,0.7386,49.9092,0.0004,859.5559,890.3358,30.7800
10429.0000,14.2960,0.7386,49.9028,0.0004,859.5270,890.1691,30.6421
10430.0000,14.2962,0.7386,49.8963,0.0004,859.4980,890.0028,30.5047
10431.0000,14.2964,0.7385,49.8899,0.0004,859.4690,889.8367,30.3677
10432.0000,14.2966,0.7385,49.8835,0.0004,859.4399,889.6710,30.2311
10433.0000,14.2968,0.7385,49.8770,0.0004,859.4107,889.5056,30.0949
10434.0000,14.2970,0.7385,49.8706,0.0004,859.3815,889.3405,29.9590
10435.0000,14.2971,0.7384,49.8642,0.0004,859.3521,889.1757,29.8236
10436.0000,14.2973,0.7384,49.8577,0.0004,859.3227,889.0111,29.6885
10437.0000,14.2974,0.7384,49.8513,0.0004,859.2932,888.8469,29.5537
10438.0000,14.2975,0.7384,49.8449,0.0004,859.2636,888.6829,29.4194
10439.0000,14.2977,0.7384,49.8384,0.0004,859.2339,888.5193,29.2854
10440.0000,14.2978,0.7383,49.8320,0.0004,859.2042,888.3559,29.1517
10441.0000,14.2980,0.7383,49.8310,0.0004,859.1777,888.3249,29.1472
10442.0000,14.2983,0.7383,49.8300,0.0004,859.1512,888.2923,29.1411
10443.0000,14.2987,0.7383,49.8290,0.0004,859.1247,888.2587,29.1341
10444.0000,14.2990,0.7382,49.8280,0.0004,859.0982,888.2243,29.1262
10445.0000,14.2994,0.7382,49.8270,0.0004,859.0716,888.1893,29.1176
10446.0000,14.2999,0.7382,49.8260,0.0004,859.0451,888.1536,29.1085
10447.0000,14.3003,0.7382,49.8250,0.0004,859.0185,888.1175,29.0990
10448.0000,14.3008,0.7382,49.8240,0.0004,858.9920,888.0809,29.0889
10449.0000,14.3012,0.7381,49.8230,0.0004,858.9655,888.0440,29.0785
10450.0000,14.3017,0.7381,49.8220,0.0004,858.9389,888.0067,29.0678
10451.0000,14.3022,0.7381,49.8210,0.0004,858.9124,887.9691,29.0567
10452.0000,14.3028,0.7381,49.8200,0.0004,858.8858,887.9312,29.0454
10453.0000,14.3033,0.7380,49.8190,0.0004,858.8592,887.8931,29.0338
10454.0000,14.3038,0.7380,49.8180,0.0004,858.8327,887.8547,29.0220
10455.0000,14.3044,0.7380,49.8170,0.0004,858.8061,887.8160,29.0099
10456.0000,14.3049,0.7380,49.8160,0.0004,858.7796,887.7772,28.9976
10457.0000,14.3055,0.7380,49.8150,0.0004,858.7530,887.7382,28.9852
10458.0000,14.3060,0.7379,49.8140,0.0004,858.7264,887.6990,28.9725
10459.0000,14.3066,0.7379,49.8130,0.0004,858.6999,887.6596,28.9597
10460.0000,14.3072,0.7379,49.8120,0.0004,858.6733,887.6200,28.9468
10461.0000,14.3078,0.7379,49.8110,0.0004,858.6467,887.5804,28.9336
10462.0000,14.3084,0.7378,49.8100,0.0004,858.6201,887.5405,28.9204
10463.0000,14.3090,0.7378,49.8090,0.0004,858.5936,887.5006,28.9070
10464.0000,14.3096,0.7378,49.8080,0.0004,858.5670,887.4605,28.8935
10465.0000,14.3102,0.7378,49.8070,0.0004,858.5404,887.4203,28.8799
10466.0000,14.3108,0.7378,49.8060,0.0004,858.5138,887.3799,28.8661
10467.0000,14.3114,0.7377,49.8050,0.0004,858.4872,887.3395,28.8523
10468.0000,14.3120,0.7377,49.8040,0.0004,858.4606,887.2990,28.8384
10469.0000,14.3127,0.7377,49.8030,0.0004,858.4340,887.2583,28.8243
10470.0000,14.3133,0.7377,49.8020,0.0004,858.4074,887.2176,28.8102
10471.0000,14.3139,0.7376,49.8010,0.0004,858.3808,887.1768,28.7960
10472.0000,14.3146,0.7376,49.8000,0.0004,858.3542,887.1359,28.7817
10473.0000,14.3152,0.7376,49.7990,0.0004,858.3276,887.0949,28.7673
10474.0000,14.3158,0.7376,49.7980,0.0004,858.3010,887.0539,28.7529
10475.0000,14.3165,0.7376,49.7970,0.0004,858.2744,887.0128,28.7384
10476.0000,14.3171,0.7375,49.7960,0.0004,858.2477,886.9716,28.7238
10477.0000,14.3178,0.7375,49.7950,0.0004,858.2211,886.9303,28.7092
10478.0000,14.3184,0.7375,49.7940,0.0004,858.1945,886.8890,28.6945
10479.0000,14.3191,0.7375,49.7930,0.0004,858.1678,886.8476,28.6798
10480.0000,14.3198,0.7374,49.7920,0.0004,858.1412,886.8061,28.6649
10481.0000,14.3204,0.7374,49.7910,0.0004,858.1146,886.7647,28.6501
10482.0000,14.3211,0.7374,49.7900,0.0004,858.0879,886.7231,28.6352
10483.0000,14.3217,0.7374,49.7890,0.0004,858.0613,886.6815,28.6202
10484.0000,14.3224,0.7374,49.7880,0.0004,858.0346,886.6398,28.6052
10485.0000,14.3231,0.7373,49.7870,0.0004,858.0080,886.5981,28.5902
10486.0000,14.3237,0.7373,49.7860,0.0004,857.9813,886.5564,28.5751
10487.0000,14.3244,0.7373,49.7850,0.0004,857.9546,886.5146,28.5600
10488.0000,14.3251,0.7373,49.7840,0.0004,857.9280,886.4728,28.5448
10489.0000,14.3258,0.7373,49.7830,0.0004,857.9013,886.4309,28.5296
10490.0000,14.3264,0.7372,49.7820,0.0004,857.8746,886.3890,28.5144
10491.0000,14.3271,0.7372,49.7810,0.0004,857.8479,886.3470,28.4991
10492.0000,14.3278,0.7372,49.7800,0.0004,857.8212,886.3051,28.4838
10493.0000,14.3285,0.7372,49.7790,0.0004,857.7946,886.2631,28.4685
10494.0000,14.3292,0.7371,49.7780,0.0004,857.7679,886.2210,28.4531
10495.0000,14.3298,0.7371,49.7770,0.0004,857.7412,886.1789,28.4378
10496.0000,14.3305,0.7371,49.7760,0.0004,857.7145,886.1368,28.4223
10497.0000,14.3312,0.7371,49.7750,0.0004,857.6878,886.0947,28.4069
10498.0000,14.3319,0.7371,49.7740,0.0004,857.6610,886.0525,28.3915
10499.0000,14.3326,0.7370,49.7730,0.0004,857.6343,886.0103,28.3760
10500.0000,14.3333,0.7370,49.7720,0.0004,857.6076,885.9681,28.3605
10501.0000,14.3341,0.7370,49.7753,0.0004,857.5733,886.0293,28.4560
10502.0000,14.3350,0.7370,49.7785,0.0004,857.5392,886.0889,28.5497
10503.0000,14.3359,0.7369,49.7818,0.0004,857.5052,886.1474,28.6422
10504.0000,14.3369,0.7369,49.7851,0.0004,857.4713,886.2049,28.7337
10505.0000,14.3379,0.7369,49.7883,0.0004,857.4375,886.2616,28.8242
10506.0000,14.3389,0.7369,49.7916,0.0004,857.4038,886.3176,28.9138
10507.0000,14.3399,0.7369,49.7949,0.0004,857.3702,886.3730,29.0028
10508.0000,14.3410,0.7368,49.7981,0.0004,857.3367,886.4277,29.0910
10509.0000,14.3421,0.7368,49.8014,0.0004,857.3033,886.4819,29.1785
10510.0000,14.3432,0.7368,49.8047,0.0004,857.2700,886.5355,29.2655
10511.0000,14.3444,0.7368,49.8079,0.0004,857.2368,886.5887,29.3519
10512.0000,14.3455,0.7367,49.8112,0.0004,857.2037,886.6413,29.4377
10513.0000,14.3467,0.7367,49.8145,0.0004,857.1706,886.6936,29.5230
10514.0000,14.3479,0.7367,49.8177,0.0004,857.1377,886.7454,29.6077
10515.0000,14.3491,0.7367,49.8210,0.0004,857.1048,886.7969,29.6920
10516.0000,14.3504,0.7367,49.8243,0.0004,857.0720,886.8479,29.7759
10517.0000,14.3516,0.7366,49.8275,0.0004,857.0393,886.8986,29.8592
10518.0000,14.3528,0.7366,49.8308,0.0004,857.0067,886.9489,29.9422
10519.0000,14.3541,0.7366,49.8341,0.0004,856.9741,886.9988,30.0247
10520.0000,14.3554,0.7366,49.8373,0.0004,856.9417,887.0485,30.1068
10521.0000,14.3567,0.7366,49.8406,0.0004,856.9093,887.0978,30.1885
10522.0000,14.3580,0.7365,49.8439,0.0004,856.8770,887.1468,30.2698
10523.0000,14.3593,0.7365,49.8471,0.0004,856.8447,887.1955,30.3508
10524.0000,14.3606,0.7365,49.8504,0.0004,856.8125,887.2439,30.4313
10525.0000,14.3620,0.7365,49.8537,0.0004,856.7805,887.2920,30.5115
10526.0000,14.3633,0.7365,49.8569,0.0004,856.7484,887.3398,30.5914
10527.0000,14.3647,0.7364,49.8602,0.0004,856.7165,887.3874,30.6709
10528.0000,14.3661,0.7364,49.8635,0.0004,856.6846,887.4347,30.7501
10529.0000,14.3675,0.7364,49.8667,0.0004,856.6528,887.4817,30.8290
10530.0000,14.3689,0.7364,49.8700,0.0004,856.6210,887.5285,30.9075
10531.0000,14.3703,0.7364,49.8733,0.0004,856.5894,887.5751,30.9857
10532.0000,14.3717,0.7363,49.8765,0.0004,856.5578,887.6214,31.0636
10533.0000,14.3731,0.7363,49.8798,0.0004,856.5262,887.6674,31.1412
10534.0000,14.3745,0.7363,49.8831,0.0004,856.4948,887.7133,31.2185
10535.0000,14.3760,0.7363,49.8863,0.0004,856.4634,887.7589,31.2955
10536.0000,14.3774,0.7363,49.8896,0.0004,856.4320,887.8042,31.3722
10537.0000,14.3789,0.7362,49.8929,0.0004,856.4008,887.8494,31.4486
10538.0000,14.3804,0.7362,49.8961,0.0004,856.3696,887.8944,31.5248
10539.0000,14.3818,0.7362,49.8994,0.0004,856.3384,887.9391,31.6007
10540.0000,14.3833,0.7362,49.9027,0.0004,856.3074,887.9836,31.6763
10541.0000,14.3848,0.7362,49.9059,0.0004,856.2764,888.0280,31.7516
10542.0000,14.3863,0.7361,49.9092,0.0004,856.2454,888.0721,31.8267
10543.0000,14.3878,0.7361,49.9125,0.0004,856.2145,888.1160,31.9015
10544.0000,14.3893,0.7361,49.9157,0.0004,856.1837,888.1598,31.9761
10545.0000,14.3909,0.7361,49.9190,0.0004,856.1530,888.2034,32.0504
10546.0000,14.3924,0.7361,49.9223,0.0004,856.1223,888.2467,32.1245
10547.0000,14.3939,0.7360,49.9255,0.0004,856.0916,888.2899,32.1983
10548.0000,14.3955,0.7360,49.9288,0.0004,856.0611,888.3329,32.2719
10549.0000,14.3970,0.7360,49.9321,0.0004,856.0306,888.3758,32.3452
10550.0000,14.3986,0.7360,49.9353,0.0004,856.0001,888.4184,32.4183
10551.0000,14.4002,0.7360,49.9386,0.0004,855.9697,888.4609,32.4912
10552.0000,14.4017,0.7359,49.9419,0.0004,855.9394,888.5033,32.5638
10553.0000,14.4033,0.7359,49.9451,0.0004,855.9091,888.5454,32.6363
10554.0000,14.4049,0.7359,49.9484,0.0004,855.8789,888.5874,32.7085
10555.0000,14.4065,0.7359,49.9517,0.0004,855.8488,888.6292,32.7804
10556.0000,14.4081,0.7359,49.9549,0.0004,855.8187,888.6709,32.8522
10557.0000,14.4097,0.7359,49.9582,0.0004,855.7887,888.7124,32.9238
10558.0000,14.4113,0.7358,49.9615,0.0004,855.7587,888.7538,32.9951
10559.0000,14.4129,0.7358,49.9647,0.0004,855.7288,888.7950,33.0662
10560.0000,14.4146,0.7358,49.9680,0.0004,855.6989,888.8360,33.1371
10561.0000,14.4162,0.7358,49.9726,0.0004,855.6817,888.9105,33.2288
10562.0000,14.4179,0.7358,49.9773,0.0004,855.6644,888.9845,33.3202
10563.0000,14.4196,0.7357,49.9819,0.0004,855.6471,889.0582,33.4111
10564.0000,14.4213,0.7357,49.9865,0.0004,855.6297,889.1315,33.5018
10565.0000,14.4230,0.7357,49.9912,0.0004,855.6124,889.2046,33.5921
10566.0000,14.4247,0.7357,49.9958,0.0004,855.5951,889.2773,33.6822
10567.0000,14.4264,0.7357,50.0004,0.0004,855.5778,889.3498,33.7720
10568.0000,14.4282,0.7356,50.0051,0.0004,855.5605,889.4220,33.8615
10569.0000,14.4299,0.7356,50.0097,0.0004,855.5433,889.4940,33.9507
10570.0000,14.4317,0.7356,50.0143,0.0004,855.5261,889.5658,34.0397
10571.0000,14.4335,0.7356,50.0190,0.0004,855.5089,889.6373,34.1284
10572.0000,14.4353,0.7356,50.0236,0.0004,855.4917,889.7086,34.2169
10573.0000,14.4370,0.7356,50.0282,0.0004,855.4746,889.7797,34.3051
10574.0000,14.4388,0.7355,50.0329,0.0004,855.4575,889.8506,34.3931
10575.0000,14.4406,0.7355,50.0375,0.0004,855.4405,889.9213,34.4808
10576.0000,14.4425,0.7355,50.0421,0.0004,855.4235,889.9918,34.5683
10577.0000,14.4443,0.7355,50.0468,0.0004,855.4065,890.0621,34.6556
10578.0000,14.4461,0.7355,50.0514,0.0004,855.3895,890.1322,34.7426
10579.0000,14.4479,0.7354,50.0560,0.0004,855.3726,890.2021,34.8295
10580.0000,14.4498,0.7354,50.0607,0.0004,855.3558,890.2718,34.9160
10581.0000,14.4516,0.7354,50.0653,0.0004,855.3390,890.3414,35.0024
10582.0000,14.4535,0.7354,50.0699,0.0004,855.3222,890.4107,35.0885
10583.0000,14.4554,0.7354,50.0746,0.0004,855.3054,890.4799,35.1745
10584.0000,14.4572,0.7354,50.0792,0.0004,855.2887,890.5489,35.2602
10585.0000,14.4591,0.7353,50.0838,0.0004,855.2721,890.6177,35.3457
10586.0000,14.4610,0.7353,50.0885,0.0004,855.2554,890.6864,35.4310
10587.0000,14.4629,0.7353,50.0931,0.0004,855.2389,890.7549,35.5160
10588.0000,14.4648,0.7353,50.0977,0.0004,855.2223,890.8232,35.6009
10589.0000,14.4667,0.7353,50.1024,0.0004,855.2058,890.8914,35.6856
10590.0000,14.4686,0.7352,50.1070,0.0004,855.1894,890.9594,35.7701
10591.0000,14.4705,0.7352,50.1116,0.0004,855.1730,891.0273,35.8543
10592.0000,14.4725,0.7352,50.1163,0.0004,855.1566,891.0950,35.9384
10593.0000,14.4744,0.7352,50.1209,0.0004,855.1403,891.1625,36.0223
10594.0000,14.4763,0.7352,50.1255,0.0004,855.1240,891.2299,36.1060
10595.0000,14.4783,0.7352,50.1302,0.0004,855.1077,891.2972,36.1895
10596.0000,14.4802,0.7351,50.1348,0.0004,855.0915,891.3643,36.2728
10597.0000,14.4822,0.7351,50.1394,0.0004,855.0754,891.4312,36.3559
10598.0000,14.4841,0.7351,50.1441,0.0004,855.0593,891.4980,36.4388
10599.0000,14.4861,0.7351,50.1487,0.0004,855.0432,891.5647,36.5215
10600.0000,14.4881,0.7351,50.1533,0.0004,855.0272,891.6312,36.6041
10601.0000,14.4901,0.7350,50.1580,0.0004,855.0112,891.6976,36.6864
10602.0000,14.4920,0.7350,50.1626,0.0004,854.9952,891.7639,36.7686
10603.0000,14.4940,0.7350,50.1672,0.0004,854.9793,891.8300,36.8506
10604.0000,14.4960,0.7350,50.1719,0.0004,854.9635,891.8959,36.9324
10605.0000,14.4980,0.7350,50.1765,0.0004,854.9477,891.9618,37.0141
10606.0000,14.5000,0.7350,50.1811,0.0004,854.9319,892.0275,37.0956
10607.0000,14.5020,0.7349,50.1858,0.0004,854.9162,892.0930,37.1769
10608.0000,14.5041,0.7349,50.1904,0.0004,854.9005,892.1585,37.2580
10609.0000,14.5061,0.7349,50.1950,0.0004,854.8849,892.2238,37.3389
10610.0000,14.5081,0.7349,50.1997,0.0004,854.8693,892.2890,37.4197
10611.0000,14.5101,0.7349,50.2043,0.0004,854.8537,892.3540,37.5003
10612.0000,14.5122,0.7349,50.2089,0.0004,854.8382,892.4190,37.5808
10613.0000,14.5142,0.7348,50.2136,0.0004,854.8227,892.4838,37.6610
10614.0000,14.5163,0.7348,50.2182,0.0004,854.8073,892.5484,37.7411
10615.0000,14.5183,0.7348,50.2228,0.0004,854.7919,892.6130,37.8211
10616.0000,14.5204,0.7348,50.2275,0.0004,854.7766,892.6774,37.9009
10617.0000,14.5224,0.7348,50.2321,0.0004,854.7613,892.7418,37.9805
10618.0000,14.5245,0.7348,50.2367,0.0004,854.7460,892.8060,38.0599
10619.0000,14.5266,0.7347,50.2414,0.0004,854.7308,892.8700,38.1392
10620.0000,14.5286,0.7347,50.2460,0.0004,854.7157,892.9340,38.2183
10621.0000,14.5306,0.7347,50.2452,0.0004,854.6871,892.8646,38.1775
10622.0000,14.5325,0.7347,50.2443,0.0004,854.6587,892.7969,38.1382
10623.0000,14.5343,0.7347,50.2435,0.0004,854.6303,892.7302,38.0999
10624.0000,14.5361,0.7347,50.2427,0.0004,854.6020,892.6644,38.0625
10625.0000,14.5379,0.7346,50.2418,0.0004,854.5737,892.5994,38.0258
10626.0000,14.5396,0.7346,50.2410,0.0004,854.5454,892.5351,37.9897
10627.0000,14.5413,0.7346,50.2402,0.0004,854.5171,892.4713,37.9542
10628.0000,14.5430,0.7346,50.2393,0.0004,854.4889,892.4080,37.9192
10629.0000,14.5447,0.7346,50.2385,0.0004,854.4606,892.3453,37.8847
10630.0000,14.5463,0.7346,50.2377,0.0004,854.4324,892.2830,37.8506
10631.0000,14.5480,0.7345,50.2368,0.0004,854.4042,892.2211,37.8169
10632.0000,14.5496,0.7345,50.2360,0.0004,854.3759,892.1595,37.7836
10633.0000,14.5512,0.7345,50.2352,0.0004,854.3477,892.0984,37.7507
10634.0000,14.5528,0.7345,50.2343,0.0004,854.3195,892.0376,37.7181
10635.0000,14.5544,0.7345,50.2335,0.0004,854.2913,891.9771,37.6858
10636.0000,14.5560,0.7345,50.2327,0.0004,854.2631,891.9169,37.6538
10637.0000,14.5576,0.7344,50.2318,0.0004,854.2349,891.8570,37.6222
10638.0000,14.5591,0.7344,50.2310,0.0004,854.2066,891.7974,37.5908
10639.0000,14.5606,0.7344,50.2302,0.0004,854.1784,891.7381,37.5597
10640.0000,14.5622,0.7344,50.2293,0.0004,854.1502,891.6790,37.5288
10641.0000,14.5637,0.7344,50.2285,0.0004,854.1220,891.6202,37.4982
10642.0000,14.5652,0.7344,50.2277,0.0004,854.0938,891.5615,37.4678
10643.0000,14.5667,0.7343,50.2268,0.0004,854.0656,891.5032,37.4376
10644.0000,14.5682,0.7343,50.2260,0.0004,854.0373,891.4450,37.4077
10645.0000,14.5697,0.7343,50.2252,0.0004,854.0091,891.3871,37.3780
10646.0000,14.5712,0.7343,50.2243,0.0004,853.9809,891.3293,37.3485
10647.0000,14.5726,0.7343,50.2235,0.0004,853.9526,891.2718,37.3191
10648.0000,14.5741,0.7343,50.2227,0.0004,853.9244,891.2144,37.2900
10649.0000,14.5755,0.7342,50.2218,0.0004,853.8961,891.1572,37.2611
10650.0000,14.5770,0.7342,50.2210,0.0004,853.8679,891.1002,37.2324
10651.0000,14.5784,0.7342,50.2202,0.0004,853.8396,891.0434,37.2038
10652.0000,14.5799,0.7342,50.2193,0.0004,853.8114,890.9868,37.1754
10653.0000,14.5813,0.7342,50.2185,0.0004,853.7831,890.9303,37.1472
10654.0000,14.5827,0.7342,50.2177,0.0004,853.7548,890.8739,37.1191
10655.0000,14.5841,0.7341,50.2168,0.0004,853.7266,890.8178,37.0912
10656.0000,14.5855,0.7341,50.2160,0.0004,853.6983,890.7618,37.0635
10657.0000,14.5869,0.7341,50.2152,0.0004,853.6700,890.7059,37.0359
10658.0000,14.5883,0.7341,50.2143,0.0004,853.6417,890.6502,37.0084
10659.0000,14.5897,0.7341,50.2135,0.0004,853.6134,890.5946,36.9812
10660.0000,14.5911,0.7341,50.2127,0.0004,853.5851,890.5391,36.9540
10661.0000,14.5925,0.7340,50.2118,0.0004,853.5568,890.4838,36.9270
10662.0000,14.5939,0.7340,50.2110,0.0004,853.5285,890.4286,36.9001
10663.0000,14.5952,0.7340,50.2102,0.0004,853.5002,890.3736,36.8734
10664.0000,14.5966,0.7340,50.2093,0.0004,853.4719,890.3186,36.8468
10665.0000,14.5979,0.7340,50.2085,0.0004,853.4435,890.2638,36.8203
10666.0000,14.5993,0.7340,50.2077,0.0004,853.4152,890.2091,36.7939
10667.0000,14.6007,0.7339,50.2068,0.0004,853.3869,890.1545,36.7677
10668.0000,14.6020,0.7339,50.2060,0.0004,853.3585,890.1001,36.7416
10669.0000,14.6033,0.7339,50.2052,0.0004,853.3302,890.0457,36.7156
10670.0000,14.6047,0.7339,50.2043,0.0004,853.3018,889.9915,36.6897
10671.0000,14.6060,0.7339,50.2035,0.0004,853.2734,889.9374,36.6639
10672.0000,14.6073,0.7339,50.2027,0.0004,853.2451,889.8834,36.6383
10673.0000,14.6087,0.7338,50.2018,0.0004,853.2167,889.8295,36.6128
10674.0000,14.6100,0.7338,50.2010,0.0004,853.1883,889.7756,36.5873
10675.0000,14.6113,0.7338,50.2002,0.0004,853.1599,889.7219,36.5620
10676.0000,14.6126,0.7338,50.1993,0.0004,853.1315,889.6683,36.5368
10677.0000,14.6139,0.7338,50.1985,0.0004,853.1031,889.6148,36.5116
10678.0000,14.6152,0.7338,50.1977,0.0004,853.0747,889.5614,36.4866
10679.0000,14.6165,0.7337,50.1968,0.0004,853.0463,889.5080,36.4617
10680.0000,14.6178,0.7337,50.1960,0.0004,853.0179,889.4548,36.4369
10681.0000,14.6191,0.7337,50.1948,0.0004,852.9996,889.3930,36.3935
10682.0000,14.6203,0.7337,50.1936,0.0004,852.9811,889.3316,36.3505
10683.0000,14.6216,0.7337,50.1924,0.0004,852.9625,889.2705,36.3079
10684.0000,14.6228,0.7336,50.1912,0.0004,852.9439,889.2096,36.2657
10685.0000,14.6240,0.7336,50.1900,0.0004,852.9252,889.1489,36.2237
10686.0000,14.6253,0.7336,50.1888,0.0004,852.9064,889.0884,36.1820
10687.0000,14.6265,0.7336,50.1876,0.0004,852.8876,889.0281,36.1405
10688.0000,14.6277,0.7336,50.1864,0.0004,852.8687,888.9679,36.0993
10689.0000,14.6289,0.7336,50.1852,0.0004,852.8498,888.9080,36.0582
10690.0000,14.6301,0.7335,50.1840,0.0004,852.8308,888.8482,36.0174
10691.0000,14.6313,0.7335,50.1828,0.0004,852.8117,888.7885,35.9768
10692.0000,14.6324,0.7335,50.1816,0.0004,852.7926,888.7290,35.9364
10693.0000,14.6336,0.7335,50.1804,0.0004,852.7735,888.6697,35.8962
10694.0000,14.6348,0.7335,50.1792,0.0004,852.7543,888.6105,35.8561
10695.0000,14.6359,0.7335,50.1780,0.0004,852.7351,888.5514,35.8163
10696.0000,14.6371,0.7334,50.1768,0.0004,852.7158,888.4924,35.7766
10697.0000,14.6383,0.7334,50.1756,0.0004,852.6965,888.4336,35.7370
10698.0000,14.6394,0.7334,50.1744,0.0004,852.6772,888.3749,35.6977
10699.0000,14.6405,0.7334,50.1732,0.0004,852.6578,888.3163,35.6585
10700.0000,14.6417,0.7334,50.1720,0.0004,852.6384,888.2579,35.6194
10701.0000,14.6428,0.7334,50.1708,0.0004,852.6190,888.1995,35.5806
10702.0000,14.6439,0.7333,50.1696,0.0004,852.5995,888.1413,35.5418
10703.0000,14.6451,0.7333,50.1684,0.0004,852.5799,888.0832,35.5032
10704.0000,14.6462,0.7333,50.1672,0.0004,852.5604,888.0252,35.4648
10705.0000,14.6473,0.7333,50.1660,0.0004,852.5408,887.9673,35.4265
10706.0000,14.6484,0.7333,50.1648,0.0004,852.5212,887.9095,35.3883
10707.0000,14.6495,0.7332,50.1636,0.0004,852.5015,887.8518,35.3503
10708.0000,14.6506,0.7332,50.1624,0.0004,852.4818,887.7942,35.3124
10709.0000,14.6517,0.7332,50.1612,0.0004,852.4621,887.7367,35.2746
10710.0000,14.6528,0.7332,50.1600,0.0004,852.4423,887.6793,35.2370
10711.0000,14.6539,0.7332,50.1588,0.0004,852.4225,887.6220,35.1995
10712.0000,14.6550,0.7332,50.1576,0.0004,852.4027,887.5648,35.1621
10713.0000,14.6561,0.7331,50.1564,0.0004,852.3829,887.5077,35.1249
10714.0000,14.6572,0.7331,50.1552,0.0004,852.3630,887.4507,35.0877
10715.0000,14.6582,0.7331,50.1540,0.0004,852.3431,887.3938,35.0507
10716.0000,14.6593,0.7331,50.1528,0.0004,852.3231,887.3369,35.0138
10717.0000,14.6604,0.7331,50.1516,0.0004,852.3031,887.2802,34.9771
10718.0000,14.6615,0.7330,50.1504,0.0004,852.2831,887.2235,34.9404
10719.0000,14.6625,0.7330,50.1492,0.0004,852.2631,887.1670,34.9039
10720.0000,14.6636,0.7330,50.1480,0.0004,852.2430,887.1105,34.8674
10721.0000,14.6646,0.7330,50.1468,0.0004,852.2229,887.0541,34.8311
10722.0000,14.6657,0.7330,50.1456,0.0004,852.2028,886.9977,34.7949
10723.0000,14.6667,0.7330,50.1444,0.0004,852.1827,886.9415,34.7588
10724.0000,14.6678,0.7329,50.1432,0.0004,852.1625,886.8853,34.7228
10725.0000,14.6688,0.7329,50.1420,0.0004,852.1423,886.8293,34.6870
10726.0000,14.6699,0.7329,50.1408,0.0004,852.1221,886.7733,34.6512
10727.0000,14.6709,0.7329,50.1396,0.0004,852.1018,886.7173,34.6155
10728.0000,14.6719,0.7329,50.1384,0.0004,852.0815,886.6615,34.5799
10729.0000,14.6730,0.7328,50.1372,0.0004,852.0612,886.6057,34.5445
10730.0000,14.6740,0.7328,50.1360,0.0004,852.0409,886.5500,34.5091
10731.0000,14.6750,0.7328,50.1348,0.0004,852.0205,886.4944,34.4738
10732.0000,14.6760,0.7328,50.1336,0.0004,852.0001,886.4388,34.4387
10733.0000,14.6771,0.7328,50.1324,0.0004,851.9797,886.3833,34.4036
10734.0000,14.6781,0.7328,50.1312,0.0004,851.9593,886.3279,34.3686
10735.0000,14.6791,0.7327,50.1300,0.0004,851.9388,886.2726,34.3337
10736.0000,14.6801,0.7327,50.1288,0.0004,851.9183,886.2173,34.2990
10737.0000,14.6811,0.7327,50.1276,0.0004,851.8978,886.1621,34.2643
10738.0000,14.6821,0.7327,50.1264,0.0004,851.8773,886.1069,34.2297
10739.0000,14.6831,0.7327,50.1252,0.0004,851.8567,886.0519,34.1952
10740.0000,14.6841,0.7326,50.1240,0.0004,851.8361,885.9969,34.1607
10741.0000,14.6852,0.7326,50.1252,0.0004,851.8192,885.9999,34.1807
10742.0000,14.6863,0.7326,50.1264,0.0004,851.8023,886.0023,34.2000
10743.0000,14.6874,0.7326,50.1275,0.0004,851.7854,886.0042,34.2188
10744.0000,14.6885,0.7326,50.1287,0.0004,851.7684,886.0057,34.2372
10745.0000,14.6896,0.7325,50.1299,0.0004,851.7515,886.0068,34.2553
10746.0000,14.6908,0.7325,50.1311,0.0004,851.7345,886.0077,34.2732
10747.0000,14.6920,0.7325,50.1323,0.0004,851.7176,886.0083,34.2907
10748.0000,14.6931,0.7325,50.1335,0.0004,851.7006,886.0087,34.3081
10749.0000,14.6943,0.7325,50.1347,0.0004,851.6837,886.0089,34.3252
10750.0000,14.6955,0.7325,50.1358,0.0004,851.6667,886.0089,34.3422
10751.0000,14.6967,0.7324,50.1370,0.0004,851.6497,886.0087,34.3589
10752.0000,14.6979,0.7324,50.1382,0.0004,851.6328,886.0083,34.3755
10753.0000,14.6991,0.7324,50.1394,0.0004,851.6158,886.0078,34.3920
10754.0000,14.7003,0.7324,50.1406,0.0004,851.5989,886.0072,34.4083
10755.0000,14.7015,0.7324,50.1418,0.0004,851.5819,886.0064,34.4245
10756.0000,14.7027,0.7323,50.1429,0.0004,851.5650,886.0055,34.4405
10757.0000,14.7039,0.7323,50.1441,0.0004,851.5480,886.0044,34.4564
10758.0000,14.7052,0.7323,50.1453,0.0004,851.5311,886.0033,34.4722
10759.0000,14.7064,0.7323,50.1465,0.0004,851.5141,886.0020,34.4879
10760.0000,14.7076,0.7323,50.1477,0.0004,851.4972,886.0007,34.5035
10761.0000,14.7089,0.7322,50.1489,0.0004,851.4802,885.9992,34.5189
10762.0000,14.7101,0.7322,50.1500,0.0004,851.4633,885.9976,34.5343
10763.0000,14.7114,0.7322,50.1512,0.0004,851.4464,885.9960,34.5496
10764.0000,14.7126,0.7322,50.1524,0.0004,851.4295,885.9942,34.5648
10765.0000,14.7139,0.7322,50.1536,0.0004,851.4125,885.9924,34.5799
10766.0000,14.7151,0.7322,50.1548,0.0004,851.3956,885.9905,34.5949
10767.0000,14.7164,0.7321,50.1560,0.0004,851.3787,885.9885,34.6098
10768.0000,14.7177,0.7321,50.1571,0.0004,851.3618,885.9864,34.6246
10769.0000,14.7189,0.7321,50.1583,0.0004,851.3449,885.9842,34.6394
10770.0000,14.7202,0.7321,50.1595,0.0004,851.3279,885.9820,34.6541
10771.0000,14.7215,0.7321,50.1607,0.0004,851.3110,885.9797,34.6687
10772.0000,14.7228,0.7320,50.1619,0.0004,851.2941,885.9774,34.6832
10773.0000,14.7241,0.7320,50.1630,0.0004,851.2772,885.9749,34.6977
10774.0000,14.7253,0.7320,50.1642,0.0004,851.2603,885.9724,34.7121
10775.0000,14.7266,0.7320,50.1654,0.0004,851.2435,885.9699,34.7264
10776.0000,14.7279,0.7320,50.1666,0.0004,851.2266,885.9673,34.7407
10777.0000,14.7292,0.7319,50.1678,0.0004,851.2097,885.9646,34.7549
10778.0000,14.7305,0.7319,50.1690,0.0004,851.1928,885.9618,34.7690
10779.0000,14.7318,0.7319,50.1701,0.0004,851.1759,885.9590,34.7831
10780.0000,14.7331,0.7319,50.1713,0.0004,851.1591,885.9562,34.7971
10781.0000,14.7344,0.7319,50.1725,0.0004,851.1422,885.9533,34.8111
10782.0000,14.7357,0.7319,50.1737,0.0004,851.1253,885.9503,34.8250
10783.0000,14.7370,0.7318,50.1749,0.0004,851.1085,885.9473,34.8389
10784.0000,14.7383,0.7318,50.1761,0.0004,851.0916,885.9443,34.8527
10785.0000,14.7396,0.7318,50.1773,0.0004,851.0748,885.9412,34.8664
10786.0000,14.7409,0.7318,50.1784,0.0004,851.0579,885.9380,34.8801
10787.0000,14.7422,0.7318,50.1796,0.0004,851.0411,885.9348,34.8938
10788.0000,14.7435,0.7317,50.1808,0.0004,851.0242,885.9316,34.9073
10789.0000,14.7449,0.7317,50.1820,0.0004,851.0074,885.9283,34.9209
10790.0000,14.7462,0.7317,50.1832,0.0004,850.9906,885.9250,34.9344
10791.0000,14.7475,0.7317,50.1844,0.0004,850.9738,885.9216,34.9478
10792.0000,14.7488,0.7317,50.1855,0.0004,850.9569,885.9182,34.9612
10793.0000,14.7501,0.7316,50.1867,0.0004,850.9401,885.9147,34.9746
10794.0000,14.7515,0.7316,50.1879,0.0004,850.9233,885.9112,34.9879
10795.0000,14.7528,0.7316,50.1891,0.0004,850.9065,885.9077,35.0012
10796.0000,14.7541,0.7316,50.1903,0.0004,850.8897,885.9041,35.0144
10797.0000,14.7554,0.7316,50.1915,0.0004,850.8729,885.9005,35.0276
10798.0000,14.7568,0.7316,50.1926,0.0004,850.8561,885.8968,35.0407
10799.0000,14.7581,0.7315,50.1938,0.0004,850.8393,885.8931,35.0538
10800.0000,14.7594,0.7315,50.1950,0.0004,850.8225,885.8894,35.0669
