时间_s,中心基线,中心残留ALE,表面基线,表面残留ALE,中心差值,表面差值
0.0000,2.5500,2.5500,2.5500,2.5500,0.0000,0.0000
60.0000,2.5500,2.5500,2.1461,2.1159,0.0000,-0.0302
120.0000,2.5500,2.5500,1.9689,1.9107,0.0000,-0.0582
180.0000,2.5500,2.5500,1.8521,1.7687,0.0000,-0.0834
240.0000,2.5500,2.5500,1.7636,1.6575,0.0000,-0.1062
300.0000,2.5500,2.5500,1.6928,1.5661,-0.0000,-0.1268
360.0000,2.5500,2.5500,1.6336,1.4880,-0.0000,-0.1455
420.0000,2.5500,2.5500,1.5828,1.4202,-0.0000,-0.1626
480.0000,2.5500,2.5500,1.5383,1.3600,-0.0000,-0.1783
540.0000,2.5500,2.5500,1.4992,1.3065,-0.0000,-0.1927
600.0000,2.5500,2.5500,1.4644,1.2585,-0.0000,-0.2059
660.0000,2.5500,2.5500,1.4332,1.2152,-0.0000,-0.2180
720.0000,2.5500,2.5500,1.4049,1.1758,-0.0000,-0.2291
780.0000,2.5500,2.5500,1.3792,1.1398,-0.0000,-0.2394
840.0000,2.5500,2.5500,1.3555,1.1067,-0.0000,-0.2487
900.0000,2.5500,2.5500,1.3336,1.0762,-0.0000,-0.2573
960.0000,2.5500,2.5500,1.3135,1.0483,-0.0000,-0.2653
1020.0000,2.5500,2.5500,1.2947,1.0223,-0.0000,-0.2725
1080.0000,2.5500,2.5500,1.2777,0.9986,-0.0000,-0.2791
1140.0000,2.5500,2.5500,1.2617,0.9765,-0.0000,-0.2851
1200.0000,2.5500,2.5500,1.2468,0.9562,-0.0000,-0.2906
1260.0000,2.5500,2.5500,1.2327,0.9371,-0.0000,-0.2956
1320.0000,2.5500,2.5500,1.2197,0.9196,-0.0000,-0.3000
1380.0000,2.5500,2.5500,1.2075,0.9034,-0.0000,-0.3041
1440.0000,2.5500,2.5500,1.1959,0.8882,-0.0000,-0.3076
1500.0000,2.5500,2.5500,1.1846,0.8739,-0.0000,-0.3108
1560.0000,2.5500,2.5500,1.1742,0.8607,-0.0000,-0.3135
1620.0000,2.5500,2.5500,1.1641,0.8482,-0.0000,-0.3159
1680.0000,2.5500,2.5500,1.1546,0.8367,-0.0000,-0.3179
1740.0000,2.5500,2.5500,1.1459,0.8262,-0.0000,-0.3196
1800.0000,2.5500,2.5500,1.1375,0.8165,-0.0000,-0.3210
1860.0000,2.5500,2.5500,1.1297,0.8077,-0.0000,-0.3220
1920.0000,2.5500,2.5500,1.1219,0.7992,-0.0000,-0.3227
1980.0000,2.5500,2.5500,1.1145,0.7914,-0.0000,-0.3230
2040.0000,2.5500,2.5500,1.1074,0.7842,-0.0000,-0.3232
2100.0000,2.5500,2.5500,1.1005,0.7774,-0.0000,-0.3231
2160.0000,2.5500,2.5500,1.0939,0.7711,-0.0000,-0.3228
2220.0000,2.5500,2.5500,1.0877,0.7653,-0.0000,-0.3224
2280.0000,2.5500,2.5500,1.0816,0.7597,-0.0000,-0.3219
2340.0000,2.5500,2.5500,1.0759,0.7546,-0.0000,-0.3213
2400.0000,2.5500,2.5500,1.0703,0.7497,-0.0000,-0.3206
2460.0000,2.5500,2.5500,1.0651,0.7451,-0.0000,-0.3199
2520.0000,2.5500,2.5500,1.0599,0.7407,-0.0000,-0.3192
2580.0000,2.5500,2.5500,1.0548,0.7364,-0.0000,-0.3183
2640.0000,2.5500,2.5500,1.0500,0.7324,-0.0000,-0.3176
2700.0000,2.5500,2.5500,1.0453,0.7285,-0.0000,-0.3168
2760.0000,2.5500,2.5500,1.0406,0.7245,-0.0000,-0.3161
2820.0000,2.5500,2.5500,1.0360,0.7206,-0.0000,-0.3154
2880.0000,2.5500,2.5500,1.0317,0.7169,-0.0000,-0.3147
2940.0000,2.5500,2.5500,1.0273,0.7131,-0.0000,-0.3142
3000.0000,2.5500,2.5500,1.0230,0.7093,-0.0000,-0.3137
3060.0000,2.5500,2.5500,1.0188,0.7055,-0.0000,-0.3133
3120.0000,2.5500,2.5500,1.0149,0.7019,-0.0000,-0.3130
3180.0000,2.5500,2.5500,1.0112,0.6983,-0.0000,-0.3129
3240.0000,2.5500,2.5500,1.0075,0.6946,-0.0000,-0.3129
3300.0000,2.5500,2.5500,1.0039,0.6909,-0.0000,-0.3130
3360.0000,2.5500,2.5500,1.0002,0.6869,-0.0000,-0.3132
3420.0000,2.5500,2.5500,0.9966,0.6830,-0.0000,-0.3136
3480.0000,2.5500,2.5500,0.9929,0.6788,-0.0000,-0.3141
3540.0000,2.5500,2.5500,0.9894,0.6745,-0.0000,-0.3148
3600.0000,2.5500,2.5500,0.9860,0.6703,-0.0000,-0.3157
3660.0000,2.5500,2.5500,0.9827,0.6660,-0.0000,-0.3167
3720.0000,2.5500,2.5500,0.9795,0.6617,-0.0000,-0.3178
3780.0000,2.5500,2.5500,0.9764,0.6575,-0.0000,-0.3189
3840.0000,2.5500,2.5500,0.9733,0.6532,-0.0000,-0.3201
3900.0000,2.5500,2.5500,0.9702,0.6488,-0.0000,-0.3213
3960.0000,2.5500,2.5500,0.9671,0.6445,-0.0000,-0.3226
4020.0000,2.5500,2.5500,0.9640,0.6401,-0.0000,-0.3239
4080.0000,2.5500,2.5500,0.9608,0.6356,-0.0000,-0.3252
4140.0000,2.5500,2.5500,0.9578,0.6314,-0.0000,-0.3265
4200.0000,2.5500,2.5500,0.9548,0.6271,-0.0000,-0.3278
4260.0000,2.5500,2.5500,0.9519,0.6228,-0.0000,-0.3291
4320.0000,2.5500,2.5500,0.9492,0.6188,-0.0000,-0.3304
4380.0000,2.5500,2.5500,0.9463,0.6147,-0.0000,-0.3316
4440.0000,2.5500,2.5500,0.9433,0.6105,-0.0000,-0.3328
4500.0000,2.5500,2.5500,0.9405,0.6065,-0.0000,-0.3340
4560.0000,2.5500,2.5499,0.9377,0.6026,-0.0000,-0.3351
4620.0000,2.5500,2.5499,0.9350,0.5988,-0.0001,-0.3362
4680.0000,2.5500,2.5499,0.9324,0.5951,-0.0001,-0.3373
4740.0000,2.5500,2.5499,0.9298,0.5915,-0.0001,-0.3383
4800.0000,2.5500,2.5499,0.9271,0.5879,-0.0001,-0.3392
4860.0000,2.5500,2.5498,0.9244,0.5843,-0.0001,-0.3400
4920.0000,2.5500,2.5498,0.9218,0.5810,-0.0002,-0.3408
4980.0000,2.5500,2.5498,0.9191,0.5776,-0.0002,-0.3415
5040.0000,2.5499,2.5497,0.9163,0.5742,-0.0002,-0.3421
5100.0000,2.5499,2.5497,0.9135,0.5709,-0.0003,-0.3426
5160.0000,2.5499,2.5496,0.9110,0.5680,-0.0003,-0.3430
5220.0000,2.5499,2.5495,0.9084,0.5650,-0.0004,-0.3434
5280.0000,2.5499,2.5495,0.9057,0.5620,-0.0004,-0.3436
5340.0000,2.5499,2.5494,0.9031,0.5593,-0.0005,-0.3438
5400.0000,2.5498,2.5493,0.9004,0.5566,-0.0006,-0.3438
5460.0000,2.5498,2.5491,0.8979,0.5539,-0.0007,-0.3440
5520.0000,2.5498,2.5490,0.8954,0.5512,-0.0008,-0.3442
5580.0000,2.5497,2.5489,0.8927,0.5482,-0.0009,-0.3445
5640.0000,2.5497,2.5487,0.8901,0.5453,-0.0010,-0.3448
5700.0000,2.5496,2.5485,0.8876,0.5425,-0.0012,-0.3451
5760.0000,2.5496,2.5483,0.8851,0.5396,-0.0013,-0.3455
5820.0000,2.5495,2.5480,0.8824,0.5365,-0.0015,-0.3458
5880.0000,2.5495,2.5478,0.8798,0.5336,-0.0017,-0.3462
5940.0000,2.5494,2.5475,0.8774,0.5309,-0.0019,-0.3465
6000.0000,2.5493,2.5472,0.8751,0.5283,-0.0021,-0.3469
6060.0000,2.5492,2.5468,0.8727,0.5256,-0.0024,-0.3471
6120.0000,2.5491,2.5464,0.8701,0.5228,-0.0027,-0.3473
6180.0000,2.5490,2.5460,0.8678,0.5203,-0.0030,-0.3475
6240.0000,2.5489,2.5456,0.8654,0.5178,-0.0033,-0.3475
6300.0000,2.5487,2.5451,0.8629,0.5154,-0.0036,-0.3475
6360.0000,2.5486,2.5445,0.8604,0.5130,-0.0040,-0.3474
6420.0000,2.5484,2.5440,0.8578,0.5106,-0.0044,-0.3472
6480.0000,2.5482,2.5433,0.8551,0.5083,-0.0049,-0.3469
6540.0000,2.5480,2.5427,0.8528,0.5064,-0.0054,-0.3465
6600.0000,2.5478,2.5419,0.8503,0.5044,-0.0059,-0.3460
6660.0000,2.5476,2.5412,0.8478,0.5025,-0.0064,-0.3453
6720.0000,2.5473,2.5403,0.8452,0.5007,-0.0070,-0.3445
6780.0000,2.5470,2.5395,0.8428,0.4992,-0.0076,-0.3436
6840.0000,2.5467,2.5385,0.8402,0.4977,-0.0082,-0.3425
6900.0000,2.5464,2.5375,0.8379,0.4965,-0.0089,-0.3414
6960.0000,2.5461,2.5365,0.8355,0.4954,-0.0096,-0.3400
7020.0000,2.5457,2.5353,0.8330,0.4945,-0.0104,-0.3386
7080.0000,2.5453,2.5342,0.8305,0.4936,-0.0112,-0.3369
7140.0000,2.5449,2.5329,0.8280,0.4930,-0.0120,-0.3350
7200.0000,2.5445,2.5316,0.8255,0.4924,-0.0129,-0.3330
7260.0000,2.5440,2.5302,0.8232,0.4922,-0.0138,-0.3310
7320.0000,2.5435,2.5288,0.8208,0.4919,-0.0147,-0.3289
7380.0000,2.5430,2.5273,0.8183,0.4916,-0.0157,-0.3267
7440.0000,2.5425,2.5257,0.8159,0.4913,-0.0168,-0.3245
7500.0000,2.5419,2.5241,0.8134,0.4911,-0.0178,-0.3223
7560.0000,2.5413,2.5223,0.8109,0.4908,-0.0189,-0.3201
7620.0000,2.5406,2.5206,0.8084,0.4906,-0.0200,-0.3178
7680.0000,2.5399,2.5187,0.8059,0.4904,-0.0212,-0.3156
7740.0000,2.5392,2.5168,0.8034,0.4901,-0.0224,-0.3133
7800.0000,2.5385,2.5148,0.8009,0.4899,-0.0237,-0.3110
7860.0000,2.5377,2.5127,0.7984,0.4896,-0.0250,-0.3088
7920.0000,2.5369,2.5106,0.7959,0.4894,-0.0263,-0.3065
7980.0000,2.5360,2.5084,0.7934,0.4891,-0.0276,-0.3043
8040.0000,2.5351,2.5061,0.7909,0.4888,-0.0290,-0.3021
8100.0000,2.5342,2.5038,0.7884,0.4885,-0.0304,-0.2999
8160.0000,2.5332,2.5014,0.7859,0.4882,-0.0319,-0.2977
8220.0000,2.5322,2.4989,0.7834,0.4878,-0.0333,-0.2956
8280.0000,2.5312,2.4964,0.7809,0.4874,-0.0348,-0.2935
8340.0000,2.5301,2.4938,0.7784,0.4869,-0.0364,-0.2915
8400.0000,2.5290,2.4911,0.7759,0.4864,-0.0379,-0.2895
8460.0000,2.5279,2.4883,0.7734,0.4859,-0.0395,-0.2875
8520.0000,2.5267,2.4855,0.7709,0.4853,-0.0412,-0.2856
8580.0000,2.5254,2.4826,0.7684,0.4846,-0.0428,-0.2838
8640.0000,2.5242,2.4797,0.7660,0.4839,-0.0445,-0.2820
8700.0000,2.5229,2.4767,0.7635,0.4832,-0.0462,-0.2803
8760.0000,2.5215,2.4736,0.7611,0.4824,-0.0479,-0.2787
8820.0000,2.5201,2.4705,0.7586,0.4815,-0.0496,-0.2771
8880.0000,2.5187,2.4673,0.7562,0.4806,-0.0514,-0.2757
8940.0000,2.5172,2.4640,0.7538,0.4795,-0.0532,-0.2743
9000.0000,2.5157,2.4607,0.7514,0.4785,-0.0550,-0.2730
9060.0000,2.5141,2.4573,0.7490,0.4774,-0.0568,-0.2717
9120.0000,2.5125,2.4539,0.7467,0.4763,-0.0586,-0.2704
9180.0000,2.5109,2.4504,0.7443,0.4752,-0.0605,-0.2691
9240.0000,2.5092,2.4469,0.7419,0.4741,-0.0624,-0.2679
9300.0000,2.5075,2.4432,0.7396,0.4730,-0.0643,-0.2666
9360.0000,2.5058,2.4396,0.7373,0.4718,-0.0662,-0.2654
9420.0000,2.5039,2.4359,0.7349,0.4707,-0.0681,-0.2642
9480.0000,2.5021,2.4321,0.7326,0.4696,-0.0700,-0.2630
9540.0000,2.5002,2.4282,0.7303,0.4684,-0.0720,-0.2619
9600.0000,2.4983,2.4244,0.7280,0.4672,-0.0739,-0.2608
9660.0000,2.4963,2.4204,0.7257,0.4661,-0.0759,-0.2597
9720.0000,2.4943,2.4165,0.7235,0.4649,-0.0779,-0.2586
9780.0000,2.4923,2.4124,0.7212,0.4637,-0.0799,-0.2575
9840.0000,2.4902,2.4083,0.7190,0.4625,-0.0819,-0.2565
9900.0000,2.4881,2.4042,0.7167,0.4612,-0.0839,-0.2555
9960.0000,2.4859,2.4000,0.7145,0.4600,-0.0859,-0.2545
10020.0000,2.4837,2.3958,0.7123,0.4588,-0.0879,-0.2535
10080.0000,2.4815,2.3915,0.7101,0.4575,-0.0899,-0.2526
10140.0000,2.4792,2.3872,0.7079,0.4562,-0.0920,-0.2516
10200.0000,2.4769,2.3829,0.7057,0.4550,-0.0940,-0.2507
10260.0000,2.4745,2.3785,0.7035,0.4537,-0.0960,-0.2498
10320.0000,2.4721,2.3741,0.7013,0.4523,-0.0981,-0.2490
10380.0000,2.4697,2.3696,0.6992,0.4510,-0.1001,-0.2482
10440.0000,2.4672,2.3651,0.6970,0.4497,-0.1022,-0.2474
10500.0000,2.4647,2.3605,0.6949,0.4483,-0.1042,-0.2466
10560.0000,2.4622,2.3559,0.6928,0.4470,-0.1063,-0.2458
10620.0000,2.4596,2.3513,0.6907,0.4456,-0.1083,-0.2451
10680.0000,2.4570,2.3466,0.6886,0.4442,-0.1104,-0.2444
10740.0000,2.4543,2.3419,0.6865,0.4428,-0.1124,-0.2437
10800.0000,2.4517,2.3372,0.6844,0.4414,-0.1145,-0.2430
10860.0000,2.4489,2.3324,0.6824,0.4400,-0.1165,-0.2424
10920.0000,2.4462,2.3276,0.6803,0.4385,-0.1185,-0.2418
10980.0000,2.4434,2.3228,0.6783,0.4370,-0.1206,-0.2413
11040.0000,2.4406,2.3179,0.6763,0.4355,-0.1226,-0.2408
11100.0000,2.4377,2.3130,0.6743,0.4339,-0.1247,-0.2403
11160.0000,2.4348,2.3081,0.6723,0.4324,-0.1267,-0.2399
11220.0000,2.4319,2.3032,0.6703,0.4308,-0.1287,-0.2395
11280.0000,2.4289,2.2982,0.6683,0.4292,-0.1307,-0.2391
11340.0000,2.4259,2.2932,0.6663,0.4277,-0.1328,-0.2387
11400.0000,2.4229,2.2881,0.6644,0.4261,-0.1348,-0.2383
11460.0000,2.4198,2.2830,0.6624,0.4245,-0.1368,-0.2379
11520.0000,2.4167,2.2779,0.6605,0.4229,-0.1388,-0.2376
11580.0000,2.4136,2.2728,0.6586,0.4214,-0.1408,-0.2372
11640.0000,2.4105,2.2677,0.6567,0.4198,-0.1428,-0.2368
11700.0000,2.4073,2.2625,0.6548,0.4183,-0.1448,-0.2365
11760.0000,2.4041,2.2573,0.6529,0.4168,-0.1468,-0.2361
11820.0000,2.4008,2.2521,0.6510,0.4152,-0.1487,-0.2357
11880.0000,2.3975,2.2468,0.6491,0.4138,-0.1507,-0.2354
11940.0000,2.3942,2.2416,0.6472,0.4123,-0.1527,-0.2350
12000.0000,2.3909,2.2363,0.6454,0.4108,-0.1546,-0.2345
12060.0000,2.3875,2.2310,0.6435,0.4094,-0.1566,-0.2341
12120.0000,2.3842,2.2256,0.6417,0.4080,-0.1585,-0.2337
12180.0000,2.3807,2.2203,0.6399,0.4067,-0.1604,-0.2332
12240.0000,2.3773,2.2149,0.6381,0.4054,-0.1624,-0.2327
12300.0000,2.3738,2.2096,0.6362,0.4041,-0.1643,-0.2322
12360.0000,2.3703,2.2042,0.6344,0.4028,-0.1662,-0.2316
12420.0000,2.3668,2.1987,0.6326,0.4016,-0.1681,-0.2311
12480.0000,2.3632,2.1933,0.6308,0.4004,-0.1699,-0.2304
12540.0000,2.3597,2.1879,0.6290,0.3992,-0.1718,-0.2298
12600.0000,2.3561,2.1824,0.6273,0.3981,-0.1736,-0.2291
12660.0000,2.3525,2.1770,0.6255,0.3970,-0.1755,-0.2284
12720.0000,2.3488,2.1715,0.6237,0.3960,-0.1773,-0.2278
12780.0000,2.3451,2.1660,0.6219,0.3949,-0.1791,-0.2271
12840.0000,2.3415,2.1605,0.6202,0.3938,-0.1809,-0.2263
12900.0000,2.3377,2.1550,0.6184,0.3928,-0.1827,-0.2256
12960.0000,2.3340,2.1495,0.6167,0.3918,-0.1845,-0.2249
13020.0000,2.3303,2.1440,0.6149,0.3907,-0.1863,-0.2242
13080.0000,2.3265,2.1385,0.6132,0.3897,-0.1880,-0.2235
13140.0000,2.3227,2.1329,0.6115,0.3887,-0.1897,-0.2227
13200.0000,2.3189,2.1274,0.6098,0.3877,-0.1915,-0.2220
13260.0000,2.3150,2.1219,0.6080,0.3868,-0.1932,-0.2213
13320.0000,2.3112,2.1163,0.6063,0.3858,-0.1949,-0.2206
13380.0000,2.3073,2.1108,0.6046,0.3848,-0.1965,-0.2198
13440.0000,2.3034,2.1052,0.6029,0.3838,-0.1982,-0.2191
13500.0000,2.2995,2.0997,0.6012,0.3829,-0.1998,-0.2184
13560.0000,2.2956,2.0941,0.5996,0.3819,-0.2015,-0.2177
13620.0000,2.2916,2.0886,0.5979,0.3810,-0.2031,-0.2169
13680.0000,2.2877,2.0830,0.5962,0.3800,-0.2047,-0.2162
13740.0000,2.2837,2.0774,0.5946,0.3790,-0.2063,-0.2155
13800.0000,2.2797,2.0719,0.5929,0.3781,-0.2078,-0.2148
13860.0000,2.2757,2.0663,0.5912,0.3771,-0.2094,-0.2141
13920.0000,2.2717,2.0607,0.5896,0.3762,-0.2109,-0.2134
13980.0000,2.2676,2.0552,0.5880,0.3752,-0.2124,-0.2128
14040.0000,2.2636,2.0496,0.5863,0.3743,-0.2140,-0.2121
14100.0000,2.2595,2.0441,0.5847,0.3733,-0.2154,-0.2114
14160.0000,2.2554,2.0385,0.5831,0.3723,-0.2169,-0.2108
14220.0000,2.2513,2.0330,0.5815,0.3714,-0.2184,-0.2101
14280.0000,2.2472,2.0274,0.5799,0.3704,-0.2198,-0.2095
14340.0000,2.2431,2.0219,0.5783,0.3694,-0.2212,-0.2089
14400.0000,2.2390,2.0163,0.5767,0.3684,-0.2227,-0.2083
14460.0000,2.2348,2.0108,0.5751,0.3675,-0.2241,-0.2077
14520.0000,2.2307,2.0052,0.5735,0.3665,-0.2254,-0.2071
14580.0000,2.2265,1.9997,0.5720,0.3655,-0.2268,-0.2065
14640.0000,2.2223,1.9941,0.5704,0.3645,-0.2281,-0.2059
14700.0000,2.2181,1.9886,0.5688,0.3635,-0.2295,-0.2054
14760.0000,2.2139,1.9831,0.5673,0.3625,-0.2308,-0.2048
14820.0000,2.2097,1.9776,0.5658,0.3615,-0.2321,-0.2042
14880.0000,2.2054,1.9721,0.5642,0.3605,-0.2334,-0.2037
14940.0000,2.2012,1.9665,0.5627,0.3595,-0.2347,-0.2031
15000.0000,2.1970,1.9610,0.5612,0.3586,-0.2359,-0.2026
15060.0000,2.1927,1.9555,0.5596,0.3576,-0.2372,-0.2021
15120.0000,2.1884,1.9500,0.5581,0.3566,-0.2384,-0.2015
15180.0000,2.1842,1.9445,0.5566,0.3556,-0.2396,-0.2010
15240.0000,2.1799,1.9391,0.5551,0.3547,-0.2408,-0.2004
15300.0000,2.1756,1.9336,0.5536,0.3537,-0.2420,-0.1999
15360.0000,2.1713,1.9281,0.5521,0.3528,-0.2432,-0.1993
15420.0000,2.1670,1.9227,0.5506,0.3519,-0.2443,-0.1988
15480.0000,2.1626,1.9172,0.5492,0.3510,-0.2455,-0.1982
15540.0000,2.1583,1.9117,0.5477,0.3500,-0.2466,-0.1976
15600.0000,2.1540,1.9063,0.5462,0.3491,-0.2477,-0.1971
15660.0000,2.1496,1.9009,0.5448,0.3483,-0.2488,-0.1965
15720.0000,2.1453,1.8955,0.5433,0.3474,-0.2498,-0.1959
15780.0000,2.1409,1.8900,0.5418,0.3465,-0.2509,-0.1953
15840.0000,2.1366,1.8846,0.5404,0.3457,-0.2520,-0.1947
15900.0000,2.1322,1.8792,0.5389,0.3448,-0.2530,-0.1941
15960.0000,2.1279,1.8739,0.5375,0.3440,-0.2540,-0.1935
16020.0000,2.1235,1.8685,0.5361,0.3432,-0.2550,-0.1929
16080.0000,2.1191,1.8631,0.5346,0.3424,-0.2560,-0.1922
16140.0000,2.1147,1.8578,0.5332,0.3416,-0.2570,-0.1916
16200.0000,2.1103,1.8524,0.5318,0.3409,-0.2579,-0.1909
16260.0000,2.1059,1.8471,0.5304,0.3401,-0.2589,-0.1902
16320.0000,2.1015,1.8418,0.5289,0.3394,-0.2598,-0.1895
16380.0000,2.0971,1.8364,0.5275,0.3387,-0.2607,-0.1888
16440.0000,2.0927,1.8312,0.5261,0.3380,-0.2616,-0.1881
16500.0000,2.0883,1.8259,0.5247,0.3373,-0.2625,-0.1874
16560.0000,2.0839,1.8206,0.5233,0.3366,-0.2633,-0.1867
16620.0000,2.0795,1.8153,0.5219,0.3359,-0.2642,-0.1860
16680.0000,2.0751,1.8101,0.5205,0.3353,-0.2650,-0.1852
16740.0000,2.0707,1.8049,0.5191,0.3346,-0.2658,-0.1845
16800.0000,2.0663,1.7996,0.5177,0.3339,-0.2666,-0.1838
16860.0000,2.0618,1.7944,0.5163,0.3333,-0.2674,-0.1831
16920.0000,2.0574,1.7892,0.5150,0.3326,-0.2682,-0.1824
16980.0000,2.0530,1.7841,0.5136,0.3319,-0.2689,-0.1816
17040.0000,2.0486,1.7789,0.5122,0.3313,-0.2697,-0.1809
17100.0000,2.0442,1.7738,0.5108,0.3306,-0.2704,-0.1803
17160.0000,2.0397,1.7686,0.5095,0.3299,-0.2711,-0.1796
17220.0000,2.0353,1.7635,0.5081,0.3292,-0.2718,-0.1789
17280.0000,2.0309,1.7584,0.5068,0.3285,-0.2725,-0.1782
17340.0000,2.0265,1.7533,0.5054,0.3278,-0.2732,-0.1776
17400.0000,2.0221,1.7482,0.5041,0.3271,-0.2738,-0.1770
17460.0000,2.0176,1.7432,0.5027,0.3264,-0.2745,-0.1763
17520.0000,2.0132,1.7381,0.5014,0.3256,-0.2751,-0.1758
17580.0000,2.0088,1.7331,0.5001,0.3249,-0.2757,-0.1752
17640.0000,2.0044,1.7281,0.4987,0.3241,-0.2763,-0.1746
17700.0000,2.0000,1.7231,0.4974,0.3233,-0.2769,-0.1741
17760.0000,1.9955,1.7181,0.4961,0.3225,-0.2775,-0.1736
17820.0000,1.9911,1.7131,0.4948,0.3217,-0.2780,-0.1731
17880.0000,1.9867,1.7081,0.4935,0.3209,-0.2786,-0.1726
17940.0000,1.9823,1.7032,0.4922,0.3200,-0.2791,-0.1721
18000.0000,1.9779,1.6982,0.4909,0.3192,-0.2797,-0.1717
18060.0000,1.9735,1.6933,0.4896,0.3183,-0.2802,-0.1713
18120.0000,1.9691,1.6884,0.4883,0.3174,-0.2807,-0.1709
18180.0000,1.9647,1.6835,0.4870,0.3165,-0.2812,-0.1706
18240.0000,1.9602,1.6786,0.4858,0.3156,-0.2816,-0.1702
18300.0000,1.9558,1.6737,0.4845,0.3146,-0.2821,-0.1699
18360.0000,1.9514,1.6689,0.4832,0.3137,-0.2826,-0.1696
18420.0000,1.9470,1.6640,0.4820,0.3127,-0.2830,-0.1692
18480.0000,1.9426,1.6592,0.4807,0.3118,-0.2834,-0.1689
18540.0000,1.9382,1.6544,0.4795,0.3108,-0.2839,-0.1686
18600.0000,1.9338,1.6495,0.4782,0.3099,-0.2843,-0.1684
18660.0000,1.9294,1.6447,0.4770,0.3089,-0.2847,-0.1681
18720.0000,1.9250,1.6399,0.4758,0.3080,-0.2851,-0.1678
18780.0000,1.9206,1.6352,0.4745,0.3070,-0.2855,-0.1675
18840.0000,1.9162,1.6304,0.4733,0.3061,-0.2858,-0.1673
18900.0000,1.9118,1.6256,0.4721,0.3051,-0.2862,-0.1670
18960.0000,1.9075,1.6209,0.4709,0.3042,-0.2866,-0.1667
19020.0000,1.9031,1.6162,0.4697,0.3033,-0.2869,-0.1664
19080.0000,1.8987,1.6115,0.4685,0.3023,-0.2872,-0.1661
19140.0000,1.8943,1.6067,0.4673,0.3014,-0.2876,-0.1658
19200.0000,1.8899,1.6021,0.4661,0.3005,-0.2879,-0.1655
19260.0000,1.8856,1.5974,0.4649,0.2996,-0.2882,-0.1652
19320.0000,1.8812,1.5927,0.4637,0.2988,-0.2885,-0.1649
19380.0000,1.8768,1.5880,0.4625,0.2979,-0.2888,-0.1646
19440.0000,1.8724,1.5834,0.4613,0.2971,-0.2890,-0.1643
19500.0000,1.8681,1.5788,0.4602,0.2962,-0.2893,-0.1639
19560.0000,1.8637,1.5741,0.4590,0.2954,-0.2896,-0.1636
19620.0000,1.8594,1.5695,0.4578,0.2946,-0.2898,-0.1632
19680.0000,1.8550,1.5649,0.4566,0.2938,-0.2901,-0.1628
19740.0000,1.8507,1.5604,0.4555,0.2930,-0.2903,-0.1624
19800.0000,1.8463,1.5558,0.4543,0.2923,-0.2905,-0.1620
19860.0000,1.8420,1.5512,0.4531,0.2915,-0.2907,-0.1616
19920.0000,1.8376,1.5467,0.4520,0.2908,-0.2909,-0.1612
19980.0000,1.8333,1.5422,0.4508,0.2900,-0.2911,-0.1608
20040.0000,1.8290,1.5377,0.4497,0.2893,-0.2913,-0.1604
20100.0000,1.8247,1.5332,0.4485,0.2885,-0.2915,-0.1600
20160.0000,1.8203,1.5287,0.4474,0.2878,-0.2917,-0.1596
20220.0000,1.8160,1.5242,0.4462,0.2870,-0.2918,-0.1592
20280.0000,1.8117,1.5197,0.4451,0.2863,-0.2920,-0.1588
20340.0000,1.8074,1.5153,0.4440,0.2856,-0.2921,-0.1584
20400.0000,1.8031,1.5109,0.4428,0.2848,-0.2923,-0.1580
20460.0000,1.7988,1.5064,0.4417,0.2841,-0.2924,-0.1576
20520.0000,1.7945,1.5020,0.4406,0.2834,-0.2925,-0.1572
20580.0000,1.7903,1.4976,0.4394,0.2827,-0.2926,-0.1568
20640.0000,1.7860,1.4933,0.4383,0.2819,-0.2927,-0.1564
20700.0000,1.7817,1.4889,0.4372,0.2812,-0.2928,-0.1559
20760.0000,1.7774,1.4845,0.4361,0.2805,-0.2929,-0.1555
20820.0000,1.7732,1.4802,0.4349,0.2798,-0.2930,-0.1551
20880.0000,1.7689,1.4759,0.4338,0.2791,-0.2931,-0.1547
20940.0000,1.7647,1.4716,0.4327,0.2785,-0.2931,-0.1543
21000.0000,1.7604,1.4673,0.4316,0.2778,-0.2932,-0.1538
21060.0000,1.7562,1.4630,0.4305,0.2771,-0.2932,-0.1534
21120.0000,1.7520,1.4587,0.4294,0.2764,-0.2933,-0.1530
21180.0000,1.7478,1.4545,0.4283,0.2758,-0.2933,-0.1525
21240.0000,1.7435,1.4502,0.4272,0.2751,-0.2933,-0.1521
21300.0000,1.7393,1.4460,0.4261,0.2745,-0.2933,-0.1516
21360.0000,1.7351,1.4418,0.4250,0.2738,-0.2933,-0.1512
21420.0000,1.7309,1.4376,0.4239,0.2732,-0.2933,-0.1507
21480.0000,1.7267,1.4334,0.4228,0.2726,-0.2933,-0.1502
21540.0000,1.7225,1.4292,0.4217,0.2720,-0.2933,-0.1498
21600.0000,1.7184,1.4251,0.4206,0.2713,-0.2933,-0.1493
21660.0000,1.7142,1.4209,0.4196,0.2707,-0.2933,-0.1488
21720.0000,1.7100,1.4168,0.4185,0.2701,-0.2932,-0.1483
21780.0000,1.7059,1.4127,0.4174,0.2696,-0.2932,-0.1478
21840.0000,1.7017,1.4086,0.4163,0.2690,-0.2932,-0.1473
21900.0000,1.6976,1.4045,0.4152,0.2684,-0.2931,-0.1468
21960.0000,1.6934,1.4004,0.4142,0.2678,-0.2930,-0.1463
22020.0000,1.6893,1.3964,0.4131,0.2673,-0.2930,-0.1458
22080.0000,1.6852,1.3923,0.4120,0.2667,-0.2929,-0.1453
22140.0000,1.6811,1.3883,0.4110,0.2662,-0.2928,-0.1448
22200.0000,1.6770,1.3843,0.4099,0.2656,-0.2927,-0.1443
22260.0000,1.6729,1.3803,0.4088,0.2650,-0.2926,-0.1438
22320.0000,1.6688,1.3763,0.4078,0.2645,-0.2925,-0.1433
22380.0000,1.6647,1.3723,0.4067,0.2639,-0.2924,-0.1428
22440.0000,1.6606,1.3684,0.4056,0.2634,-0.2923,-0.1423
22500.0000,1.6566,1.3644,0.4046,0.2628,-0.2921,-0.1418
22560.0000,1.6525,1.3605,0.4035,0.2622,-0.2920,-0.1413
22620.0000,1.6485,1.3566,0.4025,0.2617,-0.2919,-0.1408
22680.0000,1.6444,1.3527,0.4014,0.2611,-0.2917,-0.1403
22740.0000,1.6404,1.3488,0.4004,0.2605,-0.2916,-0.1399
22800.0000,1.6364,1.3450,0.3994,0.2600,-0.2914,-0.1394
22860.0000,1.6324,1.3411,0.3983,0.2594,-0.2912,-0.1389
22920.0000,1.6284,1.3373,0.3973,0.2588,-0.2911,-0.1385
22980.0000,1.6244,1.3335,0.3962,0.2582,-0.2909,-0.1381
23040.0000,1.6204,1.3296,0.3952,0.2576,-0.2907,-0.1376
23100.0000,1.6164,1.3258,0.3942,0.2570,-0.2905,-0.1372
23160.0000,1.6124,1.3221,0.3932,0.2564,-0.2903,-0.1368
23220.0000,1.6084,1.3183,0.3921,0.2557,-0.2901,-0.1364
23280.0000,1.6045,1.3145,0.3911,0.2551,-0.2899,-0.1360
23340.0000,1.6005,1.3108,0.3901,0.2545,-0.2897,-0.1356
23400.0000,1.5966,1.3071,0.3891,0.2538,-0.2895,-0.1353
23460.0000,1.5926,1.3033,0.3881,0.2532,-0.2893,-0.1349
23520.0000,1.5887,1.2996,0.3871,0.2525,-0.2891,-0.1346
23580.0000,1.5848,1.2960,0.3861,0.2518,-0.2888,-0.1342
23640.0000,1.5809,1.2923,0.3851,0.2512,-0.2886,-0.1339
23700.0000,1.5770,1.2886,0.3841,0.2505,-0.2884,-0.1336
23760.0000,1.5731,1.2850,0.3831,0.2498,-0.2881,-0.1332
23820.0000,1.5692,1.2813,0.3821,0.2492,-0.2879,-0.1329
23880.0000,1.5653,1.2777,0.3811,0.2485,-0.2876,-0.1326
23940.0000,1.5615,1.2741,0.3801,0.2478,-0.2874,-0.1323
24000.0000,1.5576,1.2705,0.3791,0.2471,-0.2871,-0.1320
24060.0000,1.5537,1.2669,0.3782,0.2465,-0.2868,-0.1317
24120.0000,1.5499,1.2633,0.3772,0.2458,-0.2866,-0.1314
24180.0000,1.5461,1.2597,0.3762,0.2451,-0.2863,-0.1311
24240.0000,1.5422,1.2562,0.3752,0.2444,-0.2860,-0.1308
24300.0000,1.5384,1.2527,0.3743,0.2438,-0.2857,-0.1305
24360.0000,1.5346,1.2491,0.3733,0.2431,-0.2855,-0.1302
24420.0000,1.5308,1.2456,0.3723,0.2425,-0.2852,-0.1299
24480.0000,1.5270,1.2421,0.3714,0.2418,-0.2849,-0.1296
24540.0000,1.5232,1.2386,0.3704,0.2412,-0.2846,-0.1293
24600.0000,1.5194,1.2351,0.3695,0.2405,-0.2843,-0.1289
24660.0000,1.5156,1.2317,0.3685,0.2399,-0.2840,-0.1286
24720.0000,1.5119,1.2282,0.3676,0.2393,-0.2837,-0.1283
24780.0000,1.5081,1.2248,0.3666,0.2386,-0.2833,-0.1280
24840.0000,1.5044,1.2213,0.3657,0.2380,-0.2830,-0.1276
24900.0000,1.5006,1.2179,0.3647,0.2374,-0.2827,-0.1273
24960.0000,1.4969,1.2145,0.3638,0.2368,-0.2824,-0.1270
25020.0000,1.4932,1.2111,0.3628,0.2362,-0.2821,-0.1266
25080.0000,1.4894,1.2077,0.3619,0.2356,-0.2817,-0.1263
25140.0000,1.4857,1.2043,0.3610,0.2351,-0.2814,-0.1259
25200.0000,1.4820,1.2010,0.3600,0.2345,-0.2811,-0.1255
25260.0000,1.4784,1.1976,0.3591,0.2339,-0.2807,-0.1252
25320.0000,1.4747,1.1943,0.3582,0.2333,-0.2804,-0.1248
25380.0000,1.4710,1.1910,0.3572,0.2328,-0.2800,-0.1245
25440.0000,1.4673,1.1877,0.3563,0.2322,-0.2797,-0.1241
25500.0000,1.4637,1.1844,0.3554,0.2316,-0.2793,-0.1238
25560.0000,1.4600,1.1811,0.3545,0.2310,-0.2790,-0.1234
25620.0000,1.4564,1.1778,0.3535,0.2304,-0.2786,-0.1231
25680.0000,1.4528,1.1745,0.3526,0.2299,-0.2782,-0.1228
25740.0000,1.4491,1.1713,0.3517,0.2293,-0.2779,-0.1224
25800.0000,1.4455,1.1680,0.3508,0.2287,-0.2775,-0.1221
25860.0000,1.4419,1.1648,0.3499,0.2281,-0.2771,-0.1217
25920.0000,1.4383,1.1616,0.3490,0.2276,-0.2767,-0.1214
25980.0000,1.4347,1.1584,0.3481,0.2270,-0.2764,-0.1211
26040.0000,1.4312,1.1552,0.3472,0.2265,-0.2760,-0.1207
26100.0000,1.4276,1.1520,0.3463,0.2259,-0.2756,-0.1203
26160.0000,1.4240,1.1488,0.3454,0.2254,-0.2752,-0.1200
26220.0000,1.4205,1.1457,0.3445,0.2248,-0.2748,-0.1196
26280.0000,1.4169,1.1425,0.3436,0.2243,-0.2744,-0.1193
26340.0000,1.4134,1.1394,0.3427,0.2238,-0.2740,-0.1189
26400.0000,1.4099,1.1363,0.3418,0.2233,-0.2736,-0.1185
26460.0000,1.4064,1.1331,0.3409,0.2228,-0.2732,-0.1181
26520.0000,1.4028,1.1300,0.3400,0.2223,-0.2728,-0.1177
26580.0000,1.3993,1.1269,0.3391,0.2218,-0.2724,-0.1173
26640.0000,1.3959,1.1239,0.3382,0.2213,-0.2720,-0.1169
26700.0000,1.3924,1.1208,0.3373,0.2208,-0.2716,-0.1165
26760.0000,1.3889,1.1177,0.3365,0.2204,-0.2712,-0.1161
26820.0000,1.3854,1.1147,0.3356,0.2199,-0.2707,-0.1156
26880.0000,1.3820,1.1117,0.3347,0.2195,-0.2703,-0.1152
26940.0000,1.3785,1.1086,0.3338,0.2191,-0.2699,-0.1147
27000.0000,1.3751,1.1056,0.3329,0.2187,-0.2695,-0.1143
27060.0000,1.3717,1.1026,0.3321,0.2183,-0.2690,-0.1138
27120.0000,1.3683,1.0997,0.3312,0.2179,-0.2686,-0.1133
27180.0000,1.3649,1.0967,0.3303,0.2175,-0.2682,-0.1128
27240.0000,1.3615,1.0937,0.3294,0.2171,-0.2677,-0.1124
27300.0000,1.3581,1.0908,0.3286,0.2167,-0.2673,-0.1119
27360.0000,1.3547,1.0878,0.3277,0.2163,-0.2669,-0.1114
27420.0000,1.3513,1.0849,0.3268,0.2160,-0.2664,-0.1109
27480.0000,1.3480,1.0820,0.3260,0.2156,-0.2660,-0.1104
27540.0000,1.3446,1.0791,0.3251,0.2152,-0.2655,-0.1099
27600.0000,1.3413,1.0762,0.3242,0.2148,-0.2651,-0.1094
27660.0000,1.3379,1.0733,0.3234,0.2145,-0.2646,-0.1089
27720.0000,1.3346,1.0705,0.3225,0.2141,-0.2641,-0.1084
27780.0000,1.3313,1.0676,0.3216,0.2137,-0.2637,-0.1079
27840.0000,1.3280,1.0648,0.3208,0.2133,-0.2632,-0.1075
27900.0000,1.3247,1.0620,0.3199,0.2129,-0.2628,-0.1070
27960.0000,1.3214,1.0591,0.3191,0.2126,-0.2623,-0.1065
28020.0000,1.3182,1.0563,0.3182,0.2122,-0.2618,-0.1061
28080.0000,1.3149,1.0535,0.3174,0.2118,-0.2613,-0.1056
28140.0000,1.3116,1.0508,0.3165,0.2114,-0.2609,-0.1052
28200.0000,1.3084,1.0480,0.3157,0.2109,-0.2604,-0.1047
28260.0000,1.3052,1.0452,0.3148,0.2105,-0.2599,-0.1043
28320.0000,1.3019,1.0425,0.3140,0.2101,-0.2594,-0.1039
28380.0000,1.2987,1.0398,0.3132,0.2097,-0.2590,-0.1035
28440.0000,1.2955,1.0370,0.3123,0.2092,-0.2585,-0.1031
28500.0000,1.2923,1.0343,0.3115,0.2088,-0.2580,-0.1027
28560.0000,1.2891,1.0316,0.3107,0.2083,-0.2575,-0.1023
28620.0000,1.2859,1.0289,0.3098,0.2079,-0.2570,-0.1020
28680.0000,1.2828,1.0263,0.3090,0.2074,-0.2565,-0.1016
28740.0000,1.2796,1.0236,0.3082,0.2069,-0.2560,-0.1013
28800.0000,1.2765,1.0209,0.3074,0.2064,-0.2555,-0.1010
28860.0000,1.2733,1.0183,0.3066,0.2059,-0.2550,-0.1007
28920.0000,1.2702,1.0156,0.3057,0.2054,-0.2545,-0.1004
28980.0000,1.2670,1.0130,0.3049,0.2049,-0.2540,-0.1001
29040.0000,1.2639,1.0104,0.3041,0.2043,-0.2535,-0.0998
29100.0000,1.2608,1.0078,0.3033,0.2038,-0.2530,-0.0995
29160.0000,1.2577,1.0052,0.3025,0.2033,-0.2525,-0.0993
29220.0000,1.2546,1.0026,0.3017,0.2027,-0.2520,-0.0990
29280.0000,1.2516,1.0000,0.3009,0.2022,-0.2515,-0.0987
29340.0000,1.2485,0.9975,0.3001,0.2016,-0.2510,-0.0985
29400.0000,1.2454,0.9949,0.2993,0.2011,-0.2505,-0.0982
29460.0000,1.2424,0.9923,0.2985,0.2005,-0.2500,-0.0980
29520.0000,1.2393,0.9898,0.2978,0.2000,-0.2495,-0.0978
29580.0000,1.2363,0.9873,0.2970,0.1995,-0.2490,-0.0975
29640.0000,1.2332,0.9847,0.2962,0.1989,-0.2485,-0.0973
29700.0000,1.2302,0.9822,0.2954,0.1984,-0.2480,-0.0970
29760.0000,1.2272,0.9797,0.2946,0.1979,-0.2475,-0.0968
29820.0000,1.2242,0.9772,0.2939,0.1974,-0.2470,-0.0965
29880.0000,1.2212,0.9747,0.2931,0.1968,-0.2464,-0.0962
29940.0000,1.2182,0.9723,0.2923,0.1963,-0.2459,-0.0960
30000.0000,1.2152,0.9698,0.2915,0.1958,-0.2454,-0.0957
30060.0000,1.2122,0.9673,0.2908,0.1954,-0.2449,-0.0954
30120.0000,1.2093,0.9649,0.2900,0.1949,-0.2444,-0.0951
30180.0000,1.2063,0.9625,0.2893,0.1944,-0.2439,-0.0948
30240.0000,1.2034,0.9600,0.2885,0.1939,-0.2434,-0.0945
30300.0000,1.2004,0.9576,0.2877,0.1935,-0.2428,-0.0942
30360.0000,1.1975,0.9552,0.2870,0.1931,-0.2423,-0.0939
30420.0000,1.1946,0.9528,0.2862,0.1926,-0.2418,-0.0936
30480.0000,1.1917,0.9504,0.2855,0.1922,-0.2413,-0.0932
30540.0000,1.1888,0.9480,0.2847,0.1918,-0.2408,-0.0929
30600.0000,1.1859,0.9456,0.2840,0.1914,-0.2402,-0.0925
30660.0000,1.1830,0.9433,0.2832,0.1911,-0.2397,-0.0922
30720.0000,1.1801,0.9409,0.2825,0.1907,-0.2392,-0.0918
30780.0000,1.1772,0.9386,0.2817,0.1903,-0.2387,-0.0914
30840.0000,1.1744,0.9362,0.2810,0.1899,-0.2382,-0.0910
30900.0000,1.1715,0.9339,0.2802,0.1896,-0.2376,-0.0907
30960.0000,1.1687,0.9316,0.2795,0.1892,-0.2371,-0.0903
31020.0000,1.1658,0.9293,0.2787,0.1889,-0.2366,-0.0899
31080.0000,1.1630,0.9270,0.2780,0.1885,-0.2361,-0.0895
31140.0000,1.1602,0.9247,0.2773,0.1881,-0.2355,-0.0891
31200.0000,1.1574,0.9224,0.2765,0.1878,-0.2350,-0.0887
31260.0000,1.1546,0.9201,0.2758,0.1874,-0.2345,-0.0884
31320.0000,1.1518,0.9179,0.2751,0.1871,-0.2339,-0.0880
31380.0000,1.1490,0.9156,0.2743,0.1867,-0.2334,-0.0876
31440.0000,1.1462,0.9134,0.2736,0.1864,-0.2329,-0.0873
31500.0000,1.1435,0.9111,0.2729,0.1860,-0.2324,-0.0869
31560.0000,1.1407,0.9089,0.2722,0.1856,-0.2318,-0.0865
31620.0000,1.1380,0.9067,0.2714,0.1853,-0.2313,-0.0862
31680.0000,1.1352,0.9045,0.2707,0.1849,-0.2308,-0.0858
31740.0000,1.1325,0.9023,0.2700,0.1845,-0.2302,-0.0855
31800.0000,1.1298,0.9001,0.2693,0.1841,-0.2297,-0.0851
31860.0000,1.1270,0.8979,0.2686,0.1837,-0.2292,-0.0848
31920.0000,1.1243,0.8957,0.2679,0.1834,-0.2286,-0.0845
31980.0000,1.1216,0.8935,0.2671,0.1830,-0.2281,-0.0842
32040.0000,1.1189,0.8914,0.2664,0.1826,-0.2276,-0.0839
32100.0000,1.1163,0.8892,0.2657,0.1822,-0.2270,-0.0836
32160.0000,1.1136,0.8871,0.2650,0.1817,-0.2265,-0.0833
32220.0000,1.1109,0.8850,0.2643,0.1813,-0.2260,-0.0830
32280.0000,1.1083,0.8828,0.2636,0.1809,-0.2254,-0.0827
32340.0000,1.1056,0.8807,0.2629,0.1805,-0.2249,-0.0825
32400.0000,1.1030,0.8786,0.2622,0.1800,-0.2244,-0.0822
32460.0000,1.1003,0.8765,0.2615,0.1796,-0.2238,-0.0820
32520.0000,1.0977,0.8744,0.2609,0.1791,-0.2233,-0.0817
32580.0000,1.0951,0.8723,0.2602,0.1787,-0.2228,-0.0815
32640.0000,1.0925,0.8702,0.2595,0.1782,-0.2222,-0.0813
32700.0000,1.0899,0.8682,0.2588,0.1777,-0.2217,-0.0811
32760.0000,1.0873,0.8661,0.2581,0.1773,-0.2212,-0.0808
32820.0000,1.0847,0.8641,0.2574,0.1768,-0.2206,-0.0806
32880.0000,1.0821,0.8620,0.2568,0.1763,-0.2201,-0.0804
32940.0000,1.0795,0.8600,0.2561,0.1759,-0.2196,-0.0802
33000.0000,1.0770,0.8579,0.2554,0.1754,-0.2190,-0.0800
33060.0000,1.0744,0.8559,0.2548,0.1749,-0.2185,-0.0798
33120.0000,1.0719,0.8539,0.2541,0.1745,-0.2180,-0.0796
33180.0000,1.0693,0.8519,0.2534,0.1740,-0.2175,-0.0794
33240.0000,1.0668,0.8499,0.2528,0.1735,-0.2169,-0.0792
33300.0000,1.0643,0.8479,0.2521,0.1731,-0.2164,-0.0790
33360.0000,1.0618,0.8459,0.2515,0.1726,-0.2159,-0.0788
33420.0000,1.0592,0.8439,0.2508,0.1722,-0.2153,-0.0786
33480.0000,1.0567,0.8419,0.2502,0.1717,-0.2148,-0.0784
33540.0000,1.0542,0.8400,0.2495,0.1713,-0.2143,-0.0782
33600.0000,1.0518,0.8380,0.2489,0.1709,-0.2138,-0.0780
33660.0000,1.0493,0.8360,0.2482,0.1704,-0.2132,-0.0778
33720.0000,1.0468,0.8341,0.2476,0.1700,-0.2127,-0.0776
33780.0000,1.0443,0.8322,0.2469,0.1696,-0.2122,-0.0773
33840.0000,1.0419,0.8302,0.2463,0.1692,-0.2116,-0.0771
33900.0000,1.0394,0.8283,0.2457,0.1688,-0.2111,-0.0769
33960.0000,1.0370,0.8264,0.2450,0.1684,-0.2106,-0.0766
34020.0000,1.0345,0.8245,0.2444,0.1680,-0.2101,-0.0764
34080.0000,1.0321,0.8225,0.2438,0.1676,-0.2095,-0.0762
34140.0000,1.0297,0.8206,0.2431,0.1672,-0.2090,-0.0759
34200.0000,1.0273,0.8188,0.2425,0.1669,-0.2085,-0.0756
34260.0000,1.0248,0.8169,0.2419,0.1665,-0.2080,-0.0754
34320.0000,1.0224,0.8150,0.2412,0.1661,-0.2075,-0.0751
34380.0000,1.0200,0.8131,0.2406,0.1658,-0.2069,-0.0748
34440.0000,1.0177,0.8112,0.2400,0.1654,-0.2064,-0.0746
34500.0000,1.0153,0.8094,0.2394,0.1650,-0.2059,-0.0743
34560.0000,1.0129,0.8075,0.2387,0.1647,-0.2054,-0.0741
34620.0000,1.0105,0.8057,0.2381,0.1643,-0.2049,-0.0738
34680.0000,1.0082,0.8038,0.2375,0.1640,-0.2043,-0.0735
34740.0000,1.0058,0.8020,0.2369,0.1636,-0.2038,-0.0733
34800.0000,1.0035,0.8002,0.2363,0.1633,-0.2033,-0.0730
34860.0000,1.0012,0.7984,0.2357,0.1629,-0.2028,-0.0728
34920.0000,0.9988,0.7966,0.2351,0.1626,-0.2023,-0.0725
34980.0000,0.9965,0.7947,0.2345,0.1622,-0.2018,-0.0722
35040.0000,0.9942,0.7929,0.2339,0.1619,-0.2012,-0.0720
35100.0000,0.9919,0.7912,0.2332,0.1615,-0.2007,-0.0717
35160.0000,0.9896,0.7894,0.2326,0.1612,-0.2002,-0.0715
35220.0000,0.9873,0.7876,0.2320,0.1608,-0.1997,-0.0712
35280.0000,0.9850,0.7858,0.2314,0.1605,-0.1992,-0.0710
35340.0000,0.9827,0.7840,0.2309,0.1601,-0.1987,-0.0707
35400.0000,0.9804,0.7823,0.2303,0.1598,-0.1982,-0.0705
35460.0000,0.9782,0.7805,0.2297,0.1595,-0.1977,-0.0702
35520.0000,0.9759,0.7788,0.2291,0.1591,-0.1971,-0.0699
35580.0000,0.9737,0.7770,0.2285,0.1588,-0.1966,-0.0697
35640.0000,0.9714,0.7753,0.2279,0.1584,-0.1961,-0.0694
35700.0000,0.9692,0.7736,0.2273,0.1581,-0.1956,-0.0692
35760.0000,0.9670,0.7718,0.2267,0.1578,-0.1951,-0.0690
35820.0000,0.9647,0.7701,0.2261,0.1574,-0.1946,-0.0687
35880.0000,0.9625,0.7684,0.2256,0.1571,-0.1941,-0.0685
35940.0000,0.9603,0.7667,0.2250,0.1568,-0.1936,-0.0682
36000.0000,0.9581,0.7650,0.2244,0.1564,-0.1931,-0.0680
36060.0000,0.9559,0.7633,0.2238,0.1561,-0.1926,-0.0677
36120.0000,0.9537,0.7616,0.2233,0.1557,-0.1921,-0.0675
36180.0000,0.9515,0.7600,0.2227,0.1554,-0.1916,-0.0673
36240.0000,0.9494,0.7583,0.2221,0.1551,-0.1911,-0.0670
36300.0000,0.9472,0.7566,0.2215,0.1547,-0.1906,-0.0668
36360.0000,0.9450,0.7550,0.2210,0.1544,-0.1901,-0.0666
36420.0000,0.9429,0.7533,0.2204,0.1541,-0.1896,-0.0663
36480.0000,0.9407,0.7516,0.2198,0.1538,-0.1891,-0.0661
36540.0000,0.9386,0.7500,0.2193,0.1534,-0.1886,-0.0659
36600.0000,0.9364,0.7484,0.2187,0.1531,-0.1881,-0.0656
36660.0000,0.9343,0.7467,0.2182,0.1528,-0.1876,-0.0654
36720.0000,0.9322,0.7451,0.2176,0.1524,-0.1871,-0.0652
36780.0000,0.9301,0.7435,0.2171,0.1521,-0.1866,-0.0649
36840.0000,0.9280,0.7419,0.2165,0.1518,-0.1861,-0.0647
36900.0000,0.9259,0.7403,0.2160,0.1515,-0.1856,-0.0645
36960.0000,0.9238,0.7387,0.2154,0.1512,-0.1851,-0.0642
37020.0000,0.9217,0.7371,0.2149,0.1508,-0.1846,-0.0640
37080.0000,0.9196,0.7355,0.2143,0.1505,-0.1841,-0.0638
37140.0000,0.9175,0.7339,0.2138,0.1502,-0.1836,-0.0636
37200.0000,0.9155,0.7323,0.2132,0.1499,-0.1832,-0.0633
37260.0000,0.9134,0.7307,0.2127,0.1496,-0.1827,-0.0631
37320.0000,0.9113,0.7291,0.2121,0.1493,-0.1822,-0.0629
37380.0000,0.9093,0.7276,0.2116,0.1490,-0.1817,-0.0626
37440.0000,0.9072,0.7260,0.2111,0.1487,-0.1812,-0.0624
37500.0000,0.9052,0.7245,0.2105,0.1483,-0.1807,-0.0622
37560.0000,0.9032,0.7229,0.2100,0.1480,-0.1802,-0.0620
37620.0000,0.9011,0.7214,0.2095,0.1477,-0.1798,-0.0617
37680.0000,0.8991,0.7198,0.2089,0.1474,-0.1793,-0.0615
37740.0000,0.8971,0.7183,0.2084,0.1471,-0.1788,-0.0613
37800.0000,0.8951,0.7168,0.2079,0.1468,-0.1783,-0.0611
37860.0000,0.8931,0.7153,0.2074,0.1465,-0.1778,-0.0608
37920.0000,0.8911,0.7138,0.2068,0.1462,-0.1774,-0.0606
37980.0000,0.8891,0.7122,0.2063,0.1459,-0.1769,-0.0604
38040.0000,0.8871,0.7107,0.2058,0.1456,-0.1764,-0.0602
38100.0000,0.8852,0.7092,0.2053,0.1454,-0.1759,-0.0599
38160.0000,0.8832,0.7077,0.2048,0.1451,-0.1755,-0.0597
38220.0000,0.8812,0.7063,0.2042,0.1448,-0.1750,-0.0595
38280.0000,0.8793,0.7048,0.2037,0.1445,-0.1745,-0.0592
38340.0000,0.8773,0.7033,0.2032,0.1442,-0.1740,-0.0590
38400.0000,0.8754,0.7018,0.2027,0.1439,-0.1736,-0.0588
38460.0000,0.8735,0.7004,0.2022,0.1437,-0.1731,-0.0586
38520.0000,0.8715,0.6989,0.2017,0.1434,-0.1726,-0.0583
38580.0000,0.8696,0.6974,0.2012,0.1431,-0.1722,-0.0581
38640.0000,0.8677,0.6960,0.2007,0.1428,-0.1717,-0.0579
38700.0000,0.8658,0.6945,0.2002,0.1425,-0.1712,-0.0577
38760.0000,0.8639,0.6931,0.1997,0.1422,-0.1708,-0.0575
38820.0000,0.8620,0.6917,0.1992,0.1420,-0.1703,-0.0572
38880.0000,0.8601,0.6902,0.1987,0.1417,-0.1698,-0.0570
38940.0000,0.8582,0.6888,0.1982,0.1414,-0.1694,-0.0568
39000.0000,0.8563,0.6874,0.1977,0.1411,-0.1689,-0.0566
39060.0000,0.8544,0.6860,0.1972,0.1408,-0.1684,-0.0564
39120.0000,0.8525,0.6846,0.1967,0.1405,-0.1680,-0.0562
39180.0000,0.8507,0.6832,0.1962,0.1402,-0.1675,-0.0560
39240.0000,0.8488,0.6818,0.1957,0.1399,-0.1671,-0.0558
39300.0000,0.8470,0.6804,0.1953,0.1396,-0.1666,-0.0556
39360.0000,0.8451,0.6790,0.1948,0.1393,-0.1662,-0.0554
39420.0000,0.8433,0.6776,0.1943,0.1390,-0.1657,-0.0553
39480.0000,0.8414,0.6762,0.1938,0.1387,-0.1652,-0.0551
39540.0000,0.8396,0.6748,0.1933,0.1384,-0.1648,-0.0549
39600.0000,0.8378,0.6734,0.1929,0.1381,-0.1643,-0.0547
39660.0000,0.8360,0.6721,0.1924,0.1378,-0.1639,-0.0546
39720.0000,0.8342,0.6707,0.1919,0.1375,-0.1634,-0.0544
39780.0000,0.8324,0.6694,0.1914,0.1372,-0.1630,-0.0543
39840.0000,0.8306,0.6680,0.1910,0.1369,-0.1625,-0.0541
39900.0000,0.8288,0.6667,0.1905,0.1366,-0.1621,-0.0540
39960.0000,0.8270,0.6653,0.1900,0.1362,-0.1617,-0.0538
40020.0000,0.8252,0.6640,0.1896,0.1359,-0.1612,-0.0537
40080.0000,0.8234,0.6626,0.1891,0.1356,-0.1608,-0.0535
40140.0000,0.8216,0.6613,0.1887,0.1353,-0.1603,-0.0534
40200.0000,0.8199,0.6600,0.1882,0.1350,-0.1599,-0.0532
40260.0000,0.8181,0.6587,0.1877,0.1346,-0.1594,-0.0531
40320.0000,0.8163,0.6573,0.1873,0.1343,-0.1590,-0.0530
40380.0000,0.8146,0.6560,0.1868,0.1340,-0.1586,-0.0528
40440.0000,0.8128,0.6547,0.1864,0.1337,-0.1581,-0.0527
40500.0000,0.8111,0.6534,0.1859,0.1334,-0.1577,-0.0525
40560.0000,0.8094,0.6521,0.1855,0.1331,-0.1573,-0.0524
40620.0000,0.8076,0.6508,0.1850,0.1328,-0.1568,-0.0522
40680.0000,0.8059,0.6495,0.1846,0.1325,-0.1564,-0.0521
40740.0000,0.8042,0.6482,0.1841,0.1322,-0.1560,-0.0519
40800.0000,0.8025,0.6469,0.1837,0.1319,-0.1555,-0.0518
40860.0000,0.8008,0.6457,0.1833,0.1317,-0.1551,-0.0516
40920.0000,0.7991,0.6444,0.1828,0.1314,-0.1547,-0.0514
40980.0000,0.7974,0.6431,0.1824,0.1311,-0.1542,-0.0513
41040.0000,0.7957,0.6418,0.1819,0.1309,-0.1538,-0.0511
41100.0000,0.7940,0.6406,0.1815,0.1306,-0.1534,-0.0509
41160.0000,0.7923,0.6393,0.1811,0.1303,-0.1530,-0.0507
41220.0000,0.7906,0.6381,0.1806,0.1301,-0.1525,-0.0505
41280.0000,0.7889,0.6368,0.1802,0.1299,-0.1521,-0.0504
41340.0000,0.7873,0.6356,0.1798,0.1296,-0.1517,-0.0502
41400.0000,0.7856,0.6343,0.1794,0.1294,-0.1513,-0.0500
41460.0000,0.7839,0.6331,0.1789,0.1292,-0.1509,-0.0498
41520.0000,0.7823,0.6319,0.1785,0.1289,-0.1504,-0.0496
41580.0000,0.7806,0.6306,0.1781,0.1287,-0.1500,-0.0494
41640.0000,0.7790,0.6294,0.1776,0.1285,-0.1496,-0.0492
41700.0000,0.7774,0.6282,0.1772,0.1282,-0.1492,-0.0490
41760.0000,0.7757,0.6270,0.1768,0.1280,-0.1488,-0.0488
41820.0000,0.7741,0.6257,0.1764,0.1278,-0.1484,-0.0486
41880.0000,0.7725,0.6245,0.1760,0.1276,-0.1480,-0.0484
41940.0000,0.7709,0.6233,0.1755,0.1274,-0.1475,-0.0482
42000.0000,0.7693,0.6221,0.1751,0.1271,-0.1471,-0.0480
42060.0000,0.7677,0.6209,0.1747,0.1269,-0.1467,-0.0478
42120.0000,0.7661,0.6197,0.1743,0.1267,-0.1463,-0.0476
42180.0000,0.7645,0.6186,0.1739,0.1265,-0.1459,-0.0474
42240.0000,0.7629,0.6174,0.1735,0.1263,-0.1455,-0.0472
42300.0000,0.7613,0.6162,0.1731,0.1260,-0.1451,-0.0470
42360.0000,0.7597,0.6150,0.1727,0.1258,-0.1447,-0.0468
42420.0000,0.7581,0.6138,0.1723,0.1256,-0.1443,-0.0466
42480.0000,0.7566,0.6127,0.1718,0.1254,-0.1439,-0.0465
42540.0000,0.7550,0.6115,0.1714,0.1252,-0.1435,-0.0463
42600.0000,0.7534,0.6103,0.1710,0.1250,-0.1431,-0.0461
42660.0000,0.7519,0.6092,0.1706,0.1247,-0.1427,-0.0459
42720.0000,0.7503,0.6080,0.1702,0.1245,-0.1423,-0.0457
42780.0000,0.7488,0.6069,0.1698,0.1243,-0.1419,-0.0455
42840.0000,0.7472,0.6057,0.1694,0.1241,-0.1415,-0.0453
42900.0000,0.7457,0.6046,0.1690,0.1239,-0.1411,-0.0452
42960.0000,0.7442,0.6035,0.1686,0.1237,-0.1407,-0.0450
43020.0000,0.7426,0.6023,0.1683,0.1235,-0.1403,-0.0448
43080.0000,0.7411,0.6012,0.1679,0.1233,-0.1399,-0.0446
43140.0000,0.7396,0.6001,0.1675,0.1230,-0.1395,-0.0444
43200.0000,0.7381,0.5989,0.1671,0.1228,-0.1391,-0.0443
43260.0000,0.7366,0.5978,0.1667,0.1226,-0.1388,-0.0441
43320.0000,0.7351,0.5967,0.1663,0.1224,-0.1384,-0.0439
43380.0000,0.7336,0.5956,0.1659,0.1222,-0.1380,-0.0437
43440.0000,0.7321,0.5945,0.1655,0.1220,-0.1376,-0.0435
43500.0000,0.7306,0.5934,0.1652,0.1218,-0.1372,-0.0434
43560.0000,0.7291,0.5923,0.1648,0.1216,-0.1368,-0.0432
43620.0000,0.7276,0.5912,0.1644,0.1214,-0.1365,-0.0430
43680.0000,0.7262,0.5901,0.1640,0.1212,-0.1361,-0.0428
43740.0000,0.7247,0.5890,0.1636,0.1210,-0.1357,-0.0426
43800.0000,0.7232,0.5879,0.1633,0.1208,-0.1353,-0.0425
43860.0000,0.7218,0.5869,0.1629,0.1206,-0.1349,-0.0423
43920.0000,0.7203,0.5858,0.1625,0.1204,-0.1346,-0.0421
43980.0000,0.7189,0.5847,0.1621,0.1202,-0.1342,-0.0419
44040.0000,0.7174,0.5836,0.1618,0.1200,-0.1338,-0.0418
44100.0000,0.7160,0.5826,0.1614,0.1198,-0.1334,-0.0416
44160.0000,0.7146,0.5815,0.1610,0.1196,-0.1331,-0.0414
44220.0000,0.7131,0.5804,0.1607,0.1194,-0.1327,-0.0413
44280.0000,0.7117,0.5794,0.1603,0.1192,-0.1323,-0.0411
44340.0000,0.7103,0.5783,0.1599,0.1190,-0.1319,-0.0409
44400.0000,0.7089,0.5773,0.1596,0.1188,-0.1316,-0.0408
44460.0000,0.7074,0.5762,0.1592,0.1186,-0.1312,-0.0406
44520.0000,0.7060,0.5752,0.1588,0.1184,-0.1308,-0.0404
44580.0000,0.7046,0.5742,0.1585,0.1182,-0.1305,-0.0403
44640.0000,0.7032,0.5731,0.1581,0.1180,-0.1301,-0.0401
44700.0000,0.7018,0.5721,0.1578,0.1178,-0.1297,-0.0400
44760.0000,0.7004,0.5711,0.1574,0.1176,-0.1294,-0.0398
44820.0000,0.6990,0.5700,0.1570,0.1174,-0.1290,-0.0397
44880.0000,0.6977,0.5690,0.1567,0.1172,-0.1286,-0.0395
44940.0000,0.6963,0.5680,0.1563,0.1170,-0.1283,-0.0394
45000.0000,0.6949,0.5670,0.1560,0.1168,-0.1279,-0.0392
45060.0000,0.6935,0.5660,0.1556,0.1166,-0.1276,-0.0391
45120.0000,0.6922,0.5650,0.1553,0.1164,-0.1272,-0.0389
45180.0000,0.6908,0.5640,0.1549,0.1162,-0.1268,-0.0388
45240.0000,0.6895,0.5630,0.1546,0.1160,-0.1265,-0.0386
45300.0000,0.6881,0.5620,0.1543,0.1158,-0.1261,-0.0385
45360.0000,0.6868,0.5610,0.1539,0.1156,-0.1258,-0.0384
45420.0000,0.6854,0.5600,0.1536,0.1154,-0.1254,-0.0382
45480.0000,0.6841,0.5590,0.1532,0.1152,-0.1251,-0.0381
45540.0000,0.6827,0.5580,0.1529,0.1150,-0.1247,-0.0379
45600.0000,0.6814,0.5570,0.1526,0.1148,-0.1244,-0.0378
45660.0000,0.6801,0.5561,0.1522,0.1146,-0.1240,-0.0377
45720.0000,0.6788,0.5551,0.1519,0.1144,-0.1237,-0.0375
45780.0000,0.6774,0.5541,0.1515,0.1142,-0.1233,-0.0374
45840.0000,0.6761,0.5531,0.1512,0.1140,-0.1230,-0.0373
45900.0000,0.6748,0.5522,0.1509,0.1138,-0.1226,-0.0371
45960.0000,0.6735,0.5512,0.1505,0.1136,-0.1223,-0.0370
46020.0000,0.6722,0.5503,0.1502,0.1134,-0.1220,-0.0368
46080.0000,0.6709,0.5493,0.1499,0.1132,-0.1216,-0.0367
46140.0000,0.6696,0.5484,0.1496,0.1130,-0.1213,-0.0366
46200.0000,0.6683,0.5474,0.1492,0.1128,-0.1209,-0.0364
46260.0000,0.6670,0.5465,0.1489,0.1126,-0.1206,-0.0363
46320.0000,0.6658,0.5455,0.1486,0.1124,-0.1203,-0.0362
46380.0000,0.6645,0.5446,0.1483,0.1122,-0.1199,-0.0361
46440.0000,0.6632,0.5436,0.1479,0.1120,-0.1196,-0.0359
46500.0000,0.6619,0.5427,0.1476,0.1118,-0.1192,-0.0358
46560.0000,0.6607,0.5418,0.1473,0.1116,-0.1189,-0.0357
46620.0000,0.6594,0.5408,0.1470,0.1115,-0.1186,-0.0355
46680.0000,0.6582,0.5399,0.1467,0.1113,-0.1182,-0.0354
46740.0000,0.6569,0.5390,0.1464,0.1111,-0.1179,-0.0353
46800.0000,0.6557,0.5381,0.1460,0.1109,-0.1176,-0.0352
46860.0000,0.6544,0.5372,0.1457,0.1107,-0.1172,-0.0350
46920.0000,0.6532,0.5362,0.1454,0.1105,-0.1169,-0.0349
46980.0000,0.6519,0.5353,0.1451,0.1103,-0.1166,-0.0348
47040.0000,0.6507,0.5344,0.1448,0.1101,-0.1163,-0.0347
47100.0000,0.6495,0.5335,0.1445,0.1099,-0.1159,-0.0346
47160.0000,0.6482,0.5326,0.1442,0.1097,-0.1156,-0.0344
47220.0000,0.6470,0.5317,0.1439,0.1096,-0.1153,-0.0343
47280.0000,0.6458,0.5308,0.1436,0.1094,-0.1150,-0.0342
47340.0000,0.6446,0.5299,0.1433,0.1092,-0.1146,-0.0341
47400.0000,0.6434,0.5290,0.1430,0.1090,-0.1143,-0.0340
47460.0000,0.6422,0.5282,0.1427,0.1088,-0.1140,-0.0339
47520.0000,0.6410,0.5273,0.1424,0.1086,-0.1137,-0.0338
47580.0000,0.6398,0.5264,0.1421,0.1084,-0.1134,-0.0336
47640.0000,0.6386,0.5255,0.1418,0.1083,-0.1130,-0.0335
47700.0000,0.6374,0.5246,0.1415,0.1081,-0.1127,-0.0334
47760.0000,0.6362,0.5238,0.1412,0.1079,-0.1124,-0.0333
47820.0000,0.6350,0.5229,0.1409,0.1077,-0.1121,-0.0332
47880.0000,0.6338,0.5220,0.1406,0.1075,-0.1118,-0.0331
47940.0000,0.6326,0.5211,0.1403,0.1074,-0.1115,-0.0329
48000.0000,0.6314,0.5203,0.1400,0.1072,-0.1112,-0.0328
48060.0000,0.6303,0.5194,0.1397,0.1070,-0.1109,-0.0327
48120.0000,0.6291,0.5186,0.1394,0.1068,-0.1105,-0.0326
48180.0000,0.6279,0.5177,0.1391,0.1067,-0.1102,-0.0325
48240.0000,0.6268,0.5169,0.1389,0.1065,-0.1099,-0.0323
48300.0000,0.6256,0.5160,0.1386,0.1064,-0.1096,-0.0322
48360.0000,0.6245,0.5152,0.1383,0.1062,-0.1093,-0.0321
48420.0000,0.6233,0.5143,0.1380,0.1060,-0.1090,-0.0320
48480.0000,0.6222,0.5135,0.1377,0.1059,-0.1087,-0.0318
48540.0000,0.6210,0.5126,0.1374,0.1057,-0.1084,-0.0317
48600.0000,0.6199,0.5118,0.1372,0.1056,-0.1081,-0.0316
48660.0000,0.6188,0.5110,0.1369,0.1054,-0.1078,-0.0314
48720.0000,0.6176,0.5101,0.1366,0.1053,-0.1075,-0.0313
48780.0000,0.6165,0.5093,0.1363,0.1051,-0.1072,-0.0312
48840.0000,0.6154,0.5085,0.1360,0.1050,-0.1069,-0.0310
48900.0000,0.6143,0.5077,0.1358,0.1049,-0.1066,-0.0309
48960.0000,0.6131,0.5068,0.1355,0.1047,-0.1063,-0.0308
49020.0000,0.6120,0.5060,0.1352,0.1046,-0.1060,-0.0306
49080.0000,0.6109,0.5052,0.1349,0.1044,-0.1057,-0.0305
49140.0000,0.6098,0.5044,0.1347,0.1043,-0.1054,-0.0304
49200.0000,0.6087,0.5036,0.1344,0.1041,-0.1051,-0.0302
49260.0000,0.6076,0.5028,0.1341,0.1040,-0.1048,-0.0301
49320.0000,0.6065,0.5020,0.1339,0.1039,-0.1045,-0.0300
49380.0000,0.6054,0.5012,0.1336,0.1037,-0.1042,-0.0299
49440.0000,0.6043,0.5004,0.1333,0.1036,-0.1040,-0.0297
49500.0000,0.6032,0.4996,0.1330,0.1034,-0.1037,-0.0296
49560.0000,0.6022,0.4988,0.1328,0.1033,-0.1034,-0.0295
49620.0000,0.6011,0.4980,0.1325,0.1032,-0.1031,-0.0294
49680.0000,0.6000,0.4972,0.1323,0.1030,-0.1028,-0.0292
49740.0000,0.5989,0.4964,0.1320,0.1029,-0.1025,-0.0291
49800.0000,0.5979,0.4956,0.1317,0.1027,-0.1022,-0.0290
49860.0000,0.5968,0.4948,0.1315,0.1026,-0.1019,-0.0289
49920.0000,0.5957,0.4941,0.1312,0.1024,-0.1017,-0.0288
49980.0000,0.5947,0.4933,0.1309,0.1023,-0.1014,-0.0287
50040.0000,0.5936,0.4925,0.1307,0.1021,-0.1011,-0.0286
50100.0000,0.5926,0.4917,0.1304,0.1020,-0.1008,-0.0285
50160.0000,0.5915,0.4910,0.1302,0.1018,-0.1005,-0.0284
50220.0000,0.5905,0.4902,0.1299,0.1016,-0.1003,-0.0283
50280.0000,0.5894,0.4894,0.1297,0.1015,-0.1000,-0.0282
50340.0000,0.5884,0.4887,0.1294,0.1013,-0.0997,-0.0281
50400.0000,0.5873,0.4879,0.1292,0.1011,-0.0994,-0.0280
50460.0000,0.5863,0.4871,0.1289,0.1010,-0.0992,-0.0279
50520.0000,0.5853,0.4864,0.1287,0.1008,-0.0989,-0.0279
50580.0000,0.5842,0.4856,0.1284,0.1006,-0.0986,-0.0278
50640.0000,0.5832,0.4849,0.1282,0.1005,-0.0983,-0.0277
50700.0000,0.5822,0.4841,0.1279,0.1003,-0.0981,-0.0276
50760.0000,0.5812,0.4834,0.1277,0.1001,-0.0978,-0.0276
50820.0000,0.5802,0.4826,0.1274,0.0999,-0.0975,-0.0275
50880.0000,0.5791,0.4819,0.1272,0.0998,-0.0972,-0.0274
50940.0000,0.5781,0.4812,0.1269,0.0996,-0.0970,-0.0273
51000.0000,0.5771,0.4804,0.1267,0.0994,-0.0967,-0.0273
51060.0000,0.5761,0.4797,0.1265,0.0993,-0.0964,-0.0272
51120.0000,0.5751,0.4789,0.1262,0.0991,-0.0962,-0.0271
51180.0000,0.5741,0.4782,0.1260,0.0989,-0.0959,-0.0271
51240.0000,0.5731,0.4775,0.1258,0.0988,-0.0956,-0.0270
51300.0000,0.5721,0.4768,0.1255,0.0986,-0.0954,-0.0269
51360.0000,0.5712,0.4760,0.1253,0.0984,-0.0951,-0.0268
51420.0000,0.5702,0.4753,0.1250,0.0983,-0.0949,-0.0268
51480.0000,0.5692,0.4746,0.1248,0.0981,-0.0946,-0.0267
51540.0000,0.5682,0.4739,0.1246,0.0980,-0.0943,-0.0266
51600.0000,0.5672,0.4731,0.1243,0.0978,-0.0941,-0.0265
51660.0000,0.5663,0.4724,0.1241,0.0977,-0.0938,-0.0265
51720.0000,0.5653,0.4717,0.1239,0.0975,-0.0936,-0.0264
51780.0000,0.5643,0.4710,0.1237,0.0974,-0.0933,-0.0263
51840.0000,0.5633,0.4703,0.1234,0.0972,-0.0930,-0.0262
51900.0000,0.5624,0.4696,0.1232,0.0971,-0.0928,-0.0261
51960.0000,0.5614,0.4689,0.1230,0.0970,-0.0925,-0.0260
52020.0000,0.5605,0.4682,0.1227,0.0968,-0.0923,-0.0259
52080.0000,0.5595,0.4675,0.1225,0.0967,-0.0920,-0.0258
52140.0000,0.5586,0.4668,0.1223,0.0966,-0.0918,-0.0257
52200.0000,0.5576,0.4661,0.1221,0.0965,-0.0915,-0.0256
52260.0000,0.5567,0.4654,0.1218,0.0963,-0.0913,-0.0255
52320.0000,0.5557,0.4647,0.1216,0.0962,-0.0910,-0.0254
52380.0000,0.5548,0.4640,0.1214,0.0961,-0.0908,-0.0253
52440.0000,0.5539,0.4633,0.1212,0.0960,-0.0905,-0.0252
52500.0000,0.5529,0.4626,0.1210,0.0959,-0.0903,-0.0251
52560.0000,0.5520,0.4619,0.1207,0.0957,-0.0900,-0.0250
52620.0000,0.5511,0.4613,0.1205,0.0956,-0.0898,-0.0249
52680.0000,0.5501,0.4606,0.1203,0.0955,-0.0895,-0.0248
52740.0000,0.5492,0.4599,0.1201,0.0954,-0.0893,-0.0247
52800.0000,0.5483,0.4592,0.1199,0.0953,-0.0891,-0.0246
52860.0000,0.5474,0.4586,0.1197,0.0952,-0.0888,-0.0245
52920.0000,0.5465,0.4579,0.1194,0.0951,-0.0886,-0.0244
52980.0000,0.5455,0.4572,0.1192,0.0949,-0.0883,-0.0243
53040.0000,0.5446,0.4565,0.1190,0.0948,-0.0881,-0.0242
53100.0000,0.5437,0.4559,0.1188,0.0947,-0.0879,-0.0241
53160.0000,0.5428,0.4552,0.1186,0.0946,-0.0876,-0.0240
53220.0000,0.5419,0.4545,0.1184,0.0945,-0.0874,-0.0239
53280.0000,0.5410,0.4539,0.1182,0.0944,-0.0871,-0.0238
53340.0000,0.5401,0.4532,0.1180,0.0942,-0.0869,-0.0237
53400.0000,0.5392,0.4526,0.1177,0.0941,-0.0867,-0.0236
53460.0000,0.5383,0.4519,0.1175,0.0940,-0.0864,-0.0235
53520.0000,0.5375,0.4513,0.1173,0.0939,-0.0862,-0.0234
53580.0000,0.5366,0.4506,0.1171,0.0938,-0.0860,-0.0234
53640.0000,0.5357,0.4500,0.1169,0.0937,-0.0857,-0.0233
53700.0000,0.5348,0.4493,0.1167,0.0935,-0.0855,-0.0232
53760.0000,0.5339,0.4487,0.1165,0.0934,-0.0853,-0.0231
53820.0000,0.5331,0.4480,0.1163,0.0933,-0.0850,-0.0230
53880.0000,0.5322,0.4474,0.1161,0.0932,-0.0848,-0.0229
53940.0000,0.5313,0.4467,0.1159,0.0930,-0.0846,-0.0229
54000.0000,0.5305,0.4461,0.1157,0.0929,-0.0844,-0.0228
54060.0000,0.5296,0.4455,0.1155,0.0928,-0.0841,-0.0227
54120.0000,0.5287,0.4448,0.1153,0.0927,-0.0839,-0.0226
54180.0000,0.5279,0.4442,0.1151,0.0926,-0.0837,-0.0225
54240.0000,0.5270,0.4436,0.1149,0.0924,-0.0834,-0.0225
54300.0000,0.5262,0.4429,0.1147,0.0923,-0.0832,-0.0224
54360.0000,0.5253,0.4423,0.1145,0.0922,-0.0830,-0.0223
54420.0000,0.5245,0.4417,0.1143,0.0921,-0.0828,-0.0223
54480.0000,0.5236,0.4411,0.1141,0.0919,-0.0826,-0.0222
54540.0000,0.5228,0.4404,0.1139,0.0918,-0.0823,-0.0221
54600.0000,0.5219,0.4398,0.1137,0.0917,-0.0821,-0.0220
54660.0000,0.5211,0.4392,0.1135,0.0916,-0.0819,-0.0220
54720.0000,0.5203,0.4386,0.1133,0.0914,-0.0817,-0.0219
54780.0000,0.5194,0.4380,0.1132,0.0913,-0.0814,-0.0218
54840.0000,0.5186,0.4374,0.1130,0.0912,-0.0812,-0.0218
54900.0000,0.5178,0.4368,0.1128,0.0911,-0.0810,-0.0217
54960.0000,0.5169,0.4361,0.1126,0.0910,-0.0808,-0.0216
55020.0000,0.5161,0.4355,0.1124,0.0909,-0.0806,-0.0215
55080.0000,0.5153,0.4349,0.1122,0.0908,-0.0804,-0.0215
55140.0000,0.5145,0.4343,0.1120,0.0906,-0.0801,-0.0214
55200.0000,0.5137,0.4337,0.1118,0.0905,-0.0799,-0.0213
55260.0000,0.5128,0.4331,0.1117,0.0904,-0.0797,-0.0212
55320.0000,0.5120,0.4325,0.1115,0.0903,-0.0795,-0.0211
55380.0000,0.5112,0.4319,0.1113,0.0902,-0.0793,-0.0211
55440.0000,0.5104,0.4313,0.1111,0.0901,-0.0791,-0.0210
55500.0000,0.5096,0.4307,0.1109,0.0900,-0.0789,-0.0209
55560.0000,0.5088,0.4301,0.1107,0.0899,-0.0787,-0.0208
55620.0000,0.5080,0.4296,0.1106,0.0898,-0.0785,-0.0207
55680.0000,0.5072,0.4290,0.1104,0.0897,-0.0782,-0.0206
55740.0000,0.5064,0.4284,0.1102,0.0896,-0.0780,-0.0206
55800.0000,0.5056,0.4278,0.1100,0.0895,-0.0778,-0.0205
55860.0000,0.5048,0.4272,0.1098,0.0895,-0.0776,-0.0204
55920.0000,0.5040,0.4266,0.1097,0.0894,-0.0774,-0.0203
55980.0000,0.5033,0.4260,0.1095,0.0893,-0.0772,-0.0202
56040.0000,0.5025,0.4255,0.1093,0.0892,-0.0770,-0.0201
56100.0000,0.5017,0.4249,0.1091,0.0891,-0.0768,-0.0200
56160.0000,0.5009,0.4243,0.1089,0.0890,-0.0766,-0.0199
56220.0000,0.5001,0.4237,0.1088,0.0889,-0.0764,-0.0198
56280.0000,0.4994,0.4232,0.1086,0.0888,-0.0762,-0.0198
56340.0000,0.4986,0.4226,0.1084,0.0887,-0.0760,-0.0197
56400.0000,0.4978,0.4220,0.1082,0.0887,-0.0758,-0.0196
56460.0000,0.4970,0.4215,0.1081,0.0886,-0.0756,-0.0195
56520.0000,0.4963,0.4209,0.1079,0.0885,-0.0754,-0.0194
56580.0000,0.4955,0.4203,0.1077,0.0884,-0.0752,-0.0193
56640.0000,0.4948,0.4198,0.1076,0.0883,-0.0750,-0.0192
56700.0000,0.4940,0.4192,0.1074,0.0882,-0.0748,-0.0192
56760.0000,0.4932,0.4186,0.1072,0.0881,-0.0746,-0.0191
56820.0000,0.4925,0.4181,0.1070,0.0880,-0.0744,-0.0190
56880.0000,0.4917,0.4175,0.1069,0.0880,-0.0742,-0.0189
56940.0000,0.4910,0.4170,0.1067,0.0879,-0.0740,-0.0188
57000.0000,0.4902,0.4164,0.1065,0.0878,-0.0738,-0.0188
57060.0000,0.4895,0.4159,0.1064,0.0877,-0.0736,-0.0187
57120.0000,0.4888,0.4153,0.1062,0.0876,-0.0734,-0.0186
57180.0000,0.4880,0.4148,0.1060,0.0875,-0.0732,-0.0185
57240.0000,0.4873,0.4142,0.1059,0.0874,-0.0730,-0.0185
57300.0000,0.4865,0.4137,0.1057,0.0873,-0.0729,-0.0184
57360.0000,0.4858,0.4131,0.1055,0.0872,-0.0727,-0.0183
57420.0000,0.4851,0.4126,0.1054,0.0871,-0.0725,-0.0183
57480.0000,0.4843,0.4121,0.1052,0.0870,-0.0723,-0.0182
57540.0000,0.4836,0.4115,0.1051,0.0869,-0.0721,-0.0181
57600.0000,0.4829,0.4110,0.1049,0.0868,-0.0719,-0.0181
57660.0000,0.4822,0.4104,0.1047,0.0867,-0.0717,-0.0180
57720.0000,0.4814,0.4099,0.1046,0.0866,-0.0715,-0.0179
57780.0000,0.4807,0.4094,0.1044,0.0865,-0.0713,-0.0179
57840.0000,0.4800,0.4088,0.1043,0.0864,-0.0712,-0.0178
57900.0000,0.4793,0.4083,0.1041,0.0863,-0.0710,-0.0178
57960.0000,0.4786,0.4078,0.1039,0.0862,-0.0708,-0.0177
58020.0000,0.4779,0.4073,0.1038,0.0861,-0.0706,-0.0176
58080.0000,0.4771,0.4067,0.1036,0.0860,-0.0704,-0.0176
58140.0000,0.4764,0.4062,0.1035,0.0859,-0.0702,-0.0175
58200.0000,0.4757,0.4057,0.1033,0.0858,-0.0701,-0.0175
58260.0000,0.4750,0.4052,0.1032,0.0858,-0.0699,-0.0174
58320.0000,0.4743,0.4046,0.1030,0.0857,-0.0697,-0.0174
58380.0000,0.4736,0.4041,0.1029,0.0856,-0.0695,-0.0173
58440.0000,0.4729,0.4036,0.1027,0.0855,-0.0693,-0.0172
58500.0000,0.4722,0.4031,0.1026,0.0854,-0.0691,-0.0172
58560.0000,0.4715,0.4026,0.1024,0.0853,-0.0690,-0.0171
58620.0000,0.4709,0.4021,0.1022,0.0852,-0.0688,-0.0171
58680.0000,0.4702,0.4016,0.1021,0.0851,-0.0686,-0.0170
58740.0000,0.4695,0.4010,0.1019,0.0850,-0.0684,-0.0169
58800.0000,0.4688,0.4005,0.1018,0.0849,-0.0683,-0.0169
58860.0000,0.4681,0.4000,0.1016,0.0849,-0.0681,-0.0168
58920.0000,0.4674,0.3995,0.1015,0.0848,-0.0679,-0.0167
58980.0000,0.4667,0.3990,0.1014,0.0847,-0.0677,-0.0167
59040.0000,0.4661,0.3985,0.1012,0.0846,-0.0676,-0.0166
59100.0000,0.4654,0.3980,0.1011,0.0845,-0.0674,-0.0165
59160.0000,0.4647,0.3975,0.1009,0.0845,-0.0672,-0.0164
59220.0000,0.4640,0.3970,0.1008,0.0844,-0.0670,-0.0164
59280.0000,0.4634,0.3965,0.1006,0.0843,-0.0669,-0.0163
59340.0000,0.4627,0.3960,0.1005,0.0843,-0.0667,-0.0162
59400.0000,0.4620,0.3955,0.1003,0.0842,-0.0665,-0.0161
59460.0000,0.4614,0.3950,0.1002,0.0841,-0.0663,-0.0161
59520.0000,0.4607,0.3945,0.1000,0.0841,-0.0662,-0.0160
59580.0000,0.4601,0.3941,0.0999,0.0840,-0.0660,-0.0159
59640.0000,0.4594,0.3936,0.0998,0.0839,-0.0658,-0.0158
59700.0000,0.4587,0.3931,0.0996,0.0839,-0.0657,-0.0158
59760.0000,0.4581,0.3926,0.0995,0.0838,-0.0655,-0.0157
59820.0000,0.4574,0.3921,0.0993,0.0837,-0.0653,-0.0156
59880.0000,0.4568,0.3916,0.0992,0.0837,-0.0652,-0.0155
59940.0000,0.4561,0.3911,0.0990,0.0836,-0.0650,-0.0155
60000.0000,0.4555,0.3907,0.0989,0.0835,-0.0648,-0.0154
60060.0000,0.4548,0.3902,0.0988,0.0835,-0.0647,-0.0153
60120.0000,0.4542,0.3897,0.0986,0.0834,-0.0645,-0.0152
60180.0000,0.4536,0.3892,0.0985,0.0833,-0.0643,-0.0152
60240.0000,0.4529,0.3887,0.0984,0.0833,-0.0642,-0.0151
60300.0000,0.4523,0.3883,0.0982,0.0832,-0.0640,-0.0150
60360.0000,0.4516,0.3878,0.0981,0.0831,-0.0638,-0.0150
60420.0000,0.4510,0.3873,0.0979,0.0830,-0.0637,-0.0149
60480.0000,0.4504,0.3869,0.0978,0.0830,-0.0635,-0.0148
60540.0000,0.4497,0.3864,0.0977,0.0829,-0.0634,-0.0148
60600.0000,0.4491,0.3859,0.0975,0.0828,-0.0632,-0.0147
60660.0000,0.4485,0.3855,0.0974,0.0828,-0.0630,-0.0146
60720.0000,0.4479,0.3850,0.0973,0.0827,-0.0629,-0.0146
60780.0000,0.4472,0.3845,0.0971,0.0826,-0.0627,-0.0145
60840.0000,0.4466,0.3841,0.0970,0.0825,-0.0626,-0.0145
60900.0000,0.4460,0.3836,0.0969,0.0824,-0.0624,-0.0144
60960.0000,0.4454,0.3831,0.0967,0.0824,-0.0622,-0.0144
61020.0000,0.4448,0.3827,0.0966,0.0823,-0.0621,-0.0143
61080.0000,0.4442,0.3822,0.0965,0.0822,-0.0619,-0.0143
61140.0000,0.4435,0.3818,0.0963,0.0821,-0.0618,-0.0142
61200.0000,0.4429,0.3813,0.0962,0.0820,-0.0616,-0.0142
61260.0000,0.4423,0.3809,0.0961,0.0819,-0.0615,-0.0142
61320.0000,0.4417,0.3804,0.0960,0.0818,-0.0613,-0.0141
61380.0000,0.4411,0.3800,0.0958,0.0817,-0.0611,-0.0141
61440.0000,0.4405,0.3795,0.0957,0.0817,-0.0610,-0.0140
61500.0000,0.4399,0.3791,0.0956,0.0816,-0.0608,-0.0140
61560.0000,0.4393,0.3786,0.0954,0.0815,-0.0607,-0.0140
61620.0000,0.4387,0.3782,0.0953,0.0814,-0.0605,-0.0140
61680.0000,0.4381,0.3777,0.0952,0.0813,-0.0604,-0.0139
61740.0000,0.4375,0.3773,0.0951,0.0812,-0.0602,-0.0139
61800.0000,0.4369,0.3768,0.0949,0.0811,-0.0601,-0.0139
61860.0000,0.4363,0.3764,0.0948,0.0810,-0.0599,-0.0138
61920.0000,0.4357,0.3760,0.0947,0.0809,-0.0598,-0.0138
61980.0000,0.4351,0.3755,0.0946,0.0808,-0.0596,-0.0138
62040.0000,0.4345,0.3751,0.0945,0.0807,-0.0595,-0.0137
62100.0000,0.4340,0.3746,0.0943,0.0806,-0.0593,-0.0137
62160.0000,0.4334,0.3742,0.0942,0.0805,-0.0592,-0.0137
62220.0000,0.4328,0.3738,0.0941,0.0804,-0.0590,-0.0137
62280.0000,0.4322,0.3733,0.0940,0.0803,-0.0589,-0.0136
62340.0000,0.4316,0.3729,0.0939,0.0803,-0.0587,-0.0136
62400.0000,0.4311,0.3725,0.0937,0.0802,-0.0586,-0.0136
62460.0000,0.4305,0.3720,0.0936,0.0801,-0.0584,-0.0135
62520.0000,0.4299,0.3716,0.0935,0.0800,-0.0583,-0.0135
62580.0000,0.4293,0.3712,0.0934,0.0799,-0.0581,-0.0135
62640.0000,0.4288,0.3708,0.0933,0.0798,-0.0580,-0.0134
62700.0000,0.4282,0.3703,0.0931,0.0798,-0.0579,-0.0134
62760.0000,0.4276,0.3699,0.0930,0.0797,-0.0577,-0.0133
62820.0000,0.4270,0.3695,0.0929,0.0796,-0.0576,-0.0133
62880.0000,0.4265,0.3691,0.0928,0.0795,-0.0574,-0.0133
62940.0000,0.4259,0.3686,0.0927,0.0795,-0.0573,-0.0132
63000.0000,0.4254,0.3682,0.0926,0.0794,-0.0571,-0.0132
63060.0000,0.4248,0.3678,0.0924,0.0793,-0.0570,-0.0131
63120.0000,0.4242,0.3674,0.0923,0.0792,-0.0569,-0.0131
63180.0000,0.4237,0.3670,0.0922,0.0792,-0.0567,-0.0131
63240.0000,0.4231,0.3665,0.0921,0.0791,-0.0566,-0.0130
63300.0000,0.4226,0.3661,0.0920,0.0790,-0.0564,-0.0130
63360.0000,0.4220,0.3657,0.0919,0.0789,-0.0563,-0.0130
63420.0000,0.4215,0.3653,0.0918,0.0788,-0.0562,-0.0129
63480.0000,0.4209,0.3649,0.0917,0.0788,-0.0560,-0.0129
63540.0000,0.4204,0.3645,0.0915,0.0787,-0.0559,-0.0128
63600.0000,0.4198,0.3641,0.0914,0.0786,-0.0557,-0.0128
63660.0000,0.4193,0.3637,0.0913,0.0785,-0.0556,-0.0128
63720.0000,0.4187,0.3632,0.0912,0.0785,-0.0555,-0.0127
63780.0000,0.4182,0.3628,0.0911,0.0784,-0.0553,-0.0127
63840.0000,0.4176,0.3624,0.0910,0.0783,-0.0552,-0.0127
63900.0000,0.4171,0.3620,0.0909,0.0782,-0.0551,-0.0126
63960.0000,0.4166,0.3616,0.0908,0.0782,-0.0549,-0.0126
64020.0000,0.4160,0.3612,0.0907,0.0781,-0.0548,-0.0126
64080.0000,0.4155,0.3608,0.0906,0.0780,-0.0547,-0.0125
64140.0000,0.4149,0.3604,0.0904,0.0780,-0.0545,-0.0125
64200.0000,0.4144,0.3600,0.0903,0.0779,-0.0544,-0.0124
64260.0000,0.4139,0.3596,0.0902,0.0778,-0.0543,-0.0124
64320.0000,0.4133,0.3592,0.0901,0.0778,-0.0541,-0.0123
64380.0000,0.4128,0.3588,0.0900,0.0777,-0.0540,-0.0123
64440.0000,0.4123,0.3584,0.0899,0.0777,-0.0539,-0.0122
64500.0000,0.4118,0.3580,0.0898,0.0776,-0.0537,-0.0122
64560.0000,0.4112,0.3576,0.0897,0.0776,-0.0536,-0.0122
64620.0000,0.4107,0.3572,0.0896,0.0775,-0.0535,-0.0121
64680.0000,0.4102,0.3569,0.0895,0.0774,-0.0533,-0.0120
64740.0000,0.4097,0.3565,0.0894,0.0774,-0.0532,-0.0120
64800.0000,0.4092,0.3561,0.0893,0.0773,-0.0531,-0.0119
64860.0000,0.4086,0.3557,0.0892,0.0773,-0.0530,-0.0119
64920.0000,0.4081,0.3553,0.0891,0.0773,-0.0528,-0.0118
64980.0000,0.4076,0.3549,0.0890,0.0772,-0.0527,-0.0118
65040.0000,0.4071,0.3545,0.0889,0.0772,-0.0526,-0.0117
65100.0000,0.4066,0.3541,0.0888,0.0771,-0.0524,-0.0117
65160.0000,0.4061,0.3537,0.0887,0.0771,-0.0523,-0.0116
65220.0000,0.4056,0.3534,0.0886,0.0770,-0.0522,-0.0116
65280.0000,0.4050,0.3530,0.0885,0.0770,-0.0521,-0.0115
65340.0000,0.4045,0.3526,0.0884,0.0769,-0.0519,-0.0115
65400.0000,0.4040,0.3522,0.0883,0.0769,-0.0518,-0.0114
65460.0000,0.4035,0.3518,0.0882,0.0768,-0.0517,-0.0114
65520.0000,0.4030,0.3515,0.0881,0.0768,-0.0516,-0.0113
65580.0000,0.4025,0.3511,0.0880,0.0767,-0.0514,-0.0113
65640.0000,0.4020,0.3507,0.0879,0.0767,-0.0513,-0.0112
65700.0000,0.4015,0.3503,0.0878,0.0766,-0.0512,-0.0112
65760.0000,0.4010,0.3500,0.0877,0.0766,-0.0511,-0.0111
65820.0000,0.4005,0.3496,0.0876,0.0765,-0.0509,-0.0111
65880.0000,0.4000,0.3492,0.0875,0.0764,-0.0508,-0.0110
65940.0000,0.3995,0.3488,0.0874,0.0764,-0.0507,-0.0110
66000.0000,0.3990,0.3485,0.0873,0.0763,-0.0506,-0.0109
66060.0000,0.3986,0.3481,0.0872,0.0763,-0.0505,-0.0109
66120.0000,0.3981,0.3477,0.0871,0.0762,-0.0503,-0.0108
66180.0000,0.3976,0.3474,0.0870,0.0762,-0.0502,-0.0108
66240.0000,0.3971,0.3470,0.0869,0.0761,-0.0501,-0.0108
66300.0000,0.3966,0.3466,0.0868,0.0761,-0.0500,-0.0107
66360.0000,0.3961,0.3463,0.0867,0.0760,-0.0499,-0.0107
66420.0000,0.3956,0.3459,0.0866,0.0760,-0.0497,-0.0106
66480.0000,0.3952,0.3455,0.0865,0.0759,-0.0496,-0.0106
66540.0000,0.3947,0.3452,0.0864,0.0758,-0.0495,-0.0106
66600.0000,0.3942,0.3448,0.0863,0.0758,-0.0494,-0.0105
66660.0000,0.3937,0.3445,0.0862,0.0757,-0.0493,-0.0105
66720.0000,0.3932,0.3441,0.0861,0.0757,-0.0492,-0.0105
66780.0000,0.3928,0.3437,0.0860,0.0756,-0.0490,-0.0104
66840.0000,0.3923,0.3434,0.0859,0.0756,-0.0489,-0.0104
66900.0000,0.3918,0.3430,0.0858,0.0755,-0.0488,-0.0104
66960.0000,0.3913,0.3427,0.0858,0.0754,-0.0487,-0.0103
67020.0000,0.3909,0.3423,0.0857,0.0754,-0.0486,-0.0103
67080.0000,0.3904,0.3420,0.0856,0.0753,-0.0485,-0.0102
67140.0000,0.3899,0.3416,0.0855,0.0753,-0.0483,-0.0102
67200.0000,0.3895,0.3412,0.0854,0.0752,-0.0482,-0.0102
67260.0000,0.3890,0.3409,0.0853,0.0752,-0.0481,-0.0101
67320.0000,0.3885,0.3405,0.0852,0.0751,-0.0480,-0.0101
67380.0000,0.3881,0.3402,0.0851,0.0750,-0.0479,-0.0101
67440.0000,0.3876,0.3398,0.0850,0.0750,-0.0478,-0.0100
67500.0000,0.3872,0.3395,0.0849,0.0749,-0.0477,-0.0100
67560.0000,0.3867,0.3391,0.0849,0.0749,-0.0475,-0.0100
67620.0000,0.3862,0.3388,0.0848,0.0748,-0.0474,-0.0099
67680.0000,0.3858,0.3385,0.0847,0.0748,-0.0473,-0.0099
67740.0000,0.3853,0.3381,0.0846,0.0747,-0.0472,-0.0099
67800.0000,0.3849,0.3378,0.0845,0.0747,-0.0471,-0.0098
67860.0000,0.3844,0.3374,0.0844,0.0746,-0.0470,-0.0098
67920.0000,0.3840,0.3371,0.0843,0.0746,-0.0469,-0.0098
67980.0000,0.3835,0.3367,0.0842,0.0745,-0.0468,-0.0097
68040.0000,0.3831,0.3364,0.0842,0.0744,-0.0467,-0.0097
68100.0000,0.3826,0.3361,0.0841,0.0744,-0.0466,-0.0097
68160.0000,0.3822,0.3357,0.0840,0.0743,-0.0464,-0.0096
68220.0000,0.3817,0.3354,0.0839,0.0743,-0.0463,-0.0096
68280.0000,0.3813,0.3350,0.0838,0.0742,-0.0462,-0.0096
68340.0000,0.3808,0.3347,0.0837,0.0742,-0.0461,-0.0095
68400.0000,0.3804,0.3344,0.0836,0.0741,-0.0460,-0.0095
68460.0000,0.3799,0.3340,0.0836,0.0741,-0.0459,-0.0095
68520.0000,0.3795,0.3337,0.0835,0.0740,-0.0458,-0.0095
68580.0000,0.3791,0.3334,0.0834,0.0740,-0.0457,-0.0094
68640.0000,0.3786,0.3330,0.0833,0.0739,-0.0456,-0.0094
68700.0000,0.3782,0.3327,0.0832,0.0739,-0.0455,-0.0094
68760.0000,0.3777,0.3324,0.0831,0.0738,-0.0454,-0.0093
68820.0000,0.3773,0.3320,0.0831,0.0738,-0.0453,-0.0093
68880.0000,0.3769,0.3317,0.0830,0.0737,-0.0452,-0.0093
68940.0000,0.3764,0.3314,0.0829,0.0737,-0.0451,-0.0092
69000.0000,0.3760,0.3310,0.0828,0.0736,-0.0450,-0.0092
69060.0000,0.3756,0.3307,0.0827,0.0735,-0.0449,-0.0092
69120.0000,0.3751,0.3304,0.0826,0.0735,-0.0448,-0.0092
69180.0000,0.3747,0.3301,0.0826,0.0734,-0.0446,-0.0091
69240.0000,0.3743,0.3297,0.0825,0.0734,-0.0445,-0.0091
69300.0000,0.3739,0.3294,0.0824,0.0733,-0.0444,-0.0091
69360.0000,0.3734,0.3291,0.0823,0.0733,-0.0443,-0.0090
69420.0000,0.3730,0.3288,0.0822,0.0732,-0.0442,-0.0090
69480.0000,0.3726,0.3285,0.0822,0.0732,-0.0441,-0.0090
69540.0000,0.3722,0.3281,0.0821,0.0731,-0.0440,-0.0089
69600.0000,0.3717,0.3278,0.0820,0.0731,-0.0439,-0.0089
69660.0000,0.3713,0.3275,0.0819,0.0730,-0.0438,-0.0089
69720.0000,0.3709,0.3272,0.0818,0.0730,-0.0437,-0.0089
69780.0000,0.3705,0.3269,0.0818,0.0729,-0.0436,-0.0088
69840.0000,0.3701,0.3265,0.0817,0.0729,-0.0435,-0.0088
69900.0000,0.3697,0.3262,0.0816,0.0728,-0.0434,-0.0088
69960.0000,0.3692,0.3259,0.0815,0.0728,-0.0433,-0.0088
70020.0000,0.3688,0.3256,0.0815,0.0727,-0.0432,-0.0087
70080.0000,0.3684,0.3253,0.0814,0.0727,-0.0431,-0.0087
70140.0000,0.3680,0.3250,0.0813,0.0726,-0.0430,-0.0087
70200.0000,0.3676,0.3246,0.0812,0.0726,-0.0429,-0.0086
70260.0000,0.3672,0.3243,0.0812,0.0725,-0.0428,-0.0086
70320.0000,0.3668,0.3240,0.0811,0.0725,-0.0427,-0.0086
70380.0000,0.3664,0.3237,0.0810,0.0724,-0.0426,-0.0086
70440.0000,0.3660,0.3234,0.0809,0.0724,-0.0426,-0.0085
70500.0000,0.3655,0.3231,0.0809,0.0723,-0.0425,-0.0085
70560.0000,0.3651,0.3228,0.0808,0.0723,-0.0424,-0.0085
70620.0000,0.3647,0.3225,0.0807,0.0722,-0.0423,-0.0085
70680.0000,0.3643,0.3222,0.0806,0.0722,-0.0422,-0.0084
70740.0000,0.3639,0.3219,0.0806,0.0721,-0.0421,-0.0084
70800.0000,0.3635,0.3216,0.0805,0.0721,-0.0420,-0.0084
70860.0000,0.3631,0.3213,0.0804,0.0721,-0.0419,-0.0084
70920.0000,0.3627,0.3210,0.0803,0.0720,-0.0418,-0.0083
70980.0000,0.3623,0.3206,0.0803,0.0720,-0.0417,-0.0083
71040.0000,0.3619,0.3203,0.0802,0.0719,-0.0416,-0.0083
71100.0000,0.3615,0.3200,0.0801,0.0719,-0.0415,-0.0083
71160.0000,0.3612,0.3197,0.0800,0.0718,-0.0414,-0.0082
71220.0000,0.3608,0.3194,0.0800,0.0718,-0.0413,-0.0082
71280.0000,0.3604,0.3191,0.0799,0.0717,-0.0412,-0.0082
71340.0000,0.3600,0.3188,0.0798,0.0717,-0.0411,-0.0082
71400.0000,0.3596,0.3185,0.0798,0.0716,-0.0410,-0.0081
71460.0000,0.3592,0.3182,0.0797,0.0716,-0.0409,-0.0081
71520.0000,0.3588,0.3179,0.0796,0.0715,-0.0409,-0.0081
71580.0000,0.3584,0.3176,0.0795,0.0715,-0.0408,-0.0081
71640.0000,0.3580,0.3174,0.0795,0.0714,-0.0407,-0.0080
71700.0000,0.3576,0.3171,0.0794,0.0714,-0.0406,-0.0080
71760.0000,0.3573,0.3168,0.0793,0.0714,-0.0405,-0.0080
71820.0000,0.3569,0.3165,0.0793,0.0713,-0.0404,-0.0080
71880.0000,0.3565,0.3162,0.0792,0.0713,-0.0403,-0.0079
71940.0000,0.3561,0.3159,0.0791,0.0712,-0.0402,-0.0079
72000.0000,0.3557,0.3156,0.0791,0.0712,-0.0401,-0.0079
72060.0000,0.3553,0.3153,0.0790,0.0711,-0.0400,-0.0079
72120.0000,0.3550,0.3150,0.0789,0.0711,-0.0400,-0.0078
72180.0000,0.3546,0.3147,0.0788,0.0710,-0.0399,-0.0078
72240.0000,0.3542,0.3144,0.0788,0.0710,-0.0398,-0.0078
72300.0000,0.3538,0.3141,0.0787,0.0709,-0.0397,-0.0078
72360.0000,0.3535,0.3139,0.0786,0.0709,-0.0396,-0.0077
72420.0000,0.3531,0.3136,0.0786,0.0709,-0.0395,-0.0077
72480.0000,0.3527,0.3133,0.0785,0.0708,-0.0394,-0.0077
72540.0000,0.3523,0.3130,0.0784,0.0708,-0.0393,-0.0077
72600.0000,0.3520,0.3127,0.0784,0.0707,-0.0392,-0.0077
72660.0000,0.3516,0.3124,0.0783,0.0707,-0.0392,-0.0076
72720.0000,0.3512,0.3121,0.0782,0.0706,-0.0391,-0.0076
72780.0000,0.3508,0.3119,0.0782,0.0706,-0.0390,-0.0076
72840.0000,0.3505,0.3116,0.0781,0.0705,-0.0389,-0.0076
72900.0000,0.3501,0.3113,0.0780,0.0705,-0.0388,-0.0075
72960.0000,0.3497,0.3110,0.0780,0.0705,-0.0387,-0.0075
73020.0000,0.3494,0.3107,0.0779,0.0704,-0.0386,-0.0075
73080.0000,0.3490,0.3104,0.0778,0.0704,-0.0386,-0.0075
73140.0000,0.3486,0.3102,0.0778,0.0703,-0.0385,-0.0075
73200.0000,0.3483,0.3099,0.0777,0.0703,-0.0384,-0.0074
73260.0000,0.3479,0.3096,0.0777,0.0702,-0.0383,-0.0074
73320.0000,0.3476,0.3093,0.0776,0.0702,-0.0382,-0.0074
73380.0000,0.3472,0.3091,0.0775,0.0702,-0.0381,-0.0074
73440.0000,0.3468,0.3088,0.0775,0.0701,-0.0381,-0.0073
73500.0000,0.3465,0.3085,0.0774,0.0701,-0.0380,-0.0073
73560.0000,0.3461,0.3082,0.0773,0.0700,-0.0379,-0.0073
73620.0000,0.3458,0.3079,0.0773,0.0700,-0.0378,-0.0073
73680.0000,0.3454,0.3077,0.0772,0.0699,-0.0377,-0.0073
73740.0000,0.3450,0.3074,0.0771,0.0699,-0.0376,-0.0072
73800.0000,0.3447,0.3071,0.0771,0.0699,-0.0376,-0.0072
73860.0000,0.3443,0.3069,0.0770,0.0698,-0.0375,-0.0072
73920.0000,0.3440,0.3066,0.0770,0.0698,-0.0374,-0.0072
73980.0000,0.3436,0.3063,0.0769,0.0697,-0.0373,-0.0072
74040.0000,0.3433,0.3060,0.0768,0.0697,-0.0372,-0.0071
74100.0000,0.3429,0.3058,0.0768,0.0697,-0.0372,-0.0071
74160.0000,0.3426,0.3055,0.0767,0.0696,-0.0371,-0.0071
74220.0000,0.3422,0.3052,0.0766,0.0696,-0.0370,-0.0071
74280.0000,0.3419,0.3050,0.0766,0.0695,-0.0369,-0.0071
74340.0000,0.3415,0.3047,0.0765,0.0695,-0.0368,-0.0070
74400.0000,0.3412,0.3044,0.0765,0.0695,-0.0368,-0.0070
74460.0000,0.3408,0.3042,0.0764,0.0694,-0.0367,-0.0070
74520.0000,0.3405,0.3039,0.0763,0.0694,-0.0366,-0.0070
74580.0000,0.3402,0.3036,0.0763,0.0693,-0.0365,-0.0070
74640.0000,0.3398,0.3034,0.0762,0.0693,-0.0364,-0.0069
74700.0000,0.3395,0.3031,0.0762,0.0693,-0.0364,-0.0069
74760.0000,0.3391,0.3028,0.0761,0.0692,-0.0363,-0.0069
74820.0000,0.3388,0.3026,0.0760,0.0692,-0.0362,-0.0069
74880.0000,0.3384,0.3023,0.0760,0.0691,-0.0361,-0.0069
74940.0000,0.3381,0.3021,0.0759,0.0691,-0.0361,-0.0068
75000.0000,0.3378,0.3018,0.0759,0.0691,-0.0360,-0.0068
75060.0000,0.3374,0.3015,0.0758,0.0690,-0.0359,-0.0068
75120.0000,0.3371,0.3013,0.0758,0.0690,-0.0358,-0.0068
75180.0000,0.3368,0.3010,0.0757,0.0689,-0.0357,-0.0068
75240.0000,0.3364,0.3007,0.0756,0.0689,-0.0357,-0.0067
75300.0000,0.3361,0.3005,0.0756,0.0689,-0.0356,-0.0067
75360.0000,0.3357,0.3002,0.0755,0.0688,-0.0355,-0.0067
75420.0000,0.3354,0.3000,0.0755,0.0688,-0.0354,-0.0067
75480.0000,0.3351,0.2997,0.0754,0.0687,-0.0354,-0.0067
75540.0000,0.3348,0.2995,0.0753,0.0687,-0.0353,-0.0066
75600.0000,0.3344,0.2992,0.0753,0.0687,-0.0352,-0.0066
75660.0000,0.3341,0.2989,0.0752,0.0686,-0.0351,-0.0066
75720.0000,0.3338,0.2987,0.0752,0.0686,-0.0351,-0.0066
75780.0000,0.3334,0.2984,0.0751,0.0685,-0.0350,-0.0066
75840.0000,0.3331,0.2982,0.0751,0.0685,-0.0349,-0.0066
75900.0000,0.3328,0.2979,0.0750,0.0685,-0.0348,-0.0065
75960.0000,0.3325,0.2977,0.0750,0.0684,-0.0348,-0.0065
76020.0000,0.3321,0.2974,0.0749,0.0684,-0.0347,-0.0065
76080.0000,0.3318,0.2972,0.0748,0.0684,-0.0346,-0.0065
76140.0000,0.3315,0.2969,0.0748,0.0683,-0.0346,-0.0065
76200.0000,0.3312,0.2967,0.0747,0.0683,-0.0345,-0.0064
76260.0000,0.3308,0.2964,0.0747,0.0682,-0.0344,-0.0064
76320.0000,0.3305,0.2962,0.0746,0.0682,-0.0343,-0.0064
76380.0000,0.3302,0.2959,0.0746,0.0682,-0.0343,-0.0064
76440.0000,0.3299,0.2957,0.0745,0.0681,-0.0342,-0.0064
76500.0000,0.3295,0.2954,0.0745,0.0681,-0.0341,-0.0064
76560.0000,0.3292,0.2952,0.0744,0.0681,-0.0340,-0.0063
76620.0000,0.3289,0.2949,0.0744,0.0680,-0.0340,-0.0063
76680.0000,0.3286,0.2947,0.0743,0.0680,-0.0339,-0.0063
76740.0000,0.3283,0.2944,0.0742,0.0680,-0.0338,-0.0063
76800.0000,0.3280,0.2942,0.0742,0.0679,-0.0338,-0.0063
76860.0000,0.3276,0.2940,0.0741,0.0679,-0.0337,-0.0063
76920.0000,0.3273,0.2937,0.0741,0.0678,-0.0336,-0.0062
76980.0000,0.3270,0.2935,0.0740,0.0678,-0.0336,-0.0062
77040.0000,0.3267,0.2932,0.0740,0.0678,-0.0335,-0.0062
77100.0000,0.3264,0.2930,0.0739,0.0677,-0.0334,-0.0062
77160.0000,0.3261,0.2927,0.0739,0.0677,-0.0333,-0.0062
77220.0000,0.3258,0.2925,0.0738,0.0677,-0.0333,-0.0062
77280.0000,0.3255,0.2923,0.0738,0.0676,-0.0332,-0.0061
77340.0000,0.3251,0.2920,0.0737,0.0676,-0.0331,-0.0061
77400.0000,0.3248,0.2918,0.0737,0.0676,-0.0331,-0.0061
77460.0000,0.3245,0.2915,0.0736,0.0675,-0.0330,-0.0061
77520.0000,0.3242,0.2913,0.0736,0.0675,-0.0329,-0.0061
77580.0000,0.3239,0.2911,0.0735,0.0674,-0.0329,-0.0061
77640.0000,0.3236,0.2908,0.0735,0.0674,-0.0328,-0.0061
77700.0000,0.3233,0.2906,0.0734,0.0674,-0.0327,-0.0061
77760.0000,0.3230,0.2903,0.0734,0.0673,-0.0327,-0.0060
77820.0000,0.3227,0.2901,0.0733,0.0673,-0.0326,-0.0060
77880.0000,0.3224,0.2899,0.0733,0.0672,-0.0325,-0.0060
77940.0000,0.3221,0.2896,0.0732,0.0672,-0.0325,-0.0060
78000.0000,0.3218,0.2894,0.0732,0.0672,-0.0324,-0.0060
78060.0000,0.3215,0.2892,0.0731,0.0671,-0.0323,-0.0060
78120.0000,0.3212,0.2889,0.0731,0.0671,-0.0323,-0.0060
78180.0000,0.3209,0.2887,0.0730,0.0670,-0.0322,-0.0060
78240.0000,0.3206,0.2885,0.0730,0.0670,-0.0321,-0.0060
78300.0000,0.3203,0.2882,0.0729,0.0670,-0.0321,-0.0059
78360.0000,0.3200,0.2880,0.0729,0.0669,-0.0320,-0.0059
78420.0000,0.3197,0.2878,0.0728,0.0669,-0.0319,-0.0059
78480.0000,0.3194,0.2875,0.0728,0.0669,-0.0319,-0.0059
78540.0000,0.3191,0.2873,0.0727,0.0668,-0.0318,-0.0059
78600.0000,0.3188,0.2871,0.0727,0.0668,-0.0317,-0.0058
78660.0000,0.3185,0.2868,0.0726,0.0668,-0.0317,-0.0058
78720.0000,0.3182,0.2866,0.0726,0.0668,-0.0316,-0.0058
78780.0000,0.3179,0.2864,0.0725,0.0668,-0.0315,-0.0058
78840.0000,0.3176,0.2862,0.0725,0.0667,-0.0315,-0.0057
78900.0000,0.3173,0.2859,0.0724,0.0667,-0.0314,-0.0057
78960.0000,0.3170,0.2857,0.0724,0.0667,-0.0313,-0.0057
79020.0000,0.3168,0.2855,0.0723,0.0667,-0.0313,-0.0056
79080.0000,0.3165,0.2852,0.0723,0.0667,-0.0312,-0.0056
79140.0000,0.3162,0.2850,0.0722,0.0667,-0.0312,-0.0056
79200.0000,0.3159,0.2848,0.0722,0.0667,-0.0311,-0.0055
79260.0000,0.3156,0.2846,0.0721,0.0666,-0.0310,-0.0055
79320.0000,0.3153,0.2843,0.0721,0.0666,-0.0310,-0.0055
79380.0000,0.3150,0.2841,0.0720,0.0666,-0.0309,-0.0054
79440.0000,0.3147,0.2839,0.0720,0.0666,-0.0308,-0.0054
79500.0000,0.3144,0.2837,0.0719,0.0666,-0.0308,-0.0054
79560.0000,0.3142,0.2834,0.0719,0.0666,-0.0307,-0.0053
79620.0000,0.3139,0.2832,0.0719,0.0665,-0.0307,-0.0053
79680.0000,0.3136,0.2830,0.0718,0.0665,-0.0306,-0.0053
79740.0000,0.3133,0.2828,0.0718,0.0665,-0.0305,-0.0053
79800.0000,0.3130,0.2826,0.0717,0.0665,-0.0305,-0.0053
79860.0000,0.3127,0.2823,0.0717,0.0664,-0.0304,-0.0052
79920.0000,0.3125,0.2821,0.0716,0.0664,-0.0304,-0.0052
79980.0000,0.3122,0.2819,0.0716,0.0664,-0.0303,-0.0052
80040.0000,0.3119,0.2817,0.0715,0.0664,-0.0302,-0.0052
80100.0000,0.3116,0.2815,0.0715,0.0663,-0.0302,-0.0051
80160.0000,0.3113,0.2812,0.0714,0.0663,-0.0301,-0.0051
80220.0000,0.3111,0.2810,0.0714,0.0663,-0.0300,-0.0051
80280.0000,0.3108,0.2808,0.0713,0.0663,-0.0300,-0.0051
80340.0000,0.3105,0.2806,0.0713,0.0662,-0.0299,-0.0051
80400.0000,0.3102,0.2804,0.0713,0.0662,-0.0299,-0.0050
80460.0000,0.3100,0.2802,0.0712,0.0662,-0.0298,-0.0050
80520.0000,0.3097,0.2799,0.0712,0.0662,-0.0298,-0.0050
80580.0000,0.3094,0.2797,0.0711,0.0661,-0.0297,-0.0050
80640.0000,0.3091,0.2795,0.0711,0.0661,-0.0296,-0.0050
80700.0000,0.3089,0.2793,0.0710,0.0661,-0.0296,-0.0049
80760.0000,0.3086,0.2791,0.0710,0.0661,-0.0295,-0.0049
80820.0000,0.3083,0.2789,0.0709,0.0660,-0.0295,-0.0049
80880.0000,0.3080,0.2787,0.0709,0.0660,-0.0294,-0.0049
80940.0000,0.3078,0.2784,0.0709,0.0660,-0.0293,-0.0049
81000.0000,0.3075,0.2782,0.0708,0.0660,-0.0293,-0.0049
81060.0000,0.3072,0.2780,0.0708,0.0659,-0.0292,-0.0049
81120.0000,0.3070,0.2778,0.0707,0.0659,-0.0292,-0.0048
81180.0000,0.3067,0.2776,0.0707,0.0658,-0.0291,-0.0049
81240.0000,0.3064,0.2774,0.0706,0.0658,-0.0291,-0.0049
81300.0000,0.3062,0.2772,0.0706,0.0657,-0.0290,-0.0049
81360.0000,0.3059,0.2770,0.0706,0.0657,-0.0289,-0.0049
81420.0000,0.3056,0.2768,0.0705,0.0656,-0.0289,-0.0049
81480.0000,0.3054,0.2765,0.0705,0.0656,-0.0288,-0.0049
81540.0000,0.3051,0.2763,0.0704,0.0655,-0.0288,-0.0049
81600.0000,0.3048,0.2761,0.0704,0.0655,-0.0287,-0.0049
81660.0000,0.3046,0.2759,0.0703,0.0654,-0.0287,-0.0049
81720.0000,0.3043,0.2757,0.0703,0.0654,-0.0286,-0.0049
81780.0000,0.3040,0.2755,0.0703,0.0653,-0.0285,-0.0049
81840.0000,0.3038,0.2753,0.0702,0.0653,-0.0285,-0.0049
81900.0000,0.3035,0.2751,0.0702,0.0652,-0.0284,-0.0049
81960.0000,0.3033,0.2749,0.0701,0.0652,-0.0284,-0.0049
82020.0000,0.3030,0.2747,0.0701,0.0652,-0.0283,-0.0049
82080.0000,0.3027,0.2745,0.0701,0.0651,-0.0283,-0.0049
82140.0000,0.3025,0.2743,0.0700,0.0651,-0.0282,-0.0049
82200.0000,0.3022,0.2741,0.0700,0.0651,-0.0282,-0.0049
82260.0000,0.3020,0.2739,0.0699,0.0650,-0.0281,-0.0049
82320.0000,0.3017,0.2737,0.0699,0.0650,-0.0280,-0.0049
82380.0000,0.3014,0.2735,0.0699,0.0650,-0.0280,-0.0049
82440.0000,0.3012,0.2733,0.0698,0.0650,-0.0279,-0.0048
82500.0000,0.3009,0.2731,0.0698,0.0649,-0.0279,-0.0048
82560.0000,0.3007,0.2729,0.0697,0.0649,-0.0278,-0.0048
82620.0000,0.3004,0.2727,0.0697,0.0649,-0.0278,-0.0048
82680.0000,0.3002,0.2724,0.0697,0.0649,-0.0277,-0.0047
82740.0000,0.2999,0.2722,0.0696,0.0649,-0.0277,-0.0047
82800.0000,0.2997,0.2720,0.0696,0.0649,-0.0276,-0.0047
82860.0000,0.2994,0.2718,0.0695,0.0649,-0.0276,-0.0046
82920.0000,0.2992,0.2716,0.0695,0.0649,-0.0275,-0.0046
82980.0000,0.2989,0.2715,0.0695,0.0649,-0.0275,-0.0046
83040.0000,0.2987,0.2713,0.0694,0.0649,-0.0274,-0.0045
83100.0000,0.2984,0.2711,0.0694,0.0649,-0.0273,-0.0045
83160.0000,0.2981,0.2709,0.0693,0.0648,-0.0273,-0.0045
83220.0000,0.2979,0.2707,0.0693,0.0648,-0.0272,-0.0045
83280.0000,0.2977,0.2705,0.0693,0.0648,-0.0272,-0.0045
83340.0000,0.2974,0.2703,0.0692,0.0648,-0.0271,-0.0044
83400.0000,0.2972,0.2701,0.0692,0.0648,-0.0271,-0.0044
83460.0000,0.2969,0.2699,0.0691,0.0647,-0.0270,-0.0044
83520.0000,0.2967,0.2697,0.0691,0.0647,-0.0270,-0.0044
83580.0000,0.2964,0.2695,0.0691,0.0647,-0.0269,-0.0044
83640.0000,0.2962,0.2693,0.0690,0.0647,-0.0269,-0.0043
83700.0000,0.2959,0.2691,0.0690,0.0647,-0.0268,-0.0043
83760.0000,0.2957,0.2689,0.0689,0.0646,-0.0268,-0.0043
83820.0000,0.2954,0.2687,0.0689,0.0646,-0.0267,-0.0043
83880.0000,0.2952,0.2685,0.0689,0.0646,-0.0267,-0.0043
83940.0000,0.2949,0.2683,0.0688,0.0646,-0.0266,-0.0043
84000.0000,0.2947,0.2681,0.0688,0.0645,-0.0266,-0.0042
84060.0000,0.2945,0.2679,0.0688,0.0645,-0.0265,-0.0042
84120.0000,0.2942,0.2677,0.0687,0.0645,-0.0265,-0.0042
84180.0000,0.2940,0.2676,0.0687,0.0645,-0.0264,-0.0042
84240.0000,0.2937,0.2674,0.0686,0.0645,-0.0264,-0.0042
84300.0000,0.2935,0.2672,0.0686,0.0644,-0.0263,-0.0042
84360.0000,0.2933,0.2670,0.0686,0.0644,-0.0263,-0.0042
84420.0000,0.2930,0.2668,0.0685,0.0644,-0.0262,-0.0041
84480.0000,0.2928,0.2666,0.0685,0.0644,-0.0262,-0.0041
84540.0000,0.2925,0.2664,0.0685,0.0643,-0.0261,-0.0041
84600.0000,0.2923,0.2662,0.0684,0.0643,-0.0261,-0.0041
84660.0000,0.2921,0.2660,0.0684,0.0643,-0.0260,-0.0041
84720.0000,0.2918,0.2658,0.0684,0.0643,-0.0260,-0.0041
84780.0000,0.2916,0.2657,0.0683,0.0642,-0.0259,-0.0041
84840.0000,0.2913,0.2655,0.0683,0.0642,-0.0259,-0.0041
84900.0000,0.2911,0.2653,0.0682,0.0641,-0.0258,-0.0041
84960.0000,0.2909,0.2651,0.0682,0.0641,-0.0258,-0.0041
85020.0000,0.2906,0.2649,0.0682,0.0640,-0.0257,-0.0041
85080.0000,0.2904,0.2647,0.0681,0.0640,-0.0257,-0.0042
85140.0000,0.2902,0.2645,0.0681,0.0639,-0.0256,-0.0042
85200.0000,0.2899,0.2644,0.0681,0.0639,-0.0256,-0.0042
85260.0000,0.2897,0.2642,0.0680,0.0639,-0.0255,-0.0042
85320.0000,0.2895,0.2640,0.0680,0.0638,-0.0255,-0.0042
85380.0000,0.2892,0.2638,0.0680,0.0638,-0.0254,-0.0042
85440.0000,0.2890,0.2636,0.0679,0.0637,-0.0254,-0.0042
85500.0000,0.2888,0.2634,0.0679,0.0637,-0.0253,-0.0042
85560.0000,0.2886,0.2633,0.0679,0.0636,-0.0253,-0.0042
85620.0000,0.2883,0.2631,0.0678,0.0636,-0.0253,-0.0042
85680.0000,0.2881,0.2629,0.0678,0.0636,-0.0252,-0.0042
85740.0000,0.2879,0.2627,0.0678,0.0636,-0.0252,-0.0042
85800.0000,0.2876,0.2625,0.0677,0.0635,-0.0251,-0.0042
85860.0000,0.2874,0.2623,0.0677,0.0635,-0.0251,-0.0042
85920.0000,0.2872,0.2622,0.0677,0.0635,-0.0250,-0.0042
85980.0000,0.2869,0.2620,0.0676,0.0635,-0.0250,-0.0042
86040.0000,0.2867,0.2618,0.0676,0.0634,-0.0249,-0.0041
86100.0000,0.2865,0.2616,0.0676,0.0634,-0.0249,-0.0041
86160.0000,0.2863,0.2614,0.0675,0.0634,-0.0248,-0.0041
86220.0000,0.2860,0.2613,0.0675,0.0634,-0.0248,-0.0041
86280.0000,0.2858,0.2611,0.0675,0.0634,-0.0247,-0.0040
86340.0000,0.2856,0.2609,0.0674,0.0634,-0.0247,-0.0040
86400.0000,0.2854,0.2607,0.0674,0.0634,-0.0247,-0.0040
86460.0000,0.2851,0.2605,0.0674,0.0634,-0.0246,-0.0040
86520.0000,0.2849,0.2604,0.0673,0.0634,-0.0246,-0.0039
86580.0000,0.2847,0.2602,0.0673,0.0634,-0.0245,-0.0039
86640.0000,0.2845,0.2600,0.0673,0.0634,-0.0245,-0.0039
86700.0000,0.2843,0.2598,0.0672,0.0634,-0.0244,-0.0039
86760.0000,0.2840,0.2597,0.0672,0.0633,-0.0244,-0.0038
86820.0000,0.2838,0.2595,0.0672,0.0633,-0.0243,-0.0038
86880.0000,0.2836,0.2593,0.0671,0.0633,-0.0243,-0.0038
86940.0000,0.2834,0.2591,0.0671,0.0633,-0.0242,-0.0038
87000.0000,0.2832,0.2590,0.0671,0.0633,-0.0242,-0.0038
87060.0000,0.2829,0.2588,0.0670,0.0633,-0.0242,-0.0038
87120.0000,0.2827,0.2586,0.0670,0.0632,-0.0241,-0.0037
87180.0000,0.2825,0.2584,0.0670,0.0632,-0.0241,-0.0037
87240.0000,0.2823,0.2583,0.0669,0.0632,-0.0240,-0.0037
87300.0000,0.2821,0.2581,0.0669,0.0632,-0.0240,-0.0037
87360.0000,0.2818,0.2579,0.0669,0.0632,-0.0239,-0.0037
87420.0000,0.2816,0.2577,0.0668,0.0632,-0.0239,-0.0037
87480.0000,0.2814,0.2576,0.0668,0.0631,-0.0238,-0.0037
87540.0000,0.2812,0.2574,0.0668,0.0631,-0.0238,-0.0036
87600.0000,0.2810,0.2572,0.0667,0.0631,-0.0238,-0.0036
87660.0000,0.2808,0.2570,0.0667,0.0631,-0.0237,-0.0036
87720.0000,0.2806,0.2569,0.0667,0.0631,-0.0237,-0.0036
87780.0000,0.2803,0.2567,0.0666,0.0630,-0.0236,-0.0036
87840.0000,0.2801,0.2565,0.0666,0.0630,-0.0236,-0.0036
87900.0000,0.2799,0.2564,0.0666,0.0630,-0.0235,-0.0036
87960.0000,0.2797,0.2562,0.0665,0.0630,-0.0235,-0.0036
88020.0000,0.2795,0.2560,0.0665,0.0630,-0.0235,-0.0035
88080.0000,0.2793,0.2559,0.0665,0.0629,-0.0234,-0.0035
88140.0000,0.2791,0.2557,0.0664,0.0629,-0.0234,-0.0035
88200.0000,0.2789,0.2555,0.0664,0.0629,-0.0233,-0.0035
88260.0000,0.2786,0.2553,0.0664,0.0629,-0.0233,-0.0035
88320.0000,0.2784,0.2552,0.0664,0.0628,-0.0233,-0.0035
88380.0000,0.2782,0.2550,0.0663,0.0628,-0.0232,-0.0035
88440.0000,0.2780,0.2548,0.0663,0.0628,-0.0232,-0.0035
88500.0000,0.2778,0.2547,0.0663,0.0627,-0.0231,-0.0035
88560.0000,0.2776,0.2545,0.0662,0.0627,-0.0231,-0.0035
88620.0000,0.2774,0.2543,0.0662,0.0626,-0.0230,-0.0036
88680.0000,0.2772,0.2542,0.0662,0.0626,-0.0230,-0.0036
88740.0000,0.2770,0.2540,0.0661,0.0626,-0.0230,-0.0036
88800.0000,0.2768,0.2538,0.0661,0.0625,-0.0229,-0.0036
88860.0000,0.2766,0.2537,0.0661,0.0625,-0.0229,-0.0036
88920.0000,0.2764,0.2535,0.0661,0.0624,-0.0228,-0.0036
88980.0000,0.2761,0.2533,0.0660,0.0624,-0.0228,-0.0036
89040.0000,0.2759,0.2532,0.0660,0.0624,-0.0228,-0.0036
89100.0000,0.2757,0.2530,0.0660,0.0623,-0.0227,-0.0036
89160.0000,0.2755,0.2529,0.0659,0.0623,-0.0227,-0.0036
89220.0000,0.2753,0.2527,0.0659,0.0623,-0.0226,-0.0036
89280.0000,0.2751,0.2525,0.0659,0.0622,-0.0226,-0.0036
89340.0000,0.2749,0.2524,0.0658,0.0622,-0.0226,-0.0036
89400.0000,0.2747,0.2522,0.0658,0.0622,-0.0225,-0.0036
89460.0000,0.2745,0.2520,0.0658,0.0622,-0.0225,-0.0036
89520.0000,0.2743,0.2519,0.0658,0.0621,-0.0224,-0.0036
89580.0000,0.2741,0.2517,0.0657,0.0621,-0.0224,-0.0036
89640.0000,0.2739,0.2516,0.0657,0.0621,-0.0224,-0.0036
89700.0000,0.2737,0.2514,0.0657,0.0621,-0.0223,-0.0036
89760.0000,0.2735,0.2512,0.0656,0.0621,-0.0223,-0.0035
89820.0000,0.2733,0.2511,0.0656,0.0621,-0.0222,-0.0035
89880.0000,0.2731,0.2509,0.0656,0.0621,-0.0222,-0.0035
89940.0000,0.2729,0.2507,0.0656,0.0621,-0.0222,-0.0035
90000.0000,0.2727,0.2506,0.0655,0.0621,-0.0221,-0.0034
90060.0000,0.2725,0.2504,0.0655,0.0621,-0.0221,-0.0034
90120.0000,0.2723,0.2503,0.0655,0.0621,-0.0220,-0.0034
90180.0000,0.2721,0.2501,0.0654,0.0621,-0.0220,-0.0034
90240.0000,0.2719,0.2499,0.0654,0.0621,-0.0220,-0.0033
90300.0000,0.2717,0.2498,0.0654,0.0621,-0.0219,-0.0033
90360.0000,0.2715,0.2496,0.0654,0.0620,-0.0219,-0.0033
90420.0000,0.2713,0.2495,0.0653,0.0620,-0.0218,-0.0033
90480.0000,0.2711,0.2493,0.0653,0.0620,-0.0218,-0.0033
90540.0000,0.2709,0.2492,0.0653,0.0620,-0.0218,-0.0033
90600.0000,0.2707,0.2490,0.0653,0.0620,-0.0217,-0.0033
90660.0000,0.2705,0.2488,0.0652,0.0620,-0.0217,-0.0032
90720.0000,0.2703,0.2487,0.0652,0.0620,-0.0217,-0.0032
90780.0000,0.2701,0.2485,0.0652,0.0620,-0.0216,-0.0032
90840.0000,0.2700,0.2484,0.0651,0.0619,-0.0216,-0.0032
90900.0000,0.2698,0.2482,0.0651,0.0619,-0.0215,-0.0032
90960.0000,0.2696,0.2481,0.0651,0.0619,-0.0215,-0.0032
91020.0000,0.2694,0.2479,0.0651,0.0619,-0.0215,-0.0032
91080.0000,0.2692,0.2477,0.0650,0.0619,-0.0214,-0.0032
91140.0000,0.2690,0.2476,0.0650,0.0619,-0.0214,-0.0031
91200.0000,0.2688,0.2474,0.0650,0.0618,-0.0214,-0.0031
91260.0000,0.2686,0.2473,0.0649,0.0618,-0.0213,-0.0031
91320.0000,0.2684,0.2471,0.0649,0.0618,-0.0213,-0.0031
91380.0000,0.2682,0.2470,0.0649,0.0618,-0.0212,-0.0031
91440.0000,0.2680,0.2468,0.0649,0.0618,-0.0212,-0.0031
91500.0000,0.2678,0.2467,0.0648,0.0618,-0.0212,-0.0031
91560.0000,0.2677,0.2465,0.0648,0.0617,-0.0211,-0.0031
91620.0000,0.2675,0.2464,0.0648,0.0617,-0.0211,-0.0031
91680.0000,0.2673,0.2462,0.0648,0.0617,-0.0211,-0.0030
91740.0000,0.2671,0.2461,0.0647,0.0617,-0.0210,-0.0030
91800.0000,0.2669,0.2459,0.0647,0.0617,-0.0210,-0.0030
91860.0000,0.2667,0.2458,0.0647,0.0617,-0.0210,-0.0030
91920.0000,0.2665,0.2456,0.0647,0.0616,-0.0209,-0.0030
91980.0000,0.2663,0.2455,0.0646,0.0616,-0.0209,-0.0030
92040.0000,0.2662,0.2453,0.0646,0.0616,-0.0208,-0.0030
92100.0000,0.2660,0.2452,0.0646,0.0616,-0.0208,-0.0030
92160.0000,0.2658,0.2450,0.0645,0.0616,-0.0208,-0.0030
92220.0000,0.2656,0.2449,0.0645,0.0616,-0.0207,-0.0030
92280.0000,0.2654,0.2447,0.0645,0.0615,-0.0207,-0.0030
92340.0000,0.2652,0.2446,0.0645,0.0615,-0.0207,-0.0029
92400.0000,0.2650,0.2444,0.0644,0.0615,-0.0206,-0.0029
92460.0000,0.2649,0.2443,0.0644,0.0615,-0.0206,-0.0029
92520.0000,0.2647,0.2441,0.0644,0.0615,-0.0206,-0.0029
92580.0000,0.2645,0.2440,0.0644,0.0615,-0.0205,-0.0029
92640.0000,0.2643,0.2438,0.0643,0.0614,-0.0205,-0.0029
92700.0000,0.2641,0.2437,0.0643,0.0614,-0.0205,-0.0029
92760.0000,0.2639,0.2435,0.0643,0.0614,-0.0204,-0.0029
92820.0000,0.2638,0.2434,0.0643,0.0614,-0.0204,-0.0029
92880.0000,0.2636,0.2432,0.0642,0.0614,-0.0204,-0.0029
92940.0000,0.2634,0.2431,0.0642,0.0614,-0.0203,-0.0029
93000.0000,0.2632,0.2429,0.0642,0.0613,-0.0203,-0.0028
93060.0000,0.2630,0.2428,0.0642,0.0613,-0.0202,-0.0028
93120.0000,0.2628,0.2426,0.0641,0.0613,-0.0202,-0.0028
93180.0000,0.2627,0.2425,0.0641,0.0613,-0.0202,-0.0028
93240.0000,0.2625,0.2423,0.0641,0.0613,-0.0201,-0.0028
93300.0000,0.2623,0.2422,0.0641,0.0613,-0.0201,-0.0028
93360.0000,0.2621,0.2421,0.0640,0.0612,-0.0201,-0.0028
93420.0000,0.2620,0.2419,0.0640,0.0612,-0.0200,-0.0028
93480.0000,0.2618,0.2418,0.0640,0.0612,-0.0200,-0.0028
93540.0000,0.2616,0.2416,0.0640,0.0612,-0.0200,-0.0028
93600.0000,0.2614,0.2415,0.0639,0.0612,-0.0199,-0.0028
93660.0000,0.2612,0.2413,0.0639,0.0612,-0.0199,-0.0028
93720.0000,0.2611,0.2412,0.0639,0.0611,-0.0199,-0.0028
93780.0000,0.2609,0.2410,0.0639,0.0611,-0.0198,-0.0027
93840.0000,0.2607,0.2409,0.0638,0.0611,-0.0198,-0.0027
93900.0000,0.2605,0.2408,0.0638,0.0611,-0.0198,-0.0027
93960.0000,0.2604,0.2406,0.0638,0.0611,-0.0197,-0.0027
94020.0000,0.2602,0.2405,0.0638,0.0611,-0.0197,-0.0027
94080.0000,0.2600,0.2403,0.0638,0.0610,-0.0197,-0.0027
94140.0000,0.2598,0.2402,0.0637,0.0610,-0.0196,-0.0027
94200.0000,0.2597,0.2400,0.0637,0.0610,-0.0196,-0.0027
94260.0000,0.2595,0.2399,0.0637,0.0610,-0.0196,-0.0027
94320.0000,0.2593,0.2398,0.0637,0.0610,-0.0195,-0.0027
94380.0000,0.2591,0.2396,0.0636,0.0610,-0.0195,-0.0027
94440.0000,0.2590,0.2395,0.0636,0.0609,-0.0195,-0.0027
94500.0000,0.2588,0.2393,0.0636,0.0609,-0.0194,-0.0027
94560.0000,0.2586,0.2392,0.0636,0.0609,-0.0194,-0.0026
94620.0000,0.2584,0.2391,0.0635,0.0609,-0.0194,-0.0026
94680.0000,0.2583,0.2389,0.0635,0.0609,-0.0193,-0.0026
94740.0000,0.2581,0.2388,0.0635,0.0609,-0.0193,-0.0026
94800.0000,0.2579,0.2386,0.0635,0.0608,-0.0193,-0.0026
94860.0000,0.2578,0.2385,0.0634,0.0608,-0.0193,-0.0026
94920.0000,0.2576,0.2384,0.0634,0.0608,-0.0192,-0.0026
94980.0000,0.2574,0.2382,0.0634,0.0608,-0.0192,-0.0026
95040.0000,0.2572,0.2381,0.0634,0.0608,-0.0192,-0.0026
95100.0000,0.2571,0.2379,0.0634,0.0608,-0.0191,-0.0026
95160.0000,0.2569,0.2378,0.0633,0.0608,-0.0191,-0.0026
95220.0000,0.2567,0.2377,0.0633,0.0607,-0.0191,-0.0026
95280.0000,0.2566,0.2375,0.0633,0.0607,-0.0190,-0.0026
95340.0000,0.2564,0.2374,0.0633,0.0607,-0.0190,-0.0026
95400.0000,0.2562,0.2373,0.0632,0.0607,-0.0190,-0.0026
95460.0000,0.2561,0.2371,0.0632,0.0607,-0.0189,-0.0026
95520.0000,0.2559,0.2370,0.0632,0.0606,-0.0189,-0.0026
95580.0000,0.2557,0.2369,0.0632,0.0606,-0.0189,-0.0026
95640.0000,0.2556,0.2367,0.0631,0.0606,-0.0188,-0.0026
95700.0000,0.2554,0.2366,0.0631,0.0605,-0.0188,-0.0026
95760.0000,0.2552,0.2364,0.0631,0.0605,-0.0188,-0.0026
95820.0000,0.2551,0.2363,0.0631,0.0605,-0.0187,-0.0026
95880.0000,0.2549,0.2362,0.0631,0.0604,-0.0187,-0.0026
95940.0000,0.2547,0.2360,0.0630,0.0604,-0.0187,-0.0026
96000.0000,0.2546,0.2359,0.0630,0.0604,-0.0187,-0.0027
96060.0000,0.2544,0.2358,0.0630,0.0603,-0.0186,-0.0027
96120.0000,0.2542,0.2356,0.0630,0.0603,-0.0186,-0.0027
96180.0000,0.2541,0.2355,0.0630,0.0603,-0.0186,-0.0027
96240.0000,0.2539,0.2354,0.0629,0.0602,-0.0185,-0.0027
96300.0000,0.2537,0.2352,0.0629,0.0602,-0.0185,-0.0027
96360.0000,0.2536,0.2351,0.0629,0.0602,-0.0185,-0.0027
96420.0000,0.2534,0.2350,0.0629,0.0601,-0.0184,-0.0027
96480.0000,0.2532,0.2348,0.0628,0.0601,-0.0184,-0.0027
96540.0000,0.2531,0.2347,0.0628,0.0601,-0.0184,-0.0027
96600.0000,0.2529,0.2346,0.0628,0.0601,-0.0184,-0.0027
96660.0000,0.2528,0.2344,0.0628,0.0601,-0.0183,-0.0027
96720.0000,0.2526,0.2343,0.0628,0.0600,-0.0183,-0.0027
96780.0000,0.2524,0.2342,0.0627,0.0600,-0.0183,-0.0027
96840.0000,0.2523,0.2340,0.0627,0.0600,-0.0182,-0.0027
96900.0000,0.2521,0.2339,0.0627,0.0600,-0.0182,-0.0027
96960.0000,0.2519,0.2338,0.0627,0.0600,-0.0182,-0.0027
97020.0000,0.2518,0.2336,0.0627,0.0600,-0.0181,-0.0026
97080.0000,0.2516,0.2335,0.0626,0.0600,-0.0181,-0.0026
97140.0000,0.2515,0.2334,0.0626,0.0600,-0.0181,-0.0026
97200.0000,0.2513,0.2333,0.0626,0.0600,-0.0181,-0.0026
97260.0000,0.2511,0.2331,0.0626,0.0600,-0.0180,-0.0026
97320.0000,0.2510,0.2330,0.0626,0.0600,-0.0180,-0.0025
97380.0000,0.2508,0.2329,0.0625,0.0600,-0.0180,-0.0025
97440.0000,0.2507,0.2327,0.0625,0.0600,-0.0179,-0.0025
97500.0000,0.2505,0.2326,0.0625,0.0600,-0.0179,-0.0025
97560.0000,0.2504,0.2325,0.0625,0.0600,-0.0179,-0.0025
97620.0000,0.2502,0.2323,0.0624,0.0600,-0.0179,-0.0025
97680.0000,0.2500,0.2322,0.0624,0.0600,-0.0178,-0.0025
97740.0000,0.2499,0.2321,0.0624,0.0600,-0.0178,-0.0024
97800.0000,0.2497,0.2320,0.0624,0.0600,-0.0178,-0.0024
97860.0000,0.2496,0.2318,0.0624,0.0599,-0.0177,-0.0024
97920.0000,0.2494,0.2317,0.0623,0.0599,-0.0177,-0.0024
97980.0000,0.2493,0.2316,0.0623,0.0599,-0.0177,-0.0024
98040.0000,0.2491,0.2314,0.0623,0.0599,-0.0177,-0.0024
98100.0000,0.2489,0.2313,0.0623,0.0599,-0.0176,-0.0024
98160.0000,0.2488,0.2312,0.0623,0.0599,-0.0176,-0.0024
98220.0000,0.2486,0.2311,0.0622,0.0599,-0.0176,-0.0024
98280.0000,0.2485,0.2309,0.0622,0.0599,-0.0175,-0.0024
98340.0000,0.2483,0.2308,0.0622,0.0599,-0.0175,-0.0024
98400.0000,0.2482,0.2307,0.0622,0.0598,-0.0175,-0.0023
98460.0000,0.2480,0.2306,0.0622,0.0598,-0.0175,-0.0023
98520.0000,0.2479,0.2304,0.0621,0.0598,-0.0174,-0.0023
98580.0000,0.2477,0.2303,0.0621,0.0598,-0.0174,-0.0023
98640.0000,0.2476,0.2302,0.0621,0.0598,-0.0174,-0.0023
98700.0000,0.2474,0.2301,0.0621,0.0598,-0.0173,-0.0023
98760.0000,0.2472,0.2299,0.0621,0.0598,-0.0173,-0.0023
98820.0000,0.2471,0.2298,0.0620,0.0598,-0.0173,-0.0023
98880.0000,0.2469,0.2297,0.0620,0.0597,-0.0173,-0.0023
98940.0000,0.2468,0.2296,0.0620,0.0597,-0.0172,-0.0023
99000.0000,0.2466,0.2294,0.0620,0.0597,-0.0172,-0.0023
99060.0000,0.2465,0.2293,0.0620,0.0597,-0.0172,-0.0023
99120.0000,0.2463,0.2292,0.0619,0.0597,-0.0172,-0.0023
99180.0000,0.2462,0.2291,0.0619,0.0597,-0.0171,-0.0022
99240.0000,0.2460,0.2289,0.0619,0.0597,-0.0171,-0.0022
99300.0000,0.2459,0.2288,0.0619,0.0597,-0.0171,-0.0022
99360.0000,0.2457,0.2287,0.0619,0.0596,-0.0170,-0.0022
99420.0000,0.2456,0.2286,0.0618,0.0596,-0.0170,-0.0022
99480.0000,0.2454,0.2284,0.0618,0.0596,-0.0170,-0.0022
99540.0000,0.2453,0.2283,0.0618,0.0596,-0.0170,-0.0022
99600.0000,0.2451,0.2282,0.0618,0.0596,-0.0169,-0.0022
99660.0000,0.2450,0.2281,0.0618,0.0596,-0.0169,-0.0022
99720.0000,0.2448,0.2279,0.0618,0.0596,-0.0169,-0.0022
99780.0000,0.2447,0.2278,0.0617,0.0595,-0.0169,-0.0022
99840.0000,0.2445,0.2277,0.0617,0.0595,-0.0168,-0.0022
99900.0000,0.2444,0.2276,0.0617,0.0595,-0.0168,-0.0022
99960.0000,0.2442,0.2275,0.0617,0.0595,-0.0168,-0.0022
100020.0000,0.2441,0.2273,0.0617,0.0595,-0.0168,-0.0022
100080.0000,0.2439,0.2272,0.0616,0.0595,-0.0167,-0.0022
100140.0000,0.2438,0.2271,0.0616,0.0595,-0.0167,-0.0021
100200.0000,0.2437,0.2270,0.0616,0.0595,-0.0167,-0.0021
100260.0000,0.2435,0.2269,0.0616,0.0594,-0.0167,-0.0021
100320.0000,0.2434,0.2267,0.0616,0.0594,-0.0166,-0.0021
100380.0000,0.2432,0.2266,0.0615,0.0594,-0.0166,-0.0021
100440.0000,0.2431,0.2265,0.0615,0.0594,-0.0166,-0.0021
100500.0000,0.2429,0.2264,0.0615,0.0594,-0.0165,-0.0021
100560.0000,0.2428,0.2263,0.0615,0.0594,-0.0165,-0.0021
100620.0000,0.2426,0.2261,0.0615,0.0594,-0.0165,-0.0021
100680.0000,0.2425,0.2260,0.0615,0.0594,-0.0165,-0.0021
100740.0000,0.2423,0.2259,0.0614,0.0593,-0.0164,-0.0021
100800.0000,0.2422,0.2258,0.0614,0.0593,-0.0164,-0.0021
100860.0000,0.2421,0.2257,0.0614,0.0593,-0.0164,-0.0021
100920.0000,0.2419,0.2255,0.0614,0.0593,-0.0164,-0.0021
100980.0000,0.2418,0.2254,0.0614,0.0593,-0.0163,-0.0021
101040.0000,0.2416,0.2253,0.0613,0.0593,-0.0163,-0.0021
101100.0000,0.2415,0.2252,0.0613,0.0593,-0.0163,-0.0021
101160.0000,0.2413,0.2251,0.0613,0.0593,-0.0163,-0.0021
101220.0000,0.2412,0.2250,0.0613,0.0592,-0.0162,-0.0021
101280.0000,0.2411,0.2248,0.0613,0.0592,-0.0162,-0.0020
101340.0000,0.2409,0.2247,0.0613,0.0592,-0.0162,-0.0020
101400.0000,0.2408,0.2246,0.0612,0.0592,-0.0162,-0.0020
101460.0000,0.2406,0.2245,0.0612,0.0592,-0.0161,-0.0020
101520.0000,0.2405,0.2244,0.0612,0.0592,-0.0161,-0.0020
101580.0000,0.2403,0.2243,0.0612,0.0592,-0.0161,-0.0020
101640.0000,0.2402,0.2241,0.0612,0.0592,-0.0161,-0.0020
101700.0000,0.2401,0.2240,0.0611,0.0591,-0.0160,-0.0020
101760.0000,0.2399,0.2239,0.0611,0.0591,-0.0160,-0.0020
101820.0000,0.2398,0.2238,0.0611,0.0591,-0.0160,-0.0020
101880.0000,0.2396,0.2237,0.0611,0.0591,-0.0160,-0.0020
101940.0000,0.2395,0.2236,0.0611,0.0591,-0.0159,-0.0020
102000.0000,0.2394,0.2234,0.0611,0.0591,-0.0159,-0.0020
102060.0000,0.2392,0.2233,0.0610,0.0591,-0.0159,-0.0020
102120.0000,0.2391,0.2232,0.0610,0.0591,-0.0159,-0.0020
102180.0000,0.2389,0.2231,0.0610,0.0590,-0.0158,-0.0020
102240.0000,0.2388,0.2230,0.0610,0.0590,-0.0158,-0.0020
102300.0000,0.2387,0.2229,0.0610,0.0590,-0.0158,-0.0020
102360.0000,0.2385,0.2228,0.0610,0.0590,-0.0158,-0.0020
102420.0000,0.2384,0.2226,0.0609,0.0590,-0.0158,-0.0020
102480.0000,0.2383,0.2225,0.0609,0.0590,-0.0157,-0.0019
102540.0000,0.2381,0.2224,0.0609,0.0590,-0.0157,-0.0019
102600.0000,0.2380,0.2223,0.0609,0.0590,-0.0157,-0.0019
102660.0000,0.2378,0.2222,0.0609,0.0589,-0.0157,-0.0019
102720.0000,0.2377,0.2221,0.0609,0.0589,-0.0156,-0.0019
102780.0000,0.2376,0.2220,0.0608,0.0589,-0.0156,-0.0019
102840.0000,0.2374,0.2219,0.0608,0.0589,-0.0156,-0.0019
102900.0000,0.2373,0.2217,0.0608,0.0589,-0.0156,-0.0019
102960.0000,0.2372,0.2216,0.0608,0.0589,-0.0155,-0.0019
103020.0000,0.2370,0.2215,0.0608,0.0589,-0.0155,-0.0019
103080.0000,0.2369,0.2214,0.0608,0.0589,-0.0155,-0.0019
103140.0000,0.2368,0.2213,0.0607,0.0588,-0.0155,-0.0019
103200.0000,0.2366,0.2212,0.0607,0.0588,-0.0154,-0.0019
103260.0000,0.2365,0.2211,0.0607,0.0588,-0.0154,-0.0019
103320.0000,0.2364,0.2210,0.0607,0.0588,-0.0154,-0.0019
103380.0000,0.2362,0.2208,0.0607,0.0588,-0.0154,-0.0019
103440.0000,0.2361,0.2207,0.0607,0.0588,-0.0154,-0.0019
103500.0000,0.2360,0.2206,0.0606,0.0588,-0.0153,-0.0019
103560.0000,0.2358,0.2205,0.0606,0.0588,-0.0153,-0.0019
103620.0000,0.2357,0.2204,0.0606,0.0587,-0.0153,-0.0019
103680.0000,0.2356,0.2203,0.0606,0.0587,-0.0153,-0.0019
103740.0000,0.2354,0.2202,0.0606,0.0587,-0.0152,-0.0018
103800.0000,0.2353,0.2201,0.0606,0.0587,-0.0152,-0.0018
103860.0000,0.2352,0.2200,0.0605,0.0587,-0.0152,-0.0018
103920.0000,0.2350,0.2199,0.0605,0.0587,-0.0152,-0.0018
103980.0000,0.2349,0.2197,0.0605,0.0587,-0.0151,-0.0018
104040.0000,0.2348,0.2196,0.0605,0.0587,-0.0151,-0.0018
104100.0000,0.2346,0.2195,0.0605,0.0587,-0.0151,-0.0018
104160.0000,0.2345,0.2194,0.0605,0.0586,-0.0151,-0.0018
104220.0000,0.2344,0.2193,0.0604,0.0586,-0.0151,-0.0018
104280.0000,0.2342,0.2192,0.0604,0.0586,-0.0150,-0.0018
104340.0000,0.2341,0.2191,0.0604,0.0586,-0.0150,-0.0018
104400.0000,0.2340,0.2190,0.0604,0.0586,-0.0150,-0.0018
104460.0000,0.2338,0.2189,0.0604,0.0586,-0.0150,-0.0018
104520.0000,0.2337,0.2188,0.0604,0.0586,-0.0149,-0.0018
104580.0000,0.2336,0.2187,0.0603,0.0585,-0.0149,-0.0018
104640.0000,0.2334,0.2186,0.0603,0.0585,-0.0149,-0.0018
104700.0000,0.2333,0.2184,0.0603,0.0585,-0.0149,-0.0019
104760.0000,0.2332,0.2183,0.0603,0.0584,-0.0149,-0.0019
104820.0000,0.2331,0.2182,0.0603,0.0584,-0.0148,-0.0019
104880.0000,0.2329,0.2181,0.0603,0.0584,-0.0148,-0.0019
104940.0000,0.2328,0.2180,0.0603,0.0583,-0.0148,-0.0019
105000.0000,0.2327,0.2179,0.0602,0.0583,-0.0148,-0.0019
105060.0000,0.2325,0.2178,0.0602,0.0583,-0.0147,-0.0019
105120.0000,0.2324,0.2177,0.0602,0.0583,-0.0147,-0.0019
105180.0000,0.2323,0.2176,0.0602,0.0582,-0.0147,-0.0020
105240.0000,0.2322,0.2175,0.0602,0.0582,-0.0147,-0.0020
105300.0000,0.2320,0.2174,0.0602,0.0582,-0.0147,-0.0020
105360.0000,0.2319,0.2173,0.0602,0.0582,-0.0146,-0.0020
105420.0000,0.2318,0.2172,0.0601,0.0581,-0.0146,-0.0020
105480.0000,0.2316,0.2171,0.0601,0.0581,-0.0146,-0.0020
105540.0000,0.2315,0.2170,0.0601,0.0581,-0.0146,-0.0020
105600.0000,0.2314,0.2168,0.0601,0.0581,-0.0145,-0.0020
105660.0000,0.2313,0.2167,0.0601,0.0581,-0.0145,-0.0020
105720.0000,0.2311,0.2166,0.0601,0.0581,-0.0145,-0.0020
105780.0000,0.2310,0.2165,0.0600,0.0581,-0.0145,-0.0020
105840.0000,0.2309,0.2164,0.0600,0.0581,-0.0145,-0.0020
105900.0000,0.2308,0.2163,0.0600,0.0581,-0.0144,-0.0020
105960.0000,0.2306,0.2162,0.0600,0.0581,-0.0144,-0.0019
106020.0000,0.2305,0.2161,0.0600,0.0581,-0.0144,-0.0019
106080.0000,0.2304,0.2160,0.0600,0.0581,-0.0144,-0.0019
106140.0000,0.2303,0.2159,0.0600,0.0581,-0.0144,-0.0019
106200.0000,0.2301,0.2158,0.0599,0.0581,-0.0143,-0.0019
106260.0000,0.2300,0.2157,0.0599,0.0581,-0.0143,-0.0019
106320.0000,0.2299,0.2156,0.0599,0.0581,-0.0143,-0.0018
106380.0000,0.2298,0.2155,0.0599,0.0581,-0.0143,-0.0018
106440.0000,0.2296,0.2154,0.0599,0.0581,-0.0143,-0.0018
106500.0000,0.2295,0.2153,0.0599,0.0581,-0.0142,-0.0018
106560.0000,0.2294,0.2152,0.0599,0.0581,-0.0142,-0.0018
106620.0000,0.2293,0.2151,0.0598,0.0581,-0.0142,-0.0018
106680.0000,0.2291,0.2150,0.0598,0.0580,-0.0142,-0.0018
106740.0000,0.2290,0.2149,0.0598,0.0580,-0.0142,-0.0018
106800.0000,0.2289,0.2148,0.0598,0.0580,-0.0141,-0.0018
106860.0000,0.2288,0.2147,0.0598,0.0580,-0.0141,-0.0018
106920.0000,0.2287,0.2146,0.0598,0.0580,-0.0141,-0.0017
106980.0000,0.2285,0.2145,0.0598,0.0580,-0.0141,-0.0017
107040.0000,0.2284,0.2144,0.0597,0.0580,-0.0141,-0.0017
107100.0000,0.2283,0.2143,0.0597,0.0580,-0.0140,-0.0017
107160.0000,0.2282,0.2142,0.0597,0.0580,-0.0140,-0.0017
107220.0000,0.2280,0.2141,0.0597,0.0580,-0.0140,-0.0017
107280.0000,0.2279,0.2140,0.0597,0.0580,-0.0140,-0.0017
107340.0000,0.2278,0.2139,0.0597,0.0580,-0.0139,-0.0017
107400.0000,0.2277,0.2138,0.0597,0.0580,-0.0139,-0.0017
107460.0000,0.2276,0.2137,0.0596,0.0579,-0.0139,-0.0017
107520.0000,0.2274,0.2136,0.0596,0.0579,-0.0139,-0.0017
107580.0000,0.2273,0.2135,0.0596,0.0579,-0.0139,-0.0017
107640.0000,0.2272,0.2134,0.0596,0.0579,-0.0138,-0.0017
107700.0000,0.2271,0.2133,0.0596,0.0579,-0.0138,-0.0017
107760.0000,0.2270,0.2132,0.0596,0.0579,-0.0138,-0.0017
107820.0000,0.2268,0.2131,0.0596,0.0579,-0.0138,-0.0017
107880.0000,0.2267,0.2130,0.0595,0.0579,-0.0138,-0.0017
107940.0000,0.2266,0.2129,0.0595,0.0579,-0.0138,-0.0016
108000.0000,0.2265,0.2128,0.0595,0.0579,-0.0137,-0.0016
108060.0000,0.2264,0.2127,0.0595,0.0579,-0.0137,-0.0016
108120.0000,0.2262,0.2126,0.0595,0.0579,-0.0137,-0.0016
108180.0000,0.2261,0.2125,0.0595,0.0578,-0.0137,-0.0016
108240.0000,0.2260,0.2124,0.0595,0.0578,-0.0137,-0.0016
108300.0000,0.2259,0.2123,0.0594,0.0578,-0.0136,-0.0016
108360.0000,0.2258,0.2122,0.0594,0.0578,-0.0136,-0.0016
108420.0000,0.2257,0.2121,0.0594,0.0578,-0.0136,-0.0016
108480.0000,0.2255,0.2120,0.0594,0.0578,-0.0136,-0.0016
108540.0000,0.2254,0.2119,0.0594,0.0578,-0.0136,-0.0016
108600.0000,0.2253,0.2118,0.0594,0.0578,-0.0135,-0.0016
108660.0000,0.2252,0.2117,0.0594,0.0578,-0.0135,-0.0016
108720.0000,0.2251,0.2116,0.0593,0.0578,-0.0135,-0.0016
108780.0000,0.2250,0.2115,0.0593,0.0577,-0.0135,-0.0016
108840.0000,0.2248,0.2114,0.0593,0.0577,-0.0135,-0.0016
108900.0000,0.2247,0.2113,0.0593,0.0577,-0.0134,-0.0016
108960.0000,0.2246,0.2112,0.0593,0.0577,-0.0134,-0.0016
109020.0000,0.2245,0.2111,0.0593,0.0577,-0.0134,-0.0016
109080.0000,0.2244,0.2110,0.0593,0.0577,-0.0134,-0.0016
109140.0000,0.2243,0.2109,0.0593,0.0577,-0.0134,-0.0016
109200.0000,0.2241,0.2108,0.0592,0.0577,-0.0133,-0.0016
109260.0000,0.2240,0.2107,0.0592,0.0577,-0.0133,-0.0016
109320.0000,0.2239,0.2106,0.0592,0.0577,-0.0133,-0.0016
109380.0000,0.2238,0.2105,0.0592,0.0577,-0.0133,-0.0015
109440.0000,0.2237,0.2104,0.0592,0.0576,-0.0133,-0.0015
109500.0000,0.2236,0.2103,0.0592,0.0576,-0.0133,-0.0015
109560.0000,0.2234,0.2102,0.0592,0.0576,-0.0132,-0.0015
109620.0000,0.2233,0.2101,0.0591,0.0576,-0.0132,-0.0015
109680.0000,0.2232,0.2100,0.0591,0.0576,-0.0132,-0.0015
109740.0000,0.2231,0.2099,0.0591,0.0576,-0.0132,-0.0015
109800.0000,0.2230,0.2098,0.0591,0.0576,-0.0132,-0.0015
109860.0000,0.2229,0.2097,0.0591,0.0576,-0.0131,-0.0015
109920.0000,0.2228,0.2096,0.0591,0.0576,-0.0131,-0.0015
109980.0000,0.2227,0.2095,0.0591,0.0576,-0.0131,-0.0015
110040.0000,0.2225,0.2094,0.0591,0.0576,-0.0131,-0.0015
110100.0000,0.2224,0.2094,0.0590,0.0575,-0.0131,-0.0015
110160.0000,0.2223,0.2093,0.0590,0.0575,-0.0131,-0.0015
110220.0000,0.2222,0.2092,0.0590,0.0575,-0.0130,-0.0015
110280.0000,0.2221,0.2091,0.0590,0.0575,-0.0130,-0.0015
110340.0000,0.2220,0.2090,0.0590,0.0575,-0.0130,-0.0015
110400.0000,0.2219,0.2089,0.0590,0.0575,-0.0130,-0.0015
110460.0000,0.2218,0.2088,0.0590,0.0575,-0.0130,-0.0015
110520.0000,0.2216,0.2087,0.0590,0.0575,-0.0129,-0.0015
110580.0000,0.2215,0.2086,0.0589,0.0575,-0.0129,-0.0015
110640.0000,0.2214,0.2085,0.0589,0.0575,-0.0129,-0.0015
110700.0000,0.2213,0.2084,0.0589,0.0575,-0.0129,-0.0015
110760.0000,0.2212,0.2083,0.0589,0.0574,-0.0129,-0.0015
110820.0000,0.2211,0.2082,0.0589,0.0574,-0.0129,-0.0015
110880.0000,0.2210,0.2081,0.0589,0.0574,-0.0128,-0.0015
110940.0000,0.2209,0.2080,0.0589,0.0574,-0.0128,-0.0015
111000.0000,0.2208,0.2079,0.0589,0.0574,-0.0128,-0.0015
111060.0000,0.2206,0.2079,0.0588,0.0574,-0.0128,-0.0014
111120.0000,0.2205,0.2078,0.0588,0.0574,-0.0128,-0.0014
111180.0000,0.2204,0.2077,0.0588,0.0574,-0.0127,-0.0014
111240.0000,0.2203,0.2076,0.0588,0.0574,-0.0127,-0.0014
111300.0000,0.2202,0.2075,0.0588,0.0574,-0.0127,-0.0014
111360.0000,0.2201,0.2074,0.0588,0.0573,-0.0127,-0.0014
111420.0000,0.2200,0.2073,0.0588,0.0573,-0.0127,-0.0014
111480.0000,0.2199,0.2072,0.0588,0.0573,-0.0127,-0.0014
111540.0000,0.2198,0.2071,0.0587,0.0573,-0.0126,-0.0014
111600.0000,0.2197,0.2070,0.0587,0.0573,-0.0126,-0.0014
111660.0000,0.2195,0.2069,0.0587,0.0573,-0.0126,-0.0014
111720.0000,0.2194,0.2068,0.0587,0.0573,-0.0126,-0.0014
111780.0000,0.2193,0.2068,0.0587,0.0573,-0.0126,-0.0014
111840.0000,0.2192,0.2067,0.0587,0.0573,-0.0126,-0.0014
111900.0000,0.2191,0.2066,0.0587,0.0573,-0.0125,-0.0014
111960.0000,0.2190,0.2065,0.0587,0.0573,-0.0125,-0.0014
112020.0000,0.2189,0.2064,0.0586,0.0573,-0.0125,-0.0014
112080.0000,0.2188,0.2063,0.0586,0.0572,-0.0125,-0.0014
112140.0000,0.2187,0.2062,0.0586,0.0572,-0.0125,-0.0014
112200.0000,0.2186,0.2061,0.0586,0.0572,-0.0125,-0.0014
112260.0000,0.2185,0.2060,0.0586,0.0572,-0.0124,-0.0014
112320.0000,0.2184,0.2059,0.0586,0.0572,-0.0124,-0.0014
112380.0000,0.2183,0.2059,0.0586,0.0572,-0.0124,-0.0014
112440.0000,0.2181,0.2058,0.0586,0.0572,-0.0124,-0.0014
112500.0000,0.2180,0.2057,0.0586,0.0572,-0.0124,-0.0014
112560.0000,0.2179,0.2056,0.0585,0.0572,-0.0124,-0.0014
112620.0000,0.2178,0.2055,0.0585,0.0572,-0.0123,-0.0014
112680.0000,0.2177,0.2054,0.0585,0.0572,-0.0123,-0.0014
112740.0000,0.2176,0.2053,0.0585,0.0571,-0.0123,-0.0014
112800.0000,0.2175,0.2052,0.0585,0.0571,-0.0123,-0.0014
112860.0000,0.2174,0.2051,0.0585,0.0571,-0.0123,-0.0014
112920.0000,0.2173,0.2050,0.0585,0.0571,-0.0123,-0.0014
112980.0000,0.2172,0.2050,0.0585,0.0571,-0.0122,-0.0013
113040.0000,0.2171,0.2049,0.0584,0.0571,-0.0122,-0.0013
113100.0000,0.2170,0.2048,0.0584,0.0571,-0.0122,-0.0013
113160.0000,0.2169,0.2047,0.0584,0.0571,-0.0122,-0.0013
113220.0000,0.2168,0.2046,0.0584,0.0571,-0.0122,-0.0013
113280.0000,0.2167,0.2045,0.0584,0.0571,-0.0122,-0.0013
113340.0000,0.2166,0.2044,0.0584,0.0571,-0.0121,-0.0013
113400.0000,0.2165,0.2043,0.0584,0.0570,-0.0121,-0.0013
113460.0000,0.2164,0.2043,0.0584,0.0570,-0.0121,-0.0013
113520.0000,0.2163,0.2042,0.0584,0.0570,-0.0121,-0.0013
113580.0000,0.2161,0.2041,0.0583,0.0570,-0.0121,-0.0013
113640.0000,0.2160,0.2040,0.0583,0.0570,-0.0121,-0.0013
113700.0000,0.2159,0.2039,0.0583,0.0570,-0.0120,-0.0013
113760.0000,0.2158,0.2038,0.0583,0.0570,-0.0120,-0.0013
113820.0000,0.2157,0.2037,0.0583,0.0570,-0.0120,-0.0013
113880.0000,0.2156,0.2036,0.0583,0.0570,-0.0120,-0.0013
113940.0000,0.2155,0.2036,0.0583,0.0570,-0.0120,-0.0013
114000.0000,0.2154,0.2035,0.0583,0.0570,-0.0120,-0.0013
114060.0000,0.2153,0.2034,0.0583,0.0570,-0.0119,-0.0013
114120.0000,0.2152,0.2033,0.0582,0.0569,-0.0119,-0.0013
114180.0000,0.2151,0.2032,0.0582,0.0569,-0.0119,-0.0013
114240.0000,0.2150,0.2031,0.0582,0.0569,-0.0119,-0.0013
114300.0000,0.2149,0.2030,0.0582,0.0569,-0.0119,-0.0013
114360.0000,0.2148,0.2030,0.0582,0.0569,-0.0119,-0.0013
114420.0000,0.2147,0.2029,0.0582,0.0569,-0.0118,-0.0013
114480.0000,0.2146,0.2028,0.0582,0.0569,-0.0118,-0.0013
114540.0000,0.2145,0.2027,0.0582,0.0569,-0.0118,-0.0013
114600.0000,0.2144,0.2026,0.0582,0.0569,-0.0118,-0.0013
114660.0000,0.2143,0.2025,0.0581,0.0569,-0.0118,-0.0013
114720.0000,0.2142,0.2024,0.0581,0.0569,-0.0118,-0.0013
114780.0000,0.2141,0.2024,0.0581,0.0569,-0.0118,-0.0013
114840.0000,0.2140,0.2023,0.0581,0.0568,-0.0117,-0.0013
114900.0000,0.2139,0.2022,0.0581,0.0568,-0.0117,-0.0013
114960.0000,0.2138,0.2021,0.0581,0.0568,-0.0117,-0.0013
115020.0000,0.2137,0.2020,0.0581,0.0568,-0.0117,-0.0013
115080.0000,0.2136,0.2019,0.0581,0.0568,-0.0117,-0.0013
115140.0000,0.2135,0.2018,0.0581,0.0568,-0.0117,-0.0012
115200.0000,0.2134,0.2018,0.0580,0.0568,-0.0116,-0.0012
115260.0000,0.2133,0.2017,0.0580,0.0568,-0.0116,-0.0012
115320.0000,0.2132,0.2016,0.0580,0.0568,-0.0116,-0.0012
115380.0000,0.2131,0.2015,0.0580,0.0568,-0.0116,-0.0012
115440.0000,0.2130,0.2014,0.0580,0.0568,-0.0116,-0.0012
115500.0000,0.2129,0.2013,0.0580,0.0568,-0.0116,-0.0012
115560.0000,0.2128,0.2013,0.0580,0.0567,-0.0116,-0.0012
115620.0000,0.2127,0.2012,0.0580,0.0567,-0.0115,-0.0012
115680.0000,0.2126,0.2011,0.0580,0.0567,-0.0115,-0.0012
115740.0000,0.2125,0.2010,0.0579,0.0567,-0.0115,-0.0012
115800.0000,0.2124,0.2009,0.0579,0.0567,-0.0115,-0.0012
115860.0000,0.2123,0.2008,0.0579,0.0567,-0.0115,-0.0012
115920.0000,0.2122,0.2008,0.0579,0.0567,-0.0115,-0.0012
115980.0000,0.2121,0.2007,0.0579,0.0567,-0.0114,-0.0012
116040.0000,0.2120,0.2006,0.0579,0.0567,-0.0114,-0.0012
116100.0000,0.2119,0.2005,0.0579,0.0567,-0.0114,-0.0012
116160.0000,0.2118,0.2004,0.0579,0.0567,-0.0114,-0.0012
116220.0000,0.2117,0.2003,0.0579,0.0567,-0.0114,-0.0012
116280.0000,0.2116,0.2003,0.0579,0.0566,-0.0114,-0.0012
116340.0000,0.2115,0.2002,0.0578,0.0566,-0.0114,-0.0012
116400.0000,0.2114,0.2001,0.0578,0.0566,-0.0113,-0.0012
116460.0000,0.2113,0.2000,0.0578,0.0566,-0.0113,-0.0012
116520.0000,0.2112,0.1999,0.0578,0.0566,-0.0113,-0.0012
116580.0000,0.2111,0.1998,0.0578,0.0566,-0.0113,-0.0012
116640.0000,0.2110,0.1998,0.0578,0.0566,-0.0113,-0.0012
116700.0000,0.2110,0.1997,0.0578,0.0566,-0.0113,-0.0012
116760.0000,0.2109,0.1996,0.0578,0.0566,-0.0113,-0.0012
116820.0000,0.2108,0.1995,0.0578,0.0566,-0.0112,-0.0012
116880.0000,0.2107,0.1994,0.0577,0.0566,-0.0112,-0.0012
116940.0000,0.2106,0.1994,0.0577,0.0566,-0.0112,-0.0012
117000.0000,0.2105,0.1993,0.0577,0.0566,-0.0112,-0.0012
117060.0000,0.2104,0.1992,0.0577,0.0565,-0.0112,-0.0012
117120.0000,0.2103,0.1991,0.0577,0.0565,-0.0112,-0.0012
117180.0000,0.2102,0.1990,0.0577,0.0565,-0.0112,-0.0012
117240.0000,0.2101,0.1990,0.0577,0.0565,-0.0111,-0.0012
117300.0000,0.2100,0.1989,0.0577,0.0565,-0.0111,-0.0012
117360.0000,0.2099,0.1988,0.0577,0.0565,-0.0111,-0.0012
117420.0000,0.2098,0.1987,0.0577,0.0565,-0.0111,-0.0012
117480.0000,0.2097,0.1986,0.0576,0.0565,-0.0111,-0.0012
117540.0000,0.2096,0.1986,0.0576,0.0565,-0.0111,-0.0012
117600.0000,0.2095,0.1985,0.0576,0.0565,-0.0111,-0.0011
117660.0000,0.2094,0.1984,0.0576,0.0565,-0.0110,-0.0011
117720.0000,0.2093,0.1983,0.0576,0.0565,-0.0110,-0.0011
117780.0000,0.2092,0.1982,0.0576,0.0565,-0.0110,-0.0011
117840.0000,0.2091,0.1982,0.0576,0.0564,-0.0110,-0.0011
117900.0000,0.2091,0.1981,0.0576,0.0564,-0.0110,-0.0011
117960.0000,0.2090,0.1980,0.0576,0.0564,-0.0110,-0.0011
118020.0000,0.2089,0.1979,0.0576,0.0564,-0.0110,-0.0011
118080.0000,0.2088,0.1978,0.0575,0.0564,-0.0109,-0.0011
118140.0000,0.2087,0.1978,0.0575,0.0564,-0.0109,-0.0011
118200.0000,0.2086,0.1977,0.0575,0.0564,-0.0109,-0.0011
118260.0000,0.2085,0.1976,0.0575,0.0564,-0.0109,-0.0011
118320.0000,0.2084,0.1975,0.0575,0.0564,-0.0109,-0.0011
118380.0000,0.2083,0.1974,0.0575,0.0564,-0.0109,-0.0011
118440.0000,0.2082,0.1974,0.0575,0.0564,-0.0109,-0.0011
118500.0000,0.2081,0.1973,0.0575,0.0564,-0.0108,-0.0011
118560.0000,0.2080,0.1972,0.0575,0.0564,-0.0108,-0.0011
118620.0000,0.2079,0.1971,0.0575,0.0563,-0.0108,-0.0011
118680.0000,0.2078,0.1970,0.0575,0.0563,-0.0108,-0.0011
118740.0000,0.2078,0.1970,0.0574,0.0563,-0.0108,-0.0011
118800.0000,0.2077,0.1969,0.0574,0.0563,-0.0108,-0.0011
118860.0000,0.2076,0.1968,0.0574,0.0563,-0.0108,-0.0011
118920.0000,0.2075,0.1967,0.0574,0.0563,-0.0107,-0.0011
118980.0000,0.2074,0.1967,0.0574,0.0563,-0.0107,-0.0011
119040.0000,0.2073,0.1966,0.0574,0.0563,-0.0107,-0.0011
119100.0000,0.2072,0.1965,0.0574,0.0563,-0.0107,-0.0011
119160.0000,0.2071,0.1964,0.0574,0.0563,-0.0107,-0.0011
119220.0000,0.2070,0.1963,0.0574,0.0563,-0.0107,-0.0011
119280.0000,0.2069,0.1963,0.0574,0.0563,-0.0107,-0.0011
119340.0000,0.2068,0.1962,0.0573,0.0563,-0.0106,-0.0011
119400.0000,0.2067,0.1961,0.0573,0.0563,-0.0106,-0.0011
119460.0000,0.2067,0.1960,0.0573,0.0562,-0.0106,-0.0011
119520.0000,0.2066,0.1960,0.0573,0.0562,-0.0106,-0.0011
119580.0000,0.2065,0.1959,0.0573,0.0562,-0.0106,-0.0011
119640.0000,0.2064,0.1958,0.0573,0.0562,-0.0106,-0.0011
119700.0000,0.2063,0.1957,0.0573,0.0562,-0.0106,-0.0011
119760.0000,0.2062,0.1957,0.0573,0.0562,-0.0106,-0.0011
119820.0000,0.2061,0.1956,0.0573,0.0562,-0.0105,-0.0011
119880.0000,0.2060,0.1955,0.0573,0.0562,-0.0105,-0.0011
119940.0000,0.2059,0.1954,0.0573,0.0562,-0.0105,-0.0011
120000.0000,0.2058,0.1953,0.0572,0.0562,-0.0105,-0.0011
120060.0000,0.2058,0.1953,0.0572,0.0562,-0.0105,-0.0011
120120.0000,0.2057,0.1952,0.0572,0.0562,-0.0105,-0.0011
120180.0000,0.2056,0.1951,0.0572,0.0562,-0.0105,-0.0011
120240.0000,0.2055,0.1950,0.0572,0.0562,-0.0104,-0.0011
120300.0000,0.2054,0.1950,0.0572,0.0561,-0.0104,-0.0011
120360.0000,0.2053,0.1949,0.0572,0.0561,-0.0104,-0.0011
120420.0000,0.2052,0.1948,0.0572,0.0561,-0.0104,-0.0010
120480.0000,0.2051,0.1947,0.0572,0.0561,-0.0104,-0.0010
120540.0000,0.2050,0.1947,0.0572,0.0561,-0.0104,-0.0010
120600.0000,0.2050,0.1946,0.0572,0.0561,-0.0104,-0.0010
120660.0000,0.2049,0.1945,0.0571,0.0561,-0.0104,-0.0010
120720.0000,0.2048,0.1944,0.0571,0.0561,-0.0103,-0.0010
120780.0000,0.2047,0.1944,0.0571,0.0561,-0.0103,-0.0010
120840.0000,0.2046,0.1943,0.0571,0.0561,-0.0103,-0.0010
120900.0000,0.2045,0.1942,0.0571,0.0561,-0.0103,-0.0010
120960.0000,0.2044,0.1941,0.0571,0.0561,-0.0103,-0.0010
121020.0000,0.2043,0.1941,0.0571,0.0561,-0.0103,-0.0010
121080.0000,0.2043,0.1940,0.0571,0.0561,-0.0103,-0.0010
121140.0000,0.2042,0.1939,0.0571,0.0560,-0.0103,-0.0010
121200.0000,0.2041,0.1938,0.0571,0.0560,-0.0102,-0.0010
121260.0000,0.2040,0.1938,0.0571,0.0560,-0.0102,-0.0010
121320.0000,0.2039,0.1937,0.0570,0.0560,-0.0102,-0.0010
121380.0000,0.2038,0.1936,0.0570,0.0560,-0.0102,-0.0010
121440.0000,0.2037,0.1935,0.0570,0.0560,-0.0102,-0.0010
121500.0000,0.2037,0.1935,0.0570,0.0560,-0.0102,-0.0010
121560.0000,0.2036,0.1934,0.0570,0.0560,-0.0102,-0.0010
121620.0000,0.2035,0.1933,0.0570,0.0560,-0.0102,-0.0010
121680.0000,0.2034,0.1933,0.0570,0.0560,-0.0101,-0.0010
121740.0000,0.2033,0.1932,0.0570,0.0560,-0.0101,-0.0010
121800.0000,0.2032,0.1931,0.0570,0.0560,-0.0101,-0.0010
121860.0000,0.2031,0.1930,0.0570,0.0560,-0.0101,-0.0010
121920.0000,0.2030,0.1930,0.0570,0.0560,-0.0101,-0.0010
121980.0000,0.2030,0.1929,0.0569,0.0560,-0.0101,-0.0010
122040.0000,0.2029,0.1928,0.0569,0.0559,-0.0101,-0.0010
122100.0000,0.2028,0.1927,0.0569,0.0559,-0.0101,-0.0010
122160.0000,0.2027,0.1927,0.0569,0.0559,-0.0100,-0.0010
122220.0000,0.2026,0.1926,0.0569,0.0559,-0.0100,-0.0010
122280.0000,0.2025,0.1925,0.0569,0.0559,-0.0100,-0.0010
122340.0000,0.2025,0.1924,0.0569,0.0559,-0.0100,-0.0010
122400.0000,0.2024,0.1924,0.0569,0.0559,-0.0100,-0.0010
122460.0000,0.2023,0.1923,0.0569,0.0559,-0.0100,-0.0010
122520.0000,0.2022,0.1922,0.0569,0.0559,-0.0100,-0.0010
122580.0000,0.2021,0.1922,0.0569,0.0559,-0.0100,-0.0010
122640.0000,0.2020,0.1921,0.0569,0.0559,-0.0099,-0.0010
122700.0000,0.2019,0.1920,0.0568,0.0559,-0.0099,-0.0010
122760.0000,0.2019,0.1919,0.0568,0.0559,-0.0099,-0.0010
122820.0000,0.2018,0.1919,0.0568,0.0559,-0.0099,-0.0010
122880.0000,0.2017,0.1918,0.0568,0.0559,-0.0099,-0.0010
122940.0000,0.2016,0.1917,0.0568,0.0558,-0.0099,-0.0010
123000.0000,0.2015,0.1917,0.0568,0.0558,-0.0099,-0.0010
123060.0000,0.2014,0.1916,0.0568,0.0558,-0.0099,-0.0010
123120.0000,0.2014,0.1915,0.0568,0.0558,-0.0098,-0.0010
123180.0000,0.2013,0.1914,0.0568,0.0558,-0.0098,-0.0010
123240.0000,0.2012,0.1914,0.0568,0.0558,-0.0098,-0.0010
123300.0000,0.2011,0.1913,0.0568,0.0558,-0.0098,-0.0010
123360.0000,0.2010,0.1912,0.0568,0.0558,-0.0098,-0.0010
123420.0000,0.2009,0.1912,0.0567,0.0558,-0.0098,-0.0010
123480.0000,0.2009,0.1911,0.0567,0.0558,-0.0098,-0.0010
123540.0000,0.2008,0.1910,0.0567,0.0558,-0.0098,-0.0010
123600.0000,0.2007,0.1909,0.0567,0.0558,-0.0097,-0.0009
123660.0000,0.2006,0.1909,0.0567,0.0558,-0.0097,-0.0009
123720.0000,0.2005,0.1908,0.0567,0.0558,-0.0097,-0.0009
123780.0000,0.2004,0.1907,0.0567,0.0558,-0.0097,-0.0009
123840.0000,0.2004,0.1907,0.0567,0.0557,-0.0097,-0.0009
123900.0000,0.2003,0.1906,0.0567,0.0557,-0.0097,-0.0009
123960.0000,0.2002,0.1905,0.0567,0.0557,-0.0097,-0.0009
124020.0000,0.2001,0.1905,0.0567,0.0557,-0.0097,-0.0009
124080.0000,0.2000,0.1904,0.0567,0.0557,-0.0097,-0.0009
124140.0000,0.2000,0.1903,0.0566,0.0557,-0.0096,-0.0009
124200.0000,0.1999,0.1902,0.0566,0.0557,-0.0096,-0.0009
124260.0000,0.1998,0.1902,0.0566,0.0557,-0.0096,-0.0009
124320.0000,0.1997,0.1901,0.0566,0.0557,-0.0096,-0.0009
124380.0000,0.1996,0.1900,0.0566,0.0557,-0.0096,-0.0010
124440.0000,0.1995,0.1900,0.0566,0.0556,-0.0096,-0.0010
124500.0000,0.1995,0.1899,0.0566,0.0556,-0.0096,-0.0010
124560.0000,0.1994,0.1898,0.0566,0.0556,-0.0096,-0.0010
124620.0000,0.1993,0.1898,0.0566,0.0556,-0.0096,-0.0010
124680.0000,0.1992,0.1897,0.0566,0.0556,-0.0095,-0.0010
124740.0000,0.1991,0.1896,0.0566,0.0555,-0.0095,-0.0010
124800.0000,0.1991,0.1895,0.0566,0.0555,-0.0095,-0.0010
124860.0000,0.1990,0.1895,0.0566,0.0555,-0.0095,-0.0011
124920.0000,0.1989,0.1894,0.0565,0.0555,-0.0095,-0.0011
124980.0000,0.1988,0.1893,0.0565,0.0555,-0.0095,-0.0011
125040.0000,0.1987,0.1893,0.0565,0.0554,-0.0095,-0.0011
125100.0000,0.1987,0.1892,0.0565,0.0554,-0.0095,-0.0011
125160.0000,0.1986,0.1891,0.0565,0.0554,-0.0094,-0.0011
125220.0000,0.1985,0.1891,0.0565,0.0554,-0.0094,-0.0011
125280.0000,0.1984,0.1890,0.0565,0.0554,-0.0094,-0.0011
125340.0000,0.1983,0.1889,0.0565,0.0554,-0.0094,-0.0011
125400.0000,0.1983,0.1889,0.0565,0.0554,-0.0094,-0.0011
125460.0000,0.1982,0.1888,0.0565,0.0554,-0.0094,-0.0011
125520.0000,0.1981,0.1887,0.0565,0.0554,-0.0094,-0.0011
125580.0000,0.1980,0.1887,0.0565,0.0554,-0.0094,-0.0011
125640.0000,0.1979,0.1886,0.0565,0.0554,-0.0094,-0.0011
125700.0000,0.1979,0.1885,0.0564,0.0554,-0.0093,-0.0011
125760.0000,0.1978,0.1884,0.0564,0.0554,-0.0093,-0.0011
125820.0000,0.1977,0.1884,0.0564,0.0554,-0.0093,-0.0011
125880.0000,0.1976,0.1883,0.0564,0.0554,-0.0093,-0.0011
125940.0000,0.1975,0.1882,0.0564,0.0554,-0.0093,-0.0011
126000.0000,0.1975,0.1882,0.0564,0.0554,-0.0093,-0.0010
126060.0000,0.1974,0.1881,0.0564,0.0554,-0.0093,-0.0010
126120.0000,0.1973,0.1880,0.0564,0.0554,-0.0093,-0.0010
126180.0000,0.1972,0.1880,0.0564,0.0554,-0.0093,-0.0010
126240.0000,0.1972,0.1879,0.0564,0.0554,-0.0092,-0.0010
126300.0000,0.1971,0.1878,0.0564,0.0554,-0.0092,-0.0010
126360.0000,0.1970,0.1878,0.0564,0.0554,-0.0092,-0.0010
126420.0000,0.1969,0.1877,0.0564,0.0554,-0.0092,-0.0010
126480.0000,0.1968,0.1876,0.0563,0.0554,-0.0092,-0.0010
126540.0000,0.1968,0.1876,0.0563,0.0554,-0.0092,-0.0010
126600.0000,0.1967,0.1875,0.0563,0.0554,-0.0092,-0.0010
126660.0000,0.1966,0.1874,0.0563,0.0554,-0.0092,-0.0010
126720.0000,0.1965,0.1874,0.0563,0.0554,-0.0092,-0.0010
126780.0000,0.1965,0.1873,0.0563,0.0554,-0.0092,-0.0009
126840.0000,0.1964,0.1872,0.0563,0.0554,-0.0091,-0.0009
126900.0000,0.1963,0.1872,0.0563,0.0554,-0.0091,-0.0009
126960.0000,0.1962,0.1871,0.0563,0.0554,-0.0091,-0.0009
127020.0000,0.1961,0.1870,0.0563,0.0553,-0.0091,-0.0009
127080.0000,0.1961,0.1870,0.0563,0.0553,-0.0091,-0.0009
127140.0000,0.1960,0.1869,0.0563,0.0553,-0.0091,-0.0009
127200.0000,0.1959,0.1868,0.0563,0.0553,-0.0091,-0.0009
127260.0000,0.1958,0.1868,0.0563,0.0553,-0.0091,-0.0009
127320.0000,0.1958,0.1867,0.0562,0.0553,-0.0091,-0.0009
127380.0000,0.1957,0.1866,0.0562,0.0553,-0.0090,-0.0009
127440.0000,0.1956,0.1866,0.0562,0.0553,-0.0090,-0.0009
127500.0000,0.1955,0.1865,0.0562,0.0553,-0.0090,-0.0009
127560.0000,0.1955,0.1864,0.0562,0.0553,-0.0090,-0.0009
127620.0000,0.1954,0.1864,0.0562,0.0553,-0.0090,-0.0009
127680.0000,0.1953,0.1863,0.0562,0.0553,-0.0090,-0.0009
127740.0000,0.1952,0.1862,0.0562,0.0553,-0.0090,-0.0009
127800.0000,0.1952,0.1862,0.0562,0.0553,-0.0090,-0.0009
127860.0000,0.1951,0.1861,0.0562,0.0553,-0.0090,-0.0009
127920.0000,0.1950,0.1860,0.0562,0.0553,-0.0090,-0.0009
127980.0000,0.1949,0.1860,0.0562,0.0553,-0.0089,-0.0009
128040.0000,0.1949,0.1859,0.0562,0.0553,-0.0089,-0.0009
128100.0000,0.1948,0.1859,0.0562,0.0553,-0.0089,-0.0009
128160.0000,0.1947,0.1858,0.0561,0.0553,-0.0089,-0.0009
128220.0000,0.1946,0.1857,0.0561,0.0553,-0.0089,-0.0009
128280.0000,0.1945,0.1857,0.0561,0.0553,-0.0089,-0.0009
128340.0000,0.1945,0.1856,0.0561,0.0552,-0.0089,-0.0009
128400.0000,0.1944,0.1855,0.0561,0.0552,-0.0089,-0.0009
128460.0000,0.1943,0.1855,0.0561,0.0552,-0.0089,-0.0009
128520.0000,0.1942,0.1854,0.0561,0.0552,-0.0088,-0.0009
128580.0000,0.1942,0.1853,0.0561,0.0552,-0.0088,-0.0009
128640.0000,0.1941,0.1853,0.0561,0.0552,-0.0088,-0.0009
128700.0000,0.1940,0.1852,0.0561,0.0552,-0.0088,-0.0009
128760.0000,0.1940,0.1851,0.0561,0.0552,-0.0088,-0.0009
128820.0000,0.1939,0.1851,0.0561,0.0552,-0.0088,-0.0009
128880.0000,0.1938,0.1850,0.0561,0.0552,-0.0088,-0.0009
128940.0000,0.1937,0.1850,0.0561,0.0552,-0.0088,-0.0009
129000.0000,0.1937,0.1849,0.0560,0.0552,-0.0088,-0.0009
129060.0000,0.1936,0.1848,0.0560,0.0552,-0.0088,-0.0008
129120.0000,0.1935,0.1848,0.0560,0.0552,-0.0087,-0.0008
129180.0000,0.1934,0.1847,0.0560,0.0552,-0.0087,-0.0008
129240.0000,0.1934,0.1846,0.0560,0.0552,-0.0087,-0.0008
129300.0000,0.1933,0.1846,0.0560,0.0552,-0.0087,-0.0008
129360.0000,0.1932,0.1845,0.0560,0.0552,-0.0087,-0.0008
129420.0000,0.1931,0.1844,0.0560,0.0552,-0.0087,-0.0008
129480.0000,0.1931,0.1844,0.0560,0.0552,-0.0087,-0.0008
129540.0000,0.1930,0.1843,0.0560,0.0551,-0.0087,-0.0008
129600.0000,0.1929,0.1843,0.0560,0.0551,-0.0087,-0.0008
129660.0000,0.1928,0.1842,0.0560,0.0551,-0.0087,-0.0008
129720.0000,0.1928,0.1841,0.0560,0.0551,-0.0086,-0.0008
129780.0000,0.1927,0.1841,0.0560,0.0551,-0.0086,-0.0008
129840.0000,0.1926,0.1840,0.0559,0.0551,-0.0086,-0.0008
129900.0000,0.1926,0.1839,0.0559,0.0551,-0.0086,-0.0008
129960.0000,0.1925,0.1839,0.0559,0.0551,-0.0086,-0.0008
130020.0000,0.1924,0.1838,0.0559,0.0551,-0.0086,-0.0008
130080.0000,0.1923,0.1837,0.0559,0.0551,-0.0086,-0.0008
130140.0000,0.1923,0.1837,0.0559,0.0551,-0.0086,-0.0008
130200.0000,0.1922,0.1836,0.0559,0.0551,-0.0086,-0.0008
130260.0000,0.1921,0.1836,0.0559,0.0551,-0.0086,-0.0008
130320.0000,0.1920,0.1835,0.0559,0.0551,-0.0086,-0.0008
130380.0000,0.1920,0.1834,0.0559,0.0551,-0.0085,-0.0008
130440.0000,0.1919,0.1834,0.0559,0.0551,-0.0085,-0.0008
130500.0000,0.1918,0.1833,0.0559,0.0551,-0.0085,-0.0008
130560.0000,0.1918,0.1832,0.0559,0.0551,-0.0085,-0.0008
130620.0000,0.1917,0.1832,0.0559,0.0551,-0.0085,-0.0008
130680.0000,0.1916,0.1831,0.0559,0.0551,-0.0085,-0.0008
130740.0000,0.1915,0.1831,0.0558,0.0550,-0.0085,-0.0008
130800.0000,0.1915,0.1830,0.0558,0.0550,-0.0085,-0.0008
130860.0000,0.1914,0.1829,0.0558,0.0550,-0.0085,-0.0008
130920.0000,0.1913,0.1829,0.0558,0.0550,-0.0085,-0.0008
130980.0000,0.1913,0.1828,0.0558,0.0550,-0.0084,-0.0008
131040.0000,0.1912,0.1828,0.0558,0.0550,-0.0084,-0.0008
131100.0000,0.1911,0.1827,0.0558,0.0550,-0.0084,-0.0008
131160.0000,0.1910,0.1826,0.0558,0.0550,-0.0084,-0.0008
131220.0000,0.1910,0.1826,0.0558,0.0550,-0.0084,-0.0008
131280.0000,0.1909,0.1825,0.0558,0.0550,-0.0084,-0.0008
131340.0000,0.1908,0.1824,0.0558,0.0550,-0.0084,-0.0008
131400.0000,0.1908,0.1824,0.0558,0.0550,-0.0084,-0.0008
131460.0000,0.1907,0.1823,0.0558,0.0550,-0.0084,-0.0008
131520.0000,0.1906,0.1823,0.0558,0.0550,-0.0084,-0.0008
131580.0000,0.1906,0.1822,0.0558,0.0550,-0.0084,-0.0008
131640.0000,0.1905,0.1821,0.0557,0.0550,-0.0083,-0.0008
131700.0000,0.1904,0.1821,0.0557,0.0550,-0.0083,-0.0008
131760.0000,0.1903,0.1820,0.0557,0.0550,-0.0083,-0.0008
131820.0000,0.1903,0.1820,0.0557,0.0550,-0.0083,-0.0008
131880.0000,0.1902,0.1819,0.0557,0.0550,-0.0083,-0.0008
131940.0000,0.1901,0.1818,0.0557,0.0549,-0.0083,-0.0008
132000.0000,0.1901,0.1818,0.0557,0.0549,-0.0083,-0.0008
132060.0000,0.1900,0.1817,0.0557,0.0549,-0.0083,-0.0008
132120.0000,0.1899,0.1817,0.0557,0.0549,-0.0083,-0.0008
132180.0000,0.1899,0.1816,0.0557,0.0549,-0.0083,-0.0008
132240.0000,0.1898,0.1815,0.0557,0.0549,-0.0083,-0.0008
132300.0000,0.1897,0.1815,0.0557,0.0549,-0.0082,-0.0008
132360.0000,0.1897,0.1814,0.0557,0.0549,-0.0082,-0.0008
132420.0000,0.1896,0.1814,0.0557,0.0549,-0.0082,-0.0008
132480.0000,0.1895,0.1813,0.0557,0.0549,-0.0082,-0.0008
132540.0000,0.1894,0.1812,0.0557,0.0549,-0.0082,-0.0008
132600.0000,0.1894,0.1812,0.0556,0.0549,-0.0082,-0.0008
132660.0000,0.1893,0.1811,0.0556,0.0549,-0.0082,-0.0008
132720.0000,0.1892,0.1811,0.0556,0.0549,-0.0082,-0.0008
132780.0000,0.1892,0.1810,0.0556,0.0549,-0.0082,-0.0007
132840.0000,0.1891,0.1809,0.0556,0.0549,-0.0082,-0.0007
132900.0000,0.1890,0.1809,0.0556,0.0549,-0.0082,-0.0007
132960.0000,0.1890,0.1808,0.0556,0.0549,-0.0081,-0.0007
133020.0000,0.1889,0.1808,0.0556,0.0549,-0.0081,-0.0007
133080.0000,0.1888,0.1807,0.0556,0.0549,-0.0081,-0.0007
133140.0000,0.1888,0.1806,0.0556,0.0548,-0.0081,-0.0007
133200.0000,0.1887,0.1806,0.0556,0.0548,-0.0081,-0.0007
133260.0000,0.1886,0.1805,0.0556,0.0548,-0.0081,-0.0007
133320.0000,0.1886,0.1805,0.0556,0.0548,-0.0081,-0.0007
133380.0000,0.1885,0.1804,0.0556,0.0548,-0.0081,-0.0007
133440.0000,0.1884,0.1803,0.0556,0.0548,-0.0081,-0.0007
133500.0000,0.1884,0.1803,0.0556,0.0548,-0.0081,-0.0007
133560.0000,0.1883,0.1802,0.0555,0.0548,-0.0081,-0.0007
133620.0000,0.1882,0.1802,0.0555,0.0548,-0.0080,-0.0007
133680.0000,0.1881,0.1801,0.0555,0.0548,-0.0080,-0.0007
133740.0000,0.1881,0.1801,0.0555,0.0548,-0.0080,-0.0007
133800.0000,0.1880,0.1800,0.0555,0.0548,-0.0080,-0.0007
133860.0000,0.1879,0.1799,0.0555,0.0548,-0.0080,-0.0007
133920.0000,0.1879,0.1799,0.0555,0.0548,-0.0080,-0.0007
133980.0000,0.1878,0.1798,0.0555,0.0548,-0.0080,-0.0007
134040.0000,0.1877,0.1798,0.0555,0.0548,-0.0080,-0.0007
134100.0000,0.1877,0.1797,0.0555,0.0548,-0.0080,-0.0007
134160.0000,0.1876,0.1796,0.0555,0.0548,-0.0080,-0.0007
134220.0000,0.1875,0.1796,0.0555,0.0548,-0.0080,-0.0007
134280.0000,0.1875,0.1795,0.0555,0.0548,-0.0079,-0.0007
134340.0000,0.1874,0.1795,0.0555,0.0548,-0.0079,-0.0007
134400.0000,0.1873,0.1794,0.0555,0.0547,-0.0079,-0.0007
134460.0000,0.1873,0.1794,0.0555,0.0547,-0.0079,-0.0007
134520.0000,0.1872,0.1793,0.0554,0.0547,-0.0079,-0.0007
134580.0000,0.1871,0.1792,0.0554,0.0547,-0.0079,-0.0007
134640.0000,0.1871,0.1792,0.0554,0.0547,-0.0079,-0.0007
134700.0000,0.1870,0.1791,0.0554,0.0547,-0.0079,-0.0007
134760.0000,0.1869,0.1791,0.0554,0.0547,-0.0079,-0.0007
134820.0000,0.1869,0.1790,0.0554,0.0547,-0.0079,-0.0007
134880.0000,0.1868,0.1790,0.0554,0.0547,-0.0079,-0.0007
134940.0000,0.1867,0.1789,0.0554,0.0547,-0.0079,-0.0007
135000.0000,0.1867,0.1788,0.0554,0.0547,-0.0078,-0.0007
135060.0000,0.1866,0.1788,0.0554,0.0547,-0.0078,-0.0007
135120.0000,0.1866,0.1787,0.0554,0.0547,-0.0078,-0.0007
135180.0000,0.1865,0.1787,0.0554,0.0547,-0.0078,-0.0007
135240.0000,0.1864,0.1786,0.0554,0.0547,-0.0078,-0.0007
135300.0000,0.1864,0.1786,0.0554,0.0547,-0.0078,-0.0007
135360.0000,0.1863,0.1785,0.0554,0.0547,-0.0078,-0.0007
135420.0000,0.1862,0.1784,0.0554,0.0547,-0.0078,-0.0007
135480.0000,0.1862,0.1784,0.0554,0.0547,-0.0078,-0.0007
135540.0000,0.1861,0.1783,0.0553,0.0547,-0.0078,-0.0007
135600.0000,0.1860,0.1783,0.0553,0.0547,-0.0078,-0.0007
135660.0000,0.1860,0.1782,0.0553,0.0547,-0.0078,-0.0007
135720.0000,0.1859,0.1782,0.0553,0.0546,-0.0077,-0.0007
135780.0000,0.1858,0.1781,0.0553,0.0546,-0.0077,-0.0007
135840.0000,0.1858,0.1780,0.0553,0.0546,-0.0077,-0.0007
135900.0000,0.1857,0.1780,0.0553,0.0546,-0.0077,-0.0007
135960.0000,0.1856,0.1779,0.0553,0.0546,-0.0077,-0.0007
136020.0000,0.1856,0.1779,0.0553,0.0546,-0.0077,-0.0007
136080.0000,0.1855,0.1778,0.0553,0.0546,-0.0077,-0.0007
136140.0000,0.1854,0.1778,0.0553,0.0546,-0.0077,-0.0007
136200.0000,0.1854,0.1777,0.0553,0.0546,-0.0077,-0.0007
136260.0000,0.1853,0.1777,0.0553,0.0546,-0.0077,-0.0007
136320.0000,0.1853,0.1776,0.0553,0.0546,-0.0077,-0.0007
136380.0000,0.1852,0.1775,0.0553,0.0546,-0.0077,-0.0007
136440.0000,0.1851,0.1775,0.0553,0.0546,-0.0076,-0.0007
136500.0000,0.1851,0.1774,0.0553,0.0546,-0.0076,-0.0007
136560.0000,0.1850,0.1774,0.0553,0.0546,-0.0076,-0.0007
136620.0000,0.1849,0.1773,0.0552,0.0546,-0.0076,-0.0007
136680.0000,0.1849,0.1773,0.0552,0.0546,-0.0076,-0.0007
136740.0000,0.1848,0.1772,0.0552,0.0546,-0.0076,-0.0007
136800.0000,0.1847,0.1771,0.0552,0.0546,-0.0076,-0.0007
136860.0000,0.1847,0.1771,0.0552,0.0546,-0.0076,-0.0007
136920.0000,0.1846,0.1770,0.0552,0.0546,-0.0076,-0.0007
136980.0000,0.1846,0.1770,0.0552,0.0546,-0.0076,-0.0007
137040.0000,0.1845,0.1769,0.0552,0.0545,-0.0076,-0.0007
137100.0000,0.1844,0.1769,0.0552,0.0545,-0.0076,-0.0007
137160.0000,0.1844,0.1768,0.0552,0.0545,-0.0075,-0.0007
137220.0000,0.1843,0.1768,0.0552,0.0545,-0.0075,-0.0007
137280.0000,0.1842,0.1767,0.0552,0.0545,-0.0075,-0.0007
137340.0000,0.1842,0.1767,0.0552,0.0545,-0.0075,-0.0007
137400.0000,0.1841,0.1766,0.0552,0.0545,-0.0075,-0.0007
137460.0000,0.1841,0.1765,0.0552,0.0545,-0.0075,-0.0007
137520.0000,0.1840,0.1765,0.0552,0.0545,-0.0075,-0.0007
137580.0000,0.1839,0.1764,0.0552,0.0545,-0.0075,-0.0007
137640.0000,0.1839,0.1764,0.0552,0.0545,-0.0075,-0.0007
137700.0000,0.1838,0.1763,0.0551,0.0545,-0.0075,-0.0006
137760.0000,0.1837,0.1763,0.0551,0.0545,-0.0075,-0.0006
137820.0000,0.1837,0.1762,0.0551,0.0545,-0.0075,-0.0006
137880.0000,0.1836,0.1762,0.0551,0.0545,-0.0075,-0.0006
137940.0000,0.1836,0.1761,0.0551,0.0545,-0.0074,-0.0006
138000.0000,0.1835,0.1761,0.0551,0.0545,-0.0074,-0.0006
138060.0000,0.1834,0.1760,0.0551,0.0545,-0.0074,-0.0006
138120.0000,0.1834,0.1759,0.0551,0.0545,-0.0074,-0.0006
138180.0000,0.1833,0.1759,0.0551,0.0545,-0.0074,-0.0006
138240.0000,0.1832,0.1758,0.0551,0.0545,-0.0074,-0.0006
138300.0000,0.1832,0.1758,0.0551,0.0545,-0.0074,-0.0006
138360.0000,0.1831,0.1757,0.0551,0.0545,-0.0074,-0.0006
138420.0000,0.1831,0.1757,0.0551,0.0544,-0.0074,-0.0006
138480.0000,0.1830,0.1756,0.0551,0.0544,-0.0074,-0.0006
138540.0000,0.1829,0.1756,0.0551,0.0544,-0.0074,-0.0006
138600.0000,0.1829,0.1755,0.0551,0.0544,-0.0074,-0.0006
138660.0000,0.1828,0.1755,0.0551,0.0544,-0.0074,-0.0006
138720.0000,0.1827,0.1754,0.0551,0.0544,-0.0073,-0.0006
138780.0000,0.1827,0.1754,0.0550,0.0544,-0.0073,-0.0006
138840.0000,0.1826,0.1753,0.0550,0.0544,-0.0073,-0.0006
138900.0000,0.1826,0.1752,0.0550,0.0544,-0.0073,-0.0006
138960.0000,0.1825,0.1752,0.0550,0.0544,-0.0073,-0.0006
139020.0000,0.1824,0.1751,0.0550,0.0544,-0.0073,-0.0006
139080.0000,0.1824,0.1751,0.0550,0.0544,-0.0073,-0.0006
139140.0000,0.1823,0.1750,0.0550,0.0544,-0.0073,-0.0006
139200.0000,0.1823,0.1750,0.0550,0.0544,-0.0073,-0.0006
139260.0000,0.1822,0.1749,0.0550,0.0544,-0.0073,-0.0006
139320.0000,0.1821,0.1749,0.0550,0.0544,-0.0073,-0.0006
139380.0000,0.1821,0.1748,0.0550,0.0544,-0.0073,-0.0006
139440.0000,0.1820,0.1748,0.0550,0.0544,-0.0073,-0.0006
139500.0000,0.1820,0.1747,0.0550,0.0544,-0.0072,-0.0006
139560.0000,0.1819,0.1747,0.0550,0.0544,-0.0072,-0.0006
139620.0000,0.1818,0.1746,0.0550,0.0544,-0.0072,-0.0006
139680.0000,0.1818,0.1746,0.0550,0.0544,-0.0072,-0.0006
139740.0000,0.1817,0.1745,0.0550,0.0544,-0.0072,-0.0006
139800.0000,0.1817,0.1744,0.0550,0.0543,-0.0072,-0.0006
139860.0000,0.1816,0.1744,0.0550,0.0543,-0.0072,-0.0006
139920.0000,0.1815,0.1743,0.0550,0.0543,-0.0072,-0.0006
139980.0000,0.1815,0.1743,0.0549,0.0543,-0.0072,-0.0006
140040.0000,0.1814,0.1742,0.0549,0.0543,-0.0072,-0.0006
140100.0000,0.1814,0.1742,0.0549,0.0543,-0.0072,-0.0006
140160.0000,0.1813,0.1741,0.0549,0.0543,-0.0072,-0.0006
140220.0000,0.1812,0.1741,0.0549,0.0543,-0.0072,-0.0006
140280.0000,0.1812,0.1740,0.0549,0.0543,-0.0071,-0.0006
140340.0000,0.1811,0.1740,0.0549,0.0543,-0.0071,-0.0006
140400.0000,0.1811,0.1739,0.0549,0.0543,-0.0071,-0.0006
140460.0000,0.1810,0.1739,0.0549,0.0543,-0.0071,-0.0006
140520.0000,0.1809,0.1738,0.0549,0.0543,-0.0071,-0.0006
140580.0000,0.1809,0.1738,0.0549,0.0543,-0.0071,-0.0006
140640.0000,0.1808,0.1737,0.0549,0.0543,-0.0071,-0.0006
140700.0000,0.1808,0.1737,0.0549,0.0543,-0.0071,-0.0006
140760.0000,0.1807,0.1736,0.0549,0.0543,-0.0071,-0.0006
140820.0000,0.1806,0.1736,0.0549,0.0543,-0.0071,-0.0006
140880.0000,0.1806,0.1735,0.0549,0.0543,-0.0071,-0.0006
140940.0000,0.1805,0.1735,0.0549,0.0543,-0.0071,-0.0006
141000.0000,0.1805,0.1734,0.0549,0.0543,-0.0071,-0.0006
141060.0000,0.1804,0.1734,0.0549,0.0543,-0.0071,-0.0006
141120.0000,0.1803,0.1733,0.0548,0.0543,-0.0070,-0.0006
141180.0000,0.1803,0.1733,0.0548,0.0543,-0.0070,-0.0006
141240.0000,0.1802,0.1732,0.0548,0.0542,-0.0070,-0.0006
141300.0000,0.1802,0.1731,0.0548,0.0542,-0.0070,-0.0006
141360.0000,0.1801,0.1731,0.0548,0.0542,-0.0070,-0.0006
141420.0000,0.1801,0.1730,0.0548,0.0542,-0.0070,-0.0006
141480.0000,0.1800,0.1730,0.0548,0.0542,-0.0070,-0.0006
141540.0000,0.1799,0.1729,0.0548,0.0542,-0.0070,-0.0006
141600.0000,0.1799,0.1729,0.0548,0.0542,-0.0070,-0.0006
141660.0000,0.1798,0.1728,0.0548,0.0542,-0.0070,-0.0006
141720.0000,0.1798,0.1728,0.0548,0.0542,-0.0070,-0.0006
141780.0000,0.1797,0.1727,0.0548,0.0542,-0.0070,-0.0006
141840.0000,0.1796,0.1727,0.0548,0.0542,-0.0070,-0.0006
141900.0000,0.1796,0.1726,0.0548,0.0542,-0.0070,-0.0006
141960.0000,0.1795,0.1726,0.0548,0.0542,-0.0069,-0.0006
142020.0000,0.1795,0.1725,0.0548,0.0542,-0.0069,-0.0006
142080.0000,0.1794,0.1725,0.0548,0.0542,-0.0069,-0.0006
142140.0000,0.1794,0.1724,0.0548,0.0542,-0.0069,-0.0006
142200.0000,0.1793,0.1724,0.0548,0.0542,-0.0069,-0.0006
142260.0000,0.1792,0.1723,0.0548,0.0542,-0.0069,-0.0006
142320.0000,0.1792,0.1723,0.0548,0.0542,-0.0069,-0.0006
142380.0000,0.1791,0.1722,0.0547,0.0542,-0.0069,-0.0006
142440.0000,0.1791,0.1722,0.0547,0.0542,-0.0069,-0.0006
142500.0000,0.1790,0.1721,0.0547,0.0542,-0.0069,-0.0006
142560.0000,0.1790,0.1721,0.0547,0.0542,-0.0069,-0.0006
142620.0000,0.1789,0.1720,0.0547,0.0542,-0.0069,-0.0006
142680.0000,0.1788,0.1720,0.0547,0.0542,-0.0069,-0.0006
142740.0000,0.1788,0.1719,0.0547,0.0542,-0.0069,-0.0006
142800.0000,0.1787,0.1719,0.0547,0.0541,-0.0068,-0.0006
142860.0000,0.1787,0.1718,0.0547,0.0541,-0.0068,-0.0006
142920.0000,0.1786,0.1718,0.0547,0.0541,-0.0068,-0.0006
142980.0000,0.1786,0.1717,0.0547,0.0541,-0.0068,-0.0006
143040.0000,0.1785,0.1717,0.0547,0.0541,-0.0068,-0.0006
143100.0000,0.1784,0.1716,0.0547,0.0541,-0.0068,-0.0006
143160.0000,0.1784,0.1716,0.0547,0.0541,-0.0068,-0.0006
143220.0000,0.1783,0.1715,0.0547,0.0541,-0.0068,-0.0006
143280.0000,0.1783,0.1715,0.0547,0.0541,-0.0068,-0.0006
143340.0000,0.1782,0.1714,0.0547,0.0541,-0.0068,-0.0006
143400.0000,0.1782,0.1714,0.0547,0.0541,-0.0068,-0.0006
143460.0000,0.1781,0.1713,0.0547,0.0541,-0.0068,-0.0006
143520.0000,0.1781,0.1713,0.0547,0.0541,-0.0068,-0.0006
143580.0000,0.1780,0.1712,0.0547,0.0541,-0.0068,-0.0006
143640.0000,0.1779,0.1712,0.0546,0.0541,-0.0068,-0.0006
143700.0000,0.1779,0.1711,0.0546,0.0541,-0.0067,-0.0006
143760.0000,0.1778,0.1711,0.0546,0.0541,-0.0067,-0.0006
143820.0000,0.1778,0.1710,0.0546,0.0541,-0.0067,-0.0006
143880.0000,0.1777,0.1710,0.0546,0.0541,-0.0067,-0.0006
143940.0000,0.1777,0.1709,0.0546,0.0541,-0.0067,-0.0005
144000.0000,0.1776,0.1709,0.0546,0.0541,-0.0067,-0.0005
144060.0000,0.1775,0.1708,0.0546,0.0541,-0.0067,-0.0005
144120.0000,0.1775,0.1708,0.0546,0.0541,-0.0067,-0.0005
144180.0000,0.1774,0.1707,0.0546,0.0541,-0.0067,-0.0005
144240.0000,0.1774,0.1707,0.0546,0.0541,-0.0067,-0.0005
144300.0000,0.1773,0.1706,0.0546,0.0541,-0.0067,-0.0005
144360.0000,0.1773,0.1706,0.0546,0.0540,-0.0067,-0.0005
144420.0000,0.1772,0.1705,0.0546,0.0540,-0.0067,-0.0005
144480.0000,0.1772,0.1705,0.0546,0.0540,-0.0067,-0.0005
144540.0000,0.1771,0.1705,0.0546,0.0540,-0.0067,-0.0005
144600.0000,0.1770,0.1704,0.0546,0.0540,-0.0066,-0.0005
144660.0000,0.1770,0.1704,0.0546,0.0540,-0.0066,-0.0005
144720.0000,0.1769,0.1703,0.0546,0.0540,-0.0066,-0.0005
144780.0000,0.1769,0.1703,0.0546,0.0540,-0.0066,-0.0005
144840.0000,0.1768,0.1702,0.0546,0.0540,-0.0066,-0.0005
144900.0000,0.1768,0.1702,0.0546,0.0540,-0.0066,-0.0005
144960.0000,0.1767,0.1701,0.0545,0.0540,-0.0066,-0.0005
145020.0000,0.1767,0.1701,0.0545,0.0540,-0.0066,-0.0005
145080.0000,0.1766,0.1700,0.0545,0.0540,-0.0066,-0.0005
145140.0000,0.1766,0.1700,0.0545,0.0540,-0.0066,-0.0005
145200.0000,0.1765,0.1699,0.0545,0.0540,-0.0066,-0.0005
145260.0000,0.1764,0.1699,0.0545,0.0540,-0.0066,-0.0005
145320.0000,0.1764,0.1698,0.0545,0.0540,-0.0066,-0.0005
145380.0000,0.1763,0.1698,0.0545,0.0540,-0.0066,-0.0005
145440.0000,0.1763,0.1697,0.0545,0.0540,-0.0066,-0.0005
145500.0000,0.1762,0.1697,0.0545,0.0540,-0.0065,-0.0005
145560.0000,0.1762,0.1696,0.0545,0.0540,-0.0065,-0.0005
145620.0000,0.1761,0.1696,0.0545,0.0540,-0.0065,-0.0005
145680.0000,0.1761,0.1695,0.0545,0.0540,-0.0065,-0.0005
145740.0000,0.1760,0.1695,0.0545,0.0540,-0.0065,-0.0005
145800.0000,0.1760,0.1694,0.0545,0.0540,-0.0065,-0.0005
145860.0000,0.1759,0.1694,0.0545,0.0540,-0.0065,-0.0005
145920.0000,0.1758,0.1693,0.0545,0.0540,-0.0065,-0.0005
145980.0000,0.1758,0.1693,0.0545,0.0539,-0.0065,-0.0005
146040.0000,0.1757,0.1693,0.0545,0.0539,-0.0065,-0.0005
146100.0000,0.1757,0.1692,0.0545,0.0539,-0.0065,-0.0005
146160.0000,0.1756,0.1692,0.0545,0.0539,-0.0065,-0.0005
146220.0000,0.1756,0.1691,0.0545,0.0539,-0.0065,-0.0005
146280.0000,0.1755,0.1691,0.0544,0.0539,-0.0065,-0.0005
146340.0000,0.1755,0.1690,0.0544,0.0539,-0.0065,-0.0005
146400.0000,0.1754,0.1690,0.0544,0.0539,-0.0065,-0.0005
146460.0000,0.1754,0.1689,0.0544,0.0539,-0.0064,-0.0005
146520.0000,0.1753,0.1689,0.0544,0.0539,-0.0064,-0.0005
146580.0000,0.1753,0.1688,0.0544,0.0539,-0.0064,-0.0005
146640.0000,0.1752,0.1688,0.0544,0.0539,-0.0064,-0.0005
146700.0000,0.1752,0.1687,0.0544,0.0539,-0.0064,-0.0005
146760.0000,0.1751,0.1687,0.0544,0.0539,-0.0064,-0.0005
146820.0000,0.1750,0.1686,0.0544,0.0539,-0.0064,-0.0005
146880.0000,0.1750,0.1686,0.0544,0.0539,-0.0064,-0.0005
146940.0000,0.1749,0.1685,0.0544,0.0539,-0.0064,-0.0005
147000.0000,0.1749,0.1685,0.0544,0.0539,-0.0064,-0.0005
147060.0000,0.1748,0.1685,0.0544,0.0539,-0.0064,-0.0005
147120.0000,0.1748,0.1684,0.0544,0.0539,-0.0064,-0.0005
147180.0000,0.1747,0.1684,0.0544,0.0539,-0.0064,-0.0005
147240.0000,0.1747,0.1683,0.0544,0.0539,-0.0064,-0.0005
147300.0000,0.1746,0.1683,0.0544,0.0539,-0.0064,-0.0005
147360.0000,0.1746,0.1682,0.0544,0.0539,-0.0064,-0.0005
147420.0000,0.1745,0.1682,0.0544,0.0539,-0.0063,-0.0005
147480.0000,0.1745,0.1681,0.0544,0.0539,-0.0063,-0.0005
147540.0000,0.1744,0.1681,0.0544,0.0539,-0.0063,-0.0005
147600.0000,0.1744,0.1680,0.0544,0.0539,-0.0063,-0.0005
147660.0000,0.1743,0.1680,0.0543,0.0538,-0.0063,-0.0005
147720.0000,0.1743,0.1679,0.0543,0.0538,-0.0063,-0.0005
147780.0000,0.1742,0.1679,0.0543,0.0538,-0.0063,-0.0005
147840.0000,0.1741,0.1678,0.0543,0.0538,-0.0063,-0.0005
147900.0000,0.1741,0.1678,0.0543,0.0538,-0.0063,-0.0005
147960.0000,0.1740,0.1678,0.0543,0.0538,-0.0063,-0.0005
148020.0000,0.1740,0.1677,0.0543,0.0538,-0.0063,-0.0005
148080.0000,0.1739,0.1677,0.0543,0.0538,-0.0063,-0.0005
148140.0000,0.1739,0.1676,0.0543,0.0538,-0.0063,-0.0005
148200.0000,0.1738,0.1676,0.0543,0.0538,-0.0063,-0.0005
148260.0000,0.1738,0.1675,0.0543,0.0538,-0.0063,-0.0005
148320.0000,0.1737,0.1675,0.0543,0.0538,-0.0063,-0.0005
148380.0000,0.1737,0.1674,0.0543,0.0538,-0.0062,-0.0005
148440.0000,0.1736,0.1674,0.0543,0.0538,-0.0062,-0.0005
148500.0000,0.1736,0.1673,0.0543,0.0538,-0.0062,-0.0005
148560.0000,0.1735,0.1673,0.0543,0.0538,-0.0062,-0.0005
148620.0000,0.1735,0.1673,0.0543,0.0538,-0.0062,-0.0005
148680.0000,0.1734,0.1672,0.0543,0.0538,-0.0062,-0.0005
148740.0000,0.1734,0.1672,0.0543,0.0538,-0.0062,-0.0005
148800.0000,0.1733,0.1671,0.0543,0.0538,-0.0062,-0.0005
148860.0000,0.1733,0.1671,0.0543,0.0538,-0.0062,-0.0005
148920.0000,0.1732,0.1670,0.0543,0.0538,-0.0062,-0.0005
148980.0000,0.1732,0.1670,0.0543,0.0538,-0.0062,-0.0005
149040.0000,0.1731,0.1669,0.0543,0.0538,-0.0062,-0.0005
149100.0000,0.1731,0.1669,0.0543,0.0538,-0.0062,-0.0005
149160.0000,0.1730,0.1668,0.0542,0.0538,-0.0062,-0.0005
149220.0000,0.1730,0.1668,0.0542,0.0538,-0.0062,-0.0005
149280.0000,0.1729,0.1668,0.0542,0.0538,-0.0062,-0.0005
149340.0000,0.1729,0.1667,0.0542,0.0538,-0.0062,-0.0005
149400.0000,0.1728,0.1667,0.0542,0.0538,-0.0061,-0.0005
149460.0000,0.1728,0.1666,0.0542,0.0537,-0.0061,-0.0005
149520.0000,0.1727,0.1666,0.0542,0.0537,-0.0061,-0.0005
149580.0000,0.1727,0.1665,0.0542,0.0537,-0.0061,-0.0005
149640.0000,0.1726,0.1665,0.0542,0.0537,-0.0061,-0.0005
149700.0000,0.1726,0.1664,0.0542,0.0537,-0.0061,-0.0005
149760.0000,0.1725,0.1664,0.0542,0.0537,-0.0061,-0.0005
149820.0000,0.1725,0.1663,0.0542,0.0537,-0.0061,-0.0005
149880.0000,0.1724,0.1663,0.0542,0.0537,-0.0061,-0.0005
149940.0000,0.1724,0.1663,0.0542,0.0537,-0.0061,-0.0005
150000.0000,0.1723,0.1662,0.0542,0.0537,-0.0061,-0.0005
150060.0000,0.1723,0.1662,0.0542,0.0537,-0.0061,-0.0005
150120.0000,0.1722,0.1661,0.0542,0.0537,-0.0061,-0.0005
150180.0000,0.1722,0.1661,0.0542,0.0537,-0.0061,-0.0005
150240.0000,0.1721,0.1660,0.0542,0.0537,-0.0061,-0.0005
150300.0000,0.1721,0.1660,0.0542,0.0537,-0.0061,-0.0005
150360.0000,0.1720,0.1659,0.0542,0.0537,-0.0061,-0.0005
150420.0000,0.1720,0.1659,0.0542,0.0537,-0.0060,-0.0005
150480.0000,0.1719,0.1659,0.0542,0.0537,-0.0060,-0.0005
150540.0000,0.1719,0.1658,0.0542,0.0537,-0.0060,-0.0005
150600.0000,0.1718,0.1658,0.0542,0.0537,-0.0060,-0.0005
150660.0000,0.1718,0.1657,0.0541,0.0537,-0.0060,-0.0005
150720.0000,0.1717,0.1657,0.0541,0.0537,-0.0060,-0.0005
150780.0000,0.1717,0.1656,0.0541,0.0537,-0.0060,-0.0005
150840.0000,0.1716,0.1656,0.0541,0.0537,-0.0060,-0.0005
150900.0000,0.1716,0.1656,0.0541,0.0537,-0.0060,-0.0005
150960.0000,0.1715,0.1655,0.0541,0.0537,-0.0060,-0.0005
151020.0000,0.1715,0.1655,0.0541,0.0537,-0.0060,-0.0005
151080.0000,0.1714,0.1654,0.0541,0.0537,-0.0060,-0.0005
151140.0000,0.1714,0.1654,0.0541,0.0537,-0.0060,-0.0005
151200.0000,0.1713,0.1653,0.0541,0.0537,-0.0060,-0.0005
151260.0000,0.1713,0.1653,0.0541,0.0536,-0.0060,-0.0005
151320.0000,0.1712,0.1652,0.0541,0.0536,-0.0060,-0.0005
151380.0000,0.1712,0.1652,0.0541,0.0536,-0.0060,-0.0005
151440.0000,0.1711,0.1652,0.0541,0.0536,-0.0060,-0.0005
151500.0000,0.1711,0.1651,0.0541,0.0536,-0.0059,-0.0005
151560.0000,0.1710,0.1651,0.0541,0.0536,-0.0059,-0.0005
151620.0000,0.1710,0.1650,0.0541,0.0536,-0.0059,-0.0005
151680.0000,0.1709,0.1650,0.0541,0.0536,-0.0059,-0.0005
151740.0000,0.1709,0.1649,0.0541,0.0536,-0.0059,-0.0005
151800.0000,0.1708,0.1649,0.0541,0.0536,-0.0059,-0.0005
151860.0000,0.1708,0.1649,0.0541,0.0536,-0.0059,-0.0005
151920.0000,0.1707,0.1648,0.0541,0.0536,-0.0059,-0.0005
151980.0000,0.1707,0.1648,0.0541,0.0536,-0.0059,-0.0005
152040.0000,0.1706,0.1647,0.0541,0.0536,-0.0059,-0.0004
152100.0000,0.1706,0.1647,0.0541,0.0536,-0.0059,-0.0004
152160.0000,0.1705,0.1646,0.0541,0.0536,-0.0059,-0.0004
152220.0000,0.1705,0.1646,0.0540,0.0536,-0.0059,-0.0004
152280.0000,0.1704,0.1646,0.0540,0.0536,-0.0059,-0.0004
152340.0000,0.1704,0.1645,0.0540,0.0536,-0.0059,-0.0004
152400.0000,0.1703,0.1645,0.0540,0.0536,-0.0059,-0.0004
152460.0000,0.1703,0.1644,0.0540,0.0536,-0.0059,-0.0004
152520.0000,0.1702,0.1644,0.0540,0.0536,-0.0059,-0.0004
152580.0000,0.1702,0.1643,0.0540,0.0536,-0.0058,-0.0004
152640.0000,0.1701,0.1643,0.0540,0.0536,-0.0058,-0.0004
152700.0000,0.1701,0.1643,0.0540,0.0536,-0.0058,-0.0004
152760.0000,0.1700,0.1642,0.0540,0.0536,-0.0058,-0.0004
152820.0000,0.1700,0.1642,0.0540,0.0536,-0.0058,-0.0004
152880.0000,0.1699,0.1641,0.0540,0.0536,-0.0058,-0.0004
152940.0000,0.1699,0.1641,0.0540,0.0536,-0.0058,-0.0004
153000.0000,0.1698,0.1640,0.0540,0.0536,-0.0058,-0.0004
153060.0000,0.1698,0.1640,0.0540,0.0536,-0.0058,-0.0004
153120.0000,0.1698,0.1640,0.0540,0.0536,-0.0058,-0.0004
153180.0000,0.1697,0.1639,0.0540,0.0535,-0.0058,-0.0004
153240.0000,0.1697,0.1639,0.0540,0.0535,-0.0058,-0.0004
153300.0000,0.1696,0.1638,0.0540,0.0535,-0.0058,-0.0004
153360.0000,0.1696,0.1638,0.0540,0.0535,-0.0058,-0.0004
153420.0000,0.1695,0.1637,0.0540,0.0535,-0.0058,-0.0004
153480.0000,0.1695,0.1637,0.0540,0.0535,-0.0058,-0.0004
153540.0000,0.1694,0.1637,0.0540,0.0535,-0.0058,-0.0004
153600.0000,0.1694,0.1636,0.0540,0.0535,-0.0058,-0.0004
153660.0000,0.1693,0.1636,0.0540,0.0535,-0.0058,-0.0004
153720.0000,0.1693,0.1635,0.0540,0.0535,-0.0057,-0.0004
153780.0000,0.1692,0.1635,0.0540,0.0535,-0.0057,-0.0004
153840.0000,0.1692,0.1634,0.0539,0.0535,-0.0057,-0.0004
153900.0000,0.1691,0.1634,0.0539,0.0535,-0.0057,-0.0004
153960.0000,0.1691,0.1634,0.0539,0.0535,-0.0057,-0.0004
154020.0000,0.1690,0.1633,0.0539,0.0535,-0.0057,-0.0004
154080.0000,0.1690,0.1633,0.0539,0.0535,-0.0057,-0.0004
154140.0000,0.1689,0.1632,0.0539,0.0535,-0.0057,-0.0004
154200.0000,0.1689,0.1632,0.0539,0.0535,-0.0057,-0.0004
154260.0000,0.1689,0.1632,0.0539,0.0535,-0.0057,-0.0004
154320.0000,0.1688,0.1631,0.0539,0.0535,-0.0057,-0.0004
154380.0000,0.1688,0.1631,0.0539,0.0535,-0.0057,-0.0004
154440.0000,0.1687,0.1630,0.0539,0.0535,-0.0057,-0.0004
154500.0000,0.1687,0.1630,0.0539,0.0535,-0.0057,-0.0004
154560.0000,0.1686,0.1629,0.0539,0.0535,-0.0057,-0.0004
154620.0000,0.1686,0.1629,0.0539,0.0535,-0.0057,-0.0004
154680.0000,0.1685,0.1629,0.0539,0.0535,-0.0057,-0.0004
154740.0000,0.1685,0.1628,0.0539,0.0535,-0.0057,-0.0004
154800.0000,0.1684,0.1628,0.0539,0.0535,-0.0057,-0.0004
154860.0000,0.1684,0.1627,0.0539,0.0535,-0.0056,-0.0004
154920.0000,0.1683,0.1627,0.0539,0.0535,-0.0056,-0.0004
154980.0000,0.1683,0.1627,0.0539,0.0535,-0.0056,-0.0004
155040.0000,0.1682,0.1626,0.0539,0.0535,-0.0056,-0.0004
155100.0000,0.1682,0.1626,0.0539,0.0535,-0.0056,-0.0004
155160.0000,0.1682,0.1625,0.0539,0.0535,-0.0056,-0.0004
155220.0000,0.1681,0.1625,0.0539,0.0534,-0.0056,-0.0004
155280.0000,0.1681,0.1624,0.0539,0.0534,-0.0056,-0.0004
155340.0000,0.1680,0.1624,0.0539,0.0534,-0.0056,-0.0004
155400.0000,0.1680,0.1624,0.0539,0.0534,-0.0056,-0.0004
155460.0000,0.1679,0.1623,0.0539,0.0534,-0.0056,-0.0004
155520.0000,0.1679,0.1623,0.0538,0.0534,-0.0056,-0.0004
155580.0000,0.1678,0.1622,0.0538,0.0534,-0.0056,-0.0004
155640.0000,0.1678,0.1622,0.0538,0.0534,-0.0056,-0.0004
155700.0000,0.1677,0.1622,0.0538,0.0534,-0.0056,-0.0004
155760.0000,0.1677,0.1621,0.0538,0.0534,-0.0056,-0.0004
155820.0000,0.1676,0.1621,0.0538,0.0534,-0.0056,-0.0004
155880.0000,0.1676,0.1620,0.0538,0.0534,-0.0056,-0.0004
155940.0000,0.1676,0.1620,0.0538,0.0534,-0.0056,-0.0004
156000.0000,0.1675,0.1620,0.0538,0.0534,-0.0055,-0.0004
156060.0000,0.1675,0.1619,0.0538,0.0534,-0.0055,-0.0004
156120.0000,0.1674,0.1619,0.0538,0.0534,-0.0055,-0.0004
156180.0000,0.1674,0.1618,0.0538,0.0534,-0.0055,-0.0004
156240.0000,0.1673,0.1618,0.0538,0.0534,-0.0055,-0.0004
156300.0000,0.1673,0.1618,0.0538,0.0534,-0.0055,-0.0004
156360.0000,0.1672,0.1617,0.0538,0.0534,-0.0055,-0.0004
156420.0000,0.1672,0.1617,0.0538,0.0534,-0.0055,-0.0004
156480.0000,0.1671,0.1616,0.0538,0.0534,-0.0055,-0.0004
156540.0000,0.1671,0.1616,0.0538,0.0534,-0.0055,-0.0004
156600.0000,0.1671,0.1616,0.0538,0.0534,-0.0055,-0.0004
156660.0000,0.1670,0.1615,0.0538,0.0534,-0.0055,-0.0004
156720.0000,0.1670,0.1615,0.0538,0.0534,-0.0055,-0.0004
156780.0000,0.1669,0.1614,0.0538,0.0534,-0.0055,-0.0004
156840.0000,0.1669,0.1614,0.0538,0.0534,-0.0055,-0.0004
156900.0000,0.1668,0.1614,0.0538,0.0534,-0.0055,-0.0004
156960.0000,0.1668,0.1613,0.0538,0.0534,-0.0055,-0.0004
157020.0000,0.1667,0.1613,0.0538,0.0534,-0.0055,-0.0004
157080.0000,0.1667,0.1612,0.0538,0.0534,-0.0055,-0.0004
157140.0000,0.1666,0.1612,0.0538,0.0534,-0.0055,-0.0004
157200.0000,0.1666,0.1612,0.0538,0.0534,-0.0055,-0.0004
157260.0000,0.1666,0.1611,0.0537,0.0534,-0.0054,-0.0004
157320.0000,0.1665,0.1611,0.0537,0.0533,-0.0054,-0.0004
157380.0000,0.1665,0.1610,0.0537,0.0533,-0.0054,-0.0004
157440.0000,0.1664,0.1610,0.0537,0.0533,-0.0054,-0.0004
157500.0000,0.1664,0.1610,0.0537,0.0533,-0.0054,-0.0004
157560.0000,0.1663,0.1609,0.0537,0.0533,-0.0054,-0.0004
157620.0000,0.1663,0.1609,0.0537,0.0533,-0.0054,-0.0004
157680.0000,0.1662,0.1608,0.0537,0.0533,-0.0054,-0.0004
157740.0000,0.1662,0.1608,0.0537,0.0533,-0.0054,-0.0004
157800.0000,0.1662,0.1608,0.0537,0.0533,-0.0054,-0.0004
157860.0000,0.1661,0.1607,0.0537,0.0533,-0.0054,-0.0004
157920.0000,0.1661,0.1607,0.0537,0.0533,-0.0054,-0.0004
157980.0000,0.1660,0.1606,0.0537,0.0533,-0.0054,-0.0004
158040.0000,0.1660,0.1606,0.0537,0.0533,-0.0054,-0.0004
158100.0000,0.1659,0.1606,0.0537,0.0533,-0.0054,-0.0004
158160.0000,0.1659,0.1605,0.0537,0.0533,-0.0054,-0.0004
158220.0000,0.1658,0.1605,0.0537,0.0533,-0.0054,-0.0004
158280.0000,0.1658,0.1604,0.0537,0.0533,-0.0054,-0.0004
158340.0000,0.1658,0.1604,0.0537,0.0533,-0.0054,-0.0004
158400.0000,0.1657,0.1604,0.0537,0.0533,-0.0054,-0.0004
158460.0000,0.1657,0.1603,0.0537,0.0533,-0.0053,-0.0004
158520.0000,0.1656,0.1603,0.0537,0.0533,-0.0053,-0.0004
158580.0000,0.1656,0.1602,0.0537,0.0533,-0.0053,-0.0004
158640.0000,0.1655,0.1602,0.0537,0.0533,-0.0053,-0.0004
158700.0000,0.1655,0.1602,0.0537,0.0533,-0.0053,-0.0004
158760.0000,0.1654,0.1601,0.0537,0.0533,-0.0053,-0.0004
158820.0000,0.1654,0.1601,0.0537,0.0533,-0.0053,-0.0004
158880.0000,0.1654,0.1600,0.0537,0.0533,-0.0053,-0.0004
158940.0000,0.1653,0.1600,0.0537,0.0533,-0.0053,-0.0004
159000.0000,0.1653,0.1600,0.0537,0.0533,-0.0053,-0.0004
159060.0000,0.1652,0.1599,0.0537,0.0533,-0.0053,-0.0004
159120.0000,0.1652,0.1599,0.0536,0.0533,-0.0053,-0.0004
159180.0000,0.1651,0.1599,0.0536,0.0533,-0.0053,-0.0004
159240.0000,0.1651,0.1598,0.0536,0.0533,-0.0053,-0.0004
159300.0000,0.1651,0.1598,0.0536,0.0533,-0.0053,-0.0004
159360.0000,0.1650,0.1597,0.0536,0.0533,-0.0053,-0.0004
159420.0000,0.1650,0.1597,0.0536,0.0533,-0.0053,-0.0004
159480.0000,0.1649,0.1597,0.0536,0.0532,-0.0053,-0.0004
159540.0000,0.1649,0.1596,0.0536,0.0532,-0.0053,-0.0004
159600.0000,0.1648,0.1596,0.0536,0.0532,-0.0053,-0.0004
159660.0000,0.1648,0.1595,0.0536,0.0532,-0.0053,-0.0004
159720.0000,0.1648,0.1595,0.0536,0.0532,-0.0053,-0.0004
159780.0000,0.1647,0.1595,0.0536,0.0532,-0.0052,-0.0004
159840.0000,0.1647,0.1594,0.0536,0.0532,-0.0052,-0.0004
159900.0000,0.1646,0.1594,0.0536,0.0532,-0.0052,-0.0004
159960.0000,0.1646,0.1593,0.0536,0.0532,-0.0052,-0.0004
160020.0000,0.1645,0.1593,0.0536,0.0532,-0.0052,-0.0004
160080.0000,0.1645,0.1593,0.0536,0.0532,-0.0052,-0.0004
160140.0000,0.1645,0.1592,0.0536,0.0532,-0.0052,-0.0004
160200.0000,0.1644,0.1592,0.0536,0.0532,-0.0052,-0.0004
160260.0000,0.1644,0.1592,0.0536,0.0532,-0.0052,-0.0004
160320.0000,0.1643,0.1591,0.0536,0.0532,-0.0052,-0.0004
160380.0000,0.1643,0.1591,0.0536,0.0532,-0.0052,-0.0004
160440.0000,0.1642,0.1590,0.0536,0.0532,-0.0052,-0.0004
160500.0000,0.1642,0.1590,0.0536,0.0532,-0.0052,-0.0004
160560.0000,0.1642,0.1590,0.0536,0.0532,-0.0052,-0.0004
160620.0000,0.1641,0.1589,0.0536,0.0532,-0.0052,-0.0004
160680.0000,0.1641,0.1589,0.0536,0.0532,-0.0052,-0.0004
160740.0000,0.1640,0.1589,0.0536,0.0532,-0.0052,-0.0004
160800.0000,0.1640,0.1588,0.0536,0.0532,-0.0052,-0.0004
160860.0000,0.1639,0.1588,0.0536,0.0532,-0.0052,-0.0004
160920.0000,0.1639,0.1587,0.0536,0.0532,-0.0052,-0.0004
160980.0000,0.1639,0.1587,0.0535,0.0532,-0.0052,-0.0004
161040.0000,0.1638,0.1587,0.0535,0.0532,-0.0052,-0.0004
161100.0000,0.1638,0.1586,0.0535,0.0532,-0.0051,-0.0004
161160.0000,0.1637,0.1586,0.0535,0.0532,-0.0051,-0.0004
161220.0000,0.1637,0.1586,0.0535,0.0532,-0.0051,-0.0004
161280.0000,0.1636,0.1585,0.0535,0.0532,-0.0051,-0.0004
161340.0000,0.1636,0.1585,0.0535,0.0532,-0.0051,-0.0004
161400.0000,0.1636,0.1584,0.0535,0.0532,-0.0051,-0.0004
161460.0000,0.1635,0.1584,0.0535,0.0532,-0.0051,-0.0004
161520.0000,0.1635,0.1584,0.0535,0.0532,-0.0051,-0.0004
161580.0000,0.1634,0.1583,0.0535,0.0532,-0.0051,-0.0004
161640.0000,0.1634,0.1583,0.0535,0.0532,-0.0051,-0.0004
161700.0000,0.1634,0.1582,0.0535,0.0532,-0.0051,-0.0004
161760.0000,0.1633,0.1582,0.0535,0.0532,-0.0051,-0.0004
161820.0000,0.1633,0.1582,0.0535,0.0531,-0.0051,-0.0004
161880.0000,0.1632,0.1581,0.0535,0.0531,-0.0051,-0.0004
161940.0000,0.1632,0.1581,0.0535,0.0531,-0.0051,-0.0004
162000.0000,0.1631,0.1581,0.0535,0.0531,-0.0051,-0.0004
162060.0000,0.1631,0.1580,0.0535,0.0531,-0.0051,-0.0004
162120.0000,0.1631,0.1580,0.0535,0.0531,-0.0051,-0.0004
162180.0000,0.1630,0.1580,0.0535,0.0531,-0.0051,-0.0004
162240.0000,0.1630,0.1579,0.0535,0.0531,-0.0051,-0.0004
162300.0000,0.1629,0.1579,0.0535,0.0531,-0.0051,-0.0004
162360.0000,0.1629,0.1578,0.0535,0.0531,-0.0051,-0.0004
162420.0000,0.1629,0.1578,0.0535,0.0531,-0.0050,-0.0004
162480.0000,0.1628,0.1578,0.0535,0.0531,-0.0050,-0.0004
162540.0000,0.1628,0.1577,0.0535,0.0531,-0.0050,-0.0004
162600.0000,0.1627,0.1577,0.0535,0.0531,-0.0050,-0.0004
162660.0000,0.1627,0.1577,0.0535,0.0531,-0.0050,-0.0004
162720.0000,0.1626,0.1576,0.0535,0.0531,-0.0050,-0.0004
162780.0000,0.1626,0.1576,0.0535,0.0531,-0.0050,-0.0004
162840.0000,0.1626,0.1575,0.0535,0.0531,-0.0050,-0.0004
162900.0000,0.1625,0.1575,0.0535,0.0531,-0.0050,-0.0004
162960.0000,0.1625,0.1575,0.0535,0.0531,-0.0050,-0.0004
163020.0000,0.1624,0.1574,0.0534,0.0531,-0.0050,-0.0004
163080.0000,0.1624,0.1574,0.0534,0.0531,-0.0050,-0.0003
163140.0000,0.1624,0.1574,0.0534,0.0531,-0.0050,-0.0003
163200.0000,0.1623,0.1573,0.0534,0.0531,-0.0050,-0.0003
163260.0000,0.1623,0.1573,0.0534,0.0531,-0.0050,-0.0003
163320.0000,0.1622,0.1572,0.0534,0.0531,-0.0050,-0.0003
163380.0000,0.1622,0.1572,0.0534,0.0531,-0.0050,-0.0003
163440.0000,0.1622,0.1572,0.0534,0.0531,-0.0050,-0.0003
163500.0000,0.1621,0.1571,0.0534,0.0531,-0.0050,-0.0003
163560.0000,0.1621,0.1571,0.0534,0.0531,-0.0050,-0.0003
163620.0000,0.1620,0.1571,0.0534,0.0531,-0.0050,-0.0003
163680.0000,0.1620,0.1570,0.0534,0.0531,-0.0050,-0.0003
163740.0000,0.1619,0.1570,0.0534,0.0531,-0.0050,-0.0003
163800.0000,0.1619,0.1570,0.0534,0.0531,-0.0050,-0.0003
163860.0000,0.1619,0.1569,0.0534,0.0531,-0.0049,-0.0003
163920.0000,0.1618,0.1569,0.0534,0.0531,-0.0049,-0.0003
163980.0000,0.1618,0.1568,0.0534,0.0531,-0.0049,-0.0003
164040.0000,0.1617,0.1568,0.0534,0.0531,-0.0049,-0.0003
164100.0000,0.1617,0.1568,0.0534,0.0531,-0.0049,-0.0003
164160.0000,0.1617,0.1567,0.0534,0.0531,-0.0049,-0.0003
164220.0000,0.1616,0.1567,0.0534,0.0530,-0.0049,-0.0003
164280.0000,0.1616,0.1567,0.0534,0.0530,-0.0049,-0.0003
164340.0000,0.1615,0.1566,0.0534,0.0530,-0.0049,-0.0003
164400.0000,0.1615,0.1566,0.0534,0.0530,-0.0049,-0.0003
164460.0000,0.1615,0.1566,0.0534,0.0530,-0.0049,-0.0003
164520.0000,0.1614,0.1565,0.0534,0.0530,-0.0049,-0.0003
164580.0000,0.1614,0.1565,0.0534,0.0530,-0.0049,-0.0003
164640.0000,0.1613,0.1565,0.0534,0.0530,-0.0049,-0.0003
164700.0000,0.1613,0.1564,0.0534,0.0530,-0.0049,-0.0003
164760.0000,0.1613,0.1564,0.0534,0.0530,-0.0049,-0.0003
164820.0000,0.1612,0.1563,0.0534,0.0530,-0.0049,-0.0003
164880.0000,0.1612,0.1563,0.0534,0.0530,-0.0049,-0.0003
164940.0000,0.1611,0.1563,0.0534,0.0530,-0.0049,-0.0003
165000.0000,0.1611,0.1562,0.0534,0.0530,-0.0049,-0.0003
165060.0000,0.1611,0.1562,0.0534,0.0530,-0.0049,-0.0003
165120.0000,0.1610,0.1562,0.0533,0.0530,-0.0049,-0.0003
165180.0000,0.1610,0.1561,0.0533,0.0530,-0.0049,-0.0003
165240.0000,0.1609,0.1561,0.0533,0.0530,-0.0049,-0.0003
165300.0000,0.1609,0.1561,0.0533,0.0530,-0.0048,-0.0003
165360.0000,0.1609,0.1560,0.0533,0.0530,-0.0048,-0.0003
165420.0000,0.1608,0.1560,0.0533,0.0530,-0.0048,-0.0003
165480.0000,0.1608,0.1560,0.0533,0.0530,-0.0048,-0.0003
165540.0000,0.1607,0.1559,0.0533,0.0530,-0.0048,-0.0003
165600.0000,0.1607,0.1559,0.0533,0.0530,-0.0048,-0.0003
165660.0000,0.1607,0.1558,0.0533,0.0530,-0.0048,-0.0003
165720.0000,0.1606,0.1558,0.0533,0.0530,-0.0048,-0.0003
165780.0000,0.1606,0.1558,0.0533,0.0530,-0.0048,-0.0003
165840.0000,0.1605,0.1557,0.0533,0.0530,-0.0048,-0.0003
165900.0000,0.1605,0.1557,0.0533,0.0530,-0.0048,-0.0003
165960.0000,0.1605,0.1557,0.0533,0.0530,-0.0048,-0.0003
166020.0000,0.1604,0.1556,0.0533,0.0530,-0.0048,-0.0003
166080.0000,0.1604,0.1556,0.0533,0.0530,-0.0048,-0.0003
166140.0000,0.1604,0.1556,0.0533,0.0530,-0.0048,-0.0003
166200.0000,0.1603,0.1555,0.0533,0.0530,-0.0048,-0.0003
166260.0000,0.1603,0.1555,0.0533,0.0530,-0.0048,-0.0003
166320.0000,0.1602,0.1555,0.0533,0.0530,-0.0048,-0.0003
166380.0000,0.1602,0.1554,0.0533,0.0530,-0.0048,-0.0003
166440.0000,0.1602,0.1554,0.0533,0.0530,-0.0048,-0.0003
166500.0000,0.1601,0.1554,0.0533,0.0530,-0.0048,-0.0003
166560.0000,0.1601,0.1553,0.0533,0.0530,-0.0048,-0.0003
166620.0000,0.1600,0.1553,0.0533,0.0530,-0.0048,-0.0003
166680.0000,0.1600,0.1552,0.0533,0.0530,-0.0048,-0.0003
166740.0000,0.1600,0.1552,0.0533,0.0529,-0.0048,-0.0003
166800.0000,0.1599,0.1552,0.0533,0.0529,-0.0047,-0.0003
166860.0000,0.1599,0.1551,0.0533,0.0529,-0.0047,-0.0003
166920.0000,0.1598,0.1551,0.0533,0.0529,-0.0047,-0.0003
166980.0000,0.1598,0.1551,0.0533,0.0529,-0.0047,-0.0003
167040.0000,0.1598,0.1550,0.0533,0.0529,-0.0047,-0.0003
167100.0000,0.1597,0.1550,0.0533,0.0529,-0.0047,-0.0003
167160.0000,0.1597,0.1550,0.0533,0.0529,-0.0047,-0.0003
167220.0000,0.1597,0.1549,0.0533,0.0529,-0.0047,-0.0003
167280.0000,0.1596,0.1549,0.0532,0.0529,-0.0047,-0.0003
167340.0000,0.1596,0.1549,0.0532,0.0529,-0.0047,-0.0003
167400.0000,0.1595,0.1548,0.0532,0.0529,-0.0047,-0.0003
167460.0000,0.1595,0.1548,0.0532,0.0529,-0.0047,-0.0003
167520.0000,0.1595,0.1548,0.0532,0.0529,-0.0047,-0.0003
167580.0000,0.1594,0.1547,0.0532,0.0529,-0.0047,-0.0003
167640.0000,0.1594,0.1547,0.0532,0.0529,-0.0047,-0.0003
167700.0000,0.1593,0.1547,0.0532,0.0529,-0.0047,-0.0003
167760.0000,0.1593,0.1546,0.0532,0.0529,-0.0047,-0.0003
167820.0000,0.1593,0.1546,0.0532,0.0529,-0.0047,-0.0003
167880.0000,0.1592,0.1546,0.0532,0.0529,-0.0047,-0.0003
167940.0000,0.1592,0.1545,0.0532,0.0529,-0.0047,-0.0003
168000.0000,0.1592,0.1545,0.0532,0.0529,-0.0047,-0.0003
168060.0000,0.1591,0.1544,0.0532,0.0529,-0.0047,-0.0003
168120.0000,0.1591,0.1544,0.0532,0.0529,-0.0047,-0.0003
168180.0000,0.1590,0.1544,0.0532,0.0529,-0.0047,-0.0003
168240.0000,0.1590,0.1543,0.0532,0.0529,-0.0047,-0.0003
168300.0000,0.1590,0.1543,0.0532,0.0529,-0.0046,-0.0003
168360.0000,0.1589,0.1543,0.0532,0.0529,-0.0046,-0.0003
168420.0000,0.1589,0.1542,0.0532,0.0529,-0.0046,-0.0003
168480.0000,0.1588,0.1542,0.0532,0.0529,-0.0046,-0.0003
168540.0000,0.1588,0.1542,0.0532,0.0529,-0.0046,-0.0003
168600.0000,0.1588,0.1541,0.0532,0.0529,-0.0046,-0.0003
168660.0000,0.1587,0.1541,0.0532,0.0529,-0.0046,-0.0003
168720.0000,0.1587,0.1541,0.0532,0.0529,-0.0046,-0.0003
168780.0000,0.1587,0.1540,0.0532,0.0529,-0.0046,-0.0003
168840.0000,0.1586,0.1540,0.0532,0.0529,-0.0046,-0.0003
168900.0000,0.1586,0.1540,0.0532,0.0529,-0.0046,-0.0003
168960.0000,0.1585,0.1539,0.0532,0.0529,-0.0046,-0.0003
169020.0000,0.1585,0.1539,0.0532,0.0529,-0.0046,-0.0003
169080.0000,0.1585,0.1539,0.0532,0.0529,-0.0046,-0.0003
169140.0000,0.1584,0.1538,0.0532,0.0529,-0.0046,-0.0003
169200.0000,0.1584,0.1538,0.0532,0.0529,-0.0046,-0.0003
169260.0000,0.1584,0.1538,0.0532,0.0529,-0.0046,-0.0003
169320.0000,0.1583,0.1537,0.0532,0.0529,-0.0046,-0.0003
169380.0000,0.1583,0.1537,0.0532,0.0529,-0.0046,-0.0003
169440.0000,0.1582,0.1537,0.0532,0.0528,-0.0046,-0.0003
169500.0000,0.1582,0.1536,0.0532,0.0528,-0.0046,-0.0003
169560.0000,0.1582,0.1536,0.0531,0.0528,-0.0046,-0.0003
169620.0000,0.1581,0.1536,0.0531,0.0528,-0.0046,-0.0003
169680.0000,0.1581,0.1535,0.0531,0.0528,-0.0046,-0.0003
169740.0000,0.1581,0.1535,0.0531,0.0528,-0.0046,-0.0003
169800.0000,0.1580,0.1535,0.0531,0.0528,-0.0046,-0.0003
169860.0000,0.1580,0.1534,0.0531,0.0528,-0.0046,-0.0003
169920.0000,0.1579,0.1534,0.0531,0.0528,-0.0045,-0.0003
169980.0000,0.1579,0.1534,0.0531,0.0528,-0.0045,-0.0003
170040.0000,0.1579,0.1533,0.0531,0.0528,-0.0045,-0.0003
170100.0000,0.1578,0.1533,0.0531,0.0528,-0.0045,-0.0003
170160.0000,0.1578,0.1533,0.0531,0.0528,-0.0045,-0.0003
170220.0000,0.1578,0.1532,0.0531,0.0528,-0.0045,-0.0003
170280.0000,0.1577,0.1532,0.0531,0.0528,-0.0045,-0.0003
170340.0000,0.1577,0.1532,0.0531,0.0528,-0.0045,-0.0003
170400.0000,0.1576,0.1531,0.0531,0.0528,-0.0045,-0.0003
170460.0000,0.1576,0.1531,0.0531,0.0528,-0.0045,-0.0003
170520.0000,0.1576,0.1531,0.0531,0.0528,-0.0045,-0.0003
170580.0000,0.1575,0.1530,0.0531,0.0528,-0.0045,-0.0003
170640.0000,0.1575,0.1530,0.0531,0.0528,-0.0045,-0.0003
170700.0000,0.1575,0.1530,0.0531,0.0528,-0.0045,-0.0003
170760.0000,0.1574,0.1529,0.0531,0.0528,-0.0045,-0.0003
170820.0000,0.1574,0.1529,0.0531,0.0528,-0.0045,-0.0003
170880.0000,0.1574,0.1529,0.0531,0.0528,-0.0045,-0.0003
170940.0000,0.1573,0.1528,0.0531,0.0528,-0.0045,-0.0003
171000.0000,0.1573,0.1528,0.0531,0.0528,-0.0045,-0.0003
171060.0000,0.1572,0.1528,0.0531,0.0528,-0.0045,-0.0003
171120.0000,0.1572,0.1527,0.0531,0.0528,-0.0045,-0.0003
171180.0000,0.1572,0.1527,0.0531,0.0528,-0.0045,-0.0003
171240.0000,0.1571,0.1527,0.0531,0.0528,-0.0045,-0.0003
171300.0000,0.1571,0.1526,0.0531,0.0528,-0.0045,-0.0003
171360.0000,0.1571,0.1526,0.0531,0.0528,-0.0045,-0.0003
171420.0000,0.1570,0.1526,0.0531,0.0528,-0.0045,-0.0003
171480.0000,0.1570,0.1525,0.0531,0.0528,-0.0045,-0.0003
171540.0000,0.1570,0.1525,0.0531,0.0528,-0.0044,-0.0003
171600.0000,0.1569,0.1525,0.0531,0.0528,-0.0044,-0.0003
171660.0000,0.1569,0.1524,0.0531,0.0528,-0.0044,-0.0003
171720.0000,0.1568,0.1524,0.0531,0.0528,-0.0044,-0.0003
171780.0000,0.1568,0.1524,0.0531,0.0528,-0.0044,-0.0003
171840.0000,0.1568,0.1523,0.0531,0.0528,-0.0044,-0.0003
171900.0000,0.1567,0.1523,0.0531,0.0528,-0.0044,-0.0003
171960.0000,0.1567,0.1523,0.0531,0.0528,-0.0044,-0.0003
172020.0000,0.1567,0.1522,0.0530,0.0528,-0.0044,-0.0003
172080.0000,0.1566,0.1522,0.0530,0.0528,-0.0044,-0.0003
172140.0000,0.1566,0.1522,0.0530,0.0528,-0.0044,-0.0003
172200.0000,0.1566,0.1521,0.0530,0.0528,-0.0044,-0.0003
172260.0000,0.1565,0.1521,0.0530,0.0528,-0.0044,-0.0003
172320.0000,0.1565,0.1521,0.0530,0.0527,-0.0044,-0.0003
172380.0000,0.1564,0.1520,0.0530,0.0527,-0.0044,-0.0003
172440.0000,0.1564,0.1520,0.0530,0.0527,-0.0044,-0.0003
172500.0000,0.1564,0.1520,0.0530,0.0527,-0.0044,-0.0003
172560.0000,0.1563,0.1520,0.0530,0.0527,-0.0044,-0.0003
172620.0000,0.1563,0.1519,0.0530,0.0527,-0.0044,-0.0003
172680.0000,0.1563,0.1519,0.0530,0.0527,-0.0044,-0.0003
172740.0000,0.1562,0.1519,0.0530,0.0527,-0.0044,-0.0003
172800.0000,0.1562,0.1518,0.0530,0.0527,-0.0044,-0.0003
172860.0000,0.1562,0.1518,0.0530,0.0527,-0.0044,-0.0003
172920.0000,0.1561,0.1518,0.0530,0.0527,-0.0044,-0.0003
172980.0000,0.1561,0.1517,0.0530,0.0527,-0.0044,-0.0003
173040.0000,0.1561,0.1517,0.0530,0.0527,-0.0044,-0.0003
173100.0000,0.1560,0.1517,0.0530,0.0527,-0.0044,-0.0003
173160.0000,0.1560,0.1516,0.0530,0.0527,-0.0044,-0.0003
173220.0000,0.1559,0.1516,0.0530,0.0527,-0.0044,-0.0003
173280.0000,0.1559,0.1516,0.0530,0.0527,-0.0043,-0.0003
173340.0000,0.1559,0.1515,0.0530,0.0527,-0.0043,-0.0003
173400.0000,0.1558,0.1515,0.0530,0.0527,-0.0043,-0.0003
173460.0000,0.1558,0.1515,0.0530,0.0527,-0.0043,-0.0003
173520.0000,0.1558,0.1514,0.0530,0.0527,-0.0043,-0.0003
173580.0000,0.1557,0.1514,0.0530,0.0527,-0.0043,-0.0003
173640.0000,0.1557,0.1514,0.0530,0.0527,-0.0043,-0.0003
173700.0000,0.1557,0.1513,0.0530,0.0527,-0.0043,-0.0003
173760.0000,0.1556,0.1513,0.0530,0.0527,-0.0043,-0.0003
173820.0000,0.1556,0.1513,0.0530,0.0527,-0.0043,-0.0003
173880.0000,0.1556,0.1512,0.0530,0.0527,-0.0043,-0.0003
173940.0000,0.1555,0.1512,0.0530,0.0527,-0.0043,-0.0003
174000.0000,0.1555,0.1512,0.0530,0.0527,-0.0043,-0.0003
174060.0000,0.1555,0.1512,0.0530,0.0527,-0.0043,-0.0003
174120.0000,0.1554,0.1511,0.0530,0.0527,-0.0043,-0.0003
174180.0000,0.1554,0.1511,0.0530,0.0527,-0.0043,-0.0003
174240.0000,0.1553,0.1511,0.0530,0.0527,-0.0043,-0.0003
174300.0000,0.1553,0.1510,0.0530,0.0527,-0.0043,-0.0003
174360.0000,0.1553,0.1510,0.0530,0.0527,-0.0043,-0.0003
174420.0000,0.1552,0.1510,0.0530,0.0527,-0.0043,-0.0003
174480.0000,0.1552,0.1509,0.0530,0.0527,-0.0043,-0.0003
174540.0000,0.1552,0.1509,0.0529,0.0527,-0.0043,-0.0003
174600.0000,0.1551,0.1509,0.0529,0.0527,-0.0043,-0.0003
174660.0000,0.1551,0.1508,0.0529,0.0527,-0.0043,-0.0003
174720.0000,0.1551,0.1508,0.0529,0.0527,-0.0043,-0.0003
174780.0000,0.1550,0.1508,0.0529,0.0527,-0.0043,-0.0003
174840.0000,0.1550,0.1507,0.0529,0.0527,-0.0043,-0.0003
174900.0000,0.1550,0.1507,0.0529,0.0527,-0.0043,-0.0003
174960.0000,0.1549,0.1507,0.0529,0.0527,-0.0043,-0.0003
175020.0000,0.1549,0.1506,0.0529,0.0527,-0.0042,-0.0003
175080.0000,0.1549,0.1506,0.0529,0.0527,-0.0042,-0.0003
175140.0000,0.1548,0.1506,0.0529,0.0527,-0.0042,-0.0003
175200.0000,0.1548,0.1506,0.0529,0.0527,-0.0042,-0.0003
175260.0000,0.1548,0.1505,0.0529,0.0527,-0.0042,-0.0003
175320.0000,0.1547,0.1505,0.0529,0.0526,-0.0042,-0.0003
175380.0000,0.1547,0.1505,0.0529,0.0526,-0.0042,-0.0003
175440.0000,0.1547,0.1504,0.0529,0.0526,-0.0042,-0.0003
175500.0000,0.1546,0.1504,0.0529,0.0526,-0.0042,-0.0003
175560.0000,0.1546,0.1504,0.0529,0.0526,-0.0042,-0.0003
175620.0000,0.1546,0.1503,0.0529,0.0526,-0.0042,-0.0003
175680.0000,0.1545,0.1503,0.0529,0.0526,-0.0042,-0.0003
175740.0000,0.1545,0.1503,0.0529,0.0526,-0.0042,-0.0003
175800.0000,0.1544,0.1502,0.0529,0.0526,-0.0042,-0.0003
175860.0000,0.1544,0.1502,0.0529,0.0526,-0.0042,-0.0003
175920.0000,0.1544,0.1502,0.0529,0.0526,-0.0042,-0.0003
175980.0000,0.1543,0.1501,0.0529,0.0526,-0.0042,-0.0003
176040.0000,0.1543,0.1501,0.0529,0.0526,-0.0042,-0.0003
176100.0000,0.1543,0.1501,0.0529,0.0526,-0.0042,-0.0003
176160.0000,0.1542,0.1501,0.0529,0.0526,-0.0042,-0.0003
176220.0000,0.1542,0.1500,0.0529,0.0526,-0.0042,-0.0003
176280.0000,0.1542,0.1500,0.0529,0.0526,-0.0042,-0.0003
