time_s,z_m,z_cm,T_axis_2d_C,C_axis_2d,T_side_2d_C,C_side_2d,T_end_axis_surface_C,C_end_axis_surface
0.0000,0.0025,0.2451,28.0000,2.5500,28.0000,2.5500,28.0000,2.5500
0.0000,0.0074,0.7353,28.0000,2.5500,28.0000,2.5500,28.0000,2.5500
0.0000,0.0123,1.2255,28.0000,2.5500,28.0000,2.5500,28.0000,2.5500
0.0000,0.0172,1.7157,28.0000,2.5500,28.0000,2.5500,28.0000,2.5500
0.0000,0.0221,2.2059,28.0000,2.5500,28.0000,2.5500,28.0000,2.5500
0.0000,0.0270,2.6961,28.0000,2.5500,28.0000,2.5500,28.0000,2.5500
0.0000,0.0319,3.1863,28.0000,2.5500,28.0000,2.5500,28.0000,2.5500
0.0000,0.0368,3.6765,28.0000,2.5500,28.0000,2.5500,28.0000,2.5500
0.0000,0.0417,4.1667,28.0000,2.5500,28.0000,2.5500,28.0000,2.5500
0.0000,0.0466,4.6569,28.0000,2.5500,28.0000,2.5500,28.0000,2.5500
0.0000,0.0515,5.1471,28.0000,2.5500,28.0000,2.5500,28.0000,2.5500
0.0000,0.0564,5.6373,28.0000,2.5500,28.0000,2.5500,28.0000,2.5500
0.0000,0.0613,6.1275,28.0000,2.5500,28.0000,2.5500,28.0000,2.5500
0.0000,0.0662,6.6176,28.0000,2.5500,28.0000,2.5500,28.0000,2.5500
0.0000,0.0711,7.1078,28.0000,2.5500,28.0000,2.5500,28.0000,2.5500
0.0000,0.0760,7.5980,28.0000,2.5500,28.0000,2.5500,28.0000,2.5500
0.0000,0.0809,8.0882,28.0000,2.5500,28.0000,2.5500,28.0000,2.5500
0.0000,0.0858,8.5784,28.0000,2.5500,28.0000,2.5500,28.0000,2.5500
0.0000,0.0907,9.0686,28.0000,2.5500,28.0000,2.5500,28.0000,2.5500
0.0000,0.0956,9.5588,28.0000,2.5500,28.0000,2.5500,28.0000,2.5500
0.0000,0.1005,10.0490,28.0000,2.5500,28.0000,2.5500,28.0000,2.5500
0.0000,0.1054,10.5392,28.0000,2.5500,28.0000,2.5500,28.0000,2.5500
0.0000,0.1103,11.0294,28.0000,2.5500,28.0000,2.5500,28.0000,2.5500
0.0000,0.1152,11.5196,28.0000,2.5500,28.0000,2.5500,28.0000,2.5500
0.0000,0.1201,12.0098,28.0000,2.5500,28.0000,2.5500,28.0000,2.5500
0.0000,0.1250,12.5000,28.0000,2.5500,28.0000,2.5500,28.0000,2.5500
0.0000,0.1299,12.9902,28.0000,2.5500,28.0000,2.5500,28.0000,2.5500
0.0000,0.1348,13.4804,28.0000,2.5500,28.0000,2.5500,28.0000,2.5500
0.0000,0.1397,13.9706,28.0000,2.5500,28.0000,2.5500,28.0000,2.5500
0.0000,0.1446,14.4608,28.0000,2.5500,28.0000,2.5500,28.0000,2.5500
0.0000,0.1495,14.9510,28.0000,2.5500,28.0000,2.5500,28.0000,2.5500
0.0000,0.1544,15.4412,28.0000,2.5500,28.0000,2.5500,28.0000,2.5500
0.0000,0.1593,15.9314,28.0000,2.5500,28.0000,2.5500,28.0000,2.5500
0.0000,0.1642,16.4216,28.0000,2.5500,28.0000,2.5500,28.0000,2.5500
0.0000,0.1691,16.9118,28.0000,2.5500,28.0000,2.5500,28.0000,2.5500
0.0000,0.1740,17.4020,28.0000,2.5500,28.0000,2.5500,28.0000,2.5500
0.0000,0.1789,17.8922,28.0000,2.5500,28.0000,2.5500,28.0000,2.5500
0.0000,0.1838,18.3824,28.0000,2.5500,28.0000,2.5500,28.0000,2.5500
0.0000,0.1887,18.8725,28.0000,2.5500,28.0000,2.5500,28.0000,2.5500
0.0000,0.1936,19.3627,28.0000,2.5500,28.0000,2.5500,28.0000,2.5500
0.0000,0.1985,19.8529,28.0000,2.5500,28.0000,2.5500,28.0000,2.5500
0.0000,0.2034,20.3431,28.0000,2.5500,28.0000,2.5500,28.0000,2.5500
0.0000,0.2083,20.8333,28.0000,2.5500,28.0000,2.5500,28.0000,2.5500
0.0000,0.2132,21.3235,28.0000,2.5500,28.0000,2.5500,28.0000,2.5500
0.0000,0.2181,21.8137,28.0000,2.5500,28.0000,2.5500,28.0000,2.5500
0.0000,0.2230,22.3039,28.0000,2.5500,28.0000,2.5500,28.0000,2.5500
0.0000,0.2279,22.7941,28.0000,2.5500,28.0000,2.5500,28.0000,2.5500
0.0000,0.2328,23.2843,28.0000,2.5500,28.0000,2.5500,28.0000,2.5500
0.0000,0.2377,23.7745,28.0000,2.5500,28.0000,2.5500,28.0000,2.5500
0.0000,0.2426,24.2647,28.0000,2.5500,28.0000,2.5500,28.0000,2.5500
0.0000,0.2475,24.7549,28.0000,2.5500,28.0000,2.5500,28.0000,2.5500
1800.0000,0.0025,0.2451,36.6181,2.1445,38.5256,1.2584,37.3300,1.5156
1800.0000,0.0074,0.7353,35.6208,2.4855,37.9426,1.4783,35.6208,2.4855
1800.0000,0.0123,1.2255,34.9339,2.5423,37.5499,1.5121,34.9339,2.5423
1800.0000,0.0172,1.7157,34.4694,2.5492,37.2875,1.5159,34.4694,2.5492
1800.0000,0.0221,2.2059,34.1621,2.5499,37.1149,1.5163,34.1621,2.5499
1800.0000,0.0270,2.6961,33.9633,2.5500,37.0036,1.5163,33.9633,2.5500
1800.0000,0.0319,3.1863,33.8375,2.5500,36.9334,1.5163,33.8375,2.5500
1800.0000,0.0368,3.6765,33.7598,2.5500,36.8900,1.5163,33.7598,2.5500
1800.0000,0.0417,4.1667,33.7128,2.5500,36.8638,1.5163,33.7128,2.5500
1800.0000,0.0466,4.6569,33.6849,2.5500,36.8483,1.5163,33.6849,2.5500
1800.0000,0.0515,5.1471,33.6688,2.5500,36.8393,1.5163,33.6688,2.5500
1800.0000,0.0564,5.6373,33.6596,2.5500,36.8342,1.5163,33.6596,2.5500
1800.0000,0.0613,6.1275,33.6545,2.5500,36.8314,1.5163,33.6545,2.5500
1800.0000,0.0662,6.6176,33.6518,2.5500,36.8298,1.5163,33.6518,2.5500
1800.0000,0.0711,7.1078,33.6503,2.5500,36.8290,1.5163,33.6503,2.5500
1800.0000,0.0760,7.5980,33.6495,2.5500,36.8285,1.5163,33.6495,2.5500
1800.0000,0.0809,8.0882,33.6491,2.5500,36.8283,1.5163,33.6491,2.5500
1800.0000,0.0858,8.5784,33.6489,2.5500,36.8282,1.5163,33.6489,2.5500
1800.0000,0.0907,9.0686,33.6488,2.5500,36.8281,1.5163,33.6488,2.5500
1800.0000,0.0956,9.5588,33.6487,2.5500,36.8281,1.5163,33.6487,2.5500
1800.0000,0.1005,10.0490,33.6487,2.5500,36.8281,1.5163,33.6487,2.5500
1800.0000,0.1054,10.5392,33.6487,2.5500,36.8281,1.5163,33.6487,2.5500
1800.0000,0.1103,11.0294,33.6487,2.5500,36.8281,1.5163,33.6487,2.5500
1800.0000,0.1152,11.5196,33.6487,2.5500,36.8281,1.5163,33.6487,2.5500
1800.0000,0.1201,12.0098,33.6487,2.5500,36.8281,1.5163,33.6487,2.5500
1800.0000,0.1250,12.5000,33.6487,2.5500,36.8281,1.5163,33.6487,2.5500
1800.0000,0.1299,12.9902,33.6487,2.5500,36.8281,1.5163,33.6487,2.5500
1800.0000,0.1348,13.4804,33.6487,2.5500,36.8281,1.5163,33.6487,2.5500
1800.0000,0.1397,13.9706,33.6487,2.5500,36.8281,1.5163,33.6487,2.5500
1800.0000,0.1446,14.4608,33.6487,2.5500,36.8281,1.5163,33.6487,2.5500
1800.0000,0.1495,14.9510,33.6487,2.5500,36.8281,1.5163,33.6487,2.5500
1800.0000,0.1544,15.4412,33.6487,2.5500,36.8281,1.5163,33.6487,2.5500
1800.0000,0.1593,15.9314,33.6488,2.5500,36.8281,1.5163,33.6488,2.5500
1800.0000,0.1642,16.4216,33.6489,2.5500,36.8282,1.5163,33.6489,2.5500
1800.0000,0.1691,16.9118,33.6491,2.5500,36.8283,1.5163,33.6491,2.5500
1800.0000,0.1740,17.4020,33.6495,2.5500,36.8285,1.5163,33.6495,2.5500
1800.0000,0.1789,17.8922,33.6503,2.5500,36.8290,1.5163,33.6503,2.5500
1800.0000,0.1838,18.3824,33.6518,2.5500,36.8298,1.5163,33.6518,2.5500
1800.0000,0.1887,18.8725,33.6545,2.5500,36.8314,1.5163,33.6545,2.5500
1800.0000,0.1936,19.3627,33.6596,2.5500,36.8342,1.5163,33.6596,2.5500
1800.0000,0.1985,19.8529,33.6688,2.5500,36.8393,1.5163,33.6688,2.5500
1800.0000,0.2034,20.3431,33.6849,2.5500,36.8483,1.5163,33.6849,2.5500
1800.0000,0.2083,20.8333,33.7128,2.5500,36.8638,1.5163,33.7128,2.5500
1800.0000,0.2132,21.3235,33.7598,2.5500,36.8900,1.5163,33.7598,2.5500
1800.0000,0.2181,21.8137,33.8375,2.5500,36.9334,1.5163,33.8375,2.5500
1800.0000,0.2230,22.3039,33.9633,2.5500,37.0036,1.5163,33.9633,2.5500
1800.0000,0.2279,22.7941,34.1621,2.5499,37.1149,1.5163,34.1621,2.5499
1800.0000,0.2328,23.2843,34.4694,2.5492,37.2875,1.5159,34.4694,2.5492
1800.0000,0.2377,23.7745,34.9339,2.5423,37.5499,1.5121,34.9339,2.5423
1800.0000,0.2426,24.2647,35.6208,2.4855,37.9426,1.4783,35.6208,2.4855
1800.0000,0.2475,24.7549,36.6181,2.1445,38.5256,1.2584,37.3300,1.5156
3600.0000,0.0025,0.2451,44.6984,1.8883,45.8110,0.8744,45.1037,1.3166
3600.0000,0.0074,0.7353,44.0883,2.3699,45.4613,1.1449,44.0883,2.3699
3600.0000,0.0123,1.2255,43.6197,2.5082,45.1969,1.2142,43.6197,2.5082
3600.0000,0.0172,1.7157,43.2633,2.5391,44.9971,1.2284,43.2633,2.5391
3600.0000,0.0221,2.2059,42.9961,2.5446,44.8478,1.2308,42.9961,2.5446
3600.0000,0.0270,2.6961,42.7985,2.5454,44.7376,1.2311,42.7985,2.5454
3600.0000,0.0319,3.1863,42.6542,2.5455,44.6571,1.2311,42.6542,2.5455
3600.0000,0.0368,3.6765,42.5500,2.5455,44.5991,1.2311,42.5500,2.5455
3600.0000,0.0417,4.1667,42.4757,2.5455,44.5577,1.2311,42.4757,2.5455
3600.0000,0.0466,4.6569,42.4233,2.5455,44.5285,1.2311,42.4233,2.5455
3600.0000,0.0515,5.1471,42.3868,2.5455,44.5082,1.2311,42.3868,2.5455
3600.0000,0.0564,5.6373,42.3617,2.5455,44.4942,1.2311,42.3617,2.5455
3600.0000,0.0613,6.1275,42.3446,2.5455,44.4847,1.2311,42.3446,2.5455
3600.0000,0.0662,6.6176,42.3331,2.5455,44.4783,1.2311,42.3331,2.5455
3600.0000,0.0711,7.1078,42.3255,2.5455,44.4740,1.2311,42.3255,2.5455
3600.0000,0.0760,7.5980,42.3205,2.5455,44.4713,1.2311,42.3205,2.5455
3600.0000,0.0809,8.0882,42.3173,2.5455,44.4695,1.2311,42.3173,2.5455
3600.0000,0.0858,8.5784,42.3152,2.5455,44.4683,1.2311,42.3152,2.5455
3600.0000,0.0907,9.0686,42.3139,2.5455,44.4676,1.2311,42.3139,2.5455
3600.0000,0.0956,9.5588,42.3131,2.5455,44.4671,1.2311,42.3131,2.5455
3600.0000,0.1005,10.0490,42.3125,2.5455,44.4668,1.2311,42.3125,2.5455
3600.0000,0.1054,10.5392,42.3122,2.5455,44.4667,1.2311,42.3122,2.5455
3600.0000,0.1103,11.0294,42.3121,2.5455,44.4666,1.2311,42.3121,2.5455
3600.0000,0.1152,11.5196,42.3120,2.5455,44.4665,1.2311,42.3120,2.5455
3600.0000,0.1201,12.0098,42.3119,2.5455,44.4665,1.2311,42.3119,2.5455
3600.0000,0.1250,12.5000,42.3119,2.5455,44.4665,1.2311,42.3119,2.5455
3600.0000,0.1299,12.9902,42.3119,2.5455,44.4665,1.2311,42.3119,2.5455
3600.0000,0.1348,13.4804,42.3120,2.5455,44.4665,1.2311,42.3120,2.5455
3600.0000,0.1397,13.9706,42.3121,2.5455,44.4666,1.2311,42.3121,2.5455
3600.0000,0.1446,14.4608,42.3122,2.5455,44.4667,1.2311,42.3122,2.5455
3600.0000,0.1495,14.9510,42.3125,2.5455,44.4668,1.2311,42.3125,2.5455
3600.0000,0.1544,15.4412,42.3131,2.5455,44.4671,1.2311,42.3131,2.5455
3600.0000,0.1593,15.9314,42.3139,2.5455,44.4676,1.2311,42.3139,2.5455
3600.0000,0.1642,16.4216,42.3152,2.5455,44.4683,1.2311,42.3152,2.5455
3600.0000,0.1691,16.9118,42.3173,2.5455,44.4695,1.2311,42.3173,2.5455
3600.0000,0.1740,17.4020,42.3205,2.5455,44.4713,1.2311,42.3205,2.5455
3600.0000,0.1789,17.8922,42.3255,2.5455,44.4740,1.2311,42.3255,2.5455
3600.0000,0.1838,18.3824,42.3331,2.5455,44.4783,1.2311,42.3331,2.5455
3600.0000,0.1887,18.8725,42.3446,2.5455,44.4847,1.2311,42.3446,2.5455
3600.0000,0.1936,19.3627,42.3617,2.5455,44.4942,1.2311,42.3617,2.5455
3600.0000,0.1985,19.8529,42.3868,2.5455,44.5082,1.2311,42.3868,2.5455
3600.0000,0.2034,20.3431,42.4233,2.5455,44.5285,1.2311,42.4233,2.5455
3600.0000,0.2083,20.8333,42.4757,2.5455,44.5577,1.2311,42.4757,2.5455
3600.0000,0.2132,21.3235,42.5500,2.5455,44.5991,1.2311,42.5500,2.5455
3600.0000,0.2181,21.8137,42.6542,2.5455,44.6571,1.2311,42.6542,2.5455
3600.0000,0.2230,22.3039,42.7985,2.5454,44.7376,1.2311,42.7985,2.5454
3600.0000,0.2279,22.7941,42.9961,2.5446,44.8478,1.2308,42.9961,2.5446
3600.0000,0.2328,23.2843,43.2633,2.5391,44.9971,1.2284,43.2633,2.5391
3600.0000,0.2377,23.7745,43.6197,2.5082,45.1969,1.2142,43.6197,2.5082
3600.0000,0.2426,24.2647,44.0883,2.3699,45.4613,1.1449,44.0883,2.3699
3600.0000,0.2475,24.7549,44.6984,1.8883,45.8110,0.8744,45.1037,1.3166
5400.0000,0.0025,0.2451,48.2081,1.6988,48.6147,0.6502,48.3402,1.1684
5400.0000,0.0074,0.7353,47.9734,2.2367,48.4827,0.9284,47.9734,2.2367
5400.0000,0.0123,1.2255,47.7796,2.4376,48.3739,1.0188,47.7796,2.4376
5400.0000,0.0172,1.7157,47.6230,2.4991,48.2864,1.0442,47.6230,2.4991
5400.0000,0.0221,2.2059,47.4982,2.5145,48.2167,1.0500,47.4982,2.5145
5400.0000,0.0270,2.6961,47.3998,2.5177,48.1619,1.0511,47.3998,2.5177
5400.0000,0.0319,3.1863,47.3230,2.5183,48.1191,1.0513,47.3230,2.5183
5400.0000,0.0368,3.6765,47.2635,2.5184,48.0860,1.0513,47.2635,2.5184
5400.0000,0.0417,4.1667,47.2179,2.5184,48.0606,1.0513,47.2179,2.5184
5400.0000,0.0466,4.6569,47.1833,2.5184,48.0413,1.0513,47.1833,2.5184
5400.0000,0.0515,5.1471,47.1571,2.5184,48.0267,1.0513,47.1571,2.5184
5400.0000,0.0564,5.6373,47.1376,2.5184,48.0158,1.0513,47.1376,2.5184
5400.0000,0.0613,6.1275,47.1231,2.5184,48.0077,1.0513,47.1231,2.5184
5400.0000,0.0662,6.6176,47.1124,2.5184,48.0018,1.0513,47.1124,2.5184
5400.0000,0.0711,7.1078,47.1047,2.5184,47.9975,1.0513,47.1047,2.5184
5400.0000,0.0760,7.5980,47.0990,2.5184,47.9944,1.0513,47.0990,2.5184
5400.0000,0.0809,8.0882,47.0950,2.5184,47.9921,1.0513,47.0950,2.5184
5400.0000,0.0858,8.5784,47.0922,2.5184,47.9905,1.0513,47.0922,2.5184
5400.0000,0.0907,9.0686,47.0902,2.5184,47.9894,1.0513,47.0902,2.5184
5400.0000,0.0956,9.5588,47.0888,2.5184,47.9887,1.0513,47.0888,2.5184
5400.0000,0.1005,10.0490,47.0878,2.5184,47.9881,1.0513,47.0878,2.5184
5400.0000,0.1054,10.5392,47.0872,2.5184,47.9878,1.0513,47.0872,2.5184
5400.0000,0.1103,11.0294,47.0867,2.5184,47.9875,1.0513,47.0867,2.5184
5400.0000,0.1152,11.5196,47.0865,2.5184,47.9874,1.0513,47.0865,2.5184
5400.0000,0.1201,12.0098,47.0863,2.5184,47.9873,1.0513,47.0863,2.5184
5400.0000,0.1250,12.5000,47.0863,2.5184,47.9873,1.0513,47.0863,2.5184
5400.0000,0.1299,12.9902,47.0863,2.5184,47.9873,1.0513,47.0863,2.5184
5400.0000,0.1348,13.4804,47.0865,2.5184,47.9874,1.0513,47.0865,2.5184
5400.0000,0.1397,13.9706,47.0867,2.5184,47.9875,1.0513,47.0867,2.5184
5400.0000,0.1446,14.4608,47.0872,2.5184,47.9878,1.0513,47.0872,2.5184
5400.0000,0.1495,14.9510,47.0878,2.5184,47.9881,1.0513,47.0878,2.5184
5400.0000,0.1544,15.4412,47.0888,2.5184,47.9887,1.0513,47.0888,2.5184
5400.0000,0.1593,15.9314,47.0902,2.5184,47.9894,1.0513,47.0902,2.5184
5400.0000,0.1642,16.4216,47.0922,2.5184,47.9905,1.0513,47.0922,2.5184
5400.0000,0.1691,16.9118,47.0950,2.5184,47.9921,1.0513,47.0950,2.5184
5400.0000,0.1740,17.4020,47.0990,2.5184,47.9944,1.0513,47.0990,2.5184
5400.0000,0.1789,17.8922,47.1047,2.5184,47.9975,1.0513,47.1047,2.5184
5400.0000,0.1838,18.3824,47.1124,2.5184,48.0018,1.0513,47.1124,2.5184
5400.0000,0.1887,18.8725,47.1231,2.5184,48.0077,1.0513,47.1231,2.5184
5400.0000,0.1936,19.3627,47.1376,2.5184,48.0158,1.0513,47.1376,2.5184
5400.0000,0.1985,19.8529,47.1571,2.5184,48.0267,1.0513,47.1571,2.5184
5400.0000,0.2034,20.3431,47.1833,2.5184,48.0413,1.0513,47.1833,2.5184
5400.0000,0.2083,20.8333,47.2179,2.5184,48.0606,1.0513,47.2179,2.5184
5400.0000,0.2132,21.3235,47.2635,2.5184,48.0860,1.0513,47.2635,2.5184
5400.0000,0.2181,21.8137,47.3230,2.5183,48.1191,1.0513,47.3230,2.5183
5400.0000,0.2230,22.3039,47.3998,2.5177,48.1619,1.0511,47.3998,2.5177
5400.0000,0.2279,22.7941,47.4982,2.5145,48.2167,1.0500,47.4982,2.5145
5400.0000,0.2328,23.2843,47.6230,2.4991,48.2864,1.0442,47.6230,2.4991
5400.0000,0.2377,23.7745,47.7796,2.4376,48.3739,1.0188,47.7796,2.4376
5400.0000,0.2426,24.2647,47.9734,2.2367,48.4827,0.9284,47.9734,2.2367
5400.0000,0.2475,24.7549,48.2081,1.6988,48.6147,0.6502,48.3402,1.1684
7200.0000,0.0025,0.2451,49.4854,1.5410,49.6420,0.4999,49.5387,1.0443
7200.0000,0.0074,0.7353,49.3959,2.0942,49.5914,0.7721,49.3959,2.0942
7200.0000,0.0123,1.2255,49.3226,2.3338,49.5502,0.8728,49.3226,2.3338
7200.0000,0.0172,1.7157,49.2634,2.4230,49.5170,0.9073,49.2634,2.4230
7200.0000,0.0221,2.2059,49.2155,2.4508,49.4903,0.9172,49.2155,2.4508
7200.0000,0.0270,2.6961,49.1769,2.4583,49.4688,0.9196,49.1769,2.4583
7200.0000,0.0319,3.1863,49.1458,2.4600,49.4514,0.9201,49.1458,2.4600
7200.0000,0.0368,3.6765,49.1208,2.4603,49.4375,0.9202,49.1208,2.4603
7200.0000,0.0417,4.1667,49.1008,2.4604,49.4264,0.9202,49.1008,2.4604
7200.0000,0.0466,4.6569,49.0850,2.4604,49.4176,0.9202,49.0850,2.4604
7200.0000,0.0515,5.1471,49.0725,2.4604,49.4107,0.9202,49.0725,2.4604
7200.0000,0.0564,5.6373,49.0628,2.4604,49.4052,0.9202,49.0628,2.4604
7200.0000,0.0613,6.1275,49.0552,2.4604,49.4010,0.9202,49.0552,2.4604
7200.0000,0.0662,6.6176,49.0493,2.4604,49.3977,0.9202,49.0493,2.4604
7200.0000,0.0711,7.1078,49.0448,2.4604,49.3952,0.9202,49.0448,2.4604
7200.0000,0.0760,7.5980,49.0414,2.4604,49.3933,0.9202,49.0414,2.4604
7200.0000,0.0809,8.0882,49.0388,2.4604,49.3919,0.9202,49.0388,2.4604
7200.0000,0.0858,8.5784,49.0368,2.4604,49.3908,0.9202,49.0368,2.4604
7200.0000,0.0907,9.0686,49.0354,2.4604,49.3900,0.9202,49.0354,2.4604
7200.0000,0.0956,9.5588,49.0343,2.4604,49.3894,0.9202,49.0343,2.4604
7200.0000,0.1005,10.0490,49.0335,2.4604,49.3889,0.9202,49.0335,2.4604
7200.0000,0.1054,10.5392,49.0329,2.4604,49.3886,0.9202,49.0329,2.4604
7200.0000,0.1103,11.0294,49.0326,2.4604,49.3884,0.9202,49.0326,2.4604
7200.0000,0.1152,11.5196,49.0323,2.4604,49.3882,0.9202,49.0323,2.4604
7200.0000,0.1201,12.0098,49.0322,2.4604,49.3882,0.9202,49.0322,2.4604
7200.0000,0.1250,12.5000,49.0321,2.4604,49.3881,0.9202,49.0321,2.4604
7200.0000,0.1299,12.9902,49.0322,2.4604,49.3882,0.9202,49.0322,2.4604
7200.0000,0.1348,13.4804,49.0323,2.4604,49.3882,0.9202,49.0323,2.4604
7200.0000,0.1397,13.9706,49.0326,2.4604,49.3884,0.9202,49.0326,2.4604
7200.0000,0.1446,14.4608,49.0329,2.4604,49.3886,0.9202,49.0329,2.4604
7200.0000,0.1495,14.9510,49.0335,2.4604,49.3889,0.9202,49.0335,2.4604
7200.0000,0.1544,15.4412,49.0343,2.4604,49.3894,0.9202,49.0343,2.4604
7200.0000,0.1593,15.9314,49.0354,2.4604,49.3900,0.9202,49.0354,2.4604
7200.0000,0.1642,16.4216,49.0368,2.4604,49.3908,0.9202,49.0368,2.4604
7200.0000,0.1691,16.9118,49.0388,2.4604,49.3919,0.9202,49.0388,2.4604
7200.0000,0.1740,17.4020,49.0414,2.4604,49.3933,0.9202,49.0414,2.4604
7200.0000,0.1789,17.8922,49.0448,2.4604,49.3952,0.9202,49.0448,2.4604
7200.0000,0.1838,18.3824,49.0493,2.4604,49.3977,0.9202,49.0493,2.4604
7200.0000,0.1887,18.8725,49.0552,2.4604,49.4010,0.9202,49.0552,2.4604
7200.0000,0.1936,19.3627,49.0628,2.4604,49.4052,0.9202,49.0628,2.4604
7200.0000,0.1985,19.8529,49.0725,2.4604,49.4107,0.9202,49.0725,2.4604
7200.0000,0.2034,20.3431,49.0850,2.4604,49.4176,0.9202,49.0850,2.4604
7200.0000,0.2083,20.8333,49.1008,2.4604,49.4264,0.9202,49.1008,2.4604
7200.0000,0.2132,21.3235,49.1208,2.4603,49.4375,0.9202,49.1208,2.4603
7200.0000,0.2181,21.8137,49.1458,2.4600,49.4514,0.9201,49.1458,2.4600
7200.0000,0.2230,22.3039,49.1769,2.4583,49.4688,0.9196,49.1769,2.4583
7200.0000,0.2279,22.7941,49.2155,2.4508,49.4903,0.9172,49.2155,2.4508
7200.0000,0.2328,23.2843,49.2634,2.4230,49.5170,0.9073,49.2634,2.4230
7200.0000,0.2377,23.7745,49.3226,2.3338,49.5502,0.8728,49.3226,2.3338
7200.0000,0.2426,24.2647,49.3959,2.0942,49.5914,0.7721,49.3959,2.0942
7200.0000,0.2475,24.7549,49.4854,1.5410,49.6420,0.4999,49.5387,1.0443
9000.0000,0.0025,0.2451,49.8390,1.4038,49.9068,0.3920,49.8861,0.9359
9000.0000,0.0074,0.7353,49.8076,1.9516,49.8865,0.6532,49.8076,1.9516
9000.0000,0.0123,1.2255,49.7871,2.2113,49.8748,0.7576,49.7871,2.2113
9000.0000,0.0172,1.7157,49.7696,2.3213,49.8651,0.7985,49.7696,2.3213
9000.0000,0.0221,2.2059,49.7544,2.3614,49.8566,0.8123,49.7544,2.3614
9000.0000,0.0270,2.6961,49.7415,2.3741,49.8495,0.8163,49.7415,2.3741
9000.0000,0.0319,3.1863,49.7308,2.3775,49.8435,0.8173,49.7308,2.3775
9000.0000,0.0368,3.6765,49.7220,2.3784,49.8386,0.8175,49.7220,2.3784
9000.0000,0.0417,4.1667,49.7149,2.3786,49.8346,0.8176,49.7149,2.3786
9000.0000,0.0466,4.6569,49.7090,2.3786,49.8314,0.8176,49.7090,2.3786
9000.0000,0.0515,5.1471,49.7043,2.3786,49.8287,0.8176,49.7043,2.3786
9000.0000,0.0564,5.6373,49.7004,2.3786,49.8266,0.8176,49.7004,2.3786
9000.0000,0.0613,6.1275,49.6973,2.3786,49.8249,0.8176,49.6973,2.3786
9000.0000,0.0662,6.6176,49.6948,2.3786,49.8235,0.8176,49.6948,2.3786
9000.0000,0.0711,7.1078,49.6929,2.3786,49.8224,0.8176,49.6929,2.3786
9000.0000,0.0760,7.5980,49.6913,2.3786,49.8215,0.8176,49.6913,2.3786
9000.0000,0.0809,8.0882,49.6901,2.3786,49.8208,0.8176,49.6901,2.3786
9000.0000,0.0858,8.5784,49.6891,2.3786,49.8203,0.8176,49.6891,2.3786
9000.0000,0.0907,9.0686,49.6884,2.3786,49.8199,0.8176,49.6884,2.3786
9000.0000,0.0956,9.5588,49.6878,2.3786,49.8196,0.8176,49.6878,2.3786
9000.0000,0.1005,10.0490,49.6874,2.3786,49.8193,0.8176,49.6874,2.3786
9000.0000,0.1054,10.5392,49.6870,2.3786,49.8191,0.8176,49.6870,2.3786
9000.0000,0.1103,11.0294,49.6868,2.3786,49.8190,0.8176,49.6868,2.3786
9000.0000,0.1152,11.5196,49.6866,2.3786,49.8189,0.8176,49.6866,2.3786
9000.0000,0.1201,12.0098,49.6866,2.3786,49.8189,0.8176,49.6866,2.3786
9000.0000,0.1250,12.5000,49.6865,2.3786,49.8189,0.8176,49.6865,2.3786
9000.0000,0.1299,12.9902,49.6866,2.3786,49.8189,0.8176,49.6866,2.3786
9000.0000,0.1348,13.4804,49.6866,2.3786,49.8189,0.8176,49.6866,2.3786
9000.0000,0.1397,13.9706,49.6868,2.3786,49.8190,0.8176,49.6868,2.3786
9000.0000,0.1446,14.4608,49.6870,2.3786,49.8191,0.8176,49.6870,2.3786
9000.0000,0.1495,14.9510,49.6874,2.3786,49.8193,0.8176,49.6874,2.3786
9000.0000,0.1544,15.4412,49.6878,2.3786,49.8196,0.8176,49.6878,2.3786
9000.0000,0.1593,15.9314,49.6884,2.3786,49.8199,0.8176,49.6884,2.3786
9000.0000,0.1642,16.4216,49.6891,2.3786,49.8203,0.8176,49.6891,2.3786
9000.0000,0.1691,16.9118,49.6901,2.3786,49.8208,0.8176,49.6901,2.3786
9000.0000,0.1740,17.4020,49.6913,2.3786,49.8215,0.8176,49.6913,2.3786
9000.0000,0.1789,17.8922,49.6929,2.3786,49.8224,0.8176,49.6929,2.3786
9000.0000,0.1838,18.3824,49.6948,2.3786,49.8235,0.8176,49.6948,2.3786
9000.0000,0.1887,18.8725,49.6973,2.3786,49.8249,0.8176,49.6973,2.3786
9000.0000,0.1936,19.3627,49.7004,2.3786,49.8266,0.8176,49.7004,2.3786
9000.0000,0.1985,19.8529,49.7043,2.3786,49.8287,0.8176,49.7043,2.3786
9000.0000,0.2034,20.3431,49.7090,2.3786,49.8314,0.8176,49.7090,2.3786
9000.0000,0.2083,20.8333,49.7149,2.3786,49.8346,0.8176,49.7149,2.3786
9000.0000,0.2132,21.3235,49.7220,2.3784,49.8386,0.8175,49.7220,2.3784
9000.0000,0.2181,21.8137,49.7308,2.3775,49.8435,0.8173,49.7308,2.3775
9000.0000,0.2230,22.3039,49.7415,2.3741,49.8495,0.8163,49.7415,2.3741
9000.0000,0.2279,22.7941,49.7544,2.3614,49.8566,0.8123,49.7544,2.3614
9000.0000,0.2328,23.2843,49.7696,2.3213,49.8651,0.7985,49.7696,2.3213
9000.0000,0.2377,23.7745,49.7871,2.2113,49.8748,0.7576,49.7871,2.2113
9000.0000,0.2426,24.2647,49.8076,1.9516,49.8865,0.6532,49.8076,1.9516
9000.0000,0.2475,24.7549,49.8390,1.4038,49.9068,0.3920,49.8861,0.9359
10800.0000,0.0025,0.2451,50.0129,1.2834,50.0719,0.3122,50.0394,0.8404
10800.0000,0.0074,0.7353,49.9842,1.8160,50.0536,0.5595,49.9842,1.8160
10800.0000,0.0123,1.2255,49.9688,2.0831,50.0442,0.6638,49.9688,2.0831
10800.0000,0.0172,1.7157,49.9600,2.2070,50.0391,0.7089,49.9600,2.2070
10800.0000,0.0221,2.2059,49.9540,2.2576,50.0357,0.7260,49.9540,2.2576
10800.0000,0.0270,2.6961,49.9494,2.2756,50.0331,0.7316,49.9494,2.2756
10800.0000,0.0319,3.1863,49.9457,2.2813,50.0310,0.7332,49.9457,2.2813
10800.0000,0.0368,3.6765,49.9425,2.2829,50.0293,0.7336,49.9425,2.2829
10800.0000,0.0417,4.1667,49.9399,2.2833,50.0278,0.7337,49.9399,2.2833
10800.0000,0.0466,4.6569,49.9378,2.2834,50.0266,0.7338,49.9378,2.2834
10800.0000,0.0515,5.1471,49.9361,2.2834,50.0257,0.7338,49.9361,2.2834
10800.0000,0.0564,5.6373,49.9346,2.2834,50.0249,0.7338,49.9346,2.2834
10800.0000,0.0613,6.1275,49.9335,2.2834,50.0242,0.7338,49.9335,2.2834
10800.0000,0.0662,6.6176,49.9326,2.2834,50.0237,0.7338,49.9326,2.2834
10800.0000,0.0711,7.1078,49.9318,2.2834,50.0233,0.7338,49.9318,2.2834
10800.0000,0.0760,7.5980,49.9312,2.2834,50.0229,0.7338,49.9312,2.2834
10800.0000,0.0809,8.0882,49.9307,2.2834,50.0227,0.7338,49.9307,2.2834
10800.0000,0.0858,8.5784,49.9303,2.2834,50.0224,0.7338,49.9303,2.2834
10800.0000,0.0907,9.0686,49.9300,2.2834,50.0223,0.7338,49.9300,2.2834
10800.0000,0.0956,9.5588,49.9297,2.2834,50.0221,0.7338,49.9297,2.2834
10800.0000,0.1005,10.0490,49.9296,2.2834,50.0220,0.7338,49.9296,2.2834
10800.0000,0.1054,10.5392,49.9294,2.2834,50.0219,0.7338,49.9294,2.2834
10800.0000,0.1103,11.0294,49.9293,2.2834,50.0219,0.7338,49.9293,2.2834
10800.0000,0.1152,11.5196,49.9292,2.2834,50.0219,0.7338,49.9292,2.2834
10800.0000,0.1201,12.0098,49.9292,2.2834,50.0218,0.7338,49.9292,2.2834
10800.0000,0.1250,12.5000,49.9292,2.2834,50.0218,0.7338,49.9292,2.2834
10800.0000,0.1299,12.9902,49.9292,2.2834,50.0218,0.7338,49.9292,2.2834
10800.0000,0.1348,13.4804,49.9292,2.2834,50.0219,0.7338,49.9292,2.2834
10800.0000,0.1397,13.9706,49.9293,2.2834,50.0219,0.7338,49.9293,2.2834
10800.0000,0.1446,14.4608,49.9294,2.2834,50.0219,0.7338,49.9294,2.2834
10800.0000,0.1495,14.9510,49.9296,2.2834,50.0220,0.7338,49.9296,2.2834
10800.0000,0.1544,15.4412,49.9297,2.2834,50.0221,0.7338,49.9297,2.2834
10800.0000,0.1593,15.9314,49.9300,2.2834,50.0223,0.7338,49.9300,2.2834
10800.0000,0.1642,16.4216,49.9303,2.2834,50.0224,0.7338,49.9303,2.2834
10800.0000,0.1691,16.9118,49.9307,2.2834,50.0227,0.7338,49.9307,2.2834
10800.0000,0.1740,17.4020,49.9312,2.2834,50.0229,0.7338,49.9312,2.2834
10800.0000,0.1789,17.8922,49.9318,2.2834,50.0233,0.7338,49.9318,2.2834
10800.0000,0.1838,18.3824,49.9326,2.2834,50.0237,0.7338,49.9326,2.2834
10800.0000,0.1887,18.8725,49.9335,2.2834,50.0242,0.7338,49.9335,2.2834
10800.0000,0.1936,19.3627,49.9346,2.2834,50.0249,0.7338,49.9346,2.2834
10800.0000,0.1985,19.8529,49.9361,2.2834,50.0257,0.7338,49.9361,2.2834
10800.0000,0.2034,20.3431,49.9378,2.2834,50.0266,0.7338,49.9378,2.2834
10800.0000,0.2083,20.8333,49.9399,2.2833,50.0278,0.7337,49.9399,2.2833
10800.0000,0.2132,21.3235,49.9425,2.2829,50.0293,0.7336,49.9425,2.2829
10800.0000,0.2181,21.8137,49.9457,2.2813,50.0310,0.7332,49.9457,2.2813
10800.0000,0.2230,22.3039,49.9494,2.2756,50.0331,0.7316,49.9494,2.2756
10800.0000,0.2279,22.7941,49.9540,2.2576,50.0357,0.7260,49.9540,2.2576
10800.0000,0.2328,23.2843,49.9600,2.2070,50.0391,0.7089,49.9600,2.2070
10800.0000,0.2377,23.7745,49.9688,2.0831,50.0442,0.6638,49.9688,2.0831
10800.0000,0.2426,24.2647,49.9842,1.8160,50.0536,0.5595,49.9842,1.8160
10800.0000,0.2475,24.7549,50.0129,1.2834,50.0719,0.3122,50.0394,0.8404
12600.0000,0.0025,0.2451,49.9735,1.1778,49.9905,0.2528,49.9914,0.7566
12600.0000,0.0074,0.7353,49.9687,1.6909,49.9853,0.4839,49.9687,1.6909
12600.0000,0.0123,1.2255,49.9712,1.9575,49.9862,0.5858,49.9712,1.9575
12600.0000,0.0172,1.7157,49.9739,2.0895,49.9876,0.6332,49.9739,2.0895
12600.0000,0.0221,2.2059,49.9753,2.1481,49.9884,0.6529,49.9753,2.1481
12600.0000,0.0270,2.6961,49.9758,2.1712,49.9887,0.6601,49.9758,2.1712
12600.0000,0.0319,3.1863,49.9756,2.1792,49.9886,0.6624,49.9756,2.1792
12600.0000,0.0368,3.6765,49.9752,2.1818,49.9884,0.6631,49.9752,2.1818
12600.0000,0.0417,4.1667,49.9747,2.1825,49.9881,0.6633,49.9747,2.1825
12600.0000,0.0466,4.6569,49.9741,2.1827,49.9878,0.6633,49.9741,2.1827
12600.0000,0.0515,5.1471,49.9736,2.1827,49.9875,0.6633,49.9736,2.1827
12600.0000,0.0564,5.6373,49.9732,2.1827,49.9873,0.6633,49.9732,2.1827
12600.0000,0.0613,6.1275,49.9728,2.1827,49.9870,0.6633,49.9728,2.1827
12600.0000,0.0662,6.6176,49.9725,2.1827,49.9869,0.6633,49.9725,2.1827
12600.0000,0.0711,7.1078,49.9722,2.1827,49.9867,0.6633,49.9722,2.1827
12600.0000,0.0760,7.5980,49.9720,2.1827,49.9866,0.6633,49.9720,2.1827
12600.0000,0.0809,8.0882,49.9718,2.1827,49.9865,0.6633,49.9718,2.1827
12600.0000,0.0858,8.5784,49.9716,2.1827,49.9864,0.6633,49.9716,2.1827
12600.0000,0.0907,9.0686,49.9715,2.1827,49.9863,0.6633,49.9715,2.1827
12600.0000,0.0956,9.5588,49.9714,2.1827,49.9863,0.6633,49.9714,2.1827
12600.0000,0.1005,10.0490,49.9713,2.1827,49.9862,0.6633,49.9713,2.1827
12600.0000,0.1054,10.5392,49.9713,2.1827,49.9862,0.6633,49.9713,2.1827
12600.0000,0.1103,11.0294,49.9712,2.1827,49.9862,0.6633,49.9712,2.1827
12600.0000,0.1152,11.5196,49.9712,2.1827,49.9862,0.6633,49.9712,2.1827
12600.0000,0.1201,12.0098,49.9712,2.1827,49.9861,0.6633,49.9712,2.1827
12600.0000,0.1250,12.5000,49.9712,2.1827,49.9861,0.6633,49.9712,2.1827
12600.0000,0.1299,12.9902,49.9712,2.1827,49.9861,0.6633,49.9712,2.1827
12600.0000,0.1348,13.4804,49.9712,2.1827,49.9862,0.6633,49.9712,2.1827
12600.0000,0.1397,13.9706,49.9712,2.1827,49.9862,0.6633,49.9712,2.1827
12600.0000,0.1446,14.4608,49.9713,2.1827,49.9862,0.6633,49.9713,2.1827
12600.0000,0.1495,14.9510,49.9713,2.1827,49.9862,0.6633,49.9713,2.1827
12600.0000,0.1544,15.4412,49.9714,2.1827,49.9863,0.6633,49.9714,2.1827
12600.0000,0.1593,15.9314,49.9715,2.1827,49.9863,0.6633,49.9715,2.1827
12600.0000,0.1642,16.4216,49.9716,2.1827,49.9864,0.6633,49.9716,2.1827
12600.0000,0.1691,16.9118,49.9718,2.1827,49.9865,0.6633,49.9718,2.1827
12600.0000,0.1740,17.4020,49.9720,2.1827,49.9866,0.6633,49.9720,2.1827
12600.0000,0.1789,17.8922,49.9722,2.1827,49.9867,0.6633,49.9722,2.1827
12600.0000,0.1838,18.3824,49.9725,2.1827,49.9869,0.6633,49.9725,2.1827
12600.0000,0.1887,18.8725,49.9728,2.1827,49.9870,0.6633,49.9728,2.1827
12600.0000,0.1936,19.3627,49.9732,2.1827,49.9873,0.6633,49.9732,2.1827
12600.0000,0.1985,19.8529,49.9736,2.1827,49.9875,0.6633,49.9736,2.1827
12600.0000,0.2034,20.3431,49.9741,2.1827,49.9878,0.6633,49.9741,2.1827
12600.0000,0.2083,20.8333,49.9747,2.1825,49.9881,0.6633,49.9747,2.1825
12600.0000,0.2132,21.3235,49.9752,2.1818,49.9884,0.6631,49.9752,2.1818
12600.0000,0.2181,21.8137,49.9756,2.1792,49.9886,0.6624,49.9756,2.1792
12600.0000,0.2230,22.3039,49.9758,2.1712,49.9887,0.6601,49.9758,2.1712
12600.0000,0.2279,22.7941,49.9753,2.1481,49.9884,0.6529,49.9753,2.1481
12600.0000,0.2328,23.2843,49.9739,2.0895,49.9876,0.6332,49.9739,2.0895
12600.0000,0.2377,23.7745,49.9712,1.9575,49.9862,0.5858,49.9712,1.9575
12600.0000,0.2426,24.2647,49.9687,1.6909,49.9853,0.4839,49.9687,1.6909
12600.0000,0.2475,24.7549,49.9735,1.1778,49.9905,0.2528,49.9914,0.7566
14400.0000,0.0025,0.2451,50.0083,1.0853,50.0196,0.2086,50.0311,0.6828
14400.0000,0.0074,0.7353,50.0073,1.5774,50.0178,0.4217,50.0073,1.5774
14400.0000,0.0123,1.2255,50.0079,1.8387,50.0184,0.5199,50.0079,1.8387
14400.0000,0.0172,1.7157,50.0069,1.9745,50.0180,0.5682,50.0069,1.9745
14400.0000,0.0221,2.2059,50.0056,2.0388,50.0173,0.5898,50.0056,2.0388
14400.0000,0.0270,2.6961,50.0046,2.0662,50.0168,0.5984,50.0046,2.0662
14400.0000,0.0319,3.1863,50.0040,2.0766,50.0165,0.6015,50.0040,2.0766
14400.0000,0.0368,3.6765,50.0037,2.0802,50.0163,0.6024,50.0037,2.0802
14400.0000,0.0417,4.1667,50.0034,2.0814,50.0161,0.6027,50.0034,2.0814
14400.0000,0.0466,4.6569,50.0033,2.0817,50.0160,0.6028,50.0033,2.0817
14400.0000,0.0515,5.1471,50.0031,2.0818,50.0160,0.6028,50.0031,2.0818
14400.0000,0.0564,5.6373,50.0030,2.0818,50.0159,0.6028,50.0030,2.0818
14400.0000,0.0613,6.1275,50.0030,2.0818,50.0159,0.6028,50.0030,2.0818
14400.0000,0.0662,6.6176,50.0029,2.0818,50.0158,0.6028,50.0029,2.0818
14400.0000,0.0711,7.1078,50.0028,2.0818,50.0158,0.6028,50.0028,2.0818
14400.0000,0.0760,7.5980,50.0028,2.0818,50.0158,0.6028,50.0028,2.0818
14400.0000,0.0809,8.0882,50.0027,2.0818,50.0157,0.6028,50.0027,2.0818
14400.0000,0.0858,8.5784,50.0027,2.0818,50.0157,0.6028,50.0027,2.0818
14400.0000,0.0907,9.0686,50.0027,2.0818,50.0157,0.6028,50.0027,2.0818
14400.0000,0.0956,9.5588,50.0026,2.0818,50.0157,0.6028,50.0026,2.0818
14400.0000,0.1005,10.0490,50.0026,2.0818,50.0157,0.6028,50.0026,2.0818
14400.0000,0.1054,10.5392,50.0026,2.0818,50.0157,0.6028,50.0026,2.0818
14400.0000,0.1103,11.0294,50.0026,2.0818,50.0157,0.6028,50.0026,2.0818
14400.0000,0.1152,11.5196,50.0026,2.0818,50.0156,0.6028,50.0026,2.0818
14400.0000,0.1201,12.0098,50.0025,2.0818,50.0156,0.6028,50.0025,2.0818
14400.0000,0.1250,12.5000,50.0025,2.0818,50.0156,0.6028,50.0025,2.0818
14400.0000,0.1299,12.9902,50.0025,2.0818,50.0156,0.6028,50.0025,2.0818
14400.0000,0.1348,13.4804,50.0026,2.0818,50.0156,0.6028,50.0026,2.0818
14400.0000,0.1397,13.9706,50.0026,2.0818,50.0157,0.6028,50.0026,2.0818
14400.0000,0.1446,14.4608,50.0026,2.0818,50.0157,0.6028,50.0026,2.0818
14400.0000,0.1495,14.9510,50.0026,2.0818,50.0157,0.6028,50.0026,2.0818
14400.0000,0.1544,15.4412,50.0026,2.0818,50.0157,0.6028,50.0026,2.0818
14400.0000,0.1593,15.9314,50.0027,2.0818,50.0157,0.6028,50.0027,2.0818
14400.0000,0.1642,16.4216,50.0027,2.0818,50.0157,0.6028,50.0027,2.0818
14400.0000,0.1691,16.9118,50.0027,2.0818,50.0157,0.6028,50.0027,2.0818
14400.0000,0.1740,17.4020,50.0028,2.0818,50.0158,0.6028,50.0028,2.0818
14400.0000,0.1789,17.8922,50.0028,2.0818,50.0158,0.6028,50.0028,2.0818
14400.0000,0.1838,18.3824,50.0029,2.0818,50.0158,0.6028,50.0029,2.0818
14400.0000,0.1887,18.8725,50.0030,2.0818,50.0159,0.6028,50.0030,2.0818
14400.0000,0.1936,19.3627,50.0030,2.0818,50.0159,0.6028,50.0030,2.0818
14400.0000,0.1985,19.8529,50.0031,2.0818,50.0160,0.6028,50.0031,2.0818
14400.0000,0.2034,20.3431,50.0033,2.0817,50.0160,0.6028,50.0033,2.0817
14400.0000,0.2083,20.8333,50.0034,2.0814,50.0161,0.6027,50.0034,2.0814
14400.0000,0.2132,21.3235,50.0037,2.0802,50.0163,0.6024,50.0037,2.0802
14400.0000,0.2181,21.8137,50.0040,2.0766,50.0165,0.6015,50.0040,2.0766
14400.0000,0.2230,22.3039,50.0046,2.0662,50.0168,0.5984,50.0046,2.0662
14400.0000,0.2279,22.7941,50.0056,2.0388,50.0173,0.5898,50.0056,2.0388
14400.0000,0.2328,23.2843,50.0069,1.9745,50.0180,0.5682,50.0069,1.9745
14400.0000,0.2377,23.7745,50.0079,1.8387,50.0184,0.5199,50.0079,1.8387
14400.0000,0.2426,24.2647,50.0073,1.5774,50.0178,0.4217,50.0073,1.5774
14400.0000,0.2475,24.7549,50.0083,1.0853,50.0196,0.2086,50.0311,0.6828
18000.0000,0.0025,0.2451,50.1614,0.9331,50.1630,0.1516,50.1619,0.5613
18000.0000,0.0074,0.7353,50.1604,1.3841,50.1624,0.3270,50.1604,1.3841
18000.0000,0.0123,1.2255,50.1595,1.6281,50.1619,0.4155,50.1595,1.6281
18000.0000,0.0172,1.7157,50.1587,1.7631,50.1615,0.4627,50.1587,1.7631
18000.0000,0.0221,2.2059,50.1579,1.8332,50.1611,0.4862,50.1579,1.8332
18000.0000,0.0270,2.6961,50.1573,1.8666,50.1607,0.4969,50.1573,1.8666
18000.0000,0.0319,3.1863,50.1567,1.8811,50.1604,0.5012,50.1567,1.8811
18000.0000,0.0368,3.6765,50.1563,1.8869,50.1601,0.5028,50.1563,1.8869
18000.0000,0.0417,4.1667,50.1559,1.8890,50.1599,0.5033,50.1559,1.8890
18000.0000,0.0466,4.6569,50.1556,1.8897,50.1597,0.5035,50.1556,1.8897
18000.0000,0.0515,5.1471,50.1553,1.8899,50.1596,0.5036,50.1553,1.8899
18000.0000,0.0564,5.6373,50.1551,1.8900,50.1595,0.5036,50.1551,1.8900
18000.0000,0.0613,6.1275,50.1550,1.8900,50.1594,0.5036,50.1550,1.8900
18000.0000,0.0662,6.6176,50.1549,1.8900,50.1594,0.5036,50.1549,1.8900
18000.0000,0.0711,7.1078,50.1548,1.8900,50.1593,0.5036,50.1548,1.8900
18000.0000,0.0760,7.5980,50.1547,1.8900,50.1593,0.5036,50.1547,1.8900
18000.0000,0.0809,8.0882,50.1547,1.8900,50.1592,0.5036,50.1547,1.8900
18000.0000,0.0858,8.5784,50.1546,1.8900,50.1592,0.5036,50.1546,1.8900
18000.0000,0.0907,9.0686,50.1546,1.8900,50.1592,0.5036,50.1546,1.8900
18000.0000,0.0956,9.5588,50.1546,1.8900,50.1592,0.5036,50.1546,1.8900
18000.0000,0.1005,10.0490,50.1546,1.8900,50.1592,0.5036,50.1546,1.8900
18000.0000,0.1054,10.5392,50.1546,1.8900,50.1592,0.5036,50.1546,1.8900
18000.0000,0.1103,11.0294,50.1546,1.8900,50.1592,0.5036,50.1546,1.8900
18000.0000,0.1152,11.5196,50.1546,1.8900,50.1592,0.5036,50.1546,1.8900
18000.0000,0.1201,12.0098,50.1546,1.8900,50.1592,0.5036,50.1546,1.8900
18000.0000,0.1250,12.5000,50.1546,1.8900,50.1592,0.5036,50.1546,1.8900
18000.0000,0.1299,12.9902,50.1546,1.8900,50.1592,0.5036,50.1546,1.8900
18000.0000,0.1348,13.4804,50.1546,1.8900,50.1592,0.5036,50.1546,1.8900
18000.0000,0.1397,13.9706,50.1546,1.8900,50.1592,0.5036,50.1546,1.8900
18000.0000,0.1446,14.4608,50.1546,1.8900,50.1592,0.5036,50.1546,1.8900
18000.0000,0.1495,14.9510,50.1546,1.8900,50.1592,0.5036,50.1546,1.8900
18000.0000,0.1544,15.4412,50.1546,1.8900,50.1592,0.5036,50.1546,1.8900
18000.0000,0.1593,15.9314,50.1546,1.8900,50.1592,0.5036,50.1546,1.8900
18000.0000,0.1642,16.4216,50.1546,1.8900,50.1592,0.5036,50.1546,1.8900
18000.0000,0.1691,16.9118,50.1547,1.8900,50.1592,0.5036,50.1547,1.8900
18000.0000,0.1740,17.4020,50.1547,1.8900,50.1593,0.5036,50.1547,1.8900
18000.0000,0.1789,17.8922,50.1548,1.8900,50.1593,0.5036,50.1548,1.8900
18000.0000,0.1838,18.3824,50.1549,1.8900,50.1594,0.5036,50.1549,1.8900
18000.0000,0.1887,18.8725,50.1550,1.8900,50.1594,0.5036,50.1550,1.8900
18000.0000,0.1936,19.3627,50.1551,1.8900,50.1595,0.5036,50.1551,1.8900
18000.0000,0.1985,19.8529,50.1553,1.8899,50.1596,0.5036,50.1553,1.8899
18000.0000,0.2034,20.3431,50.1556,1.8897,50.1597,0.5035,50.1556,1.8897
18000.0000,0.2083,20.8333,50.1559,1.8890,50.1599,0.5033,50.1559,1.8890
18000.0000,0.2132,21.3235,50.1563,1.8869,50.1601,0.5028,50.1563,1.8869
18000.0000,0.2181,21.8137,50.1567,1.8811,50.1604,0.5012,50.1567,1.8811
18000.0000,0.2230,22.3039,50.1573,1.8666,50.1607,0.4969,50.1573,1.8666
18000.0000,0.2279,22.7941,50.1579,1.8332,50.1611,0.4862,50.1579,1.8332
18000.0000,0.2328,23.2843,50.1587,1.7631,50.1615,0.4627,50.1587,1.7631
18000.0000,0.2377,23.7745,50.1595,1.6281,50.1619,0.4155,50.1595,1.6281
18000.0000,0.2426,24.2647,50.1604,1.3841,50.1624,0.3270,50.1604,1.3841
18000.0000,0.2475,24.7549,50.1614,0.9331,50.1630,0.1516,50.1619,0.5613
21600.0000,0.0025,0.2451,50.1649,0.8155,50.1649,0.1189,50.1649,0.4673
21600.0000,0.0074,0.7353,50.1648,1.2297,50.1649,0.2608,50.1648,1.2297
21600.0000,0.0123,1.2255,50.1648,1.4535,50.1649,0.3380,50.1648,1.4535
21600.0000,0.0172,1.7157,50.1648,1.5821,50.1649,0.3817,50.1648,1.5821
21600.0000,0.0221,2.2059,50.1647,1.6528,50.1648,0.4052,50.1647,1.6528
21600.0000,0.0270,2.6961,50.1647,1.6892,50.1648,0.4168,50.1647,1.6892
21600.0000,0.0319,3.1863,50.1647,1.7065,50.1648,0.4221,50.1647,1.7065
21600.0000,0.0368,3.6765,50.1646,1.7141,50.1648,0.4243,50.1646,1.7141
21600.0000,0.0417,4.1667,50.1646,1.7172,50.1648,0.4251,50.1646,1.7172
21600.0000,0.0466,4.6569,50.1646,1.7183,50.1648,0.4254,50.1646,1.7183
21600.0000,0.0515,5.1471,50.1646,1.7187,50.1648,0.4255,50.1646,1.7187
21600.0000,0.0564,5.6373,50.1646,1.7189,50.1648,0.4255,50.1646,1.7189
21600.0000,0.0613,6.1275,50.1645,1.7189,50.1647,0.4255,50.1645,1.7189
21600.0000,0.0662,6.6176,50.1645,1.7189,50.1647,0.4255,50.1645,1.7189
21600.0000,0.0711,7.1078,50.1645,1.7189,50.1647,0.4255,50.1645,1.7189
21600.0000,0.0760,7.5980,50.1645,1.7189,50.1647,0.4255,50.1645,1.7189
21600.0000,0.0809,8.0882,50.1645,1.7189,50.1647,0.4255,50.1645,1.7189
21600.0000,0.0858,8.5784,50.1645,1.7189,50.1647,0.4255,50.1645,1.7189
21600.0000,0.0907,9.0686,50.1645,1.7189,50.1647,0.4255,50.1645,1.7189
21600.0000,0.0956,9.5588,50.1645,1.7189,50.1647,0.4255,50.1645,1.7189
21600.0000,0.1005,10.0490,50.1645,1.7189,50.1647,0.4255,50.1645,1.7189
21600.0000,0.1054,10.5392,50.1645,1.7189,50.1647,0.4255,50.1645,1.7189
21600.0000,0.1103,11.0294,50.1645,1.7189,50.1647,0.4255,50.1645,1.7189
21600.0000,0.1152,11.5196,50.1645,1.7189,50.1647,0.4255,50.1645,1.7189
21600.0000,0.1201,12.0098,50.1645,1.7189,50.1647,0.4255,50.1645,1.7189
21600.0000,0.1250,12.5000,50.1645,1.7189,50.1647,0.4255,50.1645,1.7189
21600.0000,0.1299,12.9902,50.1645,1.7189,50.1647,0.4255,50.1645,1.7189
21600.0000,0.1348,13.4804,50.1645,1.7189,50.1647,0.4255,50.1645,1.7189
21600.0000,0.1397,13.9706,50.1645,1.7189,50.1647,0.4255,50.1645,1.7189
21600.0000,0.1446,14.4608,50.1645,1.7189,50.1647,0.4255,50.1645,1.7189
21600.0000,0.1495,14.9510,50.1645,1.7189,50.1647,0.4255,50.1645,1.7189
21600.0000,0.1544,15.4412,50.1645,1.7189,50.1647,0.4255,50.1645,1.7189
21600.0000,0.1593,15.9314,50.1645,1.7189,50.1647,0.4255,50.1645,1.7189
21600.0000,0.1642,16.4216,50.1645,1.7189,50.1647,0.4255,50.1645,1.7189
21600.0000,0.1691,16.9118,50.1645,1.7189,50.1647,0.4255,50.1645,1.7189
21600.0000,0.1740,17.4020,50.1645,1.7189,50.1647,0.4255,50.1645,1.7189
21600.0000,0.1789,17.8922,50.1645,1.7189,50.1647,0.4255,50.1645,1.7189
21600.0000,0.1838,18.3824,50.1645,1.7189,50.1647,0.4255,50.1645,1.7189
21600.0000,0.1887,18.8725,50.1645,1.7189,50.1647,0.4255,50.1645,1.7189
21600.0000,0.1936,19.3627,50.1646,1.7189,50.1648,0.4255,50.1646,1.7189
21600.0000,0.1985,19.8529,50.1646,1.7187,50.1648,0.4255,50.1646,1.7187
21600.0000,0.2034,20.3431,50.1646,1.7183,50.1648,0.4254,50.1646,1.7183
21600.0000,0.2083,20.8333,50.1646,1.7172,50.1648,0.4251,50.1646,1.7172
21600.0000,0.2132,21.3235,50.1646,1.7141,50.1648,0.4243,50.1646,1.7141
21600.0000,0.2181,21.8137,50.1647,1.7065,50.1648,0.4221,50.1647,1.7065
21600.0000,0.2230,22.3039,50.1647,1.6892,50.1648,0.4168,50.1647,1.6892
21600.0000,0.2279,22.7941,50.1647,1.6528,50.1648,0.4052,50.1647,1.6528
21600.0000,0.2328,23.2843,50.1648,1.5821,50.1649,0.3817,50.1648,1.5821
21600.0000,0.2377,23.7745,50.1648,1.4535,50.1649,0.3380,50.1648,1.4535
21600.0000,0.2426,24.2647,50.1648,1.2297,50.1649,0.2608,50.1648,1.2297
21600.0000,0.2475,24.7549,50.1649,0.8155,50.1649,0.1189,50.1649,0.4673
25200.0000,0.0025,0.2451,50.1650,0.7237,50.1650,0.0991,50.1650,0.3940
25200.0000,0.0074,0.7353,50.1650,1.1059,50.1650,0.2140,50.1650,1.1059
25200.0000,0.0123,1.2255,50.1650,1.3101,50.1650,0.2799,50.1650,1.3101
25200.0000,0.0172,1.7157,50.1650,1.4300,50.1650,0.3190,50.1650,1.4300
25200.0000,0.0221,2.2059,50.1650,1.4986,50.1650,0.3412,50.1650,1.4986
25200.0000,0.0270,2.6961,50.1650,1.5359,50.1650,0.3530,50.1650,1.5359
25200.0000,0.0319,3.1863,50.1650,1.5548,50.1650,0.3587,50.1650,1.5548
25200.0000,0.0368,3.6765,50.1650,1.5637,50.1650,0.3613,50.1650,1.5637
25200.0000,0.0417,4.1667,50.1650,1.5676,50.1650,0.3623,50.1650,1.5676
25200.0000,0.0466,4.6569,50.1650,1.5692,50.1650,0.3627,50.1650,1.5692
25200.0000,0.0515,5.1471,50.1650,1.5699,50.1650,0.3629,50.1650,1.5699
25200.0000,0.0564,5.6373,50.1650,1.5701,50.1650,0.3629,50.1650,1.5701
25200.0000,0.0613,6.1275,50.1650,1.5701,50.1650,0.3630,50.1650,1.5701
25200.0000,0.0662,6.6176,50.1650,1.5702,50.1650,0.3630,50.1650,1.5702
25200.0000,0.0711,7.1078,50.1650,1.5702,50.1650,0.3630,50.1650,1.5702
25200.0000,0.0760,7.5980,50.1650,1.5702,50.1650,0.3630,50.1650,1.5702
25200.0000,0.0809,8.0882,50.1650,1.5702,50.1650,0.3630,50.1650,1.5702
25200.0000,0.0858,8.5784,50.1650,1.5702,50.1650,0.3630,50.1650,1.5702
25200.0000,0.0907,9.0686,50.1650,1.5702,50.1650,0.3630,50.1650,1.5702
25200.0000,0.0956,9.5588,50.1650,1.5702,50.1650,0.3630,50.1650,1.5702
25200.0000,0.1005,10.0490,50.1650,1.5702,50.1650,0.3630,50.1650,1.5702
25200.0000,0.1054,10.5392,50.1650,1.5702,50.1650,0.3630,50.1650,1.5702
25200.0000,0.1103,11.0294,50.1650,1.5702,50.1650,0.3630,50.1650,1.5702
25200.0000,0.1152,11.5196,50.1650,1.5702,50.1650,0.3630,50.1650,1.5702
25200.0000,0.1201,12.0098,50.1650,1.5702,50.1650,0.3630,50.1650,1.5702
25200.0000,0.1250,12.5000,50.1650,1.5702,50.1650,0.3630,50.1650,1.5702
25200.0000,0.1299,12.9902,50.1650,1.5702,50.1650,0.3630,50.1650,1.5702
25200.0000,0.1348,13.4804,50.1650,1.5702,50.1650,0.3630,50.1650,1.5702
25200.0000,0.1397,13.9706,50.1650,1.5702,50.1650,0.3630,50.1650,1.5702
25200.0000,0.1446,14.4608,50.1650,1.5702,50.1650,0.3630,50.1650,1.5702
25200.0000,0.1495,14.9510,50.1650,1.5702,50.1650,0.3630,50.1650,1.5702
25200.0000,0.1544,15.4412,50.1650,1.5702,50.1650,0.3630,50.1650,1.5702
25200.0000,0.1593,15.9314,50.1650,1.5702,50.1650,0.3630,50.1650,1.5702
25200.0000,0.1642,16.4216,50.1650,1.5702,50.1650,0.3630,50.1650,1.5702
25200.0000,0.1691,16.9118,50.1650,1.5702,50.1650,0.3630,50.1650,1.5702
25200.0000,0.1740,17.4020,50.1650,1.5702,50.1650,0.3630,50.1650,1.5702
25200.0000,0.1789,17.8922,50.1650,1.5702,50.1650,0.3630,50.1650,1.5702
25200.0000,0.1838,18.3824,50.1650,1.5702,50.1650,0.3630,50.1650,1.5702
25200.0000,0.1887,18.8725,50.1650,1.5701,50.1650,0.3630,50.1650,1.5701
25200.0000,0.1936,19.3627,50.1650,1.5701,50.1650,0.3629,50.1650,1.5701
25200.0000,0.1985,19.8529,50.1650,1.5699,50.1650,0.3629,50.1650,1.5699
25200.0000,0.2034,20.3431,50.1650,1.5692,50.1650,0.3627,50.1650,1.5692
25200.0000,0.2083,20.8333,50.1650,1.5676,50.1650,0.3623,50.1650,1.5676
25200.0000,0.2132,21.3235,50.1650,1.5637,50.1650,0.3613,50.1650,1.5637
25200.0000,0.2181,21.8137,50.1650,1.5548,50.1650,0.3587,50.1650,1.5548
25200.0000,0.2230,22.3039,50.1650,1.5359,50.1650,0.3530,50.1650,1.5359
25200.0000,0.2279,22.7941,50.1650,1.4986,50.1650,0.3412,50.1650,1.4986
25200.0000,0.2328,23.2843,50.1650,1.4300,50.1650,0.3190,50.1650,1.4300
25200.0000,0.2377,23.7745,50.1650,1.3101,50.1650,0.2799,50.1650,1.3101
25200.0000,0.2426,24.2647,50.1650,1.1059,50.1650,0.2140,50.1650,1.1059
25200.0000,0.2475,24.7549,50.1650,0.7237,50.1650,0.0991,50.1650,0.3940
28800.0000,0.0025,0.2451,50.1650,0.6510,50.1650,0.0864,50.1650,0.3363
28800.0000,0.0074,0.7353,50.1650,1.0057,50.1650,0.1805,50.1650,1.0057
28800.0000,0.0123,1.2255,50.1650,1.1922,50.1650,0.2362,50.1650,1.1922
28800.0000,0.0172,1.7157,50.1650,1.3029,50.1650,0.2704,50.1650,1.3029
28800.0000,0.0221,2.2059,50.1650,1.3680,50.1650,0.2907,50.1650,1.3680
28800.0000,0.0270,2.6961,50.1650,1.4048,50.1650,0.3019,50.1650,1.4048
28800.0000,0.0319,3.1863,50.1650,1.4243,50.1650,0.3077,50.1650,1.4243
28800.0000,0.0368,3.6765,50.1650,1.4341,50.1650,0.3105,50.1650,1.4341
28800.0000,0.0417,4.1667,50.1650,1.4387,50.1650,0.3118,50.1650,1.4387
28800.0000,0.0466,4.6569,50.1650,1.4407,50.1650,0.3123,50.1650,1.4407
28800.0000,0.0515,5.1471,50.1650,1.4416,50.1650,0.3125,50.1650,1.4416
28800.0000,0.0564,5.6373,50.1650,1.4419,50.1650,0.3126,50.1650,1.4419
28800.0000,0.0613,6.1275,50.1650,1.4420,50.1650,0.3126,50.1650,1.4420
28800.0000,0.0662,6.6176,50.1650,1.4420,50.1650,0.3126,50.1650,1.4420
28800.0000,0.0711,7.1078,50.1650,1.4420,50.1650,0.3126,50.1650,1.4420
28800.0000,0.0760,7.5980,50.1650,1.4421,50.1650,0.3126,50.1650,1.4421
28800.0000,0.0809,8.0882,50.1650,1.4421,50.1650,0.3126,50.1650,1.4421
28800.0000,0.0858,8.5784,50.1650,1.4421,50.1650,0.3126,50.1650,1.4421
28800.0000,0.0907,9.0686,50.1650,1.4421,50.1650,0.3126,50.1650,1.4421
28800.0000,0.0956,9.5588,50.1650,1.4421,50.1650,0.3126,50.1650,1.4421
28800.0000,0.1005,10.0490,50.1650,1.4421,50.1650,0.3126,50.1650,1.4421
28800.0000,0.1054,10.5392,50.1650,1.4421,50.1650,0.3126,50.1650,1.4421
28800.0000,0.1103,11.0294,50.1650,1.4421,50.1650,0.3126,50.1650,1.4421
28800.0000,0.1152,11.5196,50.1650,1.4421,50.1650,0.3126,50.1650,1.4421
28800.0000,0.1201,12.0098,50.1650,1.4421,50.1650,0.3126,50.1650,1.4421
28800.0000,0.1250,12.5000,50.1650,1.4421,50.1650,0.3126,50.1650,1.4421
28800.0000,0.1299,12.9902,50.1650,1.4421,50.1650,0.3126,50.1650,1.4421
28800.0000,0.1348,13.4804,50.1650,1.4421,50.1650,0.3126,50.1650,1.4421
28800.0000,0.1397,13.9706,50.1650,1.4421,50.1650,0.3126,50.1650,1.4421
28800.0000,0.1446,14.4608,50.1650,1.4421,50.1650,0.3126,50.1650,1.4421
28800.0000,0.1495,14.9510,50.1650,1.4421,50.1650,0.3126,50.1650,1.4421
28800.0000,0.1544,15.4412,50.1650,1.4421,50.1650,0.3126,50.1650,1.4421
28800.0000,0.1593,15.9314,50.1650,1.4421,50.1650,0.3126,50.1650,1.4421
28800.0000,0.1642,16.4216,50.1650,1.4421,50.1650,0.3126,50.1650,1.4421
28800.0000,0.1691,16.9118,50.1650,1.4421,50.1650,0.3126,50.1650,1.4421
28800.0000,0.1740,17.4020,50.1650,1.4421,50.1650,0.3126,50.1650,1.4421
28800.0000,0.1789,17.8922,50.1650,1.4420,50.1650,0.3126,50.1650,1.4420
28800.0000,0.1838,18.3824,50.1650,1.4420,50.1650,0.3126,50.1650,1.4420
28800.0000,0.1887,18.8725,50.1650,1.4420,50.1650,0.3126,50.1650,1.4420
28800.0000,0.1936,19.3627,50.1650,1.4419,50.1650,0.3126,50.1650,1.4419
28800.0000,0.1985,19.8529,50.1650,1.4416,50.1650,0.3125,50.1650,1.4416
28800.0000,0.2034,20.3431,50.1650,1.4407,50.1650,0.3123,50.1650,1.4407
28800.0000,0.2083,20.8333,50.1650,1.4387,50.1650,0.3118,50.1650,1.4387
28800.0000,0.2132,21.3235,50.1650,1.4341,50.1650,0.3105,50.1650,1.4341
28800.0000,0.2181,21.8137,50.1650,1.4243,50.1650,0.3077,50.1650,1.4243
28800.0000,0.2230,22.3039,50.1650,1.4048,50.1650,0.3019,50.1650,1.4048
28800.0000,0.2279,22.7941,50.1650,1.3680,50.1650,0.2907,50.1650,1.3680
28800.0000,0.2328,23.2843,50.1650,1.3029,50.1650,0.2704,50.1650,1.3029
28800.0000,0.2377,23.7745,50.1650,1.1922,50.1650,0.2362,50.1650,1.1922
28800.0000,0.2426,24.2647,50.1650,1.0057,50.1650,0.1805,50.1650,1.0057
28800.0000,0.2475,24.7549,50.1650,0.6510,50.1650,0.0864,50.1650,0.3363
32400.0000,0.0025,0.2451,50.1650,0.5929,50.1650,0.0779,50.1650,0.2905
32400.0000,0.0074,0.7353,50.1650,0.9237,50.1650,0.1560,50.1650,0.9237
32400.0000,0.0123,1.2255,50.1650,1.0944,50.1650,0.2032,50.1650,1.0944
32400.0000,0.0172,1.7157,50.1650,1.1965,50.1650,0.2327,50.1650,1.1965
32400.0000,0.0221,2.2059,50.1650,1.2576,50.1650,0.2508,50.1650,1.2576
32400.0000,0.0270,2.6961,50.1650,1.2930,50.1650,0.2612,50.1650,1.2930
32400.0000,0.0319,3.1863,50.1650,1.3126,50.1650,0.2668,50.1650,1.3126
32400.0000,0.0368,3.6765,50.1650,1.3228,50.1650,0.2697,50.1650,1.3228
32400.0000,0.0417,4.1667,50.1650,1.3279,50.1650,0.2710,50.1650,1.3279
32400.0000,0.0466,4.6569,50.1650,1.3302,50.1650,0.2716,50.1650,1.3302
32400.0000,0.0515,5.1471,50.1650,1.3313,50.1650,0.2718,50.1650,1.3313
32400.0000,0.0564,5.6373,50.1650,1.3317,50.1650,0.2719,50.1650,1.3317
32400.0000,0.0613,6.1275,50.1650,1.3318,50.1650,0.2720,50.1650,1.3318
32400.0000,0.0662,6.6176,50.1650,1.3319,50.1650,0.2720,50.1650,1.3319
32400.0000,0.0711,7.1078,50.1650,1.3319,50.1650,0.2720,50.1650,1.3319
32400.0000,0.0760,7.5980,50.1650,1.3319,50.1650,0.2720,50.1650,1.3319
32400.0000,0.0809,8.0882,50.1650,1.3319,50.1650,0.2720,50.1650,1.3319
32400.0000,0.0858,8.5784,50.1650,1.3319,50.1650,0.2720,50.1650,1.3319
32400.0000,0.0907,9.0686,50.1650,1.3319,50.1650,0.2720,50.1650,1.3319
32400.0000,0.0956,9.5588,50.1650,1.3319,50.1650,0.2720,50.1650,1.3319
32400.0000,0.1005,10.0490,50.1650,1.3319,50.1650,0.2720,50.1650,1.3319
32400.0000,0.1054,10.5392,50.1650,1.3319,50.1650,0.2720,50.1650,1.3319
32400.0000,0.1103,11.0294,50.1650,1.3319,50.1650,0.2720,50.1650,1.3319
32400.0000,0.1152,11.5196,50.1650,1.3319,50.1650,0.2720,50.1650,1.3319
32400.0000,0.1201,12.0098,50.1650,1.3319,50.1650,0.2720,50.1650,1.3319
32400.0000,0.1250,12.5000,50.1650,1.3319,50.1650,0.2720,50.1650,1.3319
32400.0000,0.1299,12.9902,50.1650,1.3319,50.1650,0.2720,50.1650,1.3319
32400.0000,0.1348,13.4804,50.1650,1.3319,50.1650,0.2720,50.1650,1.3319
32400.0000,0.1397,13.9706,50.1650,1.3319,50.1650,0.2720,50.1650,1.3319
32400.0000,0.1446,14.4608,50.1650,1.3319,50.1650,0.2720,50.1650,1.3319
32400.0000,0.1495,14.9510,50.1650,1.3319,50.1650,0.2720,50.1650,1.3319
32400.0000,0.1544,15.4412,50.1650,1.3319,50.1650,0.2720,50.1650,1.3319
32400.0000,0.1593,15.9314,50.1650,1.3319,50.1650,0.2720,50.1650,1.3319
32400.0000,0.1642,16.4216,50.1650,1.3319,50.1650,0.2720,50.1650,1.3319
32400.0000,0.1691,16.9118,50.1650,1.3319,50.1650,0.2720,50.1650,1.3319
32400.0000,0.1740,17.4020,50.1650,1.3319,50.1650,0.2720,50.1650,1.3319
32400.0000,0.1789,17.8922,50.1650,1.3319,50.1650,0.2720,50.1650,1.3319
32400.0000,0.1838,18.3824,50.1650,1.3319,50.1650,0.2720,50.1650,1.3319
32400.0000,0.1887,18.8725,50.1650,1.3318,50.1650,0.2720,50.1650,1.3318
32400.0000,0.1936,19.3627,50.1650,1.3317,50.1650,0.2719,50.1650,1.3317
32400.0000,0.1985,19.8529,50.1650,1.3313,50.1650,0.2718,50.1650,1.3313
32400.0000,0.2034,20.3431,50.1650,1.3302,50.1650,0.2716,50.1650,1.3302
32400.0000,0.2083,20.8333,50.1650,1.3279,50.1650,0.2710,50.1650,1.3279
32400.0000,0.2132,21.3235,50.1650,1.3228,50.1650,0.2697,50.1650,1.3228
32400.0000,0.2181,21.8137,50.1650,1.3126,50.1650,0.2668,50.1650,1.3126
32400.0000,0.2230,22.3039,50.1650,1.2930,50.1650,0.2612,50.1650,1.2930
32400.0000,0.2279,22.7941,50.1650,1.2576,50.1650,0.2508,50.1650,1.2576
32400.0000,0.2328,23.2843,50.1650,1.1965,50.1650,0.2327,50.1650,1.1965
32400.0000,0.2377,23.7745,50.1650,1.0944,50.1650,0.2032,50.1650,1.0944
32400.0000,0.2426,24.2647,50.1650,0.9237,50.1650,0.1560,50.1650,0.9237
32400.0000,0.2475,24.7549,50.1650,0.5929,50.1650,0.0779,50.1650,0.2905
36000.0000,0.0025,0.2451,50.1650,0.5457,50.1650,0.0719,50.1650,0.2538
36000.0000,0.0074,0.7353,50.1650,0.8558,50.1650,0.1376,50.1650,0.8558
36000.0000,0.0123,1.2255,50.1650,1.0127,50.1650,0.1778,50.1650,1.0127
36000.0000,0.0172,1.7157,50.1650,1.1068,50.1650,0.2033,50.1650,1.1068
36000.0000,0.0221,2.2059,50.1650,1.1638,50.1650,0.2192,50.1650,1.1638
36000.0000,0.0270,2.6961,50.1650,1.1976,50.1650,0.2286,50.1650,1.1976
36000.0000,0.0319,3.1863,50.1650,1.2168,50.1650,0.2339,50.1650,1.2168
36000.0000,0.0368,3.6765,50.1650,1.2272,50.1650,0.2367,50.1650,1.2272
36000.0000,0.0417,4.1667,50.1650,1.2325,50.1650,0.2381,50.1650,1.2325
36000.0000,0.0466,4.6569,50.1650,1.2351,50.1650,0.2387,50.1650,1.2351
36000.0000,0.0515,5.1471,50.1650,1.2363,50.1650,0.2390,50.1650,1.2363
36000.0000,0.0564,5.6373,50.1650,1.2368,50.1650,0.2391,50.1650,1.2368
36000.0000,0.0613,6.1275,50.1650,1.2370,50.1650,0.2392,50.1650,1.2370
36000.0000,0.0662,6.6176,50.1650,1.2371,50.1650,0.2392,50.1650,1.2371
36000.0000,0.0711,7.1078,50.1650,1.2371,50.1650,0.2392,50.1650,1.2371
36000.0000,0.0760,7.5980,50.1650,1.2371,50.1650,0.2392,50.1650,1.2371
36000.0000,0.0809,8.0882,50.1650,1.2371,50.1650,0.2392,50.1650,1.2371
36000.0000,0.0858,8.5784,50.1650,1.2371,50.1650,0.2392,50.1650,1.2371
36000.0000,0.0907,9.0686,50.1650,1.2371,50.1650,0.2392,50.1650,1.2371
36000.0000,0.0956,9.5588,50.1650,1.2371,50.1650,0.2392,50.1650,1.2371
36000.0000,0.1005,10.0490,50.1650,1.2371,50.1650,0.2392,50.1650,1.2371
36000.0000,0.1054,10.5392,50.1650,1.2371,50.1650,0.2392,50.1650,1.2371
36000.0000,0.1103,11.0294,50.1650,1.2371,50.1650,0.2392,50.1650,1.2371
36000.0000,0.1152,11.5196,50.1650,1.2371,50.1650,0.2392,50.1650,1.2371
36000.0000,0.1201,12.0098,50.1650,1.2371,50.1650,0.2392,50.1650,1.2371
36000.0000,0.1250,12.5000,50.1650,1.2371,50.1650,0.2392,50.1650,1.2371
36000.0000,0.1299,12.9902,50.1650,1.2371,50.1650,0.2392,50.1650,1.2371
36000.0000,0.1348,13.4804,50.1650,1.2371,50.1650,0.2392,50.1650,1.2371
36000.0000,0.1397,13.9706,50.1650,1.2371,50.1650,0.2392,50.1650,1.2371
36000.0000,0.1446,14.4608,50.1650,1.2371,50.1650,0.2392,50.1650,1.2371
36000.0000,0.1495,14.9510,50.1650,1.2371,50.1650,0.2392,50.1650,1.2371
36000.0000,0.1544,15.4412,50.1650,1.2371,50.1650,0.2392,50.1650,1.2371
36000.0000,0.1593,15.9314,50.1650,1.2371,50.1650,0.2392,50.1650,1.2371
36000.0000,0.1642,16.4216,50.1650,1.2371,50.1650,0.2392,50.1650,1.2371
36000.0000,0.1691,16.9118,50.1650,1.2371,50.1650,0.2392,50.1650,1.2371
36000.0000,0.1740,17.4020,50.1650,1.2371,50.1650,0.2392,50.1650,1.2371
36000.0000,0.1789,17.8922,50.1650,1.2371,50.1650,0.2392,50.1650,1.2371
36000.0000,0.1838,18.3824,50.1650,1.2371,50.1650,0.2392,50.1650,1.2371
36000.0000,0.1887,18.8725,50.1650,1.2370,50.1650,0.2392,50.1650,1.2370
36000.0000,0.1936,19.3627,50.1650,1.2368,50.1650,0.2391,50.1650,1.2368
36000.0000,0.1985,19.8529,50.1650,1.2363,50.1650,0.2390,50.1650,1.2363
36000.0000,0.2034,20.3431,50.1650,1.2351,50.1650,0.2387,50.1650,1.2351
36000.0000,0.2083,20.8333,50.1650,1.2325,50.1650,0.2381,50.1650,1.2325
36000.0000,0.2132,21.3235,50.1650,1.2272,50.1650,0.2367,50.1650,1.2272
36000.0000,0.2181,21.8137,50.1650,1.2168,50.1650,0.2339,50.1650,1.2168
36000.0000,0.2230,22.3039,50.1650,1.1976,50.1650,0.2286,50.1650,1.1976
36000.0000,0.2279,22.7941,50.1650,1.1638,50.1650,0.2192,50.1650,1.1638
36000.0000,0.2328,23.2843,50.1650,1.1068,50.1650,0.2033,50.1650,1.1068
36000.0000,0.2377,23.7745,50.1650,1.0127,50.1650,0.1778,50.1650,1.0127
36000.0000,0.2426,24.2647,50.1650,0.8558,50.1650,0.1376,50.1650,0.8558
36000.0000,0.2475,24.7549,50.1650,0.5457,50.1650,0.0719,50.1650,0.2538
39600.0000,0.0025,0.2451,50.1650,0.5070,50.1650,0.0676,50.1650,0.2243
39600.0000,0.0074,0.7353,50.1650,0.7989,50.1650,0.1236,50.1650,0.7989
39600.0000,0.0123,1.2255,50.1650,0.9438,50.1650,0.1581,50.1650,0.9438
39600.0000,0.0172,1.7157,50.1650,1.0307,50.1650,0.1802,50.1650,1.0307
39600.0000,0.0221,2.2059,50.1650,1.0838,50.1650,0.1941,50.1650,1.0838
39600.0000,0.0270,2.6961,50.1650,1.1158,50.1650,0.2026,50.1650,1.1158
39600.0000,0.0319,3.1863,50.1650,1.1343,50.1650,0.2074,50.1650,1.1343
39600.0000,0.0368,3.6765,50.1650,1.1447,50.1650,0.2101,50.1650,1.1447
39600.0000,0.0417,4.1667,50.1650,1.1501,50.1650,0.2115,50.1650,1.1501
39600.0000,0.0466,4.6569,50.1650,1.1529,50.1650,0.2121,50.1650,1.1529
39600.0000,0.0515,5.1471,50.1650,1.1542,50.1650,0.2124,50.1650,1.1542
39600.0000,0.0564,5.6373,50.1650,1.1548,50.1650,0.2126,50.1650,1.1548
39600.0000,0.0613,6.1275,50.1650,1.1551,50.1650,0.2126,50.1650,1.1551
39600.0000,0.0662,6.6176,50.1650,1.1552,50.1650,0.2126,50.1650,1.1552
39600.0000,0.0711,7.1078,50.1650,1.1552,50.1650,0.2126,50.1650,1.1552
39600.0000,0.0760,7.5980,50.1650,1.1552,50.1650,0.2126,50.1650,1.1552
39600.0000,0.0809,8.0882,50.1650,1.1552,50.1650,0.2126,50.1650,1.1552
39600.0000,0.0858,8.5784,50.1650,1.1552,50.1650,0.2126,50.1650,1.1552
39600.0000,0.0907,9.0686,50.1650,1.1552,50.1650,0.2126,50.1650,1.1552
39600.0000,0.0956,9.5588,50.1650,1.1552,50.1650,0.2126,50.1650,1.1552
39600.0000,0.1005,10.0490,50.1650,1.1552,50.1650,0.2126,50.1650,1.1552
39600.0000,0.1054,10.5392,50.1650,1.1552,50.1650,0.2126,50.1650,1.1552
39600.0000,0.1103,11.0294,50.1650,1.1552,50.1650,0.2126,50.1650,1.1552
39600.0000,0.1152,11.5196,50.1650,1.1552,50.1650,0.2126,50.1650,1.1552
39600.0000,0.1201,12.0098,50.1650,1.1552,50.1650,0.2126,50.1650,1.1552
39600.0000,0.1250,12.5000,50.1650,1.1552,50.1650,0.2126,50.1650,1.1552
39600.0000,0.1299,12.9902,50.1650,1.1552,50.1650,0.2126,50.1650,1.1552
39600.0000,0.1348,13.4804,50.1650,1.1552,50.1650,0.2126,50.1650,1.1552
39600.0000,0.1397,13.9706,50.1650,1.1552,50.1650,0.2126,50.1650,1.1552
39600.0000,0.1446,14.4608,50.1650,1.1552,50.1650,0.2126,50.1650,1.1552
39600.0000,0.1495,14.9510,50.1650,1.1552,50.1650,0.2126,50.1650,1.1552
39600.0000,0.1544,15.4412,50.1650,1.1552,50.1650,0.2126,50.1650,1.1552
39600.0000,0.1593,15.9314,50.1650,1.1552,50.1650,0.2126,50.1650,1.1552
39600.0000,0.1642,16.4216,50.1650,1.1552,50.1650,0.2126,50.1650,1.1552
39600.0000,0.1691,16.9118,50.1650,1.1552,50.1650,0.2126,50.1650,1.1552
39600.0000,0.1740,17.4020,50.1650,1.1552,50.1650,0.2126,50.1650,1.1552
39600.0000,0.1789,17.8922,50.1650,1.1552,50.1650,0.2126,50.1650,1.1552
39600.0000,0.1838,18.3824,50.1650,1.1552,50.1650,0.2126,50.1650,1.1552
39600.0000,0.1887,18.8725,50.1650,1.1551,50.1650,0.2126,50.1650,1.1551
39600.0000,0.1936,19.3627,50.1650,1.1548,50.1650,0.2126,50.1650,1.1548
39600.0000,0.1985,19.8529,50.1650,1.1542,50.1650,0.2124,50.1650,1.1542
39600.0000,0.2034,20.3431,50.1650,1.1529,50.1650,0.2121,50.1650,1.1529
39600.0000,0.2083,20.8333,50.1650,1.1501,50.1650,0.2115,50.1650,1.1501
39600.0000,0.2132,21.3235,50.1650,1.1447,50.1650,0.2101,50.1650,1.1447
39600.0000,0.2181,21.8137,50.1650,1.1343,50.1650,0.2074,50.1650,1.1343
39600.0000,0.2230,22.3039,50.1650,1.1158,50.1650,0.2026,50.1650,1.1158
39600.0000,0.2279,22.7941,50.1650,1.0838,50.1650,0.1941,50.1650,1.0838
39600.0000,0.2328,23.2843,50.1650,1.0307,50.1650,0.1802,50.1650,1.0307
39600.0000,0.2377,23.7745,50.1650,0.9438,50.1650,0.1581,50.1650,0.9438
39600.0000,0.2426,24.2647,50.1650,0.7989,50.1650,0.1236,50.1650,0.7989
39600.0000,0.2475,24.7549,50.1650,0.5070,50.1650,0.0676,50.1650,0.2243
43200.0000,0.0025,0.2451,50.1650,0.4748,50.1650,0.0645,50.1650,0.2002
43200.0000,0.0074,0.7353,50.1650,0.7507,50.1650,0.1126,50.1650,0.7507
43200.0000,0.0123,1.2255,50.1650,0.8851,50.1650,0.1425,50.1650,0.8851
43200.0000,0.0172,1.7157,50.1650,0.9657,50.1650,0.1617,50.1650,0.9657
43200.0000,0.0221,2.2059,50.1650,1.0152,50.1650,0.1739,50.1650,1.0152
43200.0000,0.0270,2.6961,50.1650,1.0453,50.1650,0.1815,50.1650,1.0453
43200.0000,0.0319,3.1863,50.1650,1.0631,50.1650,0.1859,50.1650,1.0631
43200.0000,0.0368,3.6765,50.1650,1.0732,50.1650,0.1884,50.1650,1.0732
43200.0000,0.0417,4.1667,50.1650,1.0787,50.1650,0.1898,50.1650,1.0787
43200.0000,0.0466,4.6569,50.1650,1.0816,50.1650,0.1904,50.1650,1.0816
43200.0000,0.0515,5.1471,50.1650,1.0830,50.1650,0.1907,50.1650,1.0830
43200.0000,0.0564,5.6373,50.1650,1.0837,50.1650,0.1909,50.1650,1.0837
43200.0000,0.0613,6.1275,50.1650,1.0840,50.1650,0.1909,50.1650,1.0840
43200.0000,0.0662,6.6176,50.1650,1.0841,50.1650,0.1910,50.1650,1.0841
43200.0000,0.0711,7.1078,50.1650,1.0842,50.1650,0.1910,50.1650,1.0842
43200.0000,0.0760,7.5980,50.1650,1.0842,50.1650,0.1910,50.1650,1.0842
43200.0000,0.0809,8.0882,50.1650,1.0842,50.1650,0.1910,50.1650,1.0842
43200.0000,0.0858,8.5784,50.1650,1.0842,50.1650,0.1910,50.1650,1.0842
43200.0000,0.0907,9.0686,50.1650,1.0842,50.1650,0.1910,50.1650,1.0842
43200.0000,0.0956,9.5588,50.1650,1.0842,50.1650,0.1910,50.1650,1.0842
43200.0000,0.1005,10.0490,50.1650,1.0842,50.1650,0.1910,50.1650,1.0842
43200.0000,0.1054,10.5392,50.1650,1.0842,50.1650,0.1910,50.1650,1.0842
43200.0000,0.1103,11.0294,50.1650,1.0842,50.1650,0.1910,50.1650,1.0842
43200.0000,0.1152,11.5196,50.1650,1.0842,50.1650,0.1910,50.1650,1.0842
43200.0000,0.1201,12.0098,50.1650,1.0842,50.1650,0.1910,50.1650,1.0842
43200.0000,0.1250,12.5000,50.1650,1.0842,50.1650,0.1910,50.1650,1.0842
43200.0000,0.1299,12.9902,50.1650,1.0842,50.1650,0.1910,50.1650,1.0842
43200.0000,0.1348,13.4804,50.1650,1.0842,50.1650,0.1910,50.1650,1.0842
43200.0000,0.1397,13.9706,50.1650,1.0842,50.1650,0.1910,50.1650,1.0842
43200.0000,0.1446,14.4608,50.1650,1.0842,50.1650,0.1910,50.1650,1.0842
43200.0000,0.1495,14.9510,50.1650,1.0842,50.1650,0.1910,50.1650,1.0842
43200.0000,0.1544,15.4412,50.1650,1.0842,50.1650,0.1910,50.1650,1.0842
43200.0000,0.1593,15.9314,50.1650,1.0842,50.1650,0.1910,50.1650,1.0842
43200.0000,0.1642,16.4216,50.1650,1.0842,50.1650,0.1910,50.1650,1.0842
43200.0000,0.1691,16.9118,50.1650,1.0842,50.1650,0.1910,50.1650,1.0842
43200.0000,0.1740,17.4020,50.1650,1.0842,50.1650,0.1910,50.1650,1.0842
43200.0000,0.1789,17.8922,50.1650,1.0842,50.1650,0.1910,50.1650,1.0842
43200.0000,0.1838,18.3824,50.1650,1.0841,50.1650,0.1910,50.1650,1.0841
43200.0000,0.1887,18.8725,50.1650,1.0840,50.1650,0.1909,50.1650,1.0840
43200.0000,0.1936,19.3627,50.1650,1.0837,50.1650,0.1909,50.1650,1.0837
43200.0000,0.1985,19.8529,50.1650,1.0830,50.1650,0.1907,50.1650,1.0830
43200.0000,0.2034,20.3431,50.1650,1.0816,50.1650,0.1904,50.1650,1.0816
43200.0000,0.2083,20.8333,50.1650,1.0787,50.1650,0.1898,50.1650,1.0787
43200.0000,0.2132,21.3235,50.1650,1.0732,50.1650,0.1884,50.1650,1.0732
43200.0000,0.2181,21.8137,50.1650,1.0631,50.1650,0.1859,50.1650,1.0631
43200.0000,0.2230,22.3039,50.1650,1.0453,50.1650,0.1815,50.1650,1.0453
43200.0000,0.2279,22.7941,50.1650,1.0152,50.1650,0.1739,50.1650,1.0152
43200.0000,0.2328,23.2843,50.1650,0.9657,50.1650,0.1617,50.1650,0.9657
43200.0000,0.2377,23.7745,50.1650,0.8851,50.1650,0.1425,50.1650,0.8851
43200.0000,0.2426,24.2647,50.1650,0.7507,50.1650,0.1126,50.1650,0.7507
43200.0000,0.2475,24.7549,50.1650,0.4748,50.1650,0.0645,50.1650,0.2002
46800.0000,0.0025,0.2451,50.1650,0.4478,50.1650,0.0621,50.1650,0.1806
46800.0000,0.0074,0.7353,50.1650,0.7095,50.1650,0.1039,50.1650,0.7095
46800.0000,0.0123,1.2255,50.1650,0.8347,50.1650,0.1299,50.1650,0.8347
46800.0000,0.0172,1.7157,50.1650,0.9096,50.1650,0.1468,50.1650,0.9096
46800.0000,0.0221,2.2059,50.1650,0.9558,50.1650,0.1576,50.1650,0.9558
46800.0000,0.0270,2.6961,50.1650,0.9842,50.1650,0.1643,50.1650,0.9842
46800.0000,0.0319,3.1863,50.1650,1.0012,50.1650,0.1684,50.1650,1.0012
46800.0000,0.0368,3.6765,50.1650,1.0110,50.1650,0.1707,50.1650,1.0110
46800.0000,0.0417,4.1667,50.1650,1.0165,50.1650,0.1719,50.1650,1.0165
46800.0000,0.0466,4.6569,50.1650,1.0194,50.1650,0.1726,50.1650,1.0194
46800.0000,0.0515,5.1471,50.1650,1.0209,50.1650,0.1729,50.1650,1.0209
46800.0000,0.0564,5.6373,50.1650,1.0216,50.1650,0.1730,50.1650,1.0216
46800.0000,0.0613,6.1275,50.1650,1.0220,50.1650,0.1731,50.1650,1.0220
46800.0000,0.0662,6.6176,50.1650,1.0221,50.1650,0.1731,50.1650,1.0221
46800.0000,0.0711,7.1078,50.1650,1.0222,50.1650,0.1731,50.1650,1.0222
46800.0000,0.0760,7.5980,50.1650,1.0222,50.1650,0.1731,50.1650,1.0222
46800.0000,0.0809,8.0882,50.1650,1.0222,50.1650,0.1731,50.1650,1.0222
46800.0000,0.0858,8.5784,50.1650,1.0222,50.1650,0.1731,50.1650,1.0222
46800.0000,0.0907,9.0686,50.1650,1.0222,50.1650,0.1731,50.1650,1.0222
46800.0000,0.0956,9.5588,50.1650,1.0222,50.1650,0.1731,50.1650,1.0222
46800.0000,0.1005,10.0490,50.1650,1.0222,50.1650,0.1731,50.1650,1.0222
46800.0000,0.1054,10.5392,50.1650,1.0222,50.1650,0.1731,50.1650,1.0222
46800.0000,0.1103,11.0294,50.1650,1.0222,50.1650,0.1731,50.1650,1.0222
46800.0000,0.1152,11.5196,50.1650,1.0222,50.1650,0.1731,50.1650,1.0222
46800.0000,0.1201,12.0098,50.1650,1.0222,50.1650,0.1731,50.1650,1.0222
46800.0000,0.1250,12.5000,50.1650,1.0222,50.1650,0.1731,50.1650,1.0222
46800.0000,0.1299,12.9902,50.1650,1.0222,50.1650,0.1731,50.1650,1.0222
46800.0000,0.1348,13.4804,50.1650,1.0222,50.1650,0.1731,50.1650,1.0222
46800.0000,0.1397,13.9706,50.1650,1.0222,50.1650,0.1731,50.1650,1.0222
46800.0000,0.1446,14.4608,50.1650,1.0222,50.1650,0.1731,50.1650,1.0222
46800.0000,0.1495,14.9510,50.1650,1.0222,50.1650,0.1731,50.1650,1.0222
46800.0000,0.1544,15.4412,50.1650,1.0222,50.1650,0.1731,50.1650,1.0222
46800.0000,0.1593,15.9314,50.1650,1.0222,50.1650,0.1731,50.1650,1.0222
46800.0000,0.1642,16.4216,50.1650,1.0222,50.1650,0.1731,50.1650,1.0222
46800.0000,0.1691,16.9118,50.1650,1.0222,50.1650,0.1731,50.1650,1.0222
46800.0000,0.1740,17.4020,50.1650,1.0222,50.1650,0.1731,50.1650,1.0222
46800.0000,0.1789,17.8922,50.1650,1.0222,50.1650,0.1731,50.1650,1.0222
46800.0000,0.1838,18.3824,50.1650,1.0221,50.1650,0.1731,50.1650,1.0221
46800.0000,0.1887,18.8725,50.1650,1.0220,50.1650,0.1731,50.1650,1.0220
46800.0000,0.1936,19.3627,50.1650,1.0216,50.1650,0.1730,50.1650,1.0216
46800.0000,0.1985,19.8529,50.1650,1.0209,50.1650,0.1729,50.1650,1.0209
46800.0000,0.2034,20.3431,50.1650,1.0194,50.1650,0.1726,50.1650,1.0194
46800.0000,0.2083,20.8333,50.1650,1.0165,50.1650,0.1719,50.1650,1.0165
46800.0000,0.2132,21.3235,50.1650,1.0110,50.1650,0.1707,50.1650,1.0110
46800.0000,0.2181,21.8137,50.1650,1.0012,50.1650,0.1684,50.1650,1.0012
46800.0000,0.2230,22.3039,50.1650,0.9842,50.1650,0.1643,50.1650,0.9842
46800.0000,0.2279,22.7941,50.1650,0.9558,50.1650,0.1576,50.1650,0.9558
46800.0000,0.2328,23.2843,50.1650,0.9096,50.1650,0.1468,50.1650,0.9096
46800.0000,0.2377,23.7745,50.1650,0.8347,50.1650,0.1299,50.1650,0.8347
46800.0000,0.2426,24.2647,50.1650,0.7095,50.1650,0.1039,50.1650,0.7095
46800.0000,0.2475,24.7549,50.1650,0.4478,50.1650,0.0621,50.1650,0.1806
50400.0000,0.0025,0.2451,50.1650,0.4248,50.1650,0.0602,50.1650,0.1643
50400.0000,0.0074,0.7353,50.1650,0.6738,50.1650,0.0968,50.1650,0.6738
50400.0000,0.0123,1.2255,50.1650,0.7911,50.1650,0.1197,50.1650,0.7911
50400.0000,0.0172,1.7157,50.1650,0.8610,50.1650,0.1346,50.1650,0.8610
50400.0000,0.0221,2.2059,50.1650,0.9042,50.1650,0.1441,50.1650,0.9042
50400.0000,0.0270,2.6961,50.1650,0.9309,50.1650,0.1502,50.1650,0.9309
50400.0000,0.0319,3.1863,50.1650,0.9471,50.1650,0.1538,50.1650,0.9471
50400.0000,0.0368,3.6765,50.1650,0.9566,50.1650,0.1560,50.1650,0.9566
50400.0000,0.0417,4.1667,50.1650,0.9620,50.1650,0.1571,50.1650,0.9620
50400.0000,0.0466,4.6569,50.1650,0.9649,50.1650,0.1578,50.1650,0.9649
50400.0000,0.0515,5.1471,50.1650,0.9664,50.1650,0.1581,50.1650,0.9664
50400.0000,0.0564,5.6373,50.1650,0.9672,50.1650,0.1582,50.1650,0.9672
50400.0000,0.0613,6.1275,50.1650,0.9676,50.1650,0.1583,50.1650,0.9676
50400.0000,0.0662,6.6176,50.1650,0.9677,50.1650,0.1583,50.1650,0.9677
50400.0000,0.0711,7.1078,50.1650,0.9678,50.1650,0.1583,50.1650,0.9678
50400.0000,0.0760,7.5980,50.1650,0.9678,50.1650,0.1584,50.1650,0.9678
50400.0000,0.0809,8.0882,50.1650,0.9678,50.1650,0.1584,50.1650,0.9678
50400.0000,0.0858,8.5784,50.1650,0.9678,50.1650,0.1584,50.1650,0.9678
50400.0000,0.0907,9.0686,50.1650,0.9678,50.1650,0.1584,50.1650,0.9678
50400.0000,0.0956,9.5588,50.1650,0.9678,50.1650,0.1584,50.1650,0.9678
50400.0000,0.1005,10.0490,50.1650,0.9678,50.1650,0.1584,50.1650,0.9678
50400.0000,0.1054,10.5392,50.1650,0.9678,50.1650,0.1584,50.1650,0.9678
50400.0000,0.1103,11.0294,50.1650,0.9678,50.1650,0.1584,50.1650,0.9678
50400.0000,0.1152,11.5196,50.1650,0.9678,50.1650,0.1584,50.1650,0.9678
50400.0000,0.1201,12.0098,50.1650,0.9678,50.1650,0.1584,50.1650,0.9678
50400.0000,0.1250,12.5000,50.1650,0.9678,50.1650,0.1584,50.1650,0.9678
50400.0000,0.1299,12.9902,50.1650,0.9678,50.1650,0.1584,50.1650,0.9678
50400.0000,0.1348,13.4804,50.1650,0.9678,50.1650,0.1584,50.1650,0.9678
50400.0000,0.1397,13.9706,50.1650,0.9678,50.1650,0.1584,50.1650,0.9678
50400.0000,0.1446,14.4608,50.1650,0.9678,50.1650,0.1584,50.1650,0.9678
50400.0000,0.1495,14.9510,50.1650,0.9678,50.1650,0.1584,50.1650,0.9678
50400.0000,0.1544,15.4412,50.1650,0.9678,50.1650,0.1584,50.1650,0.9678
50400.0000,0.1593,15.9314,50.1650,0.9678,50.1650,0.1584,50.1650,0.9678
50400.0000,0.1642,16.4216,50.1650,0.9678,50.1650,0.1584,50.1650,0.9678
50400.0000,0.1691,16.9118,50.1650,0.9678,50.1650,0.1584,50.1650,0.9678
50400.0000,0.1740,17.4020,50.1650,0.9678,50.1650,0.1584,50.1650,0.9678
50400.0000,0.1789,17.8922,50.1650,0.9678,50.1650,0.1583,50.1650,0.9678
50400.0000,0.1838,18.3824,50.1650,0.9677,50.1650,0.1583,50.1650,0.9677
50400.0000,0.1887,18.8725,50.1650,0.9676,50.1650,0.1583,50.1650,0.9676
50400.0000,0.1936,19.3627,50.1650,0.9672,50.1650,0.1582,50.1650,0.9672
50400.0000,0.1985,19.8529,50.1650,0.9664,50.1650,0.1581,50.1650,0.9664
50400.0000,0.2034,20.3431,50.1650,0.9649,50.1650,0.1578,50.1650,0.9649
50400.0000,0.2083,20.8333,50.1650,0.9620,50.1650,0.1571,50.1650,0.9620
50400.0000,0.2132,21.3235,50.1650,0.9566,50.1650,0.1560,50.1650,0.9566
50400.0000,0.2181,21.8137,50.1650,0.9471,50.1650,0.1538,50.1650,0.9471
50400.0000,0.2230,22.3039,50.1650,0.9309,50.1650,0.1502,50.1650,0.9309
50400.0000,0.2279,22.7941,50.1650,0.9042,50.1650,0.1441,50.1650,0.9042
50400.0000,0.2328,23.2843,50.1650,0.8610,50.1650,0.1346,50.1650,0.8610
50400.0000,0.2377,23.7745,50.1650,0.7911,50.1650,0.1197,50.1650,0.7911
50400.0000,0.2426,24.2647,50.1650,0.6738,50.1650,0.0968,50.1650,0.6738
50400.0000,0.2475,24.7549,50.1650,0.4248,50.1650,0.0602,50.1650,0.1643
54000.0000,0.0025,0.2451,50.1650,0.4051,50.1650,0.0588,50.1650,0.1508
54000.0000,0.0074,0.7353,50.1650,0.6428,50.1650,0.0911,50.1650,0.6428
54000.0000,0.0123,1.2255,50.1650,0.7529,50.1650,0.1113,50.1650,0.7529
54000.0000,0.0172,1.7157,50.1650,0.8184,50.1650,0.1245,50.1650,0.8184
54000.0000,0.0221,2.2059,50.1650,0.8590,50.1650,0.1330,50.1650,0.8590
54000.0000,0.0270,2.6961,50.1650,0.8841,50.1650,0.1384,50.1650,0.8841
54000.0000,0.0319,3.1863,50.1650,0.8995,50.1650,0.1417,50.1650,0.8995
54000.0000,0.0368,3.6765,50.1650,0.9087,50.1650,0.1437,50.1650,0.9087
54000.0000,0.0417,4.1667,50.1650,0.9140,50.1650,0.1448,50.1650,0.9140
54000.0000,0.0466,4.6569,50.1650,0.9169,50.1650,0.1454,50.1650,0.9169
54000.0000,0.0515,5.1471,50.1650,0.9184,50.1650,0.1457,50.1650,0.9184
54000.0000,0.0564,5.6373,50.1650,0.9192,50.1650,0.1459,50.1650,0.9192
54000.0000,0.0613,6.1275,50.1650,0.9196,50.1650,0.1459,50.1650,0.9196
54000.0000,0.0662,6.6176,50.1650,0.9198,50.1650,0.1460,50.1650,0.9198
54000.0000,0.0711,7.1078,50.1650,0.9199,50.1650,0.1460,50.1650,0.9199
54000.0000,0.0760,7.5980,50.1650,0.9199,50.1650,0.1460,50.1650,0.9199
54000.0000,0.0809,8.0882,50.1650,0.9199,50.1650,0.1460,50.1650,0.9199
54000.0000,0.0858,8.5784,50.1650,0.9199,50.1650,0.1460,50.1650,0.9199
54000.0000,0.0907,9.0686,50.1650,0.9199,50.1650,0.1460,50.1650,0.9199
54000.0000,0.0956,9.5588,50.1650,0.9199,50.1650,0.1460,50.1650,0.9199
54000.0000,0.1005,10.0490,50.1650,0.9199,50.1650,0.1460,50.1650,0.9199
54000.0000,0.1054,10.5392,50.1650,0.9199,50.1650,0.1460,50.1650,0.9199
54000.0000,0.1103,11.0294,50.1650,0.9199,50.1650,0.1460,50.1650,0.9199
54000.0000,0.1152,11.5196,50.1650,0.9199,50.1650,0.1460,50.1650,0.9199
54000.0000,0.1201,12.0098,50.1650,0.9199,50.1650,0.1460,50.1650,0.9199
54000.0000,0.1250,12.5000,50.1650,0.9199,50.1650,0.1460,50.1650,0.9199
54000.0000,0.1299,12.9902,50.1650,0.9199,50.1650,0.1460,50.1650,0.9199
54000.0000,0.1348,13.4804,50.1650,0.9199,50.1650,0.1460,50.1650,0.9199
54000.0000,0.1397,13.9706,50.1650,0.9199,50.1650,0.1460,50.1650,0.9199
54000.0000,0.1446,14.4608,50.1650,0.9199,50.1650,0.1460,50.1650,0.9199
54000.0000,0.1495,14.9510,50.1650,0.9199,50.1650,0.1460,50.1650,0.9199
54000.0000,0.1544,15.4412,50.1650,0.9199,50.1650,0.1460,50.1650,0.9199
54000.0000,0.1593,15.9314,50.1650,0.9199,50.1650,0.1460,50.1650,0.9199
54000.0000,0.1642,16.4216,50.1650,0.9199,50.1650,0.1460,50.1650,0.9199
54000.0000,0.1691,16.9118,50.1650,0.9199,50.1650,0.1460,50.1650,0.9199
54000.0000,0.1740,17.4020,50.1650,0.9199,50.1650,0.1460,50.1650,0.9199
54000.0000,0.1789,17.8922,50.1650,0.9199,50.1650,0.1460,50.1650,0.9199
54000.0000,0.1838,18.3824,50.1650,0.9198,50.1650,0.1460,50.1650,0.9198
54000.0000,0.1887,18.8725,50.1650,0.9196,50.1650,0.1459,50.1650,0.9196
54000.0000,0.1936,19.3627,50.1650,0.9192,50.1650,0.1459,50.1650,0.9192
54000.0000,0.1985,19.8529,50.1650,0.9184,50.1650,0.1457,50.1650,0.9184
54000.0000,0.2034,20.3431,50.1650,0.9169,50.1650,0.1454,50.1650,0.9169
54000.0000,0.2083,20.8333,50.1650,0.9140,50.1650,0.1448,50.1650,0.9140
54000.0000,0.2132,21.3235,50.1650,0.9087,50.1650,0.1437,50.1650,0.9087
54000.0000,0.2181,21.8137,50.1650,0.8995,50.1650,0.1417,50.1650,0.8995
54000.0000,0.2230,22.3039,50.1650,0.8841,50.1650,0.1384,50.1650,0.8841
54000.0000,0.2279,22.7941,50.1650,0.8590,50.1650,0.1330,50.1650,0.8590
54000.0000,0.2328,23.2843,50.1650,0.8184,50.1650,0.1245,50.1650,0.8184
54000.0000,0.2377,23.7745,50.1650,0.7529,50.1650,0.1113,50.1650,0.7529
54000.0000,0.2426,24.2647,50.1650,0.6428,50.1650,0.0911,50.1650,0.6428
54000.0000,0.2475,24.7549,50.1650,0.4051,50.1650,0.0588,50.1650,0.1508
57600.0000,0.0025,0.2451,50.1650,0.3881,50.1650,0.0576,50.1650,0.1395
57600.0000,0.0074,0.7353,50.1650,0.6155,50.1650,0.0863,50.1650,0.6155
57600.0000,0.0123,1.2255,50.1650,0.7194,50.1650,0.1043,50.1650,0.7194
57600.0000,0.0172,1.7157,50.1650,0.7809,50.1650,0.1161,50.1650,0.7809
57600.0000,0.0221,2.2059,50.1650,0.8191,50.1650,0.1237,50.1650,0.8191
57600.0000,0.0270,2.6961,50.1650,0.8429,50.1650,0.1286,50.1650,0.8429
57600.0000,0.0319,3.1863,50.1650,0.8575,50.1650,0.1316,50.1650,0.8575
57600.0000,0.0368,3.6765,50.1650,0.8663,50.1650,0.1334,50.1650,0.8663
57600.0000,0.0417,4.1667,50.1650,0.8714,50.1650,0.1344,50.1650,0.8714
57600.0000,0.0466,4.6569,50.1650,0.8743,50.1650,0.1350,50.1650,0.8743
57600.0000,0.0515,5.1471,50.1650,0.8759,50.1650,0.1353,50.1650,0.8759
57600.0000,0.0564,5.6373,50.1650,0.8767,50.1650,0.1354,50.1650,0.8767
57600.0000,0.0613,6.1275,50.1650,0.8771,50.1650,0.1355,50.1650,0.8771
57600.0000,0.0662,6.6176,50.1650,0.8773,50.1650,0.1355,50.1650,0.8773
57600.0000,0.0711,7.1078,50.1650,0.8774,50.1650,0.1355,50.1650,0.8774
57600.0000,0.0760,7.5980,50.1650,0.8774,50.1650,0.1355,50.1650,0.8774
57600.0000,0.0809,8.0882,50.1650,0.8774,50.1650,0.1355,50.1650,0.8774
57600.0000,0.0858,8.5784,50.1650,0.8774,50.1650,0.1355,50.1650,0.8774
57600.0000,0.0907,9.0686,50.1650,0.8774,50.1650,0.1355,50.1650,0.8774
57600.0000,0.0956,9.5588,50.1650,0.8774,50.1650,0.1355,50.1650,0.8774
57600.0000,0.1005,10.0490,50.1650,0.8774,50.1650,0.1355,50.1650,0.8774
57600.0000,0.1054,10.5392,50.1650,0.8774,50.1650,0.1355,50.1650,0.8774
57600.0000,0.1103,11.0294,50.1650,0.8774,50.1650,0.1355,50.1650,0.8774
57600.0000,0.1152,11.5196,50.1650,0.8774,50.1650,0.1355,50.1650,0.8774
57600.0000,0.1201,12.0098,50.1650,0.8774,50.1650,0.1355,50.1650,0.8774
57600.0000,0.1250,12.5000,50.1650,0.8774,50.1650,0.1355,50.1650,0.8774
57600.0000,0.1299,12.9902,50.1650,0.8774,50.1650,0.1355,50.1650,0.8774
57600.0000,0.1348,13.4804,50.1650,0.8774,50.1650,0.1355,50.1650,0.8774
57600.0000,0.1397,13.9706,50.1650,0.8774,50.1650,0.1355,50.1650,0.8774
57600.0000,0.1446,14.4608,50.1650,0.8774,50.1650,0.1355,50.1650,0.8774
57600.0000,0.1495,14.9510,50.1650,0.8774,50.1650,0.1355,50.1650,0.8774
57600.0000,0.1544,15.4412,50.1650,0.8774,50.1650,0.1355,50.1650,0.8774
57600.0000,0.1593,15.9314,50.1650,0.8774,50.1650,0.1355,50.1650,0.8774
57600.0000,0.1642,16.4216,50.1650,0.8774,50.1650,0.1355,50.1650,0.8774
57600.0000,0.1691,16.9118,50.1650,0.8774,50.1650,0.1355,50.1650,0.8774
57600.0000,0.1740,17.4020,50.1650,0.8774,50.1650,0.1355,50.1650,0.8774
57600.0000,0.1789,17.8922,50.1650,0.8774,50.1650,0.1355,50.1650,0.8774
57600.0000,0.1838,18.3824,50.1650,0.8773,50.1650,0.1355,50.1650,0.8773
57600.0000,0.1887,18.8725,50.1650,0.8771,50.1650,0.1355,50.1650,0.8771
57600.0000,0.1936,19.3627,50.1650,0.8767,50.1650,0.1354,50.1650,0.8767
57600.0000,0.1985,19.8529,50.1650,0.8759,50.1650,0.1353,50.1650,0.8759
57600.0000,0.2034,20.3431,50.1650,0.8743,50.1650,0.1350,50.1650,0.8743
57600.0000,0.2083,20.8333,50.1650,0.8714,50.1650,0.1344,50.1650,0.8714
57600.0000,0.2132,21.3235,50.1650,0.8663,50.1650,0.1334,50.1650,0.8663
57600.0000,0.2181,21.8137,50.1650,0.8575,50.1650,0.1316,50.1650,0.8575
57600.0000,0.2230,22.3039,50.1650,0.8429,50.1650,0.1286,50.1650,0.8429
57600.0000,0.2279,22.7941,50.1650,0.8191,50.1650,0.1237,50.1650,0.8191
57600.0000,0.2328,23.2843,50.1650,0.7809,50.1650,0.1161,50.1650,0.7809
57600.0000,0.2377,23.7745,50.1650,0.7194,50.1650,0.1043,50.1650,0.7194
57600.0000,0.2426,24.2647,50.1650,0.6155,50.1650,0.0863,50.1650,0.6155
57600.0000,0.2475,24.7549,50.1650,0.3881,50.1650,0.0576,50.1650,0.1395
61200.0000,0.0025,0.2451,50.1650,0.3732,50.1650,0.0566,50.1650,0.1299
61200.0000,0.0074,0.7353,50.1650,0.5913,50.1650,0.0823,50.1650,0.5913
61200.0000,0.0123,1.2255,50.1650,0.6897,50.1650,0.0985,50.1650,0.6897
61200.0000,0.0172,1.7157,50.1650,0.7477,50.1650,0.1090,50.1650,0.7477
61200.0000,0.0221,2.2059,50.1650,0.7837,50.1650,0.1158,50.1650,0.7837
61200.0000,0.0270,2.6961,50.1650,0.8062,50.1650,0.1202,50.1650,0.8062
61200.0000,0.0319,3.1863,50.1650,0.8201,50.1650,0.1230,50.1650,0.8201
61200.0000,0.0368,3.6765,50.1650,0.8286,50.1650,0.1246,50.1650,0.8286
61200.0000,0.0417,4.1667,50.1650,0.8335,50.1650,0.1256,50.1650,0.8335
61200.0000,0.0466,4.6569,50.1650,0.8364,50.1650,0.1261,50.1650,0.8364
61200.0000,0.0515,5.1471,50.1650,0.8379,50.1650,0.1264,50.1650,0.8379
61200.0000,0.0564,5.6373,50.1650,0.8388,50.1650,0.1265,50.1650,0.8388
61200.0000,0.0613,6.1275,50.1650,0.8392,50.1650,0.1266,50.1650,0.8392
61200.0000,0.0662,6.6176,50.1650,0.8394,50.1650,0.1267,50.1650,0.8394
61200.0000,0.0711,7.1078,50.1650,0.8395,50.1650,0.1267,50.1650,0.8395
61200.0000,0.0760,7.5980,50.1650,0.8395,50.1650,0.1267,50.1650,0.8395
61200.0000,0.0809,8.0882,50.1650,0.8395,50.1650,0.1267,50.1650,0.8395
61200.0000,0.0858,8.5784,50.1650,0.8396,50.1650,0.1267,50.1650,0.8396
61200.0000,0.0907,9.0686,50.1650,0.8396,50.1650,0.1267,50.1650,0.8396
61200.0000,0.0956,9.5588,50.1650,0.8396,50.1650,0.1267,50.1650,0.8396
61200.0000,0.1005,10.0490,50.1650,0.8396,50.1650,0.1267,50.1650,0.8396
61200.0000,0.1054,10.5392,50.1650,0.8396,50.1650,0.1267,50.1650,0.8396
61200.0000,0.1103,11.0294,50.1650,0.8396,50.1650,0.1267,50.1650,0.8396
61200.0000,0.1152,11.5196,50.1650,0.8396,50.1650,0.1267,50.1650,0.8396
61200.0000,0.1201,12.0098,50.1650,0.8396,50.1650,0.1267,50.1650,0.8396
61200.0000,0.1250,12.5000,50.1650,0.8396,50.1650,0.1267,50.1650,0.8396
61200.0000,0.1299,12.9902,50.1650,0.8396,50.1650,0.1267,50.1650,0.8396
61200.0000,0.1348,13.4804,50.1650,0.8396,50.1650,0.1267,50.1650,0.8396
61200.0000,0.1397,13.9706,50.1650,0.8396,50.1650,0.1267,50.1650,0.8396
61200.0000,0.1446,14.4608,50.1650,0.8396,50.1650,0.1267,50.1650,0.8396
61200.0000,0.1495,14.9510,50.1650,0.8396,50.1650,0.1267,50.1650,0.8396
61200.0000,0.1544,15.4412,50.1650,0.8396,50.1650,0.1267,50.1650,0.8396
61200.0000,0.1593,15.9314,50.1650,0.8396,50.1650,0.1267,50.1650,0.8396
61200.0000,0.1642,16.4216,50.1650,0.8396,50.1650,0.1267,50.1650,0.8396
61200.0000,0.1691,16.9118,50.1650,0.8395,50.1650,0.1267,50.1650,0.8395
61200.0000,0.1740,17.4020,50.1650,0.8395,50.1650,0.1267,50.1650,0.8395
61200.0000,0.1789,17.8922,50.1650,0.8395,50.1650,0.1267,50.1650,0.8395
61200.0000,0.1838,18.3824,50.1650,0.8394,50.1650,0.1267,50.1650,0.8394
61200.0000,0.1887,18.8725,50.1650,0.8392,50.1650,0.1266,50.1650,0.8392
61200.0000,0.1936,19.3627,50.1650,0.8388,50.1650,0.1265,50.1650,0.8388
61200.0000,0.1985,19.8529,50.1650,0.8379,50.1650,0.1264,50.1650,0.8379
61200.0000,0.2034,20.3431,50.1650,0.8364,50.1650,0.1261,50.1650,0.8364
61200.0000,0.2083,20.8333,50.1650,0.8335,50.1650,0.1256,50.1650,0.8335
61200.0000,0.2132,21.3235,50.1650,0.8286,50.1650,0.1246,50.1650,0.8286
61200.0000,0.2181,21.8137,50.1650,0.8201,50.1650,0.1230,50.1650,0.8201
61200.0000,0.2230,22.3039,50.1650,0.8062,50.1650,0.1202,50.1650,0.8062
61200.0000,0.2279,22.7941,50.1650,0.7837,50.1650,0.1158,50.1650,0.7837
61200.0000,0.2328,23.2843,50.1650,0.7477,50.1650,0.1090,50.1650,0.7477
61200.0000,0.2377,23.7745,50.1650,0.6897,50.1650,0.0985,50.1650,0.6897
61200.0000,0.2426,24.2647,50.1650,0.5913,50.1650,0.0823,50.1650,0.5913
61200.0000,0.2475,24.7549,50.1650,0.3732,50.1650,0.0566,50.1650,0.1299
64800.0000,0.0025,0.2451,50.1650,0.3601,50.1650,0.0559,50.1650,0.1217
64800.0000,0.0074,0.7353,50.1650,0.5698,50.1650,0.0789,50.1650,0.5698
64800.0000,0.0123,1.2255,50.1650,0.6632,50.1650,0.0935,50.1650,0.6632
64800.0000,0.0172,1.7157,50.1650,0.7181,50.1650,0.1030,50.1650,0.7181
64800.0000,0.0221,2.2059,50.1650,0.7522,50.1650,0.1091,50.1650,0.7522
64800.0000,0.0270,2.6961,50.1650,0.7735,50.1650,0.1131,50.1650,0.7735
64800.0000,0.0319,3.1863,50.1650,0.7867,50.1650,0.1156,50.1650,0.7867
64800.0000,0.0368,3.6765,50.1650,0.7948,50.1650,0.1171,50.1650,0.7948
64800.0000,0.0417,4.1667,50.1650,0.7996,50.1650,0.1180,50.1650,0.7996
64800.0000,0.0466,4.6569,50.1650,0.8024,50.1650,0.1185,50.1650,0.8024
64800.0000,0.0515,5.1471,50.1650,0.8040,50.1650,0.1188,50.1650,0.8040
64800.0000,0.0564,5.6373,50.1650,0.8048,50.1650,0.1190,50.1650,0.8048
64800.0000,0.0613,6.1275,50.1650,0.8052,50.1650,0.1190,50.1650,0.8052
64800.0000,0.0662,6.6176,50.1650,0.8055,50.1650,0.1191,50.1650,0.8055
64800.0000,0.0711,7.1078,50.1650,0.8056,50.1650,0.1191,50.1650,0.8056
64800.0000,0.0760,7.5980,50.1650,0.8056,50.1650,0.1191,50.1650,0.8056
64800.0000,0.0809,8.0882,50.1650,0.8056,50.1650,0.1191,50.1650,0.8056
64800.0000,0.0858,8.5784,50.1650,0.8056,50.1650,0.1191,50.1650,0.8056
64800.0000,0.0907,9.0686,50.1650,0.8056,50.1650,0.1191,50.1650,0.8056
64800.0000,0.0956,9.5588,50.1650,0.8056,50.1650,0.1191,50.1650,0.8056
64800.0000,0.1005,10.0490,50.1650,0.8056,50.1650,0.1191,50.1650,0.8056
64800.0000,0.1054,10.5392,50.1650,0.8056,50.1650,0.1191,50.1650,0.8056
64800.0000,0.1103,11.0294,50.1650,0.8056,50.1650,0.1191,50.1650,0.8056
64800.0000,0.1152,11.5196,50.1650,0.8056,50.1650,0.1191,50.1650,0.8056
64800.0000,0.1201,12.0098,50.1650,0.8056,50.1650,0.1191,50.1650,0.8056
64800.0000,0.1250,12.5000,50.1650,0.8056,50.1650,0.1191,50.1650,0.8056
64800.0000,0.1299,12.9902,50.1650,0.8056,50.1650,0.1191,50.1650,0.8056
64800.0000,0.1348,13.4804,50.1650,0.8056,50.1650,0.1191,50.1650,0.8056
64800.0000,0.1397,13.9706,50.1650,0.8056,50.1650,0.1191,50.1650,0.8056
64800.0000,0.1446,14.4608,50.1650,0.8056,50.1650,0.1191,50.1650,0.8056
64800.0000,0.1495,14.9510,50.1650,0.8056,50.1650,0.1191,50.1650,0.8056
64800.0000,0.1544,15.4412,50.1650,0.8056,50.1650,0.1191,50.1650,0.8056
64800.0000,0.1593,15.9314,50.1650,0.8056,50.1650,0.1191,50.1650,0.8056
64800.0000,0.1642,16.4216,50.1650,0.8056,50.1650,0.1191,50.1650,0.8056
64800.0000,0.1691,16.9118,50.1650,0.8056,50.1650,0.1191,50.1650,0.8056
64800.0000,0.1740,17.4020,50.1650,0.8056,50.1650,0.1191,50.1650,0.8056
64800.0000,0.1789,17.8922,50.1650,0.8056,50.1650,0.1191,50.1650,0.8056
64800.0000,0.1838,18.3824,50.1650,0.8055,50.1650,0.1191,50.1650,0.8055
64800.0000,0.1887,18.8725,50.1650,0.8052,50.1650,0.1190,50.1650,0.8052
64800.0000,0.1936,19.3627,50.1650,0.8048,50.1650,0.1190,50.1650,0.8048
64800.0000,0.1985,19.8529,50.1650,0.8040,50.1650,0.1188,50.1650,0.8040
64800.0000,0.2034,20.3431,50.1650,0.8024,50.1650,0.1185,50.1650,0.8024
64800.0000,0.2083,20.8333,50.1650,0.7996,50.1650,0.1180,50.1650,0.7996
64800.0000,0.2132,21.3235,50.1650,0.7948,50.1650,0.1171,50.1650,0.7948
64800.0000,0.2181,21.8137,50.1650,0.7867,50.1650,0.1156,50.1650,0.7867
64800.0000,0.2230,22.3039,50.1650,0.7735,50.1650,0.1131,50.1650,0.7735
64800.0000,0.2279,22.7941,50.1650,0.7522,50.1650,0.1091,50.1650,0.7522
64800.0000,0.2328,23.2843,50.1650,0.7181,50.1650,0.1030,50.1650,0.7181
64800.0000,0.2377,23.7745,50.1650,0.6632,50.1650,0.0935,50.1650,0.6632
64800.0000,0.2426,24.2647,50.1650,0.5698,50.1650,0.0789,50.1650,0.5698
64800.0000,0.2475,24.7549,50.1650,0.3601,50.1650,0.0559,50.1650,0.1217
68400.0000,0.0025,0.2451,50.1650,0.3485,50.1650,0.0552,50.1650,0.1148
68400.0000,0.0074,0.7353,50.1650,0.5505,50.1650,0.0761,50.1650,0.5505
68400.0000,0.0123,1.2255,50.1650,0.6395,50.1650,0.0893,50.1650,0.6395
68400.0000,0.0172,1.7157,50.1650,0.6916,50.1650,0.0978,50.1650,0.6916
68400.0000,0.0221,2.2059,50.1650,0.7239,50.1650,0.1034,50.1650,0.7239
68400.0000,0.0270,2.6961,50.1650,0.7441,50.1650,0.1070,50.1650,0.7441
68400.0000,0.0319,3.1863,50.1650,0.7568,50.1650,0.1093,50.1650,0.7568
68400.0000,0.0368,3.6765,50.1650,0.7645,50.1650,0.1107,50.1650,0.7645
68400.0000,0.0417,4.1667,50.1650,0.7692,50.1650,0.1115,50.1650,0.7692
68400.0000,0.0466,4.6569,50.1650,0.7719,50.1650,0.1120,50.1650,0.7719
68400.0000,0.0515,5.1471,50.1650,0.7734,50.1650,0.1123,50.1650,0.7734
68400.0000,0.0564,5.6373,50.1650,0.7743,50.1650,0.1124,50.1650,0.7743
68400.0000,0.0613,6.1275,50.1650,0.7747,50.1650,0.1125,50.1650,0.7747
68400.0000,0.0662,6.6176,50.1650,0.7749,50.1650,0.1125,50.1650,0.7749
68400.0000,0.0711,7.1078,50.1650,0.7750,50.1650,0.1125,50.1650,0.7750
68400.0000,0.0760,7.5980,50.1650,0.7751,50.1650,0.1125,50.1650,0.7751
68400.0000,0.0809,8.0882,50.1650,0.7751,50.1650,0.1126,50.1650,0.7751
68400.0000,0.0858,8.5784,50.1650,0.7751,50.1650,0.1126,50.1650,0.7751
68400.0000,0.0907,9.0686,50.1650,0.7751,50.1650,0.1126,50.1650,0.7751
68400.0000,0.0956,9.5588,50.1650,0.7751,50.1650,0.1126,50.1650,0.7751
68400.0000,0.1005,10.0490,50.1650,0.7751,50.1650,0.1126,50.1650,0.7751
68400.0000,0.1054,10.5392,50.1650,0.7751,50.1650,0.1126,50.1650,0.7751
68400.0000,0.1103,11.0294,50.1650,0.7751,50.1650,0.1126,50.1650,0.7751
68400.0000,0.1152,11.5196,50.1650,0.7751,50.1650,0.1126,50.1650,0.7751
68400.0000,0.1201,12.0098,50.1650,0.7751,50.1650,0.1126,50.1650,0.7751
68400.0000,0.1250,12.5000,50.1650,0.7751,50.1650,0.1126,50.1650,0.7751
68400.0000,0.1299,12.9902,50.1650,0.7751,50.1650,0.1126,50.1650,0.7751
68400.0000,0.1348,13.4804,50.1650,0.7751,50.1650,0.1126,50.1650,0.7751
68400.0000,0.1397,13.9706,50.1650,0.7751,50.1650,0.1126,50.1650,0.7751
68400.0000,0.1446,14.4608,50.1650,0.7751,50.1650,0.1126,50.1650,0.7751
68400.0000,0.1495,14.9510,50.1650,0.7751,50.1650,0.1126,50.1650,0.7751
68400.0000,0.1544,15.4412,50.1650,0.7751,50.1650,0.1126,50.1650,0.7751
68400.0000,0.1593,15.9314,50.1650,0.7751,50.1650,0.1126,50.1650,0.7751
68400.0000,0.1642,16.4216,50.1650,0.7751,50.1650,0.1126,50.1650,0.7751
68400.0000,0.1691,16.9118,50.1650,0.7751,50.1650,0.1126,50.1650,0.7751
68400.0000,0.1740,17.4020,50.1650,0.7751,50.1650,0.1125,50.1650,0.7751
68400.0000,0.1789,17.8922,50.1650,0.7750,50.1650,0.1125,50.1650,0.7750
68400.0000,0.1838,18.3824,50.1650,0.7749,50.1650,0.1125,50.1650,0.7749
68400.0000,0.1887,18.8725,50.1650,0.7747,50.1650,0.1125,50.1650,0.7747
68400.0000,0.1936,19.3627,50.1650,0.7743,50.1650,0.1124,50.1650,0.7743
68400.0000,0.1985,19.8529,50.1650,0.7734,50.1650,0.1123,50.1650,0.7734
68400.0000,0.2034,20.3431,50.1650,0.7719,50.1650,0.1120,50.1650,0.7719
68400.0000,0.2083,20.8333,50.1650,0.7692,50.1650,0.1115,50.1650,0.7692
68400.0000,0.2132,21.3235,50.1650,0.7645,50.1650,0.1107,50.1650,0.7645
68400.0000,0.2181,21.8137,50.1650,0.7568,50.1650,0.1093,50.1650,0.7568
68400.0000,0.2230,22.3039,50.1650,0.7441,50.1650,0.1070,50.1650,0.7441
68400.0000,0.2279,22.7941,50.1650,0.7239,50.1650,0.1034,50.1650,0.7239
68400.0000,0.2328,23.2843,50.1650,0.6916,50.1650,0.0978,50.1650,0.6916
68400.0000,0.2377,23.7745,50.1650,0.6395,50.1650,0.0893,50.1650,0.6395
68400.0000,0.2426,24.2647,50.1650,0.5505,50.1650,0.0761,50.1650,0.5505
68400.0000,0.2475,24.7549,50.1650,0.3485,50.1650,0.0552,50.1650,0.1148
72000.0000,0.0025,0.2451,50.1650,0.3381,50.1650,0.0547,50.1650,0.1088
72000.0000,0.0074,0.7353,50.1650,0.5331,50.1650,0.0736,50.1650,0.5331
72000.0000,0.0123,1.2255,50.1650,0.6181,50.1650,0.0856,50.1650,0.6181
72000.0000,0.0172,1.7157,50.1650,0.6677,50.1650,0.0934,50.1650,0.6677
72000.0000,0.0221,2.2059,50.1650,0.6984,50.1650,0.0985,50.1650,0.6984
72000.0000,0.0270,2.6961,50.1650,0.7176,50.1650,0.1018,50.1650,0.7176
72000.0000,0.0319,3.1863,50.1650,0.7297,50.1650,0.1039,50.1650,0.7297
72000.0000,0.0368,3.6765,50.1650,0.7371,50.1650,0.1051,50.1650,0.7371
72000.0000,0.0417,4.1667,50.1650,0.7416,50.1650,0.1059,50.1650,0.7416
72000.0000,0.0466,4.6569,50.1650,0.7443,50.1650,0.1064,50.1650,0.7443
72000.0000,0.0515,5.1471,50.1650,0.7458,50.1650,0.1066,50.1650,0.7458
72000.0000,0.0564,5.6373,50.1650,0.7466,50.1650,0.1068,50.1650,0.7466
72000.0000,0.0613,6.1275,50.1650,0.7471,50.1650,0.1068,50.1650,0.7471
72000.0000,0.0662,6.6176,50.1650,0.7473,50.1650,0.1069,50.1650,0.7473
72000.0000,0.0711,7.1078,50.1650,0.7474,50.1650,0.1069,50.1650,0.7474
72000.0000,0.0760,7.5980,50.1650,0.7475,50.1650,0.1069,50.1650,0.7475
72000.0000,0.0809,8.0882,50.1650,0.7475,50.1650,0.1069,50.1650,0.7475
72000.0000,0.0858,8.5784,50.1650,0.7475,50.1650,0.1069,50.1650,0.7475
72000.0000,0.0907,9.0686,50.1650,0.7475,50.1650,0.1069,50.1650,0.7475
72000.0000,0.0956,9.5588,50.1650,0.7475,50.1650,0.1069,50.1650,0.7475
72000.0000,0.1005,10.0490,50.1650,0.7475,50.1650,0.1069,50.1650,0.7475
72000.0000,0.1054,10.5392,50.1650,0.7475,50.1650,0.1069,50.1650,0.7475
72000.0000,0.1103,11.0294,50.1650,0.7475,50.1650,0.1069,50.1650,0.7475
72000.0000,0.1152,11.5196,50.1650,0.7475,50.1650,0.1069,50.1650,0.7475
72000.0000,0.1201,12.0098,50.1650,0.7475,50.1650,0.1069,50.1650,0.7475
72000.0000,0.1250,12.5000,50.1650,0.7475,50.1650,0.1069,50.1650,0.7475
72000.0000,0.1299,12.9902,50.1650,0.7475,50.1650,0.1069,50.1650,0.7475
72000.0000,0.1348,13.4804,50.1650,0.7475,50.1650,0.1069,50.1650,0.7475
72000.0000,0.1397,13.9706,50.1650,0.7475,50.1650,0.1069,50.1650,0.7475
72000.0000,0.1446,14.4608,50.1650,0.7475,50.1650,0.1069,50.1650,0.7475
72000.0000,0.1495,14.9510,50.1650,0.7475,50.1650,0.1069,50.1650,0.7475
72000.0000,0.1544,15.4412,50.1650,0.7475,50.1650,0.1069,50.1650,0.7475
72000.0000,0.1593,15.9314,50.1650,0.7475,50.1650,0.1069,50.1650,0.7475
72000.0000,0.1642,16.4216,50.1650,0.7475,50.1650,0.1069,50.1650,0.7475
72000.0000,0.1691,16.9118,50.1650,0.7475,50.1650,0.1069,50.1650,0.7475
72000.0000,0.1740,17.4020,50.1650,0.7475,50.1650,0.1069,50.1650,0.7475
72000.0000,0.1789,17.8922,50.1650,0.7474,50.1650,0.1069,50.1650,0.7474
72000.0000,0.1838,18.3824,50.1650,0.7473,50.1650,0.1069,50.1650,0.7473
72000.0000,0.1887,18.8725,50.1650,0.7471,50.1650,0.1068,50.1650,0.7471
72000.0000,0.1936,19.3627,50.1650,0.7466,50.1650,0.1068,50.1650,0.7466
72000.0000,0.1985,19.8529,50.1650,0.7458,50.1650,0.1066,50.1650,0.7458
72000.0000,0.2034,20.3431,50.1650,0.7443,50.1650,0.1064,50.1650,0.7443
72000.0000,0.2083,20.8333,50.1650,0.7416,50.1650,0.1059,50.1650,0.7416
72000.0000,0.2132,21.3235,50.1650,0.7371,50.1650,0.1051,50.1650,0.7371
72000.0000,0.2181,21.8137,50.1650,0.7297,50.1650,0.1039,50.1650,0.7297
72000.0000,0.2230,22.3039,50.1650,0.7176,50.1650,0.1018,50.1650,0.7176
72000.0000,0.2279,22.7941,50.1650,0.6984,50.1650,0.0985,50.1650,0.6984
72000.0000,0.2328,23.2843,50.1650,0.6677,50.1650,0.0934,50.1650,0.6677
72000.0000,0.2377,23.7745,50.1650,0.6181,50.1650,0.0856,50.1650,0.6181
72000.0000,0.2426,24.2647,50.1650,0.5331,50.1650,0.0736,50.1650,0.5331
72000.0000,0.2475,24.7549,50.1650,0.3381,50.1650,0.0547,50.1650,0.1088
75600.0000,0.0025,0.2451,50.1650,0.3288,50.1650,0.0542,50.1650,0.1036
75600.0000,0.0074,0.7353,50.1650,0.5173,50.1650,0.0715,50.1650,0.5173
75600.0000,0.0123,1.2255,50.1650,0.5987,50.1650,0.0825,50.1650,0.5987
75600.0000,0.0172,1.7157,50.1650,0.6460,50.1650,0.0896,50.1650,0.6460
75600.0000,0.0221,2.2059,50.1650,0.6753,50.1650,0.0942,50.1650,0.6753
75600.0000,0.0270,2.6961,50.1650,0.6936,50.1650,0.0972,50.1650,0.6936
75600.0000,0.0319,3.1863,50.1650,0.7052,50.1650,0.0991,50.1650,0.7052
75600.0000,0.0368,3.6765,50.1650,0.7123,50.1650,0.1003,50.1650,0.7123
75600.0000,0.0417,4.1667,50.1650,0.7167,50.1650,0.1010,50.1650,0.7167
75600.0000,0.0466,4.6569,50.1650,0.7192,50.1650,0.1014,50.1650,0.7192
75600.0000,0.0515,5.1471,50.1650,0.7207,50.1650,0.1017,50.1650,0.7207
75600.0000,0.0564,5.6373,50.1650,0.7216,50.1650,0.1018,50.1650,0.7216
75600.0000,0.0613,6.1275,50.1650,0.7220,50.1650,0.1019,50.1650,0.7220
75600.0000,0.0662,6.6176,50.1650,0.7222,50.1650,0.1019,50.1650,0.7222
75600.0000,0.0711,7.1078,50.1650,0.7223,50.1650,0.1019,50.1650,0.7223
75600.0000,0.0760,7.5980,50.1650,0.7224,50.1650,0.1019,50.1650,0.7224
75600.0000,0.0809,8.0882,50.1650,0.7224,50.1650,0.1019,50.1650,0.7224
75600.0000,0.0858,8.5784,50.1650,0.7224,50.1650,0.1019,50.1650,0.7224
75600.0000,0.0907,9.0686,50.1650,0.7224,50.1650,0.1019,50.1650,0.7224
75600.0000,0.0956,9.5588,50.1650,0.7224,50.1650,0.1019,50.1650,0.7224
75600.0000,0.1005,10.0490,50.1650,0.7225,50.1650,0.1019,50.1650,0.7225
75600.0000,0.1054,10.5392,50.1650,0.7225,50.1650,0.1019,50.1650,0.7225
75600.0000,0.1103,11.0294,50.1650,0.7225,50.1650,0.1019,50.1650,0.7225
75600.0000,0.1152,11.5196,50.1650,0.7225,50.1650,0.1019,50.1650,0.7225
75600.0000,0.1201,12.0098,50.1650,0.7225,50.1650,0.1019,50.1650,0.7225
75600.0000,0.1250,12.5000,50.1650,0.7225,50.1650,0.1019,50.1650,0.7225
75600.0000,0.1299,12.9902,50.1650,0.7225,50.1650,0.1019,50.1650,0.7225
75600.0000,0.1348,13.4804,50.1650,0.7225,50.1650,0.1019,50.1650,0.7225
75600.0000,0.1397,13.9706,50.1650,0.7225,50.1650,0.1019,50.1650,0.7225
75600.0000,0.1446,14.4608,50.1650,0.7225,50.1650,0.1019,50.1650,0.7225
75600.0000,0.1495,14.9510,50.1650,0.7225,50.1650,0.1019,50.1650,0.7225
75600.0000,0.1544,15.4412,50.1650,0.7224,50.1650,0.1019,50.1650,0.7224
75600.0000,0.1593,15.9314,50.1650,0.7224,50.1650,0.1019,50.1650,0.7224
75600.0000,0.1642,16.4216,50.1650,0.7224,50.1650,0.1019,50.1650,0.7224
75600.0000,0.1691,16.9118,50.1650,0.7224,50.1650,0.1019,50.1650,0.7224
75600.0000,0.1740,17.4020,50.1650,0.7224,50.1650,0.1019,50.1650,0.7224
75600.0000,0.1789,17.8922,50.1650,0.7223,50.1650,0.1019,50.1650,0.7223
75600.0000,0.1838,18.3824,50.1650,0.7222,50.1650,0.1019,50.1650,0.7222
75600.0000,0.1887,18.8725,50.1650,0.7220,50.1650,0.1019,50.1650,0.7220
75600.0000,0.1936,19.3627,50.1650,0.7216,50.1650,0.1018,50.1650,0.7216
75600.0000,0.1985,19.8529,50.1650,0.7207,50.1650,0.1017,50.1650,0.7207
75600.0000,0.2034,20.3431,50.1650,0.7192,50.1650,0.1014,50.1650,0.7192
75600.0000,0.2083,20.8333,50.1650,0.7167,50.1650,0.1010,50.1650,0.7167
75600.0000,0.2132,21.3235,50.1650,0.7123,50.1650,0.1003,50.1650,0.7123
75600.0000,0.2181,21.8137,50.1650,0.7052,50.1650,0.0991,50.1650,0.7052
75600.0000,0.2230,22.3039,50.1650,0.6936,50.1650,0.0972,50.1650,0.6936
75600.0000,0.2279,22.7941,50.1650,0.6753,50.1650,0.0942,50.1650,0.6753
75600.0000,0.2328,23.2843,50.1650,0.6460,50.1650,0.0896,50.1650,0.6460
75600.0000,0.2377,23.7745,50.1650,0.5987,50.1650,0.0825,50.1650,0.5987
75600.0000,0.2426,24.2647,50.1650,0.5173,50.1650,0.0715,50.1650,0.5173
75600.0000,0.2475,24.7549,50.1650,0.3288,50.1650,0.0542,50.1650,0.1036
79200.0000,0.0025,0.2451,50.1650,0.3204,50.1650,0.0538,50.1650,0.0990
79200.0000,0.0074,0.7353,50.1650,0.5029,50.1650,0.0697,50.1650,0.5029
79200.0000,0.0123,1.2255,50.1650,0.5810,50.1650,0.0797,50.1650,0.5810
79200.0000,0.0172,1.7157,50.1650,0.6263,50.1650,0.0862,50.1650,0.6263
79200.0000,0.0221,2.2059,50.1650,0.6542,50.1650,0.0905,50.1650,0.6542
79200.0000,0.0270,2.6961,50.1650,0.6718,50.1650,0.0932,50.1650,0.6718
79200.0000,0.0319,3.1863,50.1650,0.6829,50.1650,0.0950,50.1650,0.6829
79200.0000,0.0368,3.6765,50.1650,0.6897,50.1650,0.0961,50.1650,0.6897
79200.0000,0.0417,4.1667,50.1650,0.6939,50.1650,0.0967,50.1650,0.6939
79200.0000,0.0466,4.6569,50.1650,0.6964,50.1650,0.0971,50.1650,0.6964
79200.0000,0.0515,5.1471,50.1650,0.6979,50.1650,0.0974,50.1650,0.6979
79200.0000,0.0564,5.6373,50.1650,0.6987,50.1650,0.0975,50.1650,0.6987
79200.0000,0.0613,6.1275,50.1650,0.6991,50.1650,0.0976,50.1650,0.6991
79200.0000,0.0662,6.6176,50.1650,0.6994,50.1650,0.0976,50.1650,0.6994
79200.0000,0.0711,7.1078,50.1650,0.6995,50.1650,0.0976,50.1650,0.6995
79200.0000,0.0760,7.5980,50.1650,0.6996,50.1650,0.0976,50.1650,0.6996
79200.0000,0.0809,8.0882,50.1650,0.6996,50.1650,0.0976,50.1650,0.6996
79200.0000,0.0858,8.5784,50.1650,0.6996,50.1650,0.0976,50.1650,0.6996
79200.0000,0.0907,9.0686,50.1650,0.6996,50.1650,0.0976,50.1650,0.6996
79200.0000,0.0956,9.5588,50.1650,0.6996,50.1650,0.0976,50.1650,0.6996
79200.0000,0.1005,10.0490,50.1650,0.6996,50.1650,0.0976,50.1650,0.6996
79200.0000,0.1054,10.5392,50.1650,0.6996,50.1650,0.0976,50.1650,0.6996
79200.0000,0.1103,11.0294,50.1650,0.6996,50.1650,0.0976,50.1650,0.6996
79200.0000,0.1152,11.5196,50.1650,0.6996,50.1650,0.0976,50.1650,0.6996
79200.0000,0.1201,12.0098,50.1650,0.6996,50.1650,0.0976,50.1650,0.6996
79200.0000,0.1250,12.5000,50.1650,0.6996,50.1650,0.0976,50.1650,0.6996
79200.0000,0.1299,12.9902,50.1650,0.6996,50.1650,0.0976,50.1650,0.6996
79200.0000,0.1348,13.4804,50.1650,0.6996,50.1650,0.0976,50.1650,0.6996
79200.0000,0.1397,13.9706,50.1650,0.6996,50.1650,0.0976,50.1650,0.6996
79200.0000,0.1446,14.4608,50.1650,0.6996,50.1650,0.0976,50.1650,0.6996
79200.0000,0.1495,14.9510,50.1650,0.6996,50.1650,0.0976,50.1650,0.6996
79200.0000,0.1544,15.4412,50.1650,0.6996,50.1650,0.0976,50.1650,0.6996
79200.0000,0.1593,15.9314,50.1650,0.6996,50.1650,0.0976,50.1650,0.6996
79200.0000,0.1642,16.4216,50.1650,0.6996,50.1650,0.0976,50.1650,0.6996
79200.0000,0.1691,16.9118,50.1650,0.6996,50.1650,0.0976,50.1650,0.6996
79200.0000,0.1740,17.4020,50.1650,0.6996,50.1650,0.0976,50.1650,0.6996
79200.0000,0.1789,17.8922,50.1650,0.6995,50.1650,0.0976,50.1650,0.6995
79200.0000,0.1838,18.3824,50.1650,0.6994,50.1650,0.0976,50.1650,0.6994
79200.0000,0.1887,18.8725,50.1650,0.6991,50.1650,0.0976,50.1650,0.6991
79200.0000,0.1936,19.3627,50.1650,0.6987,50.1650,0.0975,50.1650,0.6987
79200.0000,0.1985,19.8529,50.1650,0.6979,50.1650,0.0974,50.1650,0.6979
79200.0000,0.2034,20.3431,50.1650,0.6964,50.1650,0.0971,50.1650,0.6964
79200.0000,0.2083,20.8333,50.1650,0.6939,50.1650,0.0967,50.1650,0.6939
79200.0000,0.2132,21.3235,50.1650,0.6897,50.1650,0.0961,50.1650,0.6897
79200.0000,0.2181,21.8137,50.1650,0.6829,50.1650,0.0950,50.1650,0.6829
79200.0000,0.2230,22.3039,50.1650,0.6718,50.1650,0.0932,50.1650,0.6718
79200.0000,0.2279,22.7941,50.1650,0.6542,50.1650,0.0905,50.1650,0.6542
79200.0000,0.2328,23.2843,50.1650,0.6263,50.1650,0.0862,50.1650,0.6263
79200.0000,0.2377,23.7745,50.1650,0.5810,50.1650,0.0797,50.1650,0.5810
79200.0000,0.2426,24.2647,50.1650,0.5029,50.1650,0.0697,50.1650,0.5029
79200.0000,0.2475,24.7549,50.1650,0.3204,50.1650,0.0538,50.1650,0.0990
82800.0000,0.0025,0.2451,50.1650,0.3128,50.1650,0.0534,50.1650,0.0950
82800.0000,0.0074,0.7353,50.1650,0.4898,50.1650,0.0680,50.1650,0.4898
82800.0000,0.0123,1.2255,50.1650,0.5649,50.1650,0.0773,50.1650,0.5649
82800.0000,0.0172,1.7157,50.1650,0.6083,50.1650,0.0833,50.1650,0.6083
82800.0000,0.0221,2.2059,50.1650,0.6351,50.1650,0.0872,50.1650,0.6351
82800.0000,0.0270,2.6961,50.1650,0.6519,50.1650,0.0897,50.1650,0.6519
82800.0000,0.0319,3.1863,50.1650,0.6625,50.1650,0.0913,50.1650,0.6625
82800.0000,0.0368,3.6765,50.1650,0.6691,50.1650,0.0923,50.1650,0.6691
82800.0000,0.0417,4.1667,50.1650,0.6731,50.1650,0.0930,50.1650,0.6731
82800.0000,0.0466,4.6569,50.1650,0.6756,50.1650,0.0933,50.1650,0.6756
82800.0000,0.0515,5.1471,50.1650,0.6770,50.1650,0.0936,50.1650,0.6770
82800.0000,0.0564,5.6373,50.1650,0.6778,50.1650,0.0937,50.1650,0.6778
82800.0000,0.0613,6.1275,50.1650,0.6782,50.1650,0.0937,50.1650,0.6782
82800.0000,0.0662,6.6176,50.1650,0.6785,50.1650,0.0938,50.1650,0.6785
82800.0000,0.0711,7.1078,50.1650,0.6786,50.1650,0.0938,50.1650,0.6786
82800.0000,0.0760,7.5980,50.1650,0.6787,50.1650,0.0938,50.1650,0.6787
82800.0000,0.0809,8.0882,50.1650,0.6787,50.1650,0.0938,50.1650,0.6787
82800.0000,0.0858,8.5784,50.1650,0.6787,50.1650,0.0938,50.1650,0.6787
82800.0000,0.0907,9.0686,50.1650,0.6787,50.1650,0.0938,50.1650,0.6787
82800.0000,0.0956,9.5588,50.1650,0.6787,50.1650,0.0938,50.1650,0.6787
82800.0000,0.1005,10.0490,50.1650,0.6787,50.1650,0.0938,50.1650,0.6787
82800.0000,0.1054,10.5392,50.1650,0.6787,50.1650,0.0938,50.1650,0.6787
82800.0000,0.1103,11.0294,50.1650,0.6787,50.1650,0.0938,50.1650,0.6787
82800.0000,0.1152,11.5196,50.1650,0.6787,50.1650,0.0938,50.1650,0.6787
82800.0000,0.1201,12.0098,50.1650,0.6787,50.1650,0.0938,50.1650,0.6787
82800.0000,0.1250,12.5000,50.1650,0.6787,50.1650,0.0938,50.1650,0.6787
82800.0000,0.1299,12.9902,50.1650,0.6787,50.1650,0.0938,50.1650,0.6787
82800.0000,0.1348,13.4804,50.1650,0.6787,50.1650,0.0938,50.1650,0.6787
82800.0000,0.1397,13.9706,50.1650,0.6787,50.1650,0.0938,50.1650,0.6787
82800.0000,0.1446,14.4608,50.1650,0.6787,50.1650,0.0938,50.1650,0.6787
82800.0000,0.1495,14.9510,50.1650,0.6787,50.1650,0.0938,50.1650,0.6787
82800.0000,0.1544,15.4412,50.1650,0.6787,50.1650,0.0938,50.1650,0.6787
82800.0000,0.1593,15.9314,50.1650,0.6787,50.1650,0.0938,50.1650,0.6787
82800.0000,0.1642,16.4216,50.1650,0.6787,50.1650,0.0938,50.1650,0.6787
82800.0000,0.1691,16.9118,50.1650,0.6787,50.1650,0.0938,50.1650,0.6787
82800.0000,0.1740,17.4020,50.1650,0.6787,50.1650,0.0938,50.1650,0.6787
82800.0000,0.1789,17.8922,50.1650,0.6786,50.1650,0.0938,50.1650,0.6786
82800.0000,0.1838,18.3824,50.1650,0.6785,50.1650,0.0938,50.1650,0.6785
82800.0000,0.1887,18.8725,50.1650,0.6782,50.1650,0.0937,50.1650,0.6782
82800.0000,0.1936,19.3627,50.1650,0.6778,50.1650,0.0937,50.1650,0.6778
82800.0000,0.1985,19.8529,50.1650,0.6770,50.1650,0.0936,50.1650,0.6770
82800.0000,0.2034,20.3431,50.1650,0.6756,50.1650,0.0933,50.1650,0.6756
82800.0000,0.2083,20.8333,50.1650,0.6731,50.1650,0.0930,50.1650,0.6731
82800.0000,0.2132,21.3235,50.1650,0.6691,50.1650,0.0923,50.1650,0.6691
82800.0000,0.2181,21.8137,50.1650,0.6625,50.1650,0.0913,50.1650,0.6625
82800.0000,0.2230,22.3039,50.1650,0.6519,50.1650,0.0897,50.1650,0.6519
82800.0000,0.2279,22.7941,50.1650,0.6351,50.1650,0.0872,50.1650,0.6351
82800.0000,0.2328,23.2843,50.1650,0.6083,50.1650,0.0833,50.1650,0.6083
82800.0000,0.2377,23.7745,50.1650,0.5649,50.1650,0.0773,50.1650,0.5649
82800.0000,0.2426,24.2647,50.1650,0.4898,50.1650,0.0680,50.1650,0.4898
82800.0000,0.2475,24.7549,50.1650,0.3128,50.1650,0.0534,50.1650,0.0950
86400.0000,0.0025,0.2451,50.1650,0.3058,50.1650,0.0531,50.1650,0.0915
86400.0000,0.0074,0.7353,50.1650,0.4777,50.1650,0.0666,50.1650,0.4777
86400.0000,0.0123,1.2255,50.1650,0.5501,50.1650,0.0751,50.1650,0.5501
86400.0000,0.0172,1.7157,50.1650,0.5918,50.1650,0.0807,50.1650,0.5918
86400.0000,0.0221,2.2059,50.1650,0.6175,50.1650,0.0843,50.1650,0.6175
86400.0000,0.0270,2.6961,50.1650,0.6336,50.1650,0.0866,50.1650,0.6336
86400.0000,0.0319,3.1863,50.1650,0.6437,50.1650,0.0881,50.1650,0.6437
86400.0000,0.0368,3.6765,50.1650,0.6501,50.1650,0.0891,50.1650,0.6501
86400.0000,0.0417,4.1667,50.1650,0.6540,50.1650,0.0896,50.1650,0.6540
86400.0000,0.0466,4.6569,50.1650,0.6564,50.1650,0.0900,50.1650,0.6564
86400.0000,0.0515,5.1471,50.1650,0.6578,50.1650,0.0902,50.1650,0.6578
86400.0000,0.0564,5.6373,50.1650,0.6586,50.1650,0.0903,50.1650,0.6586
86400.0000,0.0613,6.1275,50.1650,0.6590,50.1650,0.0904,50.1650,0.6590
86400.0000,0.0662,6.6176,50.1650,0.6593,50.1650,0.0904,50.1650,0.6593
86400.0000,0.0711,7.1078,50.1650,0.6594,50.1650,0.0904,50.1650,0.6594
86400.0000,0.0760,7.5980,50.1650,0.6595,50.1650,0.0904,50.1650,0.6595
86400.0000,0.0809,8.0882,50.1650,0.6595,50.1650,0.0904,50.1650,0.6595
86400.0000,0.0858,8.5784,50.1650,0.6595,50.1650,0.0904,50.1650,0.6595
86400.0000,0.0907,9.0686,50.1650,0.6595,50.1650,0.0904,50.1650,0.6595
86400.0000,0.0956,9.5588,50.1650,0.6595,50.1650,0.0904,50.1650,0.6595
86400.0000,0.1005,10.0490,50.1650,0.6595,50.1650,0.0904,50.1650,0.6595
86400.0000,0.1054,10.5392,50.1650,0.6595,50.1650,0.0904,50.1650,0.6595
86400.0000,0.1103,11.0294,50.1650,0.6595,50.1650,0.0904,50.1650,0.6595
86400.0000,0.1152,11.5196,50.1650,0.6595,50.1650,0.0904,50.1650,0.6595
86400.0000,0.1201,12.0098,50.1650,0.6595,50.1650,0.0904,50.1650,0.6595
86400.0000,0.1250,12.5000,50.1650,0.6595,50.1650,0.0904,50.1650,0.6595
86400.0000,0.1299,12.9902,50.1650,0.6595,50.1650,0.0904,50.1650,0.6595
86400.0000,0.1348,13.4804,50.1650,0.6595,50.1650,0.0904,50.1650,0.6595
86400.0000,0.1397,13.9706,50.1650,0.6595,50.1650,0.0904,50.1650,0.6595
86400.0000,0.1446,14.4608,50.1650,0.6595,50.1650,0.0904,50.1650,0.6595
86400.0000,0.1495,14.9510,50.1650,0.6595,50.1650,0.0904,50.1650,0.6595
86400.0000,0.1544,15.4412,50.1650,0.6595,50.1650,0.0904,50.1650,0.6595
86400.0000,0.1593,15.9314,50.1650,0.6595,50.1650,0.0904,50.1650,0.6595
86400.0000,0.1642,16.4216,50.1650,0.6595,50.1650,0.0904,50.1650,0.6595
86400.0000,0.1691,16.9118,50.1650,0.6595,50.1650,0.0904,50.1650,0.6595
86400.0000,0.1740,17.4020,50.1650,0.6595,50.1650,0.0904,50.1650,0.6595
86400.0000,0.1789,17.8922,50.1650,0.6594,50.1650,0.0904,50.1650,0.6594
86400.0000,0.1838,18.3824,50.1650,0.6593,50.1650,0.0904,50.1650,0.6593
86400.0000,0.1887,18.8725,50.1650,0.6590,50.1650,0.0904,50.1650,0.6590
86400.0000,0.1936,19.3627,50.1650,0.6586,50.1650,0.0903,50.1650,0.6586
86400.0000,0.1985,19.8529,50.1650,0.6578,50.1650,0.0902,50.1650,0.6578
86400.0000,0.2034,20.3431,50.1650,0.6564,50.1650,0.0900,50.1650,0.6564
86400.0000,0.2083,20.8333,50.1650,0.6540,50.1650,0.0896,50.1650,0.6540
86400.0000,0.2132,21.3235,50.1650,0.6501,50.1650,0.0891,50.1650,0.6501
86400.0000,0.2181,21.8137,50.1650,0.6437,50.1650,0.0881,50.1650,0.6437
86400.0000,0.2230,22.3039,50.1650,0.6336,50.1650,0.0866,50.1650,0.6336
86400.0000,0.2279,22.7941,50.1650,0.6175,50.1650,0.0843,50.1650,0.6175
86400.0000,0.2328,23.2843,50.1650,0.5918,50.1650,0.0807,50.1650,0.5918
86400.0000,0.2377,23.7745,50.1650,0.5501,50.1650,0.0751,50.1650,0.5501
86400.0000,0.2426,24.2647,50.1650,0.4777,50.1650,0.0666,50.1650,0.4777
86400.0000,0.2475,24.7549,50.1650,0.3058,50.1650,0.0531,50.1650,0.0915
90000.0000,0.0025,0.2451,50.1650,0.2994,50.1650,0.0529,50.1650,0.0884
90000.0000,0.0074,0.7353,50.1650,0.4666,50.1650,0.0654,50.1650,0.4666
90000.0000,0.0123,1.2255,50.1650,0.5365,50.1650,0.0733,50.1650,0.5365
90000.0000,0.0172,1.7157,50.1650,0.5766,50.1650,0.0784,50.1650,0.5766
90000.0000,0.0221,2.2059,50.1650,0.6013,50.1650,0.0817,50.1650,0.6013
90000.0000,0.0270,2.6961,50.1650,0.6168,50.1650,0.0839,50.1650,0.6168
90000.0000,0.0319,3.1863,50.1650,0.6265,50.1650,0.0853,50.1650,0.6265
90000.0000,0.0368,3.6765,50.1650,0.6327,50.1650,0.0861,50.1650,0.6327
90000.0000,0.0417,4.1667,50.1650,0.6365,50.1650,0.0867,50.1650,0.6365
90000.0000,0.0466,4.6569,50.1650,0.6388,50.1650,0.0870,50.1650,0.6388
90000.0000,0.0515,5.1471,50.1650,0.6401,50.1650,0.0872,50.1650,0.6401
90000.0000,0.0564,5.6373,50.1650,0.6409,50.1650,0.0873,50.1650,0.6409
90000.0000,0.0613,6.1275,50.1650,0.6414,50.1650,0.0874,50.1650,0.6414
90000.0000,0.0662,6.6176,50.1650,0.6416,50.1650,0.0874,50.1650,0.6416
90000.0000,0.0711,7.1078,50.1650,0.6417,50.1650,0.0874,50.1650,0.6417
90000.0000,0.0760,7.5980,50.1650,0.6418,50.1650,0.0874,50.1650,0.6418
90000.0000,0.0809,8.0882,50.1650,0.6418,50.1650,0.0874,50.1650,0.6418
90000.0000,0.0858,8.5784,50.1650,0.6418,50.1650,0.0874,50.1650,0.6418
90000.0000,0.0907,9.0686,50.1650,0.6418,50.1650,0.0874,50.1650,0.6418
90000.0000,0.0956,9.5588,50.1650,0.6418,50.1650,0.0874,50.1650,0.6418
90000.0000,0.1005,10.0490,50.1650,0.6418,50.1650,0.0874,50.1650,0.6418
90000.0000,0.1054,10.5392,50.1650,0.6418,50.1650,0.0874,50.1650,0.6418
90000.0000,0.1103,11.0294,50.1650,0.6418,50.1650,0.0874,50.1650,0.6418
90000.0000,0.1152,11.5196,50.1650,0.6418,50.1650,0.0874,50.1650,0.6418
90000.0000,0.1201,12.0098,50.1650,0.6418,50.1650,0.0874,50.1650,0.6418
90000.0000,0.1250,12.5000,50.1650,0.6418,50.1650,0.0874,50.1650,0.6418
90000.0000,0.1299,12.9902,50.1650,0.6418,50.1650,0.0874,50.1650,0.6418
90000.0000,0.1348,13.4804,50.1650,0.6418,50.1650,0.0874,50.1650,0.6418
90000.0000,0.1397,13.9706,50.1650,0.6418,50.1650,0.0874,50.1650,0.6418
90000.0000,0.1446,14.4608,50.1650,0.6418,50.1650,0.0874,50.1650,0.6418
90000.0000,0.1495,14.9510,50.1650,0.6418,50.1650,0.0874,50.1650,0.6418
90000.0000,0.1544,15.4412,50.1650,0.6418,50.1650,0.0874,50.1650,0.6418
90000.0000,0.1593,15.9314,50.1650,0.6418,50.1650,0.0874,50.1650,0.6418
90000.0000,0.1642,16.4216,50.1650,0.6418,50.1650,0.0874,50.1650,0.6418
90000.0000,0.1691,16.9118,50.1650,0.6418,50.1650,0.0874,50.1650,0.6418
90000.0000,0.1740,17.4020,50.1650,0.6418,50.1650,0.0874,50.1650,0.6418
90000.0000,0.1789,17.8922,50.1650,0.6417,50.1650,0.0874,50.1650,0.6417
90000.0000,0.1838,18.3824,50.1650,0.6416,50.1650,0.0874,50.1650,0.6416
90000.0000,0.1887,18.8725,50.1650,0.6414,50.1650,0.0874,50.1650,0.6414
90000.0000,0.1936,19.3627,50.1650,0.6409,50.1650,0.0873,50.1650,0.6409
90000.0000,0.1985,19.8529,50.1650,0.6401,50.1650,0.0872,50.1650,0.6401
90000.0000,0.2034,20.3431,50.1650,0.6388,50.1650,0.0870,50.1650,0.6388
90000.0000,0.2083,20.8333,50.1650,0.6365,50.1650,0.0867,50.1650,0.6365
90000.0000,0.2132,21.3235,50.1650,0.6327,50.1650,0.0861,50.1650,0.6327
90000.0000,0.2181,21.8137,50.1650,0.6265,50.1650,0.0853,50.1650,0.6265
90000.0000,0.2230,22.3039,50.1650,0.6168,50.1650,0.0839,50.1650,0.6168
90000.0000,0.2279,22.7941,50.1650,0.6013,50.1650,0.0817,50.1650,0.6013
90000.0000,0.2328,23.2843,50.1650,0.5766,50.1650,0.0784,50.1650,0.5766
90000.0000,0.2377,23.7745,50.1650,0.5365,50.1650,0.0733,50.1650,0.5365
90000.0000,0.2426,24.2647,50.1650,0.4666,50.1650,0.0654,50.1650,0.4666
90000.0000,0.2475,24.7549,50.1650,0.2994,50.1650,0.0529,50.1650,0.0884
93600.0000,0.0025,0.2451,50.1650,0.2935,50.1650,0.0527,50.1650,0.0856
93600.0000,0.0074,0.7353,50.1650,0.4564,50.1650,0.0643,50.1650,0.4564
93600.0000,0.0123,1.2255,50.1650,0.5239,50.1650,0.0716,50.1650,0.5239
93600.0000,0.0172,1.7157,50.1650,0.5626,50.1650,0.0763,50.1650,0.5626
93600.0000,0.0221,2.2059,50.1650,0.5863,50.1650,0.0794,50.1650,0.5863
93600.0000,0.0270,2.6961,50.1650,0.6012,50.1650,0.0814,50.1650,0.6012
93600.0000,0.0319,3.1863,50.1650,0.6106,50.1650,0.0827,50.1650,0.6106
93600.0000,0.0368,3.6765,50.1650,0.6166,50.1650,0.0835,50.1650,0.6166
93600.0000,0.0417,4.1667,50.1650,0.6202,50.1650,0.0840,50.1650,0.6202
93600.0000,0.0466,4.6569,50.1650,0.6225,50.1650,0.0844,50.1650,0.6225
93600.0000,0.0515,5.1471,50.1650,0.6238,50.1650,0.0845,50.1650,0.6238
93600.0000,0.0564,5.6373,50.1650,0.6246,50.1650,0.0846,50.1650,0.6246
93600.0000,0.0613,6.1275,50.1650,0.6250,50.1650,0.0847,50.1650,0.6250
93600.0000,0.0662,6.6176,50.1650,0.6253,50.1650,0.0847,50.1650,0.6253
93600.0000,0.0711,7.1078,50.1650,0.6254,50.1650,0.0847,50.1650,0.6254
93600.0000,0.0760,7.5980,50.1650,0.6255,50.1650,0.0847,50.1650,0.6255
93600.0000,0.0809,8.0882,50.1650,0.6255,50.1650,0.0847,50.1650,0.6255
93600.0000,0.0858,8.5784,50.1650,0.6255,50.1650,0.0848,50.1650,0.6255
93600.0000,0.0907,9.0686,50.1650,0.6255,50.1650,0.0848,50.1650,0.6255
93600.0000,0.0956,9.5588,50.1650,0.6255,50.1650,0.0848,50.1650,0.6255
93600.0000,0.1005,10.0490,50.1650,0.6255,50.1650,0.0848,50.1650,0.6255
93600.0000,0.1054,10.5392,50.1650,0.6255,50.1650,0.0848,50.1650,0.6255
93600.0000,0.1103,11.0294,50.1650,0.6255,50.1650,0.0848,50.1650,0.6255
93600.0000,0.1152,11.5196,50.1650,0.6255,50.1650,0.0848,50.1650,0.6255
93600.0000,0.1201,12.0098,50.1650,0.6255,50.1650,0.0848,50.1650,0.6255
93600.0000,0.1250,12.5000,50.1650,0.6255,50.1650,0.0848,50.1650,0.6255
93600.0000,0.1299,12.9902,50.1650,0.6255,50.1650,0.0848,50.1650,0.6255
93600.0000,0.1348,13.4804,50.1650,0.6255,50.1650,0.0848,50.1650,0.6255
93600.0000,0.1397,13.9706,50.1650,0.6255,50.1650,0.0848,50.1650,0.6255
93600.0000,0.1446,14.4608,50.1650,0.6255,50.1650,0.0848,50.1650,0.6255
93600.0000,0.1495,14.9510,50.1650,0.6255,50.1650,0.0848,50.1650,0.6255
93600.0000,0.1544,15.4412,50.1650,0.6255,50.1650,0.0848,50.1650,0.6255
93600.0000,0.1593,15.9314,50.1650,0.6255,50.1650,0.0848,50.1650,0.6255
93600.0000,0.1642,16.4216,50.1650,0.6255,50.1650,0.0848,50.1650,0.6255
93600.0000,0.1691,16.9118,50.1650,0.6255,50.1650,0.0847,50.1650,0.6255
93600.0000,0.1740,17.4020,50.1650,0.6255,50.1650,0.0847,50.1650,0.6255
93600.0000,0.1789,17.8922,50.1650,0.6254,50.1650,0.0847,50.1650,0.6254
93600.0000,0.1838,18.3824,50.1650,0.6253,50.1650,0.0847,50.1650,0.6253
93600.0000,0.1887,18.8725,50.1650,0.6250,50.1650,0.0847,50.1650,0.6250
93600.0000,0.1936,19.3627,50.1650,0.6246,50.1650,0.0846,50.1650,0.6246
93600.0000,0.1985,19.8529,50.1650,0.6238,50.1650,0.0845,50.1650,0.6238
93600.0000,0.2034,20.3431,50.1650,0.6225,50.1650,0.0844,50.1650,0.6225
93600.0000,0.2083,20.8333,50.1650,0.6202,50.1650,0.0840,50.1650,0.6202
93600.0000,0.2132,21.3235,50.1650,0.6166,50.1650,0.0835,50.1650,0.6166
93600.0000,0.2181,21.8137,50.1650,0.6106,50.1650,0.0827,50.1650,0.6106
93600.0000,0.2230,22.3039,50.1650,0.6012,50.1650,0.0814,50.1650,0.6012
93600.0000,0.2279,22.7941,50.1650,0.5863,50.1650,0.0794,50.1650,0.5863
93600.0000,0.2328,23.2843,50.1650,0.5626,50.1650,0.0763,50.1650,0.5626
93600.0000,0.2377,23.7745,50.1650,0.5239,50.1650,0.0716,50.1650,0.5239
93600.0000,0.2426,24.2647,50.1650,0.4564,50.1650,0.0643,50.1650,0.4564
93600.0000,0.2475,24.7549,50.1650,0.2935,50.1650,0.0527,50.1650,0.0856
97200.0000,0.0025,0.2451,50.1650,0.2881,50.1650,0.0525,50.1650,0.0832
97200.0000,0.0074,0.7353,50.1650,0.4468,50.1650,0.0633,50.1650,0.4468
97200.0000,0.0123,1.2255,50.1650,0.5122,50.1650,0.0701,50.1650,0.5122
97200.0000,0.0172,1.7157,50.1650,0.5496,50.1650,0.0745,50.1650,0.5496
97200.0000,0.0221,2.2059,50.1650,0.5725,50.1650,0.0774,50.1650,0.5725
97200.0000,0.0270,2.6961,50.1650,0.5868,50.1650,0.0792,50.1650,0.5868
97200.0000,0.0319,3.1863,50.1650,0.5959,50.1650,0.0804,50.1650,0.5959
97200.0000,0.0368,3.6765,50.1650,0.6016,50.1650,0.0812,50.1650,0.6016
97200.0000,0.0417,4.1667,50.1650,0.6052,50.1650,0.0817,50.1650,0.6052
97200.0000,0.0466,4.6569,50.1650,0.6074,50.1650,0.0820,50.1650,0.6074
97200.0000,0.0515,5.1471,50.1650,0.6087,50.1650,0.0821,50.1650,0.6087
97200.0000,0.0564,5.6373,50.1650,0.6094,50.1650,0.0822,50.1650,0.6094
97200.0000,0.0613,6.1275,50.1650,0.6099,50.1650,0.0823,50.1650,0.6099
97200.0000,0.0662,6.6176,50.1650,0.6101,50.1650,0.0823,50.1650,0.6101
97200.0000,0.0711,7.1078,50.1650,0.6102,50.1650,0.0823,50.1650,0.6102
97200.0000,0.0760,7.5980,50.1650,0.6103,50.1650,0.0823,50.1650,0.6103
97200.0000,0.0809,8.0882,50.1650,0.6103,50.1650,0.0824,50.1650,0.6103
97200.0000,0.0858,8.5784,50.1650,0.6104,50.1650,0.0824,50.1650,0.6104
97200.0000,0.0907,9.0686,50.1650,0.6104,50.1650,0.0824,50.1650,0.6104
97200.0000,0.0956,9.5588,50.1650,0.6104,50.1650,0.0824,50.1650,0.6104
97200.0000,0.1005,10.0490,50.1650,0.6104,50.1650,0.0824,50.1650,0.6104
97200.0000,0.1054,10.5392,50.1650,0.6104,50.1650,0.0824,50.1650,0.6104
97200.0000,0.1103,11.0294,50.1650,0.6104,50.1650,0.0824,50.1650,0.6104
97200.0000,0.1152,11.5196,50.1650,0.6104,50.1650,0.0824,50.1650,0.6104
97200.0000,0.1201,12.0098,50.1650,0.6104,50.1650,0.0824,50.1650,0.6104
97200.0000,0.1250,12.5000,50.1650,0.6104,50.1650,0.0824,50.1650,0.6104
97200.0000,0.1299,12.9902,50.1650,0.6104,50.1650,0.0824,50.1650,0.6104
97200.0000,0.1348,13.4804,50.1650,0.6104,50.1650,0.0824,50.1650,0.6104
97200.0000,0.1397,13.9706,50.1650,0.6104,50.1650,0.0824,50.1650,0.6104
97200.0000,0.1446,14.4608,50.1650,0.6104,50.1650,0.0824,50.1650,0.6104
97200.0000,0.1495,14.9510,50.1650,0.6104,50.1650,0.0824,50.1650,0.6104
97200.0000,0.1544,15.4412,50.1650,0.6104,50.1650,0.0824,50.1650,0.6104
97200.0000,0.1593,15.9314,50.1650,0.6104,50.1650,0.0824,50.1650,0.6104
97200.0000,0.1642,16.4216,50.1650,0.6104,50.1650,0.0824,50.1650,0.6104
97200.0000,0.1691,16.9118,50.1650,0.6103,50.1650,0.0824,50.1650,0.6103
97200.0000,0.1740,17.4020,50.1650,0.6103,50.1650,0.0823,50.1650,0.6103
97200.0000,0.1789,17.8922,50.1650,0.6102,50.1650,0.0823,50.1650,0.6102
97200.0000,0.1838,18.3824,50.1650,0.6101,50.1650,0.0823,50.1650,0.6101
97200.0000,0.1887,18.8725,50.1650,0.6099,50.1650,0.0823,50.1650,0.6099
97200.0000,0.1936,19.3627,50.1650,0.6094,50.1650,0.0822,50.1650,0.6094
97200.0000,0.1985,19.8529,50.1650,0.6087,50.1650,0.0821,50.1650,0.6087
97200.0000,0.2034,20.3431,50.1650,0.6074,50.1650,0.0820,50.1650,0.6074
97200.0000,0.2083,20.8333,50.1650,0.6052,50.1650,0.0817,50.1650,0.6052
97200.0000,0.2132,21.3235,50.1650,0.6016,50.1650,0.0812,50.1650,0.6016
97200.0000,0.2181,21.8137,50.1650,0.5959,50.1650,0.0804,50.1650,0.5959
97200.0000,0.2230,22.3039,50.1650,0.5868,50.1650,0.0792,50.1650,0.5868
97200.0000,0.2279,22.7941,50.1650,0.5725,50.1650,0.0774,50.1650,0.5725
97200.0000,0.2328,23.2843,50.1650,0.5496,50.1650,0.0745,50.1650,0.5496
97200.0000,0.2377,23.7745,50.1650,0.5122,50.1650,0.0701,50.1650,0.5122
97200.0000,0.2426,24.2647,50.1650,0.4468,50.1650,0.0633,50.1650,0.4468
97200.0000,0.2475,24.7549,50.1650,0.2881,50.1650,0.0525,50.1650,0.0832
100800.0000,0.0025,0.2451,50.1650,0.2830,50.1650,0.0523,50.1650,0.0809
100800.0000,0.0074,0.7353,50.1650,0.4380,50.1650,0.0624,50.1650,0.4380
100800.0000,0.0123,1.2255,50.1650,0.5014,50.1650,0.0687,50.1650,0.5014
100800.0000,0.0172,1.7157,50.1650,0.5375,50.1650,0.0728,50.1650,0.5375
100800.0000,0.0221,2.2059,50.1650,0.5596,50.1650,0.0755,50.1650,0.5596
100800.0000,0.0270,2.6961,50.1650,0.5735,50.1650,0.0773,50.1650,0.5735
100800.0000,0.0319,3.1863,50.1650,0.5823,50.1650,0.0784,50.1650,0.5823
100800.0000,0.0368,3.6765,50.1650,0.5878,50.1650,0.0791,50.1650,0.5878
100800.0000,0.0417,4.1667,50.1650,0.5912,50.1650,0.0796,50.1650,0.5912
100800.0000,0.0466,4.6569,50.1650,0.5934,50.1650,0.0798,50.1650,0.5934
100800.0000,0.0515,5.1471,50.1650,0.5946,50.1650,0.0800,50.1650,0.5946
100800.0000,0.0564,5.6373,50.1650,0.5954,50.1650,0.0801,50.1650,0.5954
100800.0000,0.0613,6.1275,50.1650,0.5958,50.1650,0.0801,50.1650,0.5958
100800.0000,0.0662,6.6176,50.1650,0.5960,50.1650,0.0802,50.1650,0.5960
100800.0000,0.0711,7.1078,50.1650,0.5962,50.1650,0.0802,50.1650,0.5962
100800.0000,0.0760,7.5980,50.1650,0.5962,50.1650,0.0802,50.1650,0.5962
100800.0000,0.0809,8.0882,50.1650,0.5963,50.1650,0.0802,50.1650,0.5963
100800.0000,0.0858,8.5784,50.1650,0.5963,50.1650,0.0802,50.1650,0.5963
100800.0000,0.0907,9.0686,50.1650,0.5963,50.1650,0.0802,50.1650,0.5963
100800.0000,0.0956,9.5588,50.1650,0.5963,50.1650,0.0802,50.1650,0.5963
100800.0000,0.1005,10.0490,50.1650,0.5963,50.1650,0.0802,50.1650,0.5963
100800.0000,0.1054,10.5392,50.1650,0.5963,50.1650,0.0802,50.1650,0.5963
100800.0000,0.1103,11.0294,50.1650,0.5963,50.1650,0.0802,50.1650,0.5963
100800.0000,0.1152,11.5196,50.1650,0.5963,50.1650,0.0802,50.1650,0.5963
100800.0000,0.1201,12.0098,50.1650,0.5963,50.1650,0.0802,50.1650,0.5963
100800.0000,0.1250,12.5000,50.1650,0.5963,50.1650,0.0802,50.1650,0.5963
100800.0000,0.1299,12.9902,50.1650,0.5963,50.1650,0.0802,50.1650,0.5963
100800.0000,0.1348,13.4804,50.1650,0.5963,50.1650,0.0802,50.1650,0.5963
100800.0000,0.1397,13.9706,50.1650,0.5963,50.1650,0.0802,50.1650,0.5963
100800.0000,0.1446,14.4608,50.1650,0.5963,50.1650,0.0802,50.1650,0.5963
100800.0000,0.1495,14.9510,50.1650,0.5963,50.1650,0.0802,50.1650,0.5963
100800.0000,0.1544,15.4412,50.1650,0.5963,50.1650,0.0802,50.1650,0.5963
100800.0000,0.1593,15.9314,50.1650,0.5963,50.1650,0.0802,50.1650,0.5963
100800.0000,0.1642,16.4216,50.1650,0.5963,50.1650,0.0802,50.1650,0.5963
100800.0000,0.1691,16.9118,50.1650,0.5963,50.1650,0.0802,50.1650,0.5963
100800.0000,0.1740,17.4020,50.1650,0.5962,50.1650,0.0802,50.1650,0.5962
100800.0000,0.1789,17.8922,50.1650,0.5962,50.1650,0.0802,50.1650,0.5962
100800.0000,0.1838,18.3824,50.1650,0.5960,50.1650,0.0802,50.1650,0.5960
100800.0000,0.1887,18.8725,50.1650,0.5958,50.1650,0.0801,50.1650,0.5958
100800.0000,0.1936,19.3627,50.1650,0.5954,50.1650,0.0801,50.1650,0.5954
100800.0000,0.1985,19.8529,50.1650,0.5946,50.1650,0.0800,50.1650,0.5946
100800.0000,0.2034,20.3431,50.1650,0.5934,50.1650,0.0798,50.1650,0.5934
100800.0000,0.2083,20.8333,50.1650,0.5912,50.1650,0.0796,50.1650,0.5912
100800.0000,0.2132,21.3235,50.1650,0.5878,50.1650,0.0791,50.1650,0.5878
100800.0000,0.2181,21.8137,50.1650,0.5823,50.1650,0.0784,50.1650,0.5823
100800.0000,0.2230,22.3039,50.1650,0.5735,50.1650,0.0773,50.1650,0.5735
100800.0000,0.2279,22.7941,50.1650,0.5596,50.1650,0.0755,50.1650,0.5596
100800.0000,0.2328,23.2843,50.1650,0.5375,50.1650,0.0728,50.1650,0.5375
100800.0000,0.2377,23.7745,50.1650,0.5014,50.1650,0.0687,50.1650,0.5014
100800.0000,0.2426,24.2647,50.1650,0.4380,50.1650,0.0624,50.1650,0.4380
100800.0000,0.2475,24.7549,50.1650,0.2830,50.1650,0.0523,50.1650,0.0809
104400.0000,0.0025,0.2451,50.1650,0.2784,50.1650,0.0521,50.1650,0.0790
104400.0000,0.0074,0.7353,50.1650,0.4297,50.1650,0.0616,50.1650,0.4297
104400.0000,0.0123,1.2255,50.1650,0.4913,50.1650,0.0675,50.1650,0.4913
104400.0000,0.0172,1.7157,50.1650,0.5263,50.1650,0.0714,50.1650,0.5263
104400.0000,0.0221,2.2059,50.1650,0.5476,50.1650,0.0739,50.1650,0.5476
104400.0000,0.0270,2.6961,50.1650,0.5610,50.1650,0.0755,50.1650,0.5610
104400.0000,0.0319,3.1863,50.1650,0.5695,50.1650,0.0766,50.1650,0.5695
104400.0000,0.0368,3.6765,50.1650,0.5749,50.1650,0.0772,50.1650,0.5749
104400.0000,0.0417,4.1667,50.1650,0.5782,50.1650,0.0776,50.1650,0.5782
104400.0000,0.0466,4.6569,50.1650,0.5803,50.1650,0.0779,50.1650,0.5803
104400.0000,0.0515,5.1471,50.1650,0.5815,50.1650,0.0781,50.1650,0.5815
104400.0000,0.0564,5.6373,50.1650,0.5823,50.1650,0.0781,50.1650,0.5823
104400.0000,0.0613,6.1275,50.1650,0.5827,50.1650,0.0782,50.1650,0.5827
104400.0000,0.0662,6.6176,50.1650,0.5829,50.1650,0.0782,50.1650,0.5829
104400.0000,0.0711,7.1078,50.1650,0.5831,50.1650,0.0782,50.1650,0.5831
104400.0000,0.0760,7.5980,50.1650,0.5831,50.1650,0.0782,50.1650,0.5831
104400.0000,0.0809,8.0882,50.1650,0.5832,50.1650,0.0782,50.1650,0.5832
104400.0000,0.0858,8.5784,50.1650,0.5832,50.1650,0.0783,50.1650,0.5832
104400.0000,0.0907,9.0686,50.1650,0.5832,50.1650,0.0783,50.1650,0.5832
104400.0000,0.0956,9.5588,50.1650,0.5832,50.1650,0.0783,50.1650,0.5832
104400.0000,0.1005,10.0490,50.1650,0.5832,50.1650,0.0783,50.1650,0.5832
104400.0000,0.1054,10.5392,50.1650,0.5832,50.1650,0.0783,50.1650,0.5832
104400.0000,0.1103,11.0294,50.1650,0.5832,50.1650,0.0783,50.1650,0.5832
104400.0000,0.1152,11.5196,50.1650,0.5832,50.1650,0.0783,50.1650,0.5832
104400.0000,0.1201,12.0098,50.1650,0.5832,50.1650,0.0783,50.1650,0.5832
104400.0000,0.1250,12.5000,50.1650,0.5832,50.1650,0.0783,50.1650,0.5832
104400.0000,0.1299,12.9902,50.1650,0.5832,50.1650,0.0783,50.1650,0.5832
104400.0000,0.1348,13.4804,50.1650,0.5832,50.1650,0.0783,50.1650,0.5832
104400.0000,0.1397,13.9706,50.1650,0.5832,50.1650,0.0783,50.1650,0.5832
104400.0000,0.1446,14.4608,50.1650,0.5832,50.1650,0.0783,50.1650,0.5832
104400.0000,0.1495,14.9510,50.1650,0.5832,50.1650,0.0783,50.1650,0.5832
104400.0000,0.1544,15.4412,50.1650,0.5832,50.1650,0.0783,50.1650,0.5832
104400.0000,0.1593,15.9314,50.1650,0.5832,50.1650,0.0783,50.1650,0.5832
104400.0000,0.1642,16.4216,50.1650,0.5832,50.1650,0.0783,50.1650,0.5832
104400.0000,0.1691,16.9118,50.1650,0.5832,50.1650,0.0782,50.1650,0.5832
104400.0000,0.1740,17.4020,50.1650,0.5831,50.1650,0.0782,50.1650,0.5831
104400.0000,0.1789,17.8922,50.1650,0.5831,50.1650,0.0782,50.1650,0.5831
104400.0000,0.1838,18.3824,50.1650,0.5829,50.1650,0.0782,50.1650,0.5829
104400.0000,0.1887,18.8725,50.1650,0.5827,50.1650,0.0782,50.1650,0.5827
104400.0000,0.1936,19.3627,50.1650,0.5823,50.1650,0.0781,50.1650,0.5823
104400.0000,0.1985,19.8529,50.1650,0.5815,50.1650,0.0781,50.1650,0.5815
104400.0000,0.2034,20.3431,50.1650,0.5803,50.1650,0.0779,50.1650,0.5803
104400.0000,0.2083,20.8333,50.1650,0.5782,50.1650,0.0776,50.1650,0.5782
104400.0000,0.2132,21.3235,50.1650,0.5749,50.1650,0.0772,50.1650,0.5749
104400.0000,0.2181,21.8137,50.1650,0.5695,50.1650,0.0766,50.1650,0.5695
104400.0000,0.2230,22.3039,50.1650,0.5610,50.1650,0.0755,50.1650,0.5610
104400.0000,0.2279,22.7941,50.1650,0.5476,50.1650,0.0739,50.1650,0.5476
104400.0000,0.2328,23.2843,50.1650,0.5263,50.1650,0.0714,50.1650,0.5263
104400.0000,0.2377,23.7745,50.1650,0.4913,50.1650,0.0675,50.1650,0.4913
104400.0000,0.2426,24.2647,50.1650,0.4297,50.1650,0.0616,50.1650,0.4297
104400.0000,0.2475,24.7549,50.1650,0.2784,50.1650,0.0521,50.1650,0.0790
108000.0000,0.0025,0.2451,50.1650,0.2740,50.1650,0.0520,50.1650,0.0772
108000.0000,0.0074,0.7353,50.1650,0.4220,50.1650,0.0608,50.1650,0.4220
108000.0000,0.0123,1.2255,50.1650,0.4819,50.1650,0.0664,50.1650,0.4819
108000.0000,0.0172,1.7157,50.1650,0.5158,50.1650,0.0700,50.1650,0.5158
108000.0000,0.0221,2.2059,50.1650,0.5365,50.1650,0.0724,50.1650,0.5365
108000.0000,0.0270,2.6961,50.1650,0.5494,50.1650,0.0739,50.1650,0.5494
108000.0000,0.0319,3.1863,50.1650,0.5576,50.1650,0.0749,50.1650,0.5576
108000.0000,0.0368,3.6765,50.1650,0.5628,50.1650,0.0755,50.1650,0.5628
108000.0000,0.0417,4.1667,50.1650,0.5661,50.1650,0.0759,50.1650,0.5661
108000.0000,0.0466,4.6569,50.1650,0.5681,50.1650,0.0762,50.1650,0.5681
108000.0000,0.0515,5.1471,50.1650,0.5693,50.1650,0.0763,50.1650,0.5693
108000.0000,0.0564,5.6373,50.1650,0.5700,50.1650,0.0764,50.1650,0.5700
108000.0000,0.0613,6.1275,50.1650,0.5705,50.1650,0.0764,50.1650,0.5705
108000.0000,0.0662,6.6176,50.1650,0.5707,50.1650,0.0765,50.1650,0.5707
108000.0000,0.0711,7.1078,50.1650,0.5708,50.1650,0.0765,50.1650,0.5708
108000.0000,0.0760,7.5980,50.1650,0.5709,50.1650,0.0765,50.1650,0.5709
108000.0000,0.0809,8.0882,50.1650,0.5709,50.1650,0.0765,50.1650,0.5709
108000.0000,0.0858,8.5784,50.1650,0.5709,50.1650,0.0765,50.1650,0.5709
108000.0000,0.0907,9.0686,50.1650,0.5709,50.1650,0.0765,50.1650,0.5709
108000.0000,0.0956,9.5588,50.1650,0.5709,50.1650,0.0765,50.1650,0.5709
108000.0000,0.1005,10.0490,50.1650,0.5709,50.1650,0.0765,50.1650,0.5709
108000.0000,0.1054,10.5392,50.1650,0.5710,50.1650,0.0765,50.1650,0.5710
108000.0000,0.1103,11.0294,50.1650,0.5710,50.1650,0.0765,50.1650,0.5710
108000.0000,0.1152,11.5196,50.1650,0.5710,50.1650,0.0765,50.1650,0.5710
108000.0000,0.1201,12.0098,50.1650,0.5710,50.1650,0.0765,50.1650,0.5710
108000.0000,0.1250,12.5000,50.1650,0.5710,50.1650,0.0765,50.1650,0.5710
108000.0000,0.1299,12.9902,50.1650,0.5710,50.1650,0.0765,50.1650,0.5710
108000.0000,0.1348,13.4804,50.1650,0.5710,50.1650,0.0765,50.1650,0.5710
108000.0000,0.1397,13.9706,50.1650,0.5710,50.1650,0.0765,50.1650,0.5710
108000.0000,0.1446,14.4608,50.1650,0.5710,50.1650,0.0765,50.1650,0.5710
108000.0000,0.1495,14.9510,50.1650,0.5709,50.1650,0.0765,50.1650,0.5709
108000.0000,0.1544,15.4412,50.1650,0.5709,50.1650,0.0765,50.1650,0.5709
108000.0000,0.1593,15.9314,50.1650,0.5709,50.1650,0.0765,50.1650,0.5709
108000.0000,0.1642,16.4216,50.1650,0.5709,50.1650,0.0765,50.1650,0.5709
108000.0000,0.1691,16.9118,50.1650,0.5709,50.1650,0.0765,50.1650,0.5709
108000.0000,0.1740,17.4020,50.1650,0.5709,50.1650,0.0765,50.1650,0.5709
108000.0000,0.1789,17.8922,50.1650,0.5708,50.1650,0.0765,50.1650,0.5708
108000.0000,0.1838,18.3824,50.1650,0.5707,50.1650,0.0765,50.1650,0.5707
108000.0000,0.1887,18.8725,50.1650,0.5705,50.1650,0.0764,50.1650,0.5705
108000.0000,0.1936,19.3627,50.1650,0.5700,50.1650,0.0764,50.1650,0.5700
108000.0000,0.1985,19.8529,50.1650,0.5693,50.1650,0.0763,50.1650,0.5693
108000.0000,0.2034,20.3431,50.1650,0.5681,50.1650,0.0762,50.1650,0.5681
108000.0000,0.2083,20.8333,50.1650,0.5661,50.1650,0.0759,50.1650,0.5661
108000.0000,0.2132,21.3235,50.1650,0.5628,50.1650,0.0755,50.1650,0.5628
108000.0000,0.2181,21.8137,50.1650,0.5576,50.1650,0.0749,50.1650,0.5576
108000.0000,0.2230,22.3039,50.1650,0.5494,50.1650,0.0739,50.1650,0.5494
108000.0000,0.2279,22.7941,50.1650,0.5365,50.1650,0.0724,50.1650,0.5365
108000.0000,0.2328,23.2843,50.1650,0.5158,50.1650,0.0700,50.1650,0.5158
108000.0000,0.2377,23.7745,50.1650,0.4819,50.1650,0.0664,50.1650,0.4819
108000.0000,0.2426,24.2647,50.1650,0.4220,50.1650,0.0608,50.1650,0.4220
108000.0000,0.2475,24.7549,50.1650,0.2740,50.1650,0.0520,50.1650,0.0772
111600.0000,0.0025,0.2451,50.1650,0.2699,50.1650,0.0518,50.1650,0.0755
111600.0000,0.0074,0.7353,50.1650,0.4147,50.1650,0.0602,50.1650,0.4147
111600.0000,0.0123,1.2255,50.1650,0.4730,50.1650,0.0654,50.1650,0.4730
111600.0000,0.0172,1.7157,50.1650,0.5059,50.1650,0.0688,50.1650,0.5059
111600.0000,0.0221,2.2059,50.1650,0.5260,50.1650,0.0710,50.1650,0.5260
111600.0000,0.0270,2.6961,50.1650,0.5386,50.1650,0.0725,50.1650,0.5386
111600.0000,0.0319,3.1863,50.1650,0.5465,50.1650,0.0734,50.1650,0.5465
111600.0000,0.0368,3.6765,50.1650,0.5516,50.1650,0.0740,50.1650,0.5516
111600.0000,0.0417,4.1667,50.1650,0.5547,50.1650,0.0743,50.1650,0.5547
111600.0000,0.0466,4.6569,50.1650,0.5567,50.1650,0.0746,50.1650,0.5567
111600.0000,0.0515,5.1471,50.1650,0.5579,50.1650,0.0747,50.1650,0.5579
111600.0000,0.0564,5.6373,50.1650,0.5586,50.1650,0.0748,50.1650,0.5586
111600.0000,0.0613,6.1275,50.1650,0.5590,50.1650,0.0748,50.1650,0.5590
111600.0000,0.0662,6.6176,50.1650,0.5592,50.1650,0.0749,50.1650,0.5592
111600.0000,0.0711,7.1078,50.1650,0.5594,50.1650,0.0749,50.1650,0.5594
111600.0000,0.0760,7.5980,50.1650,0.5594,50.1650,0.0749,50.1650,0.5594
111600.0000,0.0809,8.0882,50.1650,0.5595,50.1650,0.0749,50.1650,0.5595
111600.0000,0.0858,8.5784,50.1650,0.5595,50.1650,0.0749,50.1650,0.5595
111600.0000,0.0907,9.0686,50.1650,0.5595,50.1650,0.0749,50.1650,0.5595
111600.0000,0.0956,9.5588,50.1650,0.5595,50.1650,0.0749,50.1650,0.5595
111600.0000,0.1005,10.0490,50.1650,0.5595,50.1650,0.0749,50.1650,0.5595
111600.0000,0.1054,10.5392,50.1650,0.5595,50.1650,0.0749,50.1650,0.5595
111600.0000,0.1103,11.0294,50.1650,0.5595,50.1650,0.0749,50.1650,0.5595
111600.0000,0.1152,11.5196,50.1650,0.5595,50.1650,0.0749,50.1650,0.5595
111600.0000,0.1201,12.0098,50.1650,0.5595,50.1650,0.0749,50.1650,0.5595
111600.0000,0.1250,12.5000,50.1650,0.5595,50.1650,0.0749,50.1650,0.5595
111600.0000,0.1299,12.9902,50.1650,0.5595,50.1650,0.0749,50.1650,0.5595
111600.0000,0.1348,13.4804,50.1650,0.5595,50.1650,0.0749,50.1650,0.5595
111600.0000,0.1397,13.9706,50.1650,0.5595,50.1650,0.0749,50.1650,0.5595
111600.0000,0.1446,14.4608,50.1650,0.5595,50.1650,0.0749,50.1650,0.5595
111600.0000,0.1495,14.9510,50.1650,0.5595,50.1650,0.0749,50.1650,0.5595
111600.0000,0.1544,15.4412,50.1650,0.5595,50.1650,0.0749,50.1650,0.5595
111600.0000,0.1593,15.9314,50.1650,0.5595,50.1650,0.0749,50.1650,0.5595
111600.0000,0.1642,16.4216,50.1650,0.5595,50.1650,0.0749,50.1650,0.5595
111600.0000,0.1691,16.9118,50.1650,0.5595,50.1650,0.0749,50.1650,0.5595
111600.0000,0.1740,17.4020,50.1650,0.5594,50.1650,0.0749,50.1650,0.5594
111600.0000,0.1789,17.8922,50.1650,0.5594,50.1650,0.0749,50.1650,0.5594
111600.0000,0.1838,18.3824,50.1650,0.5592,50.1650,0.0749,50.1650,0.5592
111600.0000,0.1887,18.8725,50.1650,0.5590,50.1650,0.0748,50.1650,0.5590
111600.0000,0.1936,19.3627,50.1650,0.5586,50.1650,0.0748,50.1650,0.5586
111600.0000,0.1985,19.8529,50.1650,0.5579,50.1650,0.0747,50.1650,0.5579
111600.0000,0.2034,20.3431,50.1650,0.5567,50.1650,0.0746,50.1650,0.5567
111600.0000,0.2083,20.8333,50.1650,0.5547,50.1650,0.0743,50.1650,0.5547
111600.0000,0.2132,21.3235,50.1650,0.5516,50.1650,0.0740,50.1650,0.5516
111600.0000,0.2181,21.8137,50.1650,0.5465,50.1650,0.0734,50.1650,0.5465
111600.0000,0.2230,22.3039,50.1650,0.5386,50.1650,0.0725,50.1650,0.5386
111600.0000,0.2279,22.7941,50.1650,0.5260,50.1650,0.0710,50.1650,0.5260
111600.0000,0.2328,23.2843,50.1650,0.5059,50.1650,0.0688,50.1650,0.5059
111600.0000,0.2377,23.7745,50.1650,0.4730,50.1650,0.0654,50.1650,0.4730
111600.0000,0.2426,24.2647,50.1650,0.4147,50.1650,0.0602,50.1650,0.4147
111600.0000,0.2475,24.7549,50.1650,0.2699,50.1650,0.0518,50.1650,0.0755
115200.0000,0.0025,0.2451,50.1650,0.2661,50.1650,0.0517,50.1650,0.0740
115200.0000,0.0074,0.7353,50.1650,0.4079,50.1650,0.0596,50.1650,0.4079
115200.0000,0.0123,1.2255,50.1650,0.4647,50.1650,0.0645,50.1650,0.4647
115200.0000,0.0172,1.7157,50.1650,0.4967,50.1650,0.0677,50.1650,0.4967
115200.0000,0.0221,2.2059,50.1650,0.5162,50.1650,0.0698,50.1650,0.5162
115200.0000,0.0270,2.6961,50.1650,0.5284,50.1650,0.0711,50.1650,0.5284
115200.0000,0.0319,3.1863,50.1650,0.5361,50.1650,0.0720,50.1650,0.5361
115200.0000,0.0368,3.6765,50.1650,0.5410,50.1650,0.0726,50.1650,0.5410
115200.0000,0.0417,4.1667,50.1650,0.5441,50.1650,0.0729,50.1650,0.5441
115200.0000,0.0466,4.6569,50.1650,0.5460,50.1650,0.0731,50.1650,0.5460
115200.0000,0.0515,5.1471,50.1650,0.5471,50.1650,0.0733,50.1650,0.5471
115200.0000,0.0564,5.6373,50.1650,0.5478,50.1650,0.0733,50.1650,0.5478
115200.0000,0.0613,6.1275,50.1650,0.5482,50.1650,0.0734,50.1650,0.5482
115200.0000,0.0662,6.6176,50.1650,0.5485,50.1650,0.0734,50.1650,0.5485
115200.0000,0.0711,7.1078,50.1650,0.5486,50.1650,0.0734,50.1650,0.5486
115200.0000,0.0760,7.5980,50.1650,0.5487,50.1650,0.0734,50.1650,0.5487
115200.0000,0.0809,8.0882,50.1650,0.5487,50.1650,0.0734,50.1650,0.5487
115200.0000,0.0858,8.5784,50.1650,0.5487,50.1650,0.0734,50.1650,0.5487
115200.0000,0.0907,9.0686,50.1650,0.5487,50.1650,0.0734,50.1650,0.5487
115200.0000,0.0956,9.5588,50.1650,0.5487,50.1650,0.0734,50.1650,0.5487
115200.0000,0.1005,10.0490,50.1650,0.5487,50.1650,0.0734,50.1650,0.5487
115200.0000,0.1054,10.5392,50.1650,0.5487,50.1650,0.0734,50.1650,0.5487
115200.0000,0.1103,11.0294,50.1650,0.5487,50.1650,0.0734,50.1650,0.5487
115200.0000,0.1152,11.5196,50.1650,0.5487,50.1650,0.0734,50.1650,0.5487
115200.0000,0.1201,12.0098,50.1650,0.5487,50.1650,0.0734,50.1650,0.5487
115200.0000,0.1250,12.5000,50.1650,0.5487,50.1650,0.0734,50.1650,0.5487
115200.0000,0.1299,12.9902,50.1650,0.5487,50.1650,0.0734,50.1650,0.5487
115200.0000,0.1348,13.4804,50.1650,0.5487,50.1650,0.0734,50.1650,0.5487
115200.0000,0.1397,13.9706,50.1650,0.5487,50.1650,0.0734,50.1650,0.5487
115200.0000,0.1446,14.4608,50.1650,0.5487,50.1650,0.0734,50.1650,0.5487
115200.0000,0.1495,14.9510,50.1650,0.5487,50.1650,0.0734,50.1650,0.5487
115200.0000,0.1544,15.4412,50.1650,0.5487,50.1650,0.0734,50.1650,0.5487
115200.0000,0.1593,15.9314,50.1650,0.5487,50.1650,0.0734,50.1650,0.5487
115200.0000,0.1642,16.4216,50.1650,0.5487,50.1650,0.0734,50.1650,0.5487
115200.0000,0.1691,16.9118,50.1650,0.5487,50.1650,0.0734,50.1650,0.5487
115200.0000,0.1740,17.4020,50.1650,0.5487,50.1650,0.0734,50.1650,0.5487
115200.0000,0.1789,17.8922,50.1650,0.5486,50.1650,0.0734,50.1650,0.5486
115200.0000,0.1838,18.3824,50.1650,0.5485,50.1650,0.0734,50.1650,0.5485
115200.0000,0.1887,18.8725,50.1650,0.5482,50.1650,0.0734,50.1650,0.5482
115200.0000,0.1936,19.3627,50.1650,0.5478,50.1650,0.0733,50.1650,0.5478
115200.0000,0.1985,19.8529,50.1650,0.5471,50.1650,0.0733,50.1650,0.5471
115200.0000,0.2034,20.3431,50.1650,0.5460,50.1650,0.0731,50.1650,0.5460
115200.0000,0.2083,20.8333,50.1650,0.5441,50.1650,0.0729,50.1650,0.5441
115200.0000,0.2132,21.3235,50.1650,0.5410,50.1650,0.0726,50.1650,0.5410
115200.0000,0.2181,21.8137,50.1650,0.5361,50.1650,0.0720,50.1650,0.5361
115200.0000,0.2230,22.3039,50.1650,0.5284,50.1650,0.0711,50.1650,0.5284
115200.0000,0.2279,22.7941,50.1650,0.5162,50.1650,0.0698,50.1650,0.5162
115200.0000,0.2328,23.2843,50.1650,0.4967,50.1650,0.0677,50.1650,0.4967
115200.0000,0.2377,23.7745,50.1650,0.4647,50.1650,0.0645,50.1650,0.4647
115200.0000,0.2426,24.2647,50.1650,0.4079,50.1650,0.0596,50.1650,0.4079
115200.0000,0.2475,24.7549,50.1650,0.2661,50.1650,0.0517,50.1650,0.0740
118800.0000,0.0025,0.2451,50.1650,0.2625,50.1650,0.0516,50.1650,0.0727
118800.0000,0.0074,0.7353,50.1650,0.4015,50.1650,0.0590,50.1650,0.4015
118800.0000,0.0123,1.2255,50.1650,0.4569,50.1650,0.0637,50.1650,0.4569
118800.0000,0.0172,1.7157,50.1650,0.4881,50.1650,0.0667,50.1650,0.4881
118800.0000,0.0221,2.2059,50.1650,0.5070,50.1650,0.0687,50.1650,0.5070
118800.0000,0.0270,2.6961,50.1650,0.5188,50.1650,0.0699,50.1650,0.5188
118800.0000,0.0319,3.1863,50.1650,0.5263,50.1650,0.0708,50.1650,0.5263
118800.0000,0.0368,3.6765,50.1650,0.5311,50.1650,0.0713,50.1650,0.5311
118800.0000,0.0417,4.1667,50.1650,0.5341,50.1650,0.0716,50.1650,0.5341
118800.0000,0.0466,4.6569,50.1650,0.5359,50.1650,0.0718,50.1650,0.5359
118800.0000,0.0515,5.1471,50.1650,0.5370,50.1650,0.0719,50.1650,0.5370
118800.0000,0.0564,5.6373,50.1650,0.5377,50.1650,0.0720,50.1650,0.5377
118800.0000,0.0613,6.1275,50.1650,0.5381,50.1650,0.0721,50.1650,0.5381
118800.0000,0.0662,6.6176,50.1650,0.5384,50.1650,0.0721,50.1650,0.5384
118800.0000,0.0711,7.1078,50.1650,0.5385,50.1650,0.0721,50.1650,0.5385
118800.0000,0.0760,7.5980,50.1650,0.5386,50.1650,0.0721,50.1650,0.5386
118800.0000,0.0809,8.0882,50.1650,0.5386,50.1650,0.0721,50.1650,0.5386
118800.0000,0.0858,8.5784,50.1650,0.5386,50.1650,0.0721,50.1650,0.5386
118800.0000,0.0907,9.0686,50.1650,0.5386,50.1650,0.0721,50.1650,0.5386
118800.0000,0.0956,9.5588,50.1650,0.5386,50.1650,0.0721,50.1650,0.5386
118800.0000,0.1005,10.0490,50.1650,0.5386,50.1650,0.0721,50.1650,0.5386
118800.0000,0.1054,10.5392,50.1650,0.5386,50.1650,0.0721,50.1650,0.5386
118800.0000,0.1103,11.0294,50.1650,0.5386,50.1650,0.0721,50.1650,0.5386
118800.0000,0.1152,11.5196,50.1650,0.5386,50.1650,0.0721,50.1650,0.5386
118800.0000,0.1201,12.0098,50.1650,0.5386,50.1650,0.0721,50.1650,0.5386
118800.0000,0.1250,12.5000,50.1650,0.5386,50.1650,0.0721,50.1650,0.5386
118800.0000,0.1299,12.9902,50.1650,0.5386,50.1650,0.0721,50.1650,0.5386
118800.0000,0.1348,13.4804,50.1650,0.5386,50.1650,0.0721,50.1650,0.5386
118800.0000,0.1397,13.9706,50.1650,0.5386,50.1650,0.0721,50.1650,0.5386
118800.0000,0.1446,14.4608,50.1650,0.5386,50.1650,0.0721,50.1650,0.5386
118800.0000,0.1495,14.9510,50.1650,0.5386,50.1650,0.0721,50.1650,0.5386
118800.0000,0.1544,15.4412,50.1650,0.5386,50.1650,0.0721,50.1650,0.5386
118800.0000,0.1593,15.9314,50.1650,0.5386,50.1650,0.0721,50.1650,0.5386
118800.0000,0.1642,16.4216,50.1650,0.5386,50.1650,0.0721,50.1650,0.5386
118800.0000,0.1691,16.9118,50.1650,0.5386,50.1650,0.0721,50.1650,0.5386
118800.0000,0.1740,17.4020,50.1650,0.5386,50.1650,0.0721,50.1650,0.5386
118800.0000,0.1789,17.8922,50.1650,0.5385,50.1650,0.0721,50.1650,0.5385
118800.0000,0.1838,18.3824,50.1650,0.5384,50.1650,0.0721,50.1650,0.5384
118800.0000,0.1887,18.8725,50.1650,0.5381,50.1650,0.0721,50.1650,0.5381
118800.0000,0.1936,19.3627,50.1650,0.5377,50.1650,0.0720,50.1650,0.5377
118800.0000,0.1985,19.8529,50.1650,0.5370,50.1650,0.0719,50.1650,0.5370
118800.0000,0.2034,20.3431,50.1650,0.5359,50.1650,0.0718,50.1650,0.5359
118800.0000,0.2083,20.8333,50.1650,0.5341,50.1650,0.0716,50.1650,0.5341
118800.0000,0.2132,21.3235,50.1650,0.5311,50.1650,0.0713,50.1650,0.5311
118800.0000,0.2181,21.8137,50.1650,0.5263,50.1650,0.0708,50.1650,0.5263
118800.0000,0.2230,22.3039,50.1650,0.5188,50.1650,0.0699,50.1650,0.5188
118800.0000,0.2279,22.7941,50.1650,0.5070,50.1650,0.0687,50.1650,0.5070
118800.0000,0.2328,23.2843,50.1650,0.4881,50.1650,0.0667,50.1650,0.4881
118800.0000,0.2377,23.7745,50.1650,0.4569,50.1650,0.0637,50.1650,0.4569
118800.0000,0.2426,24.2647,50.1650,0.4015,50.1650,0.0590,50.1650,0.4015
118800.0000,0.2475,24.7549,50.1650,0.2625,50.1650,0.0516,50.1650,0.0727
122400.0000,0.0025,0.2451,50.1650,0.2591,50.1650,0.0515,50.1650,0.0714
122400.0000,0.0074,0.7353,50.1650,0.3954,50.1650,0.0585,50.1650,0.3954
122400.0000,0.0123,1.2255,50.1650,0.4495,50.1650,0.0630,50.1650,0.4495
122400.0000,0.0172,1.7157,50.1650,0.4799,50.1650,0.0658,50.1650,0.4799
122400.0000,0.0221,2.2059,50.1650,0.4983,50.1650,0.0676,50.1650,0.4983
122400.0000,0.0270,2.6961,50.1650,0.5098,50.1650,0.0688,50.1650,0.5098
122400.0000,0.0319,3.1863,50.1650,0.5171,50.1650,0.0696,50.1650,0.5171
122400.0000,0.0368,3.6765,50.1650,0.5217,50.1650,0.0701,50.1650,0.5217
122400.0000,0.0417,4.1667,50.1650,0.5246,50.1650,0.0704,50.1650,0.5246
122400.0000,0.0466,4.6569,50.1650,0.5264,50.1650,0.0706,50.1650,0.5264
122400.0000,0.0515,5.1471,50.1650,0.5275,50.1650,0.0707,50.1650,0.5275
122400.0000,0.0564,5.6373,50.1650,0.5282,50.1650,0.0708,50.1650,0.5282
122400.0000,0.0613,6.1275,50.1650,0.5286,50.1650,0.0708,50.1650,0.5286
122400.0000,0.0662,6.6176,50.1650,0.5288,50.1650,0.0709,50.1650,0.5288
122400.0000,0.0711,7.1078,50.1650,0.5290,50.1650,0.0709,50.1650,0.5290
122400.0000,0.0760,7.5980,50.1650,0.5290,50.1650,0.0709,50.1650,0.5290
122400.0000,0.0809,8.0882,50.1650,0.5291,50.1650,0.0709,50.1650,0.5291
122400.0000,0.0858,8.5784,50.1650,0.5291,50.1650,0.0709,50.1650,0.5291
122400.0000,0.0907,9.0686,50.1650,0.5291,50.1650,0.0709,50.1650,0.5291
122400.0000,0.0956,9.5588,50.1650,0.5291,50.1650,0.0709,50.1650,0.5291
122400.0000,0.1005,10.0490,50.1650,0.5291,50.1650,0.0709,50.1650,0.5291
122400.0000,0.1054,10.5392,50.1650,0.5291,50.1650,0.0709,50.1650,0.5291
122400.0000,0.1103,11.0294,50.1650,0.5291,50.1650,0.0709,50.1650,0.5291
122400.0000,0.1152,11.5196,50.1650,0.5291,50.1650,0.0709,50.1650,0.5291
122400.0000,0.1201,12.0098,50.1650,0.5291,50.1650,0.0709,50.1650,0.5291
122400.0000,0.1250,12.5000,50.1650,0.5291,50.1650,0.0709,50.1650,0.5291
122400.0000,0.1299,12.9902,50.1650,0.5291,50.1650,0.0709,50.1650,0.5291
122400.0000,0.1348,13.4804,50.1650,0.5291,50.1650,0.0709,50.1650,0.5291
122400.0000,0.1397,13.9706,50.1650,0.5291,50.1650,0.0709,50.1650,0.5291
122400.0000,0.1446,14.4608,50.1650,0.5291,50.1650,0.0709,50.1650,0.5291
122400.0000,0.1495,14.9510,50.1650,0.5291,50.1650,0.0709,50.1650,0.5291
122400.0000,0.1544,15.4412,50.1650,0.5291,50.1650,0.0709,50.1650,0.5291
122400.0000,0.1593,15.9314,50.1650,0.5291,50.1650,0.0709,50.1650,0.5291
122400.0000,0.1642,16.4216,50.1650,0.5291,50.1650,0.0709,50.1650,0.5291
122400.0000,0.1691,16.9118,50.1650,0.5291,50.1650,0.0709,50.1650,0.5291
122400.0000,0.1740,17.4020,50.1650,0.5290,50.1650,0.0709,50.1650,0.5290
122400.0000,0.1789,17.8922,50.1650,0.5290,50.1650,0.0709,50.1650,0.5290
122400.0000,0.1838,18.3824,50.1650,0.5288,50.1650,0.0709,50.1650,0.5288
122400.0000,0.1887,18.8725,50.1650,0.5286,50.1650,0.0708,50.1650,0.5286
122400.0000,0.1936,19.3627,50.1650,0.5282,50.1650,0.0708,50.1650,0.5282
122400.0000,0.1985,19.8529,50.1650,0.5275,50.1650,0.0707,50.1650,0.5275
122400.0000,0.2034,20.3431,50.1650,0.5264,50.1650,0.0706,50.1650,0.5264
122400.0000,0.2083,20.8333,50.1650,0.5246,50.1650,0.0704,50.1650,0.5246
122400.0000,0.2132,21.3235,50.1650,0.5217,50.1650,0.0701,50.1650,0.5217
122400.0000,0.2181,21.8137,50.1650,0.5171,50.1650,0.0696,50.1650,0.5171
122400.0000,0.2230,22.3039,50.1650,0.5098,50.1650,0.0688,50.1650,0.5098
122400.0000,0.2279,22.7941,50.1650,0.4983,50.1650,0.0676,50.1650,0.4983
122400.0000,0.2328,23.2843,50.1650,0.4799,50.1650,0.0658,50.1650,0.4799
122400.0000,0.2377,23.7745,50.1650,0.4495,50.1650,0.0630,50.1650,0.4495
122400.0000,0.2426,24.2647,50.1650,0.3954,50.1650,0.0585,50.1650,0.3954
122400.0000,0.2475,24.7549,50.1650,0.2591,50.1650,0.0515,50.1650,0.0714
126000.0000,0.0025,0.2451,50.1650,0.2559,50.1650,0.0514,50.1650,0.0703
126000.0000,0.0074,0.7353,50.1650,0.3897,50.1650,0.0581,50.1650,0.3897
126000.0000,0.0123,1.2255,50.1650,0.4426,50.1650,0.0623,50.1650,0.4426
126000.0000,0.0172,1.7157,50.1650,0.4722,50.1650,0.0650,50.1650,0.4722
126000.0000,0.0221,2.2059,50.1650,0.4901,50.1650,0.0667,50.1650,0.4901
126000.0000,0.0270,2.6961,50.1650,0.5013,50.1650,0.0678,50.1650,0.5013
126000.0000,0.0319,3.1863,50.1650,0.5084,50.1650,0.0686,50.1650,0.5084
126000.0000,0.0368,3.6765,50.1650,0.5129,50.1650,0.0690,50.1650,0.5129
126000.0000,0.0417,4.1667,50.1650,0.5157,50.1650,0.0693,50.1650,0.5157
126000.0000,0.0466,4.6569,50.1650,0.5175,50.1650,0.0695,50.1650,0.5175
126000.0000,0.0515,5.1471,50.1650,0.5186,50.1650,0.0696,50.1650,0.5186
126000.0000,0.0564,5.6373,50.1650,0.5192,50.1650,0.0697,50.1650,0.5192
126000.0000,0.0613,6.1275,50.1650,0.5196,50.1650,0.0697,50.1650,0.5196
126000.0000,0.0662,6.6176,50.1650,0.5199,50.1650,0.0698,50.1650,0.5199
126000.0000,0.0711,7.1078,50.1650,0.5200,50.1650,0.0698,50.1650,0.5200
126000.0000,0.0760,7.5980,50.1650,0.5201,50.1650,0.0698,50.1650,0.5201
126000.0000,0.0809,8.0882,50.1650,0.5201,50.1650,0.0698,50.1650,0.5201
126000.0000,0.0858,8.5784,50.1650,0.5201,50.1650,0.0698,50.1650,0.5201
126000.0000,0.0907,9.0686,50.1650,0.5201,50.1650,0.0698,50.1650,0.5201
126000.0000,0.0956,9.5588,50.1650,0.5201,50.1650,0.0698,50.1650,0.5201
126000.0000,0.1005,10.0490,50.1650,0.5201,50.1650,0.0698,50.1650,0.5201
126000.0000,0.1054,10.5392,50.1650,0.5201,50.1650,0.0698,50.1650,0.5201
126000.0000,0.1103,11.0294,50.1650,0.5201,50.1650,0.0698,50.1650,0.5201
126000.0000,0.1152,11.5196,50.1650,0.5201,50.1650,0.0698,50.1650,0.5201
126000.0000,0.1201,12.0098,50.1650,0.5201,50.1650,0.0698,50.1650,0.5201
126000.0000,0.1250,12.5000,50.1650,0.5201,50.1650,0.0698,50.1650,0.5201
126000.0000,0.1299,12.9902,50.1650,0.5201,50.1650,0.0698,50.1650,0.5201
126000.0000,0.1348,13.4804,50.1650,0.5201,50.1650,0.0698,50.1650,0.5201
126000.0000,0.1397,13.9706,50.1650,0.5201,50.1650,0.0698,50.1650,0.5201
126000.0000,0.1446,14.4608,50.1650,0.5201,50.1650,0.0698,50.1650,0.5201
126000.0000,0.1495,14.9510,50.1650,0.5201,50.1650,0.0698,50.1650,0.5201
126000.0000,0.1544,15.4412,50.1650,0.5201,50.1650,0.0698,50.1650,0.5201
126000.0000,0.1593,15.9314,50.1650,0.5201,50.1650,0.0698,50.1650,0.5201
126000.0000,0.1642,16.4216,50.1650,0.5201,50.1650,0.0698,50.1650,0.5201
126000.0000,0.1691,16.9118,50.1650,0.5201,50.1650,0.0698,50.1650,0.5201
126000.0000,0.1740,17.4020,50.1650,0.5201,50.1650,0.0698,50.1650,0.5201
126000.0000,0.1789,17.8922,50.1650,0.5200,50.1650,0.0698,50.1650,0.5200
126000.0000,0.1838,18.3824,50.1650,0.5199,50.1650,0.0698,50.1650,0.5199
126000.0000,0.1887,18.8725,50.1650,0.5196,50.1650,0.0697,50.1650,0.5196
126000.0000,0.1936,19.3627,50.1650,0.5192,50.1650,0.0697,50.1650,0.5192
126000.0000,0.1985,19.8529,50.1650,0.5186,50.1650,0.0696,50.1650,0.5186
126000.0000,0.2034,20.3431,50.1650,0.5175,50.1650,0.0695,50.1650,0.5175
126000.0000,0.2083,20.8333,50.1650,0.5157,50.1650,0.0693,50.1650,0.5157
126000.0000,0.2132,21.3235,50.1650,0.5129,50.1650,0.0690,50.1650,0.5129
126000.0000,0.2181,21.8137,50.1650,0.5084,50.1650,0.0686,50.1650,0.5084
126000.0000,0.2230,22.3039,50.1650,0.5013,50.1650,0.0678,50.1650,0.5013
126000.0000,0.2279,22.7941,50.1650,0.4901,50.1650,0.0667,50.1650,0.4901
126000.0000,0.2328,23.2843,50.1650,0.4722,50.1650,0.0650,50.1650,0.4722
126000.0000,0.2377,23.7745,50.1650,0.4426,50.1650,0.0623,50.1650,0.4426
126000.0000,0.2426,24.2647,50.1650,0.3897,50.1650,0.0581,50.1650,0.3897
126000.0000,0.2475,24.7549,50.1650,0.2559,50.1650,0.0514,50.1650,0.0703
129600.0000,0.0025,0.2451,50.1650,0.2528,50.1650,0.0513,50.1650,0.0693
129600.0000,0.0074,0.7353,50.1650,0.3843,50.1650,0.0577,50.1650,0.3843
129600.0000,0.0123,1.2255,50.1650,0.4360,50.1650,0.0616,50.1650,0.4360
129600.0000,0.0172,1.7157,50.1650,0.4649,50.1650,0.0642,50.1650,0.4649
129600.0000,0.0221,2.2059,50.1650,0.4824,50.1650,0.0658,50.1650,0.4824
129600.0000,0.0270,2.6961,50.1650,0.4933,50.1650,0.0669,50.1650,0.4933
129600.0000,0.0319,3.1863,50.1650,0.5002,50.1650,0.0676,50.1650,0.5002
129600.0000,0.0368,3.6765,50.1650,0.5046,50.1650,0.0680,50.1650,0.5046
129600.0000,0.0417,4.1667,50.1650,0.5073,50.1650,0.0683,50.1650,0.5073
129600.0000,0.0466,4.6569,50.1650,0.5090,50.1650,0.0685,50.1650,0.5090
129600.0000,0.0515,5.1471,50.1650,0.5101,50.1650,0.0686,50.1650,0.5101
129600.0000,0.0564,5.6373,50.1650,0.5108,50.1650,0.0687,50.1650,0.5108
129600.0000,0.0613,6.1275,50.1650,0.5111,50.1650,0.0687,50.1650,0.5111
129600.0000,0.0662,6.6176,50.1650,0.5114,50.1650,0.0687,50.1650,0.5114
129600.0000,0.0711,7.1078,50.1650,0.5115,50.1650,0.0687,50.1650,0.5115
129600.0000,0.0760,7.5980,50.1650,0.5116,50.1650,0.0687,50.1650,0.5116
129600.0000,0.0809,8.0882,50.1650,0.5116,50.1650,0.0687,50.1650,0.5116
129600.0000,0.0858,8.5784,50.1650,0.5116,50.1650,0.0687,50.1650,0.5116
129600.0000,0.0907,9.0686,50.1650,0.5116,50.1650,0.0687,50.1650,0.5116
129600.0000,0.0956,9.5588,50.1650,0.5116,50.1650,0.0687,50.1650,0.5116
129600.0000,0.1005,10.0490,50.1650,0.5116,50.1650,0.0687,50.1650,0.5116
129600.0000,0.1054,10.5392,50.1650,0.5116,50.1650,0.0687,50.1650,0.5116
129600.0000,0.1103,11.0294,50.1650,0.5116,50.1650,0.0687,50.1650,0.5116
129600.0000,0.1152,11.5196,50.1650,0.5116,50.1650,0.0687,50.1650,0.5116
129600.0000,0.1201,12.0098,50.1650,0.5116,50.1650,0.0687,50.1650,0.5116
129600.0000,0.1250,12.5000,50.1650,0.5116,50.1650,0.0687,50.1650,0.5116
129600.0000,0.1299,12.9902,50.1650,0.5116,50.1650,0.0687,50.1650,0.5116
129600.0000,0.1348,13.4804,50.1650,0.5116,50.1650,0.0687,50.1650,0.5116
129600.0000,0.1397,13.9706,50.1650,0.5116,50.1650,0.0687,50.1650,0.5116
129600.0000,0.1446,14.4608,50.1650,0.5116,50.1650,0.0687,50.1650,0.5116
129600.0000,0.1495,14.9510,50.1650,0.5116,50.1650,0.0687,50.1650,0.5116
129600.0000,0.1544,15.4412,50.1650,0.5116,50.1650,0.0687,50.1650,0.5116
129600.0000,0.1593,15.9314,50.1650,0.5116,50.1650,0.0687,50.1650,0.5116
129600.0000,0.1642,16.4216,50.1650,0.5116,50.1650,0.0687,50.1650,0.5116
129600.0000,0.1691,16.9118,50.1650,0.5116,50.1650,0.0687,50.1650,0.5116
129600.0000,0.1740,17.4020,50.1650,0.5116,50.1650,0.0687,50.1650,0.5116
129600.0000,0.1789,17.8922,50.1650,0.5115,50.1650,0.0687,50.1650,0.5115
129600.0000,0.1838,18.3824,50.1650,0.5114,50.1650,0.0687,50.1650,0.5114
129600.0000,0.1887,18.8725,50.1650,0.5111,50.1650,0.0687,50.1650,0.5111
129600.0000,0.1936,19.3627,50.1650,0.5108,50.1650,0.0687,50.1650,0.5108
129600.0000,0.1985,19.8529,50.1650,0.5101,50.1650,0.0686,50.1650,0.5101
129600.0000,0.2034,20.3431,50.1650,0.5090,50.1650,0.0685,50.1650,0.5090
129600.0000,0.2083,20.8333,50.1650,0.5073,50.1650,0.0683,50.1650,0.5073
129600.0000,0.2132,21.3235,50.1650,0.5046,50.1650,0.0680,50.1650,0.5046
129600.0000,0.2181,21.8137,50.1650,0.5002,50.1650,0.0676,50.1650,0.5002
129600.0000,0.2230,22.3039,50.1650,0.4933,50.1650,0.0669,50.1650,0.4933
129600.0000,0.2279,22.7941,50.1650,0.4824,50.1650,0.0658,50.1650,0.4824
129600.0000,0.2328,23.2843,50.1650,0.4649,50.1650,0.0642,50.1650,0.4649
129600.0000,0.2377,23.7745,50.1650,0.4360,50.1650,0.0616,50.1650,0.4360
129600.0000,0.2426,24.2647,50.1650,0.3843,50.1650,0.0577,50.1650,0.3843
129600.0000,0.2475,24.7549,50.1650,0.2528,50.1650,0.0513,50.1650,0.0693
133200.0000,0.0025,0.2451,50.1650,0.2500,50.1650,0.0513,50.1650,0.0683
133200.0000,0.0074,0.7353,50.1650,0.3792,50.1650,0.0573,50.1650,0.3792
133200.0000,0.0123,1.2255,50.1650,0.4298,50.1650,0.0611,50.1650,0.4298
133200.0000,0.0172,1.7157,50.1650,0.4580,50.1650,0.0635,50.1650,0.4580
133200.0000,0.0221,2.2059,50.1650,0.4750,50.1650,0.0650,50.1650,0.4750
133200.0000,0.0270,2.6961,50.1650,0.4857,50.1650,0.0660,50.1650,0.4857
133200.0000,0.0319,3.1863,50.1650,0.4924,50.1650,0.0667,50.1650,0.4924
133200.0000,0.0368,3.6765,50.1650,0.4967,50.1650,0.0671,50.1650,0.4967
133200.0000,0.0417,4.1667,50.1650,0.4994,50.1650,0.0674,50.1650,0.4994
133200.0000,0.0466,4.6569,50.1650,0.5010,50.1650,0.0676,50.1650,0.5010
133200.0000,0.0515,5.1471,50.1650,0.5021,50.1650,0.0677,50.1650,0.5021
133200.0000,0.0564,5.6373,50.1650,0.5027,50.1650,0.0677,50.1650,0.5027
133200.0000,0.0613,6.1275,50.1650,0.5031,50.1650,0.0678,50.1650,0.5031
133200.0000,0.0662,6.6176,50.1650,0.5033,50.1650,0.0678,50.1650,0.5033
133200.0000,0.0711,7.1078,50.1650,0.5034,50.1650,0.0678,50.1650,0.5034
133200.0000,0.0760,7.5980,50.1650,0.5035,50.1650,0.0678,50.1650,0.5035
133200.0000,0.0809,8.0882,50.1650,0.5036,50.1650,0.0678,50.1650,0.5036
133200.0000,0.0858,8.5784,50.1650,0.5036,50.1650,0.0678,50.1650,0.5036
133200.0000,0.0907,9.0686,50.1650,0.5036,50.1650,0.0678,50.1650,0.5036
133200.0000,0.0956,9.5588,50.1650,0.5036,50.1650,0.0678,50.1650,0.5036
133200.0000,0.1005,10.0490,50.1650,0.5036,50.1650,0.0678,50.1650,0.5036
133200.0000,0.1054,10.5392,50.1650,0.5036,50.1650,0.0678,50.1650,0.5036
133200.0000,0.1103,11.0294,50.1650,0.5036,50.1650,0.0678,50.1650,0.5036
133200.0000,0.1152,11.5196,50.1650,0.5036,50.1650,0.0678,50.1650,0.5036
133200.0000,0.1201,12.0098,50.1650,0.5036,50.1650,0.0678,50.1650,0.5036
133200.0000,0.1250,12.5000,50.1650,0.5036,50.1650,0.0678,50.1650,0.5036
133200.0000,0.1299,12.9902,50.1650,0.5036,50.1650,0.0678,50.1650,0.5036
133200.0000,0.1348,13.4804,50.1650,0.5036,50.1650,0.0678,50.1650,0.5036
133200.0000,0.1397,13.9706,50.1650,0.5036,50.1650,0.0678,50.1650,0.5036
133200.0000,0.1446,14.4608,50.1650,0.5036,50.1650,0.0678,50.1650,0.5036
133200.0000,0.1495,14.9510,50.1650,0.5036,50.1650,0.0678,50.1650,0.5036
133200.0000,0.1544,15.4412,50.1650,0.5036,50.1650,0.0678,50.1650,0.5036
133200.0000,0.1593,15.9314,50.1650,0.5036,50.1650,0.0678,50.1650,0.5036
133200.0000,0.1642,16.4216,50.1650,0.5036,50.1650,0.0678,50.1650,0.5036
133200.0000,0.1691,16.9118,50.1650,0.5036,50.1650,0.0678,50.1650,0.5036
133200.0000,0.1740,17.4020,50.1650,0.5035,50.1650,0.0678,50.1650,0.5035
133200.0000,0.1789,17.8922,50.1650,0.5034,50.1650,0.0678,50.1650,0.5034
133200.0000,0.1838,18.3824,50.1650,0.5033,50.1650,0.0678,50.1650,0.5033
133200.0000,0.1887,18.8725,50.1650,0.5031,50.1650,0.0678,50.1650,0.5031
133200.0000,0.1936,19.3627,50.1650,0.5027,50.1650,0.0677,50.1650,0.5027
133200.0000,0.1985,19.8529,50.1650,0.5021,50.1650,0.0677,50.1650,0.5021
133200.0000,0.2034,20.3431,50.1650,0.5010,50.1650,0.0676,50.1650,0.5010
133200.0000,0.2083,20.8333,50.1650,0.4994,50.1650,0.0674,50.1650,0.4994
133200.0000,0.2132,21.3235,50.1650,0.4967,50.1650,0.0671,50.1650,0.4967
133200.0000,0.2181,21.8137,50.1650,0.4924,50.1650,0.0667,50.1650,0.4924
133200.0000,0.2230,22.3039,50.1650,0.4857,50.1650,0.0660,50.1650,0.4857
133200.0000,0.2279,22.7941,50.1650,0.4750,50.1650,0.0650,50.1650,0.4750
133200.0000,0.2328,23.2843,50.1650,0.4580,50.1650,0.0635,50.1650,0.4580
133200.0000,0.2377,23.7745,50.1650,0.4298,50.1650,0.0611,50.1650,0.4298
133200.0000,0.2426,24.2647,50.1650,0.3792,50.1650,0.0573,50.1650,0.3792
133200.0000,0.2475,24.7549,50.1650,0.2500,50.1650,0.0513,50.1650,0.0683
136800.0000,0.0025,0.2451,50.1650,0.2472,50.1650,0.0512,50.1650,0.0674
136800.0000,0.0074,0.7353,50.1650,0.3743,50.1650,0.0569,50.1650,0.3743
136800.0000,0.0123,1.2255,50.1650,0.4239,50.1650,0.0605,50.1650,0.4239
136800.0000,0.0172,1.7157,50.1650,0.4514,50.1650,0.0628,50.1650,0.4514
136800.0000,0.0221,2.2059,50.1650,0.4681,50.1650,0.0643,50.1650,0.4681
136800.0000,0.0270,2.6961,50.1650,0.4785,50.1650,0.0652,50.1650,0.4785
136800.0000,0.0319,3.1863,50.1650,0.4850,50.1650,0.0659,50.1650,0.4850
136800.0000,0.0368,3.6765,50.1650,0.4892,50.1650,0.0663,50.1650,0.4892
136800.0000,0.0417,4.1667,50.1650,0.4918,50.1650,0.0665,50.1650,0.4918
136800.0000,0.0466,4.6569,50.1650,0.4935,50.1650,0.0667,50.1650,0.4935
136800.0000,0.0515,5.1471,50.1650,0.4945,50.1650,0.0668,50.1650,0.4945
136800.0000,0.0564,5.6373,50.1650,0.4951,50.1650,0.0668,50.1650,0.4951
136800.0000,0.0613,6.1275,50.1650,0.4955,50.1650,0.0669,50.1650,0.4955
136800.0000,0.0662,6.6176,50.1650,0.4957,50.1650,0.0669,50.1650,0.4957
136800.0000,0.0711,7.1078,50.1650,0.4958,50.1650,0.0669,50.1650,0.4958
136800.0000,0.0760,7.5980,50.1650,0.4959,50.1650,0.0669,50.1650,0.4959
136800.0000,0.0809,8.0882,50.1650,0.4959,50.1650,0.0669,50.1650,0.4959
136800.0000,0.0858,8.5784,50.1650,0.4959,50.1650,0.0669,50.1650,0.4959
136800.0000,0.0907,9.0686,50.1650,0.4960,50.1650,0.0669,50.1650,0.4960
136800.0000,0.0956,9.5588,50.1650,0.4960,50.1650,0.0669,50.1650,0.4960
136800.0000,0.1005,10.0490,50.1650,0.4960,50.1650,0.0669,50.1650,0.4960
136800.0000,0.1054,10.5392,50.1650,0.4960,50.1650,0.0669,50.1650,0.4960
136800.0000,0.1103,11.0294,50.1650,0.4960,50.1650,0.0669,50.1650,0.4960
136800.0000,0.1152,11.5196,50.1650,0.4960,50.1650,0.0669,50.1650,0.4960
136800.0000,0.1201,12.0098,50.1650,0.4960,50.1650,0.0669,50.1650,0.4960
136800.0000,0.1250,12.5000,50.1650,0.4960,50.1650,0.0669,50.1650,0.4960
136800.0000,0.1299,12.9902,50.1650,0.4960,50.1650,0.0669,50.1650,0.4960
136800.0000,0.1348,13.4804,50.1650,0.4960,50.1650,0.0669,50.1650,0.4960
136800.0000,0.1397,13.9706,50.1650,0.4960,50.1650,0.0669,50.1650,0.4960
136800.0000,0.1446,14.4608,50.1650,0.4960,50.1650,0.0669,50.1650,0.4960
136800.0000,0.1495,14.9510,50.1650,0.4960,50.1650,0.0669,50.1650,0.4960
136800.0000,0.1544,15.4412,50.1650,0.4960,50.1650,0.0669,50.1650,0.4960
136800.0000,0.1593,15.9314,50.1650,0.4960,50.1650,0.0669,50.1650,0.4960
136800.0000,0.1642,16.4216,50.1650,0.4959,50.1650,0.0669,50.1650,0.4959
136800.0000,0.1691,16.9118,50.1650,0.4959,50.1650,0.0669,50.1650,0.4959
136800.0000,0.1740,17.4020,50.1650,0.4959,50.1650,0.0669,50.1650,0.4959
136800.0000,0.1789,17.8922,50.1650,0.4958,50.1650,0.0669,50.1650,0.4958
136800.0000,0.1838,18.3824,50.1650,0.4957,50.1650,0.0669,50.1650,0.4957
136800.0000,0.1887,18.8725,50.1650,0.4955,50.1650,0.0669,50.1650,0.4955
136800.0000,0.1936,19.3627,50.1650,0.4951,50.1650,0.0668,50.1650,0.4951
136800.0000,0.1985,19.8529,50.1650,0.4945,50.1650,0.0668,50.1650,0.4945
136800.0000,0.2034,20.3431,50.1650,0.4935,50.1650,0.0667,50.1650,0.4935
136800.0000,0.2083,20.8333,50.1650,0.4918,50.1650,0.0665,50.1650,0.4918
136800.0000,0.2132,21.3235,50.1650,0.4892,50.1650,0.0663,50.1650,0.4892
136800.0000,0.2181,21.8137,50.1650,0.4850,50.1650,0.0659,50.1650,0.4850
136800.0000,0.2230,22.3039,50.1650,0.4785,50.1650,0.0652,50.1650,0.4785
136800.0000,0.2279,22.7941,50.1650,0.4681,50.1650,0.0643,50.1650,0.4681
136800.0000,0.2328,23.2843,50.1650,0.4514,50.1650,0.0628,50.1650,0.4514
136800.0000,0.2377,23.7745,50.1650,0.4239,50.1650,0.0605,50.1650,0.4239
136800.0000,0.2426,24.2647,50.1650,0.3743,50.1650,0.0569,50.1650,0.3743
136800.0000,0.2475,24.7549,50.1650,0.2472,50.1650,0.0512,50.1650,0.0674
140400.0000,0.0025,0.2451,50.1650,0.2446,50.1650,0.0511,50.1650,0.0666
140400.0000,0.0074,0.7353,50.1650,0.3696,50.1650,0.0566,50.1650,0.3696
140400.0000,0.0123,1.2255,50.1650,0.4182,50.1650,0.0600,50.1650,0.4182
140400.0000,0.0172,1.7157,50.1650,0.4452,50.1650,0.0622,50.1650,0.4452
140400.0000,0.0221,2.2059,50.1650,0.4615,50.1650,0.0636,50.1650,0.4615
140400.0000,0.0270,2.6961,50.1650,0.4716,50.1650,0.0645,50.1650,0.4716
140400.0000,0.0319,3.1863,50.1650,0.4780,50.1650,0.0651,50.1650,0.4780
140400.0000,0.0368,3.6765,50.1650,0.4821,50.1650,0.0655,50.1650,0.4821
140400.0000,0.0417,4.1667,50.1650,0.4846,50.1650,0.0657,50.1650,0.4846
140400.0000,0.0466,4.6569,50.1650,0.4863,50.1650,0.0659,50.1650,0.4863
140400.0000,0.0515,5.1471,50.1650,0.4873,50.1650,0.0660,50.1650,0.4873
140400.0000,0.0564,5.6373,50.1650,0.4879,50.1650,0.0660,50.1650,0.4879
140400.0000,0.0613,6.1275,50.1650,0.4882,50.1650,0.0661,50.1650,0.4882
140400.0000,0.0662,6.6176,50.1650,0.4885,50.1650,0.0661,50.1650,0.4885
140400.0000,0.0711,7.1078,50.1650,0.4886,50.1650,0.0661,50.1650,0.4886
140400.0000,0.0760,7.5980,50.1650,0.4887,50.1650,0.0661,50.1650,0.4887
140400.0000,0.0809,8.0882,50.1650,0.4887,50.1650,0.0661,50.1650,0.4887
140400.0000,0.0858,8.5784,50.1650,0.4887,50.1650,0.0661,50.1650,0.4887
140400.0000,0.0907,9.0686,50.1650,0.4887,50.1650,0.0661,50.1650,0.4887
140400.0000,0.0956,9.5588,50.1650,0.4887,50.1650,0.0661,50.1650,0.4887
140400.0000,0.1005,10.0490,50.1650,0.4887,50.1650,0.0661,50.1650,0.4887
140400.0000,0.1054,10.5392,50.1650,0.4887,50.1650,0.0661,50.1650,0.4887
140400.0000,0.1103,11.0294,50.1650,0.4887,50.1650,0.0661,50.1650,0.4887
140400.0000,0.1152,11.5196,50.1650,0.4887,50.1650,0.0661,50.1650,0.4887
140400.0000,0.1201,12.0098,50.1650,0.4887,50.1650,0.0661,50.1650,0.4887
140400.0000,0.1250,12.5000,50.1650,0.4887,50.1650,0.0661,50.1650,0.4887
140400.0000,0.1299,12.9902,50.1650,0.4887,50.1650,0.0661,50.1650,0.4887
140400.0000,0.1348,13.4804,50.1650,0.4887,50.1650,0.0661,50.1650,0.4887
140400.0000,0.1397,13.9706,50.1650,0.4887,50.1650,0.0661,50.1650,0.4887
140400.0000,0.1446,14.4608,50.1650,0.4887,50.1650,0.0661,50.1650,0.4887
140400.0000,0.1495,14.9510,50.1650,0.4887,50.1650,0.0661,50.1650,0.4887
140400.0000,0.1544,15.4412,50.1650,0.4887,50.1650,0.0661,50.1650,0.4887
140400.0000,0.1593,15.9314,50.1650,0.4887,50.1650,0.0661,50.1650,0.4887
140400.0000,0.1642,16.4216,50.1650,0.4887,50.1650,0.0661,50.1650,0.4887
140400.0000,0.1691,16.9118,50.1650,0.4887,50.1650,0.0661,50.1650,0.4887
140400.0000,0.1740,17.4020,50.1650,0.4887,50.1650,0.0661,50.1650,0.4887
140400.0000,0.1789,17.8922,50.1650,0.4886,50.1650,0.0661,50.1650,0.4886
140400.0000,0.1838,18.3824,50.1650,0.4885,50.1650,0.0661,50.1650,0.4885
140400.0000,0.1887,18.8725,50.1650,0.4882,50.1650,0.0661,50.1650,0.4882
140400.0000,0.1936,19.3627,50.1650,0.4879,50.1650,0.0660,50.1650,0.4879
140400.0000,0.1985,19.8529,50.1650,0.4873,50.1650,0.0660,50.1650,0.4873
140400.0000,0.2034,20.3431,50.1650,0.4863,50.1650,0.0659,50.1650,0.4863
140400.0000,0.2083,20.8333,50.1650,0.4846,50.1650,0.0657,50.1650,0.4846
140400.0000,0.2132,21.3235,50.1650,0.4821,50.1650,0.0655,50.1650,0.4821
140400.0000,0.2181,21.8137,50.1650,0.4780,50.1650,0.0651,50.1650,0.4780
140400.0000,0.2230,22.3039,50.1650,0.4716,50.1650,0.0645,50.1650,0.4716
140400.0000,0.2279,22.7941,50.1650,0.4615,50.1650,0.0636,50.1650,0.4615
140400.0000,0.2328,23.2843,50.1650,0.4452,50.1650,0.0622,50.1650,0.4452
140400.0000,0.2377,23.7745,50.1650,0.4182,50.1650,0.0600,50.1650,0.4182
140400.0000,0.2426,24.2647,50.1650,0.3696,50.1650,0.0566,50.1650,0.3696
140400.0000,0.2475,24.7549,50.1650,0.2446,50.1650,0.0511,50.1650,0.0666
144000.0000,0.0025,0.2451,50.1650,0.2422,50.1650,0.0511,50.1650,0.0658
144000.0000,0.0074,0.7353,50.1650,0.3652,50.1650,0.0563,50.1650,0.3652
144000.0000,0.0123,1.2255,50.1650,0.4129,50.1650,0.0596,50.1650,0.4129
144000.0000,0.0172,1.7157,50.1650,0.4393,50.1650,0.0616,50.1650,0.4393
144000.0000,0.0221,2.2059,50.1650,0.4552,50.1650,0.0630,50.1650,0.4552
144000.0000,0.0270,2.6961,50.1650,0.4651,50.1650,0.0638,50.1650,0.4651
144000.0000,0.0319,3.1863,50.1650,0.4714,50.1650,0.0644,50.1650,0.4714
144000.0000,0.0368,3.6765,50.1650,0.4753,50.1650,0.0648,50.1650,0.4753
144000.0000,0.0417,4.1667,50.1650,0.4778,50.1650,0.0650,50.1650,0.4778
144000.0000,0.0466,4.6569,50.1650,0.4794,50.1650,0.0651,50.1650,0.4794
144000.0000,0.0515,5.1471,50.1650,0.4804,50.1650,0.0652,50.1650,0.4804
144000.0000,0.0564,5.6373,50.1650,0.4810,50.1650,0.0653,50.1650,0.4810
144000.0000,0.0613,6.1275,50.1650,0.4814,50.1650,0.0653,50.1650,0.4814
144000.0000,0.0662,6.6176,50.1650,0.4816,50.1650,0.0653,50.1650,0.4816
144000.0000,0.0711,7.1078,50.1650,0.4817,50.1650,0.0654,50.1650,0.4817
144000.0000,0.0760,7.5980,50.1650,0.4818,50.1650,0.0654,50.1650,0.4818
144000.0000,0.0809,8.0882,50.1650,0.4818,50.1650,0.0654,50.1650,0.4818
144000.0000,0.0858,8.5784,50.1650,0.4818,50.1650,0.0654,50.1650,0.4818
144000.0000,0.0907,9.0686,50.1650,0.4818,50.1650,0.0654,50.1650,0.4818
144000.0000,0.0956,9.5588,50.1650,0.4818,50.1650,0.0654,50.1650,0.4818
144000.0000,0.1005,10.0490,50.1650,0.4818,50.1650,0.0654,50.1650,0.4818
144000.0000,0.1054,10.5392,50.1650,0.4818,50.1650,0.0654,50.1650,0.4818
144000.0000,0.1103,11.0294,50.1650,0.4818,50.1650,0.0654,50.1650,0.4818
144000.0000,0.1152,11.5196,50.1650,0.4818,50.1650,0.0654,50.1650,0.4818
144000.0000,0.1201,12.0098,50.1650,0.4818,50.1650,0.0654,50.1650,0.4818
144000.0000,0.1250,12.5000,50.1650,0.4818,50.1650,0.0654,50.1650,0.4818
144000.0000,0.1299,12.9902,50.1650,0.4818,50.1650,0.0654,50.1650,0.4818
144000.0000,0.1348,13.4804,50.1650,0.4818,50.1650,0.0654,50.1650,0.4818
144000.0000,0.1397,13.9706,50.1650,0.4818,50.1650,0.0654,50.1650,0.4818
144000.0000,0.1446,14.4608,50.1650,0.4818,50.1650,0.0654,50.1650,0.4818
144000.0000,0.1495,14.9510,50.1650,0.4818,50.1650,0.0654,50.1650,0.4818
144000.0000,0.1544,15.4412,50.1650,0.4818,50.1650,0.0654,50.1650,0.4818
144000.0000,0.1593,15.9314,50.1650,0.4818,50.1650,0.0654,50.1650,0.4818
144000.0000,0.1642,16.4216,50.1650,0.4818,50.1650,0.0654,50.1650,0.4818
144000.0000,0.1691,16.9118,50.1650,0.4818,50.1650,0.0654,50.1650,0.4818
144000.0000,0.1740,17.4020,50.1650,0.4818,50.1650,0.0654,50.1650,0.4818
144000.0000,0.1789,17.8922,50.1650,0.4817,50.1650,0.0654,50.1650,0.4817
144000.0000,0.1838,18.3824,50.1650,0.4816,50.1650,0.0653,50.1650,0.4816
144000.0000,0.1887,18.8725,50.1650,0.4814,50.1650,0.0653,50.1650,0.4814
144000.0000,0.1936,19.3627,50.1650,0.4810,50.1650,0.0653,50.1650,0.4810
144000.0000,0.1985,19.8529,50.1650,0.4804,50.1650,0.0652,50.1650,0.4804
144000.0000,0.2034,20.3431,50.1650,0.4794,50.1650,0.0651,50.1650,0.4794
144000.0000,0.2083,20.8333,50.1650,0.4778,50.1650,0.0650,50.1650,0.4778
144000.0000,0.2132,21.3235,50.1650,0.4753,50.1650,0.0648,50.1650,0.4753
144000.0000,0.2181,21.8137,50.1650,0.4714,50.1650,0.0644,50.1650,0.4714
144000.0000,0.2230,22.3039,50.1650,0.4651,50.1650,0.0638,50.1650,0.4651
144000.0000,0.2279,22.7941,50.1650,0.4552,50.1650,0.0630,50.1650,0.4552
144000.0000,0.2328,23.2843,50.1650,0.4393,50.1650,0.0616,50.1650,0.4393
144000.0000,0.2377,23.7745,50.1650,0.4129,50.1650,0.0596,50.1650,0.4129
144000.0000,0.2426,24.2647,50.1650,0.3652,50.1650,0.0563,50.1650,0.3652
144000.0000,0.2475,24.7549,50.1650,0.2422,50.1650,0.0511,50.1650,0.0658
147600.0000,0.0025,0.2451,50.1650,0.2398,50.1650,0.0510,50.1650,0.0651
147600.0000,0.0074,0.7353,50.1650,0.3610,50.1650,0.0560,50.1650,0.3610
147600.0000,0.0123,1.2255,50.1650,0.4078,50.1650,0.0591,50.1650,0.4078
147600.0000,0.0172,1.7157,50.1650,0.4337,50.1650,0.0611,50.1650,0.4337
147600.0000,0.0221,2.2059,50.1650,0.4492,50.1650,0.0624,50.1650,0.4492
147600.0000,0.0270,2.6961,50.1650,0.4589,50.1650,0.0632,50.1650,0.4589
147600.0000,0.0319,3.1863,50.1650,0.4650,50.1650,0.0638,50.1650,0.4650
147600.0000,0.0368,3.6765,50.1650,0.4689,50.1650,0.0641,50.1650,0.4689
147600.0000,0.0417,4.1667,50.1650,0.4714,50.1650,0.0643,50.1650,0.4714
147600.0000,0.0466,4.6569,50.1650,0.4729,50.1650,0.0645,50.1650,0.4729
147600.0000,0.0515,5.1471,50.1650,0.4739,50.1650,0.0645,50.1650,0.4739
147600.0000,0.0564,5.6373,50.1650,0.4745,50.1650,0.0646,50.1650,0.4745
147600.0000,0.0613,6.1275,50.1650,0.4748,50.1650,0.0646,50.1650,0.4748
147600.0000,0.0662,6.6176,50.1650,0.4750,50.1650,0.0646,50.1650,0.4750
147600.0000,0.0711,7.1078,50.1650,0.4751,50.1650,0.0647,50.1650,0.4751
147600.0000,0.0760,7.5980,50.1650,0.4752,50.1650,0.0647,50.1650,0.4752
147600.0000,0.0809,8.0882,50.1650,0.4752,50.1650,0.0647,50.1650,0.4752
147600.0000,0.0858,8.5784,50.1650,0.4753,50.1650,0.0647,50.1650,0.4753
147600.0000,0.0907,9.0686,50.1650,0.4753,50.1650,0.0647,50.1650,0.4753
147600.0000,0.0956,9.5588,50.1650,0.4753,50.1650,0.0647,50.1650,0.4753
147600.0000,0.1005,10.0490,50.1650,0.4753,50.1650,0.0647,50.1650,0.4753
147600.0000,0.1054,10.5392,50.1650,0.4753,50.1650,0.0647,50.1650,0.4753
147600.0000,0.1103,11.0294,50.1650,0.4753,50.1650,0.0647,50.1650,0.4753
147600.0000,0.1152,11.5196,50.1650,0.4753,50.1650,0.0647,50.1650,0.4753
147600.0000,0.1201,12.0098,50.1650,0.4753,50.1650,0.0647,50.1650,0.4753
147600.0000,0.1250,12.5000,50.1650,0.4753,50.1650,0.0647,50.1650,0.4753
147600.0000,0.1299,12.9902,50.1650,0.4753,50.1650,0.0647,50.1650,0.4753
147600.0000,0.1348,13.4804,50.1650,0.4753,50.1650,0.0647,50.1650,0.4753
147600.0000,0.1397,13.9706,50.1650,0.4753,50.1650,0.0647,50.1650,0.4753
147600.0000,0.1446,14.4608,50.1650,0.4753,50.1650,0.0647,50.1650,0.4753
147600.0000,0.1495,14.9510,50.1650,0.4753,50.1650,0.0647,50.1650,0.4753
147600.0000,0.1544,15.4412,50.1650,0.4753,50.1650,0.0647,50.1650,0.4753
147600.0000,0.1593,15.9314,50.1650,0.4753,50.1650,0.0647,50.1650,0.4753
147600.0000,0.1642,16.4216,50.1650,0.4753,50.1650,0.0647,50.1650,0.4753
147600.0000,0.1691,16.9118,50.1650,0.4752,50.1650,0.0647,50.1650,0.4752
147600.0000,0.1740,17.4020,50.1650,0.4752,50.1650,0.0647,50.1650,0.4752
147600.0000,0.1789,17.8922,50.1650,0.4751,50.1650,0.0647,50.1650,0.4751
147600.0000,0.1838,18.3824,50.1650,0.4750,50.1650,0.0646,50.1650,0.4750
147600.0000,0.1887,18.8725,50.1650,0.4748,50.1650,0.0646,50.1650,0.4748
147600.0000,0.1936,19.3627,50.1650,0.4745,50.1650,0.0646,50.1650,0.4745
147600.0000,0.1985,19.8529,50.1650,0.4739,50.1650,0.0645,50.1650,0.4739
147600.0000,0.2034,20.3431,50.1650,0.4729,50.1650,0.0645,50.1650,0.4729
147600.0000,0.2083,20.8333,50.1650,0.4714,50.1650,0.0643,50.1650,0.4714
147600.0000,0.2132,21.3235,50.1650,0.4689,50.1650,0.0641,50.1650,0.4689
147600.0000,0.2181,21.8137,50.1650,0.4650,50.1650,0.0638,50.1650,0.4650
147600.0000,0.2230,22.3039,50.1650,0.4589,50.1650,0.0632,50.1650,0.4589
147600.0000,0.2279,22.7941,50.1650,0.4492,50.1650,0.0624,50.1650,0.4492
147600.0000,0.2328,23.2843,50.1650,0.4337,50.1650,0.0611,50.1650,0.4337
147600.0000,0.2377,23.7745,50.1650,0.4078,50.1650,0.0591,50.1650,0.4078
147600.0000,0.2426,24.2647,50.1650,0.3610,50.1650,0.0560,50.1650,0.3610
147600.0000,0.2475,24.7549,50.1650,0.2398,50.1650,0.0510,50.1650,0.0651
151200.0000,0.0025,0.2451,50.1650,0.2376,50.1650,0.0510,50.1650,0.0645
151200.0000,0.0074,0.7353,50.1650,0.3570,50.1650,0.0557,50.1650,0.3570
151200.0000,0.0123,1.2255,50.1650,0.4029,50.1650,0.0587,50.1650,0.4029
151200.0000,0.0172,1.7157,50.1650,0.4283,50.1650,0.0606,50.1650,0.4283
151200.0000,0.0221,2.2059,50.1650,0.4435,50.1650,0.0618,50.1650,0.4435
151200.0000,0.0270,2.6961,50.1650,0.4530,50.1650,0.0626,50.1650,0.4530
151200.0000,0.0319,3.1863,50.1650,0.4590,50.1650,0.0631,50.1650,0.4590
151200.0000,0.0368,3.6765,50.1650,0.4628,50.1650,0.0635,50.1650,0.4628
151200.0000,0.0417,4.1667,50.1650,0.4652,50.1650,0.0637,50.1650,0.4652
151200.0000,0.0466,4.6569,50.1650,0.4667,50.1650,0.0638,50.1650,0.4667
151200.0000,0.0515,5.1471,50.1650,0.4676,50.1650,0.0639,50.1650,0.4676
151200.0000,0.0564,5.6373,50.1650,0.4682,50.1650,0.0639,50.1650,0.4682
151200.0000,0.0613,6.1275,50.1650,0.4686,50.1650,0.0640,50.1650,0.4686
151200.0000,0.0662,6.6176,50.1650,0.4688,50.1650,0.0640,50.1650,0.4688
151200.0000,0.0711,7.1078,50.1650,0.4689,50.1650,0.0640,50.1650,0.4689
151200.0000,0.0760,7.5980,50.1650,0.4690,50.1650,0.0640,50.1650,0.4690
151200.0000,0.0809,8.0882,50.1650,0.4690,50.1650,0.0640,50.1650,0.4690
151200.0000,0.0858,8.5784,50.1650,0.4690,50.1650,0.0640,50.1650,0.4690
151200.0000,0.0907,9.0686,50.1650,0.4690,50.1650,0.0640,50.1650,0.4690
151200.0000,0.0956,9.5588,50.1650,0.4690,50.1650,0.0640,50.1650,0.4690
151200.0000,0.1005,10.0490,50.1650,0.4690,50.1650,0.0640,50.1650,0.4690
151200.0000,0.1054,10.5392,50.1650,0.4690,50.1650,0.0640,50.1650,0.4690
151200.0000,0.1103,11.0294,50.1650,0.4690,50.1650,0.0640,50.1650,0.4690
151200.0000,0.1152,11.5196,50.1650,0.4690,50.1650,0.0640,50.1650,0.4690
151200.0000,0.1201,12.0098,50.1650,0.4690,50.1650,0.0640,50.1650,0.4690
151200.0000,0.1250,12.5000,50.1650,0.4690,50.1650,0.0640,50.1650,0.4690
151200.0000,0.1299,12.9902,50.1650,0.4690,50.1650,0.0640,50.1650,0.4690
151200.0000,0.1348,13.4804,50.1650,0.4690,50.1650,0.0640,50.1650,0.4690
151200.0000,0.1397,13.9706,50.1650,0.4690,50.1650,0.0640,50.1650,0.4690
151200.0000,0.1446,14.4608,50.1650,0.4690,50.1650,0.0640,50.1650,0.4690
151200.0000,0.1495,14.9510,50.1650,0.4690,50.1650,0.0640,50.1650,0.4690
151200.0000,0.1544,15.4412,50.1650,0.4690,50.1650,0.0640,50.1650,0.4690
151200.0000,0.1593,15.9314,50.1650,0.4690,50.1650,0.0640,50.1650,0.4690
151200.0000,0.1642,16.4216,50.1650,0.4690,50.1650,0.0640,50.1650,0.4690
151200.0000,0.1691,16.9118,50.1650,0.4690,50.1650,0.0640,50.1650,0.4690
151200.0000,0.1740,17.4020,50.1650,0.4690,50.1650,0.0640,50.1650,0.4690
151200.0000,0.1789,17.8922,50.1650,0.4689,50.1650,0.0640,50.1650,0.4689
151200.0000,0.1838,18.3824,50.1650,0.4688,50.1650,0.0640,50.1650,0.4688
151200.0000,0.1887,18.8725,50.1650,0.4686,50.1650,0.0640,50.1650,0.4686
151200.0000,0.1936,19.3627,50.1650,0.4682,50.1650,0.0639,50.1650,0.4682
151200.0000,0.1985,19.8529,50.1650,0.4676,50.1650,0.0639,50.1650,0.4676
151200.0000,0.2034,20.3431,50.1650,0.4667,50.1650,0.0638,50.1650,0.4667
151200.0000,0.2083,20.8333,50.1650,0.4652,50.1650,0.0637,50.1650,0.4652
151200.0000,0.2132,21.3235,50.1650,0.4628,50.1650,0.0635,50.1650,0.4628
151200.0000,0.2181,21.8137,50.1650,0.4590,50.1650,0.0631,50.1650,0.4590
151200.0000,0.2230,22.3039,50.1650,0.4530,50.1650,0.0626,50.1650,0.4530
151200.0000,0.2279,22.7941,50.1650,0.4435,50.1650,0.0618,50.1650,0.4435
151200.0000,0.2328,23.2843,50.1650,0.4283,50.1650,0.0606,50.1650,0.4283
151200.0000,0.2377,23.7745,50.1650,0.4029,50.1650,0.0587,50.1650,0.4029
151200.0000,0.2426,24.2647,50.1650,0.3570,50.1650,0.0557,50.1650,0.3570
151200.0000,0.2475,24.7549,50.1650,0.2376,50.1650,0.0510,50.1650,0.0645
154800.0000,0.0025,0.2451,50.1650,0.2354,50.1650,0.0509,50.1650,0.0638
154800.0000,0.0074,0.7353,50.1650,0.3531,50.1650,0.0555,50.1650,0.3531
154800.0000,0.0123,1.2255,50.1650,0.3983,50.1650,0.0583,50.1650,0.3983
154800.0000,0.0172,1.7157,50.1650,0.4231,50.1650,0.0602,50.1650,0.4231
154800.0000,0.0221,2.2059,50.1650,0.4381,50.1650,0.0613,50.1650,0.4381
154800.0000,0.0270,2.6961,50.1650,0.4473,50.1650,0.0621,50.1650,0.4473
154800.0000,0.0319,3.1863,50.1650,0.4532,50.1650,0.0626,50.1650,0.4532
154800.0000,0.0368,3.6765,50.1650,0.4569,50.1650,0.0629,50.1650,0.4569
154800.0000,0.0417,4.1667,50.1650,0.4593,50.1650,0.0631,50.1650,0.4593
154800.0000,0.0466,4.6569,50.1650,0.4608,50.1650,0.0632,50.1650,0.4608
154800.0000,0.0515,5.1471,50.1650,0.4617,50.1650,0.0633,50.1650,0.4617
154800.0000,0.0564,5.6373,50.1650,0.4622,50.1650,0.0633,50.1650,0.4622
154800.0000,0.0613,6.1275,50.1650,0.4626,50.1650,0.0634,50.1650,0.4626
154800.0000,0.0662,6.6176,50.1650,0.4628,50.1650,0.0634,50.1650,0.4628
154800.0000,0.0711,7.1078,50.1650,0.4629,50.1650,0.0634,50.1650,0.4629
154800.0000,0.0760,7.5980,50.1650,0.4630,50.1650,0.0634,50.1650,0.4630
154800.0000,0.0809,8.0882,50.1650,0.4630,50.1650,0.0634,50.1650,0.4630
154800.0000,0.0858,8.5784,50.1650,0.4630,50.1650,0.0634,50.1650,0.4630
154800.0000,0.0907,9.0686,50.1650,0.4631,50.1650,0.0634,50.1650,0.4631
154800.0000,0.0956,9.5588,50.1650,0.4631,50.1650,0.0634,50.1650,0.4631
154800.0000,0.1005,10.0490,50.1650,0.4631,50.1650,0.0634,50.1650,0.4631
154800.0000,0.1054,10.5392,50.1650,0.4631,50.1650,0.0634,50.1650,0.4631
154800.0000,0.1103,11.0294,50.1650,0.4631,50.1650,0.0634,50.1650,0.4631
154800.0000,0.1152,11.5196,50.1650,0.4631,50.1650,0.0634,50.1650,0.4631
154800.0000,0.1201,12.0098,50.1650,0.4631,50.1650,0.0634,50.1650,0.4631
154800.0000,0.1250,12.5000,50.1650,0.4631,50.1650,0.0634,50.1650,0.4631
154800.0000,0.1299,12.9902,50.1650,0.4631,50.1650,0.0634,50.1650,0.4631
154800.0000,0.1348,13.4804,50.1650,0.4631,50.1650,0.0634,50.1650,0.4631
154800.0000,0.1397,13.9706,50.1650,0.4631,50.1650,0.0634,50.1650,0.4631
154800.0000,0.1446,14.4608,50.1650,0.4631,50.1650,0.0634,50.1650,0.4631
154800.0000,0.1495,14.9510,50.1650,0.4631,50.1650,0.0634,50.1650,0.4631
154800.0000,0.1544,15.4412,50.1650,0.4631,50.1650,0.0634,50.1650,0.4631
154800.0000,0.1593,15.9314,50.1650,0.4631,50.1650,0.0634,50.1650,0.4631
154800.0000,0.1642,16.4216,50.1650,0.4630,50.1650,0.0634,50.1650,0.4630
154800.0000,0.1691,16.9118,50.1650,0.4630,50.1650,0.0634,50.1650,0.4630
154800.0000,0.1740,17.4020,50.1650,0.4630,50.1650,0.0634,50.1650,0.4630
154800.0000,0.1789,17.8922,50.1650,0.4629,50.1650,0.0634,50.1650,0.4629
154800.0000,0.1838,18.3824,50.1650,0.4628,50.1650,0.0634,50.1650,0.4628
154800.0000,0.1887,18.8725,50.1650,0.4626,50.1650,0.0634,50.1650,0.4626
154800.0000,0.1936,19.3627,50.1650,0.4622,50.1650,0.0633,50.1650,0.4622
154800.0000,0.1985,19.8529,50.1650,0.4617,50.1650,0.0633,50.1650,0.4617
154800.0000,0.2034,20.3431,50.1650,0.4608,50.1650,0.0632,50.1650,0.4608
154800.0000,0.2083,20.8333,50.1650,0.4593,50.1650,0.0631,50.1650,0.4593
154800.0000,0.2132,21.3235,50.1650,0.4569,50.1650,0.0629,50.1650,0.4569
154800.0000,0.2181,21.8137,50.1650,0.4532,50.1650,0.0626,50.1650,0.4532
154800.0000,0.2230,22.3039,50.1650,0.4473,50.1650,0.0621,50.1650,0.4473
154800.0000,0.2279,22.7941,50.1650,0.4381,50.1650,0.0613,50.1650,0.4381
154800.0000,0.2328,23.2843,50.1650,0.4231,50.1650,0.0602,50.1650,0.4231
154800.0000,0.2377,23.7745,50.1650,0.3983,50.1650,0.0583,50.1650,0.3983
154800.0000,0.2426,24.2647,50.1650,0.3531,50.1650,0.0555,50.1650,0.3531
154800.0000,0.2475,24.7549,50.1650,0.2354,50.1650,0.0509,50.1650,0.0638
158400.0000,0.0025,0.2451,50.1650,0.2334,50.1650,0.0509,50.1650,0.0633
158400.0000,0.0074,0.7353,50.1650,0.3494,50.1650,0.0553,50.1650,0.3494
158400.0000,0.0123,1.2255,50.1650,0.3938,50.1650,0.0580,50.1650,0.3938
158400.0000,0.0172,1.7157,50.1650,0.4182,50.1650,0.0597,50.1650,0.4182
158400.0000,0.0221,2.2059,50.1650,0.4329,50.1650,0.0608,50.1650,0.4329
158400.0000,0.0270,2.6961,50.1650,0.4419,50.1650,0.0616,50.1650,0.4419
158400.0000,0.0319,3.1863,50.1650,0.4477,50.1650,0.0620,50.1650,0.4477
158400.0000,0.0368,3.6765,50.1650,0.4513,50.1650,0.0623,50.1650,0.4513
158400.0000,0.0417,4.1667,50.1650,0.4536,50.1650,0.0625,50.1650,0.4536
158400.0000,0.0466,4.6569,50.1650,0.4551,50.1650,0.0627,50.1650,0.4551
158400.0000,0.0515,5.1471,50.1650,0.4560,50.1650,0.0627,50.1650,0.4560
158400.0000,0.0564,5.6373,50.1650,0.4566,50.1650,0.0628,50.1650,0.4566
158400.0000,0.0613,6.1275,50.1650,0.4569,50.1650,0.0628,50.1650,0.4569
158400.0000,0.0662,6.6176,50.1650,0.4571,50.1650,0.0628,50.1650,0.4571
158400.0000,0.0711,7.1078,50.1650,0.4572,50.1650,0.0628,50.1650,0.4572
158400.0000,0.0760,7.5980,50.1650,0.4573,50.1650,0.0628,50.1650,0.4573
158400.0000,0.0809,8.0882,50.1650,0.4573,50.1650,0.0628,50.1650,0.4573
158400.0000,0.0858,8.5784,50.1650,0.4573,50.1650,0.0628,50.1650,0.4573
158400.0000,0.0907,9.0686,50.1650,0.4573,50.1650,0.0628,50.1650,0.4573
158400.0000,0.0956,9.5588,50.1650,0.4574,50.1650,0.0628,50.1650,0.4574
158400.0000,0.1005,10.0490,50.1650,0.4574,50.1650,0.0628,50.1650,0.4574
158400.0000,0.1054,10.5392,50.1650,0.4574,50.1650,0.0628,50.1650,0.4574
158400.0000,0.1103,11.0294,50.1650,0.4574,50.1650,0.0628,50.1650,0.4574
158400.0000,0.1152,11.5196,50.1650,0.4574,50.1650,0.0628,50.1650,0.4574
158400.0000,0.1201,12.0098,50.1650,0.4574,50.1650,0.0628,50.1650,0.4574
158400.0000,0.1250,12.5000,50.1650,0.4574,50.1650,0.0628,50.1650,0.4574
158400.0000,0.1299,12.9902,50.1650,0.4574,50.1650,0.0628,50.1650,0.4574
158400.0000,0.1348,13.4804,50.1650,0.4574,50.1650,0.0628,50.1650,0.4574
158400.0000,0.1397,13.9706,50.1650,0.4574,50.1650,0.0628,50.1650,0.4574
158400.0000,0.1446,14.4608,50.1650,0.4574,50.1650,0.0628,50.1650,0.4574
158400.0000,0.1495,14.9510,50.1650,0.4574,50.1650,0.0628,50.1650,0.4574
158400.0000,0.1544,15.4412,50.1650,0.4574,50.1650,0.0628,50.1650,0.4574
158400.0000,0.1593,15.9314,50.1650,0.4573,50.1650,0.0628,50.1650,0.4573
158400.0000,0.1642,16.4216,50.1650,0.4573,50.1650,0.0628,50.1650,0.4573
158400.0000,0.1691,16.9118,50.1650,0.4573,50.1650,0.0628,50.1650,0.4573
158400.0000,0.1740,17.4020,50.1650,0.4573,50.1650,0.0628,50.1650,0.4573
158400.0000,0.1789,17.8922,50.1650,0.4572,50.1650,0.0628,50.1650,0.4572
158400.0000,0.1838,18.3824,50.1650,0.4571,50.1650,0.0628,50.1650,0.4571
158400.0000,0.1887,18.8725,50.1650,0.4569,50.1650,0.0628,50.1650,0.4569
158400.0000,0.1936,19.3627,50.1650,0.4566,50.1650,0.0628,50.1650,0.4566
158400.0000,0.1985,19.8529,50.1650,0.4560,50.1650,0.0627,50.1650,0.4560
158400.0000,0.2034,20.3431,50.1650,0.4551,50.1650,0.0627,50.1650,0.4551
158400.0000,0.2083,20.8333,50.1650,0.4536,50.1650,0.0625,50.1650,0.4536
158400.0000,0.2132,21.3235,50.1650,0.4513,50.1650,0.0623,50.1650,0.4513
158400.0000,0.2181,21.8137,50.1650,0.4477,50.1650,0.0620,50.1650,0.4477
158400.0000,0.2230,22.3039,50.1650,0.4419,50.1650,0.0616,50.1650,0.4419
158400.0000,0.2279,22.7941,50.1650,0.4329,50.1650,0.0608,50.1650,0.4329
158400.0000,0.2328,23.2843,50.1650,0.4182,50.1650,0.0597,50.1650,0.4182
158400.0000,0.2377,23.7745,50.1650,0.3938,50.1650,0.0580,50.1650,0.3938
158400.0000,0.2426,24.2647,50.1650,0.3494,50.1650,0.0553,50.1650,0.3494
158400.0000,0.2475,24.7549,50.1650,0.2334,50.1650,0.0509,50.1650,0.0633
162000.0000,0.0025,0.2451,50.1650,0.2314,50.1650,0.0508,50.1650,0.0627
162000.0000,0.0074,0.7353,50.1650,0.3459,50.1650,0.0550,50.1650,0.3459
162000.0000,0.0123,1.2255,50.1650,0.3895,50.1650,0.0577,50.1650,0.3895
162000.0000,0.0172,1.7157,50.1650,0.4135,50.1650,0.0593,50.1650,0.4135
162000.0000,0.0221,2.2059,50.1650,0.4279,50.1650,0.0604,50.1650,0.4279
162000.0000,0.0270,2.6961,50.1650,0.4368,50.1650,0.0611,50.1650,0.4368
162000.0000,0.0319,3.1863,50.1650,0.4424,50.1650,0.0615,50.1650,0.4424
162000.0000,0.0368,3.6765,50.1650,0.4460,50.1650,0.0618,50.1650,0.4460
162000.0000,0.0417,4.1667,50.1650,0.4482,50.1650,0.0620,50.1650,0.4482
162000.0000,0.0466,4.6569,50.1650,0.4497,50.1650,0.0621,50.1650,0.4497
162000.0000,0.0515,5.1471,50.1650,0.4506,50.1650,0.0622,50.1650,0.4506
162000.0000,0.0564,5.6373,50.1650,0.4511,50.1650,0.0623,50.1650,0.4511
162000.0000,0.0613,6.1275,50.1650,0.4514,50.1650,0.0623,50.1650,0.4514
162000.0000,0.0662,6.6176,50.1650,0.4516,50.1650,0.0623,50.1650,0.4516
162000.0000,0.0711,7.1078,50.1650,0.4518,50.1650,0.0623,50.1650,0.4518
162000.0000,0.0760,7.5980,50.1650,0.4518,50.1650,0.0623,50.1650,0.4518
162000.0000,0.0809,8.0882,50.1650,0.4519,50.1650,0.0623,50.1650,0.4519
162000.0000,0.0858,8.5784,50.1650,0.4519,50.1650,0.0623,50.1650,0.4519
162000.0000,0.0907,9.0686,50.1650,0.4519,50.1650,0.0623,50.1650,0.4519
162000.0000,0.0956,9.5588,50.1650,0.4519,50.1650,0.0623,50.1650,0.4519
162000.0000,0.1005,10.0490,50.1650,0.4519,50.1650,0.0623,50.1650,0.4519
162000.0000,0.1054,10.5392,50.1650,0.4519,50.1650,0.0623,50.1650,0.4519
162000.0000,0.1103,11.0294,50.1650,0.4519,50.1650,0.0623,50.1650,0.4519
162000.0000,0.1152,11.5196,50.1650,0.4519,50.1650,0.0623,50.1650,0.4519
162000.0000,0.1201,12.0098,50.1650,0.4519,50.1650,0.0623,50.1650,0.4519
162000.0000,0.1250,12.5000,50.1650,0.4519,50.1650,0.0623,50.1650,0.4519
162000.0000,0.1299,12.9902,50.1650,0.4519,50.1650,0.0623,50.1650,0.4519
162000.0000,0.1348,13.4804,50.1650,0.4519,50.1650,0.0623,50.1650,0.4519
162000.0000,0.1397,13.9706,50.1650,0.4519,50.1650,0.0623,50.1650,0.4519
162000.0000,0.1446,14.4608,50.1650,0.4519,50.1650,0.0623,50.1650,0.4519
162000.0000,0.1495,14.9510,50.1650,0.4519,50.1650,0.0623,50.1650,0.4519
162000.0000,0.1544,15.4412,50.1650,0.4519,50.1650,0.0623,50.1650,0.4519
162000.0000,0.1593,15.9314,50.1650,0.4519,50.1650,0.0623,50.1650,0.4519
162000.0000,0.1642,16.4216,50.1650,0.4519,50.1650,0.0623,50.1650,0.4519
162000.0000,0.1691,16.9118,50.1650,0.4519,50.1650,0.0623,50.1650,0.4519
162000.0000,0.1740,17.4020,50.1650,0.4518,50.1650,0.0623,50.1650,0.4518
162000.0000,0.1789,17.8922,50.1650,0.4518,50.1650,0.0623,50.1650,0.4518
162000.0000,0.1838,18.3824,50.1650,0.4516,50.1650,0.0623,50.1650,0.4516
162000.0000,0.1887,18.8725,50.1650,0.4514,50.1650,0.0623,50.1650,0.4514
162000.0000,0.1936,19.3627,50.1650,0.4511,50.1650,0.0623,50.1650,0.4511
162000.0000,0.1985,19.8529,50.1650,0.4506,50.1650,0.0622,50.1650,0.4506
162000.0000,0.2034,20.3431,50.1650,0.4497,50.1650,0.0621,50.1650,0.4497
162000.0000,0.2083,20.8333,50.1650,0.4482,50.1650,0.0620,50.1650,0.4482
162000.0000,0.2132,21.3235,50.1650,0.4460,50.1650,0.0618,50.1650,0.4460
162000.0000,0.2181,21.8137,50.1650,0.4424,50.1650,0.0615,50.1650,0.4424
162000.0000,0.2230,22.3039,50.1650,0.4368,50.1650,0.0611,50.1650,0.4368
162000.0000,0.2279,22.7941,50.1650,0.4279,50.1650,0.0604,50.1650,0.4279
162000.0000,0.2328,23.2843,50.1650,0.4135,50.1650,0.0593,50.1650,0.4135
162000.0000,0.2377,23.7745,50.1650,0.3895,50.1650,0.0577,50.1650,0.3895
162000.0000,0.2426,24.2647,50.1650,0.3459,50.1650,0.0550,50.1650,0.3459
162000.0000,0.2475,24.7549,50.1650,0.2314,50.1650,0.0508,50.1650,0.0627
165600.0000,0.0025,0.2451,50.1650,0.2295,50.1650,0.0508,50.1650,0.0622
165600.0000,0.0074,0.7353,50.1650,0.3425,50.1650,0.0548,50.1650,0.3425
165600.0000,0.0123,1.2255,50.1650,0.3855,50.1650,0.0574,50.1650,0.3855
165600.0000,0.0172,1.7157,50.1650,0.4090,50.1650,0.0590,50.1650,0.4090
165600.0000,0.0221,2.2059,50.1650,0.4231,50.1650,0.0600,50.1650,0.4231
165600.0000,0.0270,2.6961,50.1650,0.4318,50.1650,0.0606,50.1650,0.4318
165600.0000,0.0319,3.1863,50.1650,0.4373,50.1650,0.0611,50.1650,0.4373
165600.0000,0.0368,3.6765,50.1650,0.4408,50.1650,0.0614,50.1650,0.4408
165600.0000,0.0417,4.1667,50.1650,0.4431,50.1650,0.0615,50.1650,0.4431
165600.0000,0.0466,4.6569,50.1650,0.4445,50.1650,0.0616,50.1650,0.4445
165600.0000,0.0515,5.1471,50.1650,0.4453,50.1650,0.0617,50.1650,0.4453
165600.0000,0.0564,5.6373,50.1650,0.4459,50.1650,0.0618,50.1650,0.4459
165600.0000,0.0613,6.1275,50.1650,0.4462,50.1650,0.0618,50.1650,0.4462
165600.0000,0.0662,6.6176,50.1650,0.4464,50.1650,0.0618,50.1650,0.4464
165600.0000,0.0711,7.1078,50.1650,0.4465,50.1650,0.0618,50.1650,0.4465
165600.0000,0.0760,7.5980,50.1650,0.4466,50.1650,0.0618,50.1650,0.4466
165600.0000,0.0809,8.0882,50.1650,0.4466,50.1650,0.0618,50.1650,0.4466
165600.0000,0.0858,8.5784,50.1650,0.4466,50.1650,0.0618,50.1650,0.4466
165600.0000,0.0907,9.0686,50.1650,0.4467,50.1650,0.0618,50.1650,0.4467
165600.0000,0.0956,9.5588,50.1650,0.4467,50.1650,0.0618,50.1650,0.4467
165600.0000,0.1005,10.0490,50.1650,0.4467,50.1650,0.0618,50.1650,0.4467
165600.0000,0.1054,10.5392,50.1650,0.4467,50.1650,0.0618,50.1650,0.4467
165600.0000,0.1103,11.0294,50.1650,0.4467,50.1650,0.0618,50.1650,0.4467
165600.0000,0.1152,11.5196,50.1650,0.4467,50.1650,0.0618,50.1650,0.4467
165600.0000,0.1201,12.0098,50.1650,0.4467,50.1650,0.0618,50.1650,0.4467
165600.0000,0.1250,12.5000,50.1650,0.4467,50.1650,0.0618,50.1650,0.4467
165600.0000,0.1299,12.9902,50.1650,0.4467,50.1650,0.0618,50.1650,0.4467
165600.0000,0.1348,13.4804,50.1650,0.4467,50.1650,0.0618,50.1650,0.4467
165600.0000,0.1397,13.9706,50.1650,0.4467,50.1650,0.0618,50.1650,0.4467
165600.0000,0.1446,14.4608,50.1650,0.4467,50.1650,0.0618,50.1650,0.4467
165600.0000,0.1495,14.9510,50.1650,0.4467,50.1650,0.0618,50.1650,0.4467
165600.0000,0.1544,15.4412,50.1650,0.4467,50.1650,0.0618,50.1650,0.4467
165600.0000,0.1593,15.9314,50.1650,0.4467,50.1650,0.0618,50.1650,0.4467
165600.0000,0.1642,16.4216,50.1650,0.4466,50.1650,0.0618,50.1650,0.4466
165600.0000,0.1691,16.9118,50.1650,0.4466,50.1650,0.0618,50.1650,0.4466
165600.0000,0.1740,17.4020,50.1650,0.4466,50.1650,0.0618,50.1650,0.4466
165600.0000,0.1789,17.8922,50.1650,0.4465,50.1650,0.0618,50.1650,0.4465
165600.0000,0.1838,18.3824,50.1650,0.4464,50.1650,0.0618,50.1650,0.4464
165600.0000,0.1887,18.8725,50.1650,0.4462,50.1650,0.0618,50.1650,0.4462
165600.0000,0.1936,19.3627,50.1650,0.4459,50.1650,0.0618,50.1650,0.4459
165600.0000,0.1985,19.8529,50.1650,0.4453,50.1650,0.0617,50.1650,0.4453
165600.0000,0.2034,20.3431,50.1650,0.4445,50.1650,0.0616,50.1650,0.4445
165600.0000,0.2083,20.8333,50.1650,0.4431,50.1650,0.0615,50.1650,0.4431
165600.0000,0.2132,21.3235,50.1650,0.4408,50.1650,0.0614,50.1650,0.4408
165600.0000,0.2181,21.8137,50.1650,0.4373,50.1650,0.0611,50.1650,0.4373
165600.0000,0.2230,22.3039,50.1650,0.4318,50.1650,0.0606,50.1650,0.4318
165600.0000,0.2279,22.7941,50.1650,0.4231,50.1650,0.0600,50.1650,0.4231
165600.0000,0.2328,23.2843,50.1650,0.4090,50.1650,0.0590,50.1650,0.4090
165600.0000,0.2377,23.7745,50.1650,0.3855,50.1650,0.0574,50.1650,0.3855
165600.0000,0.2426,24.2647,50.1650,0.3425,50.1650,0.0548,50.1650,0.3425
165600.0000,0.2475,24.7549,50.1650,0.2295,50.1650,0.0508,50.1650,0.0622
169200.0000,0.0025,0.2451,50.1650,0.2277,50.1650,0.0508,50.1650,0.0617
169200.0000,0.0074,0.7353,50.1650,0.3392,50.1650,0.0546,50.1650,0.3392
169200.0000,0.0123,1.2255,50.1650,0.3815,50.1650,0.0571,50.1650,0.3815
169200.0000,0.0172,1.7157,50.1650,0.4047,50.1650,0.0586,50.1650,0.4047
169200.0000,0.0221,2.2059,50.1650,0.4185,50.1650,0.0596,50.1650,0.4185
169200.0000,0.0270,2.6961,50.1650,0.4271,50.1650,0.0602,50.1650,0.4271
169200.0000,0.0319,3.1863,50.1650,0.4325,50.1650,0.0606,50.1650,0.4325
169200.0000,0.0368,3.6765,50.1650,0.4359,50.1650,0.0609,50.1650,0.4359
169200.0000,0.0417,4.1667,50.1650,0.4381,50.1650,0.0611,50.1650,0.4381
169200.0000,0.0466,4.6569,50.1650,0.4395,50.1650,0.0612,50.1650,0.4395
169200.0000,0.0515,5.1471,50.1650,0.4403,50.1650,0.0613,50.1650,0.4403
169200.0000,0.0564,5.6373,50.1650,0.4409,50.1650,0.0613,50.1650,0.4409
169200.0000,0.0613,6.1275,50.1650,0.4412,50.1650,0.0613,50.1650,0.4412
169200.0000,0.0662,6.6176,50.1650,0.4414,50.1650,0.0613,50.1650,0.4414
169200.0000,0.0711,7.1078,50.1650,0.4415,50.1650,0.0613,50.1650,0.4415
169200.0000,0.0760,7.5980,50.1650,0.4416,50.1650,0.0613,50.1650,0.4416
169200.0000,0.0809,8.0882,50.1650,0.4416,50.1650,0.0614,50.1650,0.4416
169200.0000,0.0858,8.5784,50.1650,0.4416,50.1650,0.0614,50.1650,0.4416
169200.0000,0.0907,9.0686,50.1650,0.4416,50.1650,0.0614,50.1650,0.4416
169200.0000,0.0956,9.5588,50.1650,0.4416,50.1650,0.0614,50.1650,0.4416
169200.0000,0.1005,10.0490,50.1650,0.4417,50.1650,0.0614,50.1650,0.4417
169200.0000,0.1054,10.5392,50.1650,0.4417,50.1650,0.0614,50.1650,0.4417
169200.0000,0.1103,11.0294,50.1650,0.4417,50.1650,0.0614,50.1650,0.4417
169200.0000,0.1152,11.5196,50.1650,0.4417,50.1650,0.0614,50.1650,0.4417
169200.0000,0.1201,12.0098,50.1650,0.4417,50.1650,0.0614,50.1650,0.4417
169200.0000,0.1250,12.5000,50.1650,0.4417,50.1650,0.0614,50.1650,0.4417
169200.0000,0.1299,12.9902,50.1650,0.4417,50.1650,0.0614,50.1650,0.4417
169200.0000,0.1348,13.4804,50.1650,0.4417,50.1650,0.0614,50.1650,0.4417
169200.0000,0.1397,13.9706,50.1650,0.4417,50.1650,0.0614,50.1650,0.4417
169200.0000,0.1446,14.4608,50.1650,0.4417,50.1650,0.0614,50.1650,0.4417
169200.0000,0.1495,14.9510,50.1650,0.4417,50.1650,0.0614,50.1650,0.4417
169200.0000,0.1544,15.4412,50.1650,0.4416,50.1650,0.0614,50.1650,0.4416
169200.0000,0.1593,15.9314,50.1650,0.4416,50.1650,0.0614,50.1650,0.4416
169200.0000,0.1642,16.4216,50.1650,0.4416,50.1650,0.0614,50.1650,0.4416
169200.0000,0.1691,16.9118,50.1650,0.4416,50.1650,0.0614,50.1650,0.4416
169200.0000,0.1740,17.4020,50.1650,0.4416,50.1650,0.0613,50.1650,0.4416
169200.0000,0.1789,17.8922,50.1650,0.4415,50.1650,0.0613,50.1650,0.4415
169200.0000,0.1838,18.3824,50.1650,0.4414,50.1650,0.0613,50.1650,0.4414
169200.0000,0.1887,18.8725,50.1650,0.4412,50.1650,0.0613,50.1650,0.4412
169200.0000,0.1936,19.3627,50.1650,0.4409,50.1650,0.0613,50.1650,0.4409
169200.0000,0.1985,19.8529,50.1650,0.4403,50.1650,0.0613,50.1650,0.4403
169200.0000,0.2034,20.3431,50.1650,0.4395,50.1650,0.0612,50.1650,0.4395
169200.0000,0.2083,20.8333,50.1650,0.4381,50.1650,0.0611,50.1650,0.4381
169200.0000,0.2132,21.3235,50.1650,0.4359,50.1650,0.0609,50.1650,0.4359
169200.0000,0.2181,21.8137,50.1650,0.4325,50.1650,0.0606,50.1650,0.4325
169200.0000,0.2230,22.3039,50.1650,0.4271,50.1650,0.0602,50.1650,0.4271
169200.0000,0.2279,22.7941,50.1650,0.4185,50.1650,0.0596,50.1650,0.4185
169200.0000,0.2328,23.2843,50.1650,0.4047,50.1650,0.0586,50.1650,0.4047
169200.0000,0.2377,23.7745,50.1650,0.3815,50.1650,0.0571,50.1650,0.3815
169200.0000,0.2426,24.2647,50.1650,0.3392,50.1650,0.0546,50.1650,0.3392
169200.0000,0.2475,24.7549,50.1650,0.2277,50.1650,0.0508,50.1650,0.0617
172800.0000,0.0025,0.2451,50.1650,0.2260,50.1650,0.0507,50.1650,0.0613
172800.0000,0.0074,0.7353,50.1650,0.3361,50.1650,0.0545,50.1650,0.3361
172800.0000,0.0123,1.2255,50.1650,0.3778,50.1650,0.0568,50.1650,0.3778
172800.0000,0.0172,1.7157,50.1650,0.4005,50.1650,0.0583,50.1650,0.4005
172800.0000,0.0221,2.2059,50.1650,0.4141,50.1650,0.0592,50.1650,0.4141
172800.0000,0.0270,2.6961,50.1650,0.4226,50.1650,0.0598,50.1650,0.4226
172800.0000,0.0319,3.1863,50.1650,0.4278,50.1650,0.0602,50.1650,0.4278
172800.0000,0.0368,3.6765,50.1650,0.4312,50.1650,0.0605,50.1650,0.4312
172800.0000,0.0417,4.1667,50.1650,0.4333,50.1650,0.0607,50.1650,0.4333
172800.0000,0.0466,4.6569,50.1650,0.4347,50.1650,0.0608,50.1650,0.4347
172800.0000,0.0515,5.1471,50.1650,0.4355,50.1650,0.0608,50.1650,0.4355
172800.0000,0.0564,5.6373,50.1650,0.4361,50.1650,0.0609,50.1650,0.4361
172800.0000,0.0613,6.1275,50.1650,0.4364,50.1650,0.0609,50.1650,0.4364
172800.0000,0.0662,6.6176,50.1650,0.4366,50.1650,0.0609,50.1650,0.4366
172800.0000,0.0711,7.1078,50.1650,0.4367,50.1650,0.0609,50.1650,0.4367
172800.0000,0.0760,7.5980,50.1650,0.4368,50.1650,0.0609,50.1650,0.4368
172800.0000,0.0809,8.0882,50.1650,0.4368,50.1650,0.0609,50.1650,0.4368
172800.0000,0.0858,8.5784,50.1650,0.4368,50.1650,0.0609,50.1650,0.4368
172800.0000,0.0907,9.0686,50.1650,0.4368,50.1650,0.0609,50.1650,0.4368
172800.0000,0.0956,9.5588,50.1650,0.4368,50.1650,0.0609,50.1650,0.4368
172800.0000,0.1005,10.0490,50.1650,0.4368,50.1650,0.0609,50.1650,0.4368
172800.0000,0.1054,10.5392,50.1650,0.4368,50.1650,0.0609,50.1650,0.4368
172800.0000,0.1103,11.0294,50.1650,0.4368,50.1650,0.0609,50.1650,0.4368
172800.0000,0.1152,11.5196,50.1650,0.4368,50.1650,0.0609,50.1650,0.4368
172800.0000,0.1201,12.0098,50.1650,0.4368,50.1650,0.0609,50.1650,0.4368
172800.0000,0.1250,12.5000,50.1650,0.4368,50.1650,0.0609,50.1650,0.4368
172800.0000,0.1299,12.9902,50.1650,0.4368,50.1650,0.0609,50.1650,0.4368
172800.0000,0.1348,13.4804,50.1650,0.4368,50.1650,0.0609,50.1650,0.4368
172800.0000,0.1397,13.9706,50.1650,0.4368,50.1650,0.0609,50.1650,0.4368
172800.0000,0.1446,14.4608,50.1650,0.4368,50.1650,0.0609,50.1650,0.4368
172800.0000,0.1495,14.9510,50.1650,0.4368,50.1650,0.0609,50.1650,0.4368
172800.0000,0.1544,15.4412,50.1650,0.4368,50.1650,0.0609,50.1650,0.4368
172800.0000,0.1593,15.9314,50.1650,0.4368,50.1650,0.0609,50.1650,0.4368
172800.0000,0.1642,16.4216,50.1650,0.4368,50.1650,0.0609,50.1650,0.4368
172800.0000,0.1691,16.9118,50.1650,0.4368,50.1650,0.0609,50.1650,0.4368
172800.0000,0.1740,17.4020,50.1650,0.4368,50.1650,0.0609,50.1650,0.4368
172800.0000,0.1789,17.8922,50.1650,0.4367,50.1650,0.0609,50.1650,0.4367
172800.0000,0.1838,18.3824,50.1650,0.4366,50.1650,0.0609,50.1650,0.4366
172800.0000,0.1887,18.8725,50.1650,0.4364,50.1650,0.0609,50.1650,0.4364
172800.0000,0.1936,19.3627,50.1650,0.4361,50.1650,0.0609,50.1650,0.4361
172800.0000,0.1985,19.8529,50.1650,0.4355,50.1650,0.0608,50.1650,0.4355
172800.0000,0.2034,20.3431,50.1650,0.4347,50.1650,0.0608,50.1650,0.4347
172800.0000,0.2083,20.8333,50.1650,0.4333,50.1650,0.0607,50.1650,0.4333
172800.0000,0.2132,21.3235,50.1650,0.4312,50.1650,0.0605,50.1650,0.4312
172800.0000,0.2181,21.8137,50.1650,0.4278,50.1650,0.0602,50.1650,0.4278
172800.0000,0.2230,22.3039,50.1650,0.4226,50.1650,0.0598,50.1650,0.4226
172800.0000,0.2279,22.7941,50.1650,0.4141,50.1650,0.0592,50.1650,0.4141
172800.0000,0.2328,23.2843,50.1650,0.4005,50.1650,0.0583,50.1650,0.4005
172800.0000,0.2377,23.7745,50.1650,0.3778,50.1650,0.0568,50.1650,0.3778
172800.0000,0.2426,24.2647,50.1650,0.3361,50.1650,0.0545,50.1650,0.3361
172800.0000,0.2475,24.7549,50.1650,0.2260,50.1650,0.0507,50.1650,0.0613
176400.0000,0.0025,0.2451,50.1650,0.2243,50.1650,0.0507,50.1650,0.0609
176400.0000,0.0074,0.7353,50.1650,0.3331,50.1650,0.0543,50.1650,0.3331
176400.0000,0.0123,1.2255,50.1650,0.3741,50.1650,0.0565,50.1650,0.3741
176400.0000,0.0172,1.7157,50.1650,0.3966,50.1650,0.0580,50.1650,0.3966
176400.0000,0.0221,2.2059,50.1650,0.4099,50.1650,0.0589,50.1650,0.4099
176400.0000,0.0270,2.6961,50.1650,0.4182,50.1650,0.0595,50.1650,0.4182
176400.0000,0.0319,3.1863,50.1650,0.4234,50.1650,0.0598,50.1650,0.4234
176400.0000,0.0368,3.6765,50.1650,0.4267,50.1650,0.0601,50.1650,0.4267
176400.0000,0.0417,4.1667,50.1650,0.4288,50.1650,0.0602,50.1650,0.4288
176400.0000,0.0466,4.6569,50.1650,0.4301,50.1650,0.0603,50.1650,0.4301
176400.0000,0.0515,5.1471,50.1650,0.4309,50.1650,0.0604,50.1650,0.4309
176400.0000,0.0564,5.6373,50.1650,0.4315,50.1650,0.0604,50.1650,0.4315
176400.0000,0.0613,6.1275,50.1650,0.4318,50.1650,0.0605,50.1650,0.4318
176400.0000,0.0662,6.6176,50.1650,0.4320,50.1650,0.0605,50.1650,0.4320
176400.0000,0.0711,7.1078,50.1650,0.4321,50.1650,0.0605,50.1650,0.4321
176400.0000,0.0760,7.5980,50.1650,0.4321,50.1650,0.0605,50.1650,0.4321
176400.0000,0.0809,8.0882,50.1650,0.4322,50.1650,0.0605,50.1650,0.4322
176400.0000,0.0858,8.5784,50.1650,0.4322,50.1650,0.0605,50.1650,0.4322
176400.0000,0.0907,9.0686,50.1650,0.4322,50.1650,0.0605,50.1650,0.4322
176400.0000,0.0956,9.5588,50.1650,0.4322,50.1650,0.0605,50.1650,0.4322
176400.0000,0.1005,10.0490,50.1650,0.4322,50.1650,0.0605,50.1650,0.4322
176400.0000,0.1054,10.5392,50.1650,0.4322,50.1650,0.0605,50.1650,0.4322
176400.0000,0.1103,11.0294,50.1650,0.4322,50.1650,0.0605,50.1650,0.4322
176400.0000,0.1152,11.5196,50.1650,0.4322,50.1650,0.0605,50.1650,0.4322
176400.0000,0.1201,12.0098,50.1650,0.4322,50.1650,0.0605,50.1650,0.4322
176400.0000,0.1250,12.5000,50.1650,0.4322,50.1650,0.0605,50.1650,0.4322
176400.0000,0.1299,12.9902,50.1650,0.4322,50.1650,0.0605,50.1650,0.4322
176400.0000,0.1348,13.4804,50.1650,0.4322,50.1650,0.0605,50.1650,0.4322
176400.0000,0.1397,13.9706,50.1650,0.4322,50.1650,0.0605,50.1650,0.4322
176400.0000,0.1446,14.4608,50.1650,0.4322,50.1650,0.0605,50.1650,0.4322
176400.0000,0.1495,14.9510,50.1650,0.4322,50.1650,0.0605,50.1650,0.4322
176400.0000,0.1544,15.4412,50.1650,0.4322,50.1650,0.0605,50.1650,0.4322
176400.0000,0.1593,15.9314,50.1650,0.4322,50.1650,0.0605,50.1650,0.4322
176400.0000,0.1642,16.4216,50.1650,0.4322,50.1650,0.0605,50.1650,0.4322
176400.0000,0.1691,16.9118,50.1650,0.4322,50.1650,0.0605,50.1650,0.4322
176400.0000,0.1740,17.4020,50.1650,0.4321,50.1650,0.0605,50.1650,0.4321
176400.0000,0.1789,17.8922,50.1650,0.4321,50.1650,0.0605,50.1650,0.4321
176400.0000,0.1838,18.3824,50.1650,0.4320,50.1650,0.0605,50.1650,0.4320
176400.0000,0.1887,18.8725,50.1650,0.4318,50.1650,0.0605,50.1650,0.4318
176400.0000,0.1936,19.3627,50.1650,0.4315,50.1650,0.0604,50.1650,0.4315
176400.0000,0.1985,19.8529,50.1650,0.4309,50.1650,0.0604,50.1650,0.4309
176400.0000,0.2034,20.3431,50.1650,0.4301,50.1650,0.0603,50.1650,0.4301
176400.0000,0.2083,20.8333,50.1650,0.4288,50.1650,0.0602,50.1650,0.4288
176400.0000,0.2132,21.3235,50.1650,0.4267,50.1650,0.0601,50.1650,0.4267
176400.0000,0.2181,21.8137,50.1650,0.4234,50.1650,0.0598,50.1650,0.4234
176400.0000,0.2230,22.3039,50.1650,0.4182,50.1650,0.0595,50.1650,0.4182
176400.0000,0.2279,22.7941,50.1650,0.4099,50.1650,0.0589,50.1650,0.4099
176400.0000,0.2328,23.2843,50.1650,0.3966,50.1650,0.0580,50.1650,0.3966
176400.0000,0.2377,23.7745,50.1650,0.3741,50.1650,0.0565,50.1650,0.3741
176400.0000,0.2426,24.2647,50.1650,0.3331,50.1650,0.0543,50.1650,0.3331
176400.0000,0.2475,24.7549,50.1650,0.2243,50.1650,0.0507,50.1650,0.0609
180000.0000,0.0025,0.2451,50.1650,0.2227,50.1650,0.0507,50.1650,0.0605
180000.0000,0.0074,0.7353,50.1650,0.3302,50.1650,0.0541,50.1650,0.3302
180000.0000,0.0123,1.2255,50.1650,0.3706,50.1650,0.0563,50.1650,0.3706
180000.0000,0.0172,1.7157,50.1650,0.3927,50.1650,0.0577,50.1650,0.3927
180000.0000,0.0221,2.2059,50.1650,0.4059,50.1650,0.0586,50.1650,0.4059
180000.0000,0.0270,2.6961,50.1650,0.4140,50.1650,0.0591,50.1650,0.4140
180000.0000,0.0319,3.1863,50.1650,0.4191,50.1650,0.0595,50.1650,0.4191
180000.0000,0.0368,3.6765,50.1650,0.4223,50.1650,0.0597,50.1650,0.4223
180000.0000,0.0417,4.1667,50.1650,0.4244,50.1650,0.0599,50.1650,0.4244
180000.0000,0.0466,4.6569,50.1650,0.4257,50.1650,0.0600,50.1650,0.4257
180000.0000,0.0515,5.1471,50.1650,0.4265,50.1650,0.0600,50.1650,0.4265
180000.0000,0.0564,5.6373,50.1650,0.4270,50.1650,0.0601,50.1650,0.4270
180000.0000,0.0613,6.1275,50.1650,0.4273,50.1650,0.0601,50.1650,0.4273
180000.0000,0.0662,6.6176,50.1650,0.4275,50.1650,0.0601,50.1650,0.4275
180000.0000,0.0711,7.1078,50.1650,0.4276,50.1650,0.0601,50.1650,0.4276
180000.0000,0.0760,7.5980,50.1650,0.4277,50.1650,0.0601,50.1650,0.4277
180000.0000,0.0809,8.0882,50.1650,0.4277,50.1650,0.0601,50.1650,0.4277
180000.0000,0.0858,8.5784,50.1650,0.4278,50.1650,0.0601,50.1650,0.4278
180000.0000,0.0907,9.0686,50.1650,0.4278,50.1650,0.0601,50.1650,0.4278
180000.0000,0.0956,9.5588,50.1650,0.4278,50.1650,0.0601,50.1650,0.4278
180000.0000,0.1005,10.0490,50.1650,0.4278,50.1650,0.0601,50.1650,0.4278
180000.0000,0.1054,10.5392,50.1650,0.4278,50.1650,0.0601,50.1650,0.4278
180000.0000,0.1103,11.0294,50.1650,0.4278,50.1650,0.0601,50.1650,0.4278
180000.0000,0.1152,11.5196,50.1650,0.4278,50.1650,0.0601,50.1650,0.4278
180000.0000,0.1201,12.0098,50.1650,0.4278,50.1650,0.0601,50.1650,0.4278
180000.0000,0.1250,12.5000,50.1650,0.4278,50.1650,0.0601,50.1650,0.4278
180000.0000,0.1299,12.9902,50.1650,0.4278,50.1650,0.0601,50.1650,0.4278
180000.0000,0.1348,13.4804,50.1650,0.4278,50.1650,0.0601,50.1650,0.4278
180000.0000,0.1397,13.9706,50.1650,0.4278,50.1650,0.0601,50.1650,0.4278
180000.0000,0.1446,14.4608,50.1650,0.4278,50.1650,0.0601,50.1650,0.4278
180000.0000,0.1495,14.9510,50.1650,0.4278,50.1650,0.0601,50.1650,0.4278
180000.0000,0.1544,15.4412,50.1650,0.4278,50.1650,0.0601,50.1650,0.4278
180000.0000,0.1593,15.9314,50.1650,0.4278,50.1650,0.0601,50.1650,0.4278
180000.0000,0.1642,16.4216,50.1650,0.4278,50.1650,0.0601,50.1650,0.4278
180000.0000,0.1691,16.9118,50.1650,0.4277,50.1650,0.0601,50.1650,0.4277
180000.0000,0.1740,17.4020,50.1650,0.4277,50.1650,0.0601,50.1650,0.4277
180000.0000,0.1789,17.8922,50.1650,0.4276,50.1650,0.0601,50.1650,0.4276
180000.0000,0.1838,18.3824,50.1650,0.4275,50.1650,0.0601,50.1650,0.4275
180000.0000,0.1887,18.8725,50.1650,0.4273,50.1650,0.0601,50.1650,0.4273
180000.0000,0.1936,19.3627,50.1650,0.4270,50.1650,0.0601,50.1650,0.4270
180000.0000,0.1985,19.8529,50.1650,0.4265,50.1650,0.0600,50.1650,0.4265
180000.0000,0.2034,20.3431,50.1650,0.4257,50.1650,0.0600,50.1650,0.4257
180000.0000,0.2083,20.8333,50.1650,0.4244,50.1650,0.0599,50.1650,0.4244
180000.0000,0.2132,21.3235,50.1650,0.4223,50.1650,0.0597,50.1650,0.4223
180000.0000,0.2181,21.8137,50.1650,0.4191,50.1650,0.0595,50.1650,0.4191
180000.0000,0.2230,22.3039,50.1650,0.4140,50.1650,0.0591,50.1650,0.4140
180000.0000,0.2279,22.7941,50.1650,0.4059,50.1650,0.0586,50.1650,0.4059
180000.0000,0.2328,23.2843,50.1650,0.3927,50.1650,0.0577,50.1650,0.3927
180000.0000,0.2377,23.7745,50.1650,0.3706,50.1650,0.0563,50.1650,0.3706
180000.0000,0.2426,24.2647,50.1650,0.3302,50.1650,0.0541,50.1650,0.3302
180000.0000,0.2475,24.7549,50.1650,0.2227,50.1650,0.0507,50.1650,0.0605
183600.0000,0.0025,0.2451,50.1650,0.2211,50.1650,0.0506,50.1650,0.0601
183600.0000,0.0074,0.7353,50.1650,0.3274,50.1650,0.0540,50.1650,0.3274
183600.0000,0.0123,1.2255,50.1650,0.3673,50.1650,0.0561,50.1650,0.3673
183600.0000,0.0172,1.7157,50.1650,0.3890,50.1650,0.0574,50.1650,0.3890
183600.0000,0.0221,2.2059,50.1650,0.4019,50.1650,0.0582,50.1650,0.4019
183600.0000,0.0270,2.6961,50.1650,0.4099,50.1650,0.0588,50.1650,0.4099
183600.0000,0.0319,3.1863,50.1650,0.4149,50.1650,0.0591,50.1650,0.4149
183600.0000,0.0368,3.6765,50.1650,0.4181,50.1650,0.0594,50.1650,0.4181
183600.0000,0.0417,4.1667,50.1650,0.4202,50.1650,0.0595,50.1650,0.4202
183600.0000,0.0466,4.6569,50.1650,0.4214,50.1650,0.0596,50.1650,0.4214
183600.0000,0.0515,5.1471,50.1650,0.4222,50.1650,0.0597,50.1650,0.4222
183600.0000,0.0564,5.6373,50.1650,0.4228,50.1650,0.0597,50.1650,0.4228
183600.0000,0.0613,6.1275,50.1650,0.4231,50.1650,0.0597,50.1650,0.4231
183600.0000,0.0662,6.6176,50.1650,0.4232,50.1650,0.0597,50.1650,0.4232
183600.0000,0.0711,7.1078,50.1650,0.4234,50.1650,0.0597,50.1650,0.4234
183600.0000,0.0760,7.5980,50.1650,0.4234,50.1650,0.0597,50.1650,0.4234
183600.0000,0.0809,8.0882,50.1650,0.4235,50.1650,0.0597,50.1650,0.4235
183600.0000,0.0858,8.5784,50.1650,0.4235,50.1650,0.0597,50.1650,0.4235
183600.0000,0.0907,9.0686,50.1650,0.4235,50.1650,0.0598,50.1650,0.4235
183600.0000,0.0956,9.5588,50.1650,0.4235,50.1650,0.0598,50.1650,0.4235
183600.0000,0.1005,10.0490,50.1650,0.4235,50.1650,0.0598,50.1650,0.4235
183600.0000,0.1054,10.5392,50.1650,0.4235,50.1650,0.0598,50.1650,0.4235
183600.0000,0.1103,11.0294,50.1650,0.4235,50.1650,0.0598,50.1650,0.4235
183600.0000,0.1152,11.5196,50.1650,0.4235,50.1650,0.0598,50.1650,0.4235
183600.0000,0.1201,12.0098,50.1650,0.4235,50.1650,0.0598,50.1650,0.4235
183600.0000,0.1250,12.5000,50.1650,0.4235,50.1650,0.0598,50.1650,0.4235
183600.0000,0.1299,12.9902,50.1650,0.4235,50.1650,0.0598,50.1650,0.4235
183600.0000,0.1348,13.4804,50.1650,0.4235,50.1650,0.0598,50.1650,0.4235
183600.0000,0.1397,13.9706,50.1650,0.4235,50.1650,0.0598,50.1650,0.4235
183600.0000,0.1446,14.4608,50.1650,0.4235,50.1650,0.0598,50.1650,0.4235
183600.0000,0.1495,14.9510,50.1650,0.4235,50.1650,0.0598,50.1650,0.4235
183600.0000,0.1544,15.4412,50.1650,0.4235,50.1650,0.0598,50.1650,0.4235
183600.0000,0.1593,15.9314,50.1650,0.4235,50.1650,0.0598,50.1650,0.4235
183600.0000,0.1642,16.4216,50.1650,0.4235,50.1650,0.0597,50.1650,0.4235
183600.0000,0.1691,16.9118,50.1650,0.4235,50.1650,0.0597,50.1650,0.4235
183600.0000,0.1740,17.4020,50.1650,0.4234,50.1650,0.0597,50.1650,0.4234
183600.0000,0.1789,17.8922,50.1650,0.4234,50.1650,0.0597,50.1650,0.4234
183600.0000,0.1838,18.3824,50.1650,0.4232,50.1650,0.0597,50.1650,0.4232
183600.0000,0.1887,18.8725,50.1650,0.4231,50.1650,0.0597,50.1650,0.4231
183600.0000,0.1936,19.3627,50.1650,0.4228,50.1650,0.0597,50.1650,0.4228
183600.0000,0.1985,19.8529,50.1650,0.4222,50.1650,0.0597,50.1650,0.4222
183600.0000,0.2034,20.3431,50.1650,0.4214,50.1650,0.0596,50.1650,0.4214
183600.0000,0.2083,20.8333,50.1650,0.4202,50.1650,0.0595,50.1650,0.4202
183600.0000,0.2132,21.3235,50.1650,0.4181,50.1650,0.0594,50.1650,0.4181
183600.0000,0.2181,21.8137,50.1650,0.4149,50.1650,0.0591,50.1650,0.4149
183600.0000,0.2230,22.3039,50.1650,0.4099,50.1650,0.0588,50.1650,0.4099
183600.0000,0.2279,22.7941,50.1650,0.4019,50.1650,0.0582,50.1650,0.4019
183600.0000,0.2328,23.2843,50.1650,0.3890,50.1650,0.0574,50.1650,0.3890
183600.0000,0.2377,23.7745,50.1650,0.3673,50.1650,0.0561,50.1650,0.3673
183600.0000,0.2426,24.2647,50.1650,0.3274,50.1650,0.0540,50.1650,0.3274
183600.0000,0.2475,24.7549,50.1650,0.2211,50.1650,0.0506,50.1650,0.0601
187200.0000,0.0025,0.2451,50.1650,0.2196,50.1650,0.0506,50.1650,0.0598
187200.0000,0.0074,0.7353,50.1650,0.3247,50.1650,0.0538,50.1650,0.3247
187200.0000,0.0123,1.2255,50.1650,0.3640,50.1650,0.0559,50.1650,0.3640
187200.0000,0.0172,1.7157,50.1650,0.3855,50.1650,0.0571,50.1650,0.3855
187200.0000,0.0221,2.2059,50.1650,0.3982,50.1650,0.0580,50.1650,0.3982
187200.0000,0.0270,2.6961,50.1650,0.4060,50.1650,0.0585,50.1650,0.4060
187200.0000,0.0319,3.1863,50.1650,0.4110,50.1650,0.0588,50.1650,0.4110
187200.0000,0.0368,3.6765,50.1650,0.4141,50.1650,0.0590,50.1650,0.4141
187200.0000,0.0417,4.1667,50.1650,0.4161,50.1650,0.0592,50.1650,0.4161
187200.0000,0.0466,4.6569,50.1650,0.4173,50.1650,0.0593,50.1650,0.4173
187200.0000,0.0515,5.1471,50.1650,0.4181,50.1650,0.0593,50.1650,0.4181
187200.0000,0.0564,5.6373,50.1650,0.4186,50.1650,0.0594,50.1650,0.4186
187200.0000,0.0613,6.1275,50.1650,0.4189,50.1650,0.0594,50.1650,0.4189
187200.0000,0.0662,6.6176,50.1650,0.4191,50.1650,0.0594,50.1650,0.4191
187200.0000,0.0711,7.1078,50.1650,0.4192,50.1650,0.0594,50.1650,0.4192
187200.0000,0.0760,7.5980,50.1650,0.4193,50.1650,0.0594,50.1650,0.4193
187200.0000,0.0809,8.0882,50.1650,0.4193,50.1650,0.0594,50.1650,0.4193
187200.0000,0.0858,8.5784,50.1650,0.4194,50.1650,0.0594,50.1650,0.4194
187200.0000,0.0907,9.0686,50.1650,0.4194,50.1650,0.0594,50.1650,0.4194
187200.0000,0.0956,9.5588,50.1650,0.4194,50.1650,0.0594,50.1650,0.4194
187200.0000,0.1005,10.0490,50.1650,0.4194,50.1650,0.0594,50.1650,0.4194
187200.0000,0.1054,10.5392,50.1650,0.4194,50.1650,0.0594,50.1650,0.4194
187200.0000,0.1103,11.0294,50.1650,0.4194,50.1650,0.0594,50.1650,0.4194
187200.0000,0.1152,11.5196,50.1650,0.4194,50.1650,0.0594,50.1650,0.4194
187200.0000,0.1201,12.0098,50.1650,0.4194,50.1650,0.0594,50.1650,0.4194
187200.0000,0.1250,12.5000,50.1650,0.4194,50.1650,0.0594,50.1650,0.4194
187200.0000,0.1299,12.9902,50.1650,0.4194,50.1650,0.0594,50.1650,0.4194
187200.0000,0.1348,13.4804,50.1650,0.4194,50.1650,0.0594,50.1650,0.4194
187200.0000,0.1397,13.9706,50.1650,0.4194,50.1650,0.0594,50.1650,0.4194
187200.0000,0.1446,14.4608,50.1650,0.4194,50.1650,0.0594,50.1650,0.4194
187200.0000,0.1495,14.9510,50.1650,0.4194,50.1650,0.0594,50.1650,0.4194
187200.0000,0.1544,15.4412,50.1650,0.4194,50.1650,0.0594,50.1650,0.4194
187200.0000,0.1593,15.9314,50.1650,0.4194,50.1650,0.0594,50.1650,0.4194
187200.0000,0.1642,16.4216,50.1650,0.4194,50.1650,0.0594,50.1650,0.4194
187200.0000,0.1691,16.9118,50.1650,0.4193,50.1650,0.0594,50.1650,0.4193
187200.0000,0.1740,17.4020,50.1650,0.4193,50.1650,0.0594,50.1650,0.4193
187200.0000,0.1789,17.8922,50.1650,0.4192,50.1650,0.0594,50.1650,0.4192
187200.0000,0.1838,18.3824,50.1650,0.4191,50.1650,0.0594,50.1650,0.4191
187200.0000,0.1887,18.8725,50.1650,0.4189,50.1650,0.0594,50.1650,0.4189
187200.0000,0.1936,19.3627,50.1650,0.4186,50.1650,0.0594,50.1650,0.4186
187200.0000,0.1985,19.8529,50.1650,0.4181,50.1650,0.0593,50.1650,0.4181
187200.0000,0.2034,20.3431,50.1650,0.4173,50.1650,0.0593,50.1650,0.4173
187200.0000,0.2083,20.8333,50.1650,0.4161,50.1650,0.0592,50.1650,0.4161
187200.0000,0.2132,21.3235,50.1650,0.4141,50.1650,0.0590,50.1650,0.4141
187200.0000,0.2181,21.8137,50.1650,0.4110,50.1650,0.0588,50.1650,0.4110
187200.0000,0.2230,22.3039,50.1650,0.4060,50.1650,0.0585,50.1650,0.4060
187200.0000,0.2279,22.7941,50.1650,0.3982,50.1650,0.0580,50.1650,0.3982
187200.0000,0.2328,23.2843,50.1650,0.3855,50.1650,0.0571,50.1650,0.3855
187200.0000,0.2377,23.7745,50.1650,0.3640,50.1650,0.0559,50.1650,0.3640
187200.0000,0.2426,24.2647,50.1650,0.3247,50.1650,0.0538,50.1650,0.3247
187200.0000,0.2475,24.7549,50.1650,0.2196,50.1650,0.0506,50.1650,0.0598
190800.0000,0.0025,0.2451,50.1650,0.2181,50.1650,0.0506,50.1650,0.0594
190800.0000,0.0074,0.7353,50.1650,0.3221,50.1650,0.0537,50.1650,0.3221
190800.0000,0.0123,1.2255,50.1650,0.3609,50.1650,0.0557,50.1650,0.3609
190800.0000,0.0172,1.7157,50.1650,0.3820,50.1650,0.0569,50.1650,0.3820
190800.0000,0.0221,2.2059,50.1650,0.3945,50.1650,0.0577,50.1650,0.3945
190800.0000,0.0270,2.6961,50.1650,0.4023,50.1650,0.0582,50.1650,0.4023
190800.0000,0.0319,3.1863,50.1650,0.4071,50.1650,0.0585,50.1650,0.4071
190800.0000,0.0368,3.6765,50.1650,0.4102,50.1650,0.0587,50.1650,0.4102
190800.0000,0.0417,4.1667,50.1650,0.4122,50.1650,0.0589,50.1650,0.4122
190800.0000,0.0466,4.6569,50.1650,0.4134,50.1650,0.0589,50.1650,0.4134
190800.0000,0.0515,5.1471,50.1650,0.4142,50.1650,0.0590,50.1650,0.4142
190800.0000,0.0564,5.6373,50.1650,0.4147,50.1650,0.0590,50.1650,0.4147
190800.0000,0.0613,6.1275,50.1650,0.4150,50.1650,0.0591,50.1650,0.4150
190800.0000,0.0662,6.6176,50.1650,0.4152,50.1650,0.0591,50.1650,0.4152
190800.0000,0.0711,7.1078,50.1650,0.4153,50.1650,0.0591,50.1650,0.4153
190800.0000,0.0760,7.5980,50.1650,0.4153,50.1650,0.0591,50.1650,0.4153
190800.0000,0.0809,8.0882,50.1650,0.4154,50.1650,0.0591,50.1650,0.4154
190800.0000,0.0858,8.5784,50.1650,0.4154,50.1650,0.0591,50.1650,0.4154
190800.0000,0.0907,9.0686,50.1650,0.4154,50.1650,0.0591,50.1650,0.4154
190800.0000,0.0956,9.5588,50.1650,0.4154,50.1650,0.0591,50.1650,0.4154
190800.0000,0.1005,10.0490,50.1650,0.4154,50.1650,0.0591,50.1650,0.4154
190800.0000,0.1054,10.5392,50.1650,0.4154,50.1650,0.0591,50.1650,0.4154
190800.0000,0.1103,11.0294,50.1650,0.4154,50.1650,0.0591,50.1650,0.4154
190800.0000,0.1152,11.5196,50.1650,0.4154,50.1650,0.0591,50.1650,0.4154
190800.0000,0.1201,12.0098,50.1650,0.4154,50.1650,0.0591,50.1650,0.4154
190800.0000,0.1250,12.5000,50.1650,0.4154,50.1650,0.0591,50.1650,0.4154
190800.0000,0.1299,12.9902,50.1650,0.4154,50.1650,0.0591,50.1650,0.4154
190800.0000,0.1348,13.4804,50.1650,0.4154,50.1650,0.0591,50.1650,0.4154
190800.0000,0.1397,13.9706,50.1650,0.4154,50.1650,0.0591,50.1650,0.4154
190800.0000,0.1446,14.4608,50.1650,0.4154,50.1650,0.0591,50.1650,0.4154
190800.0000,0.1495,14.9510,50.1650,0.4154,50.1650,0.0591,50.1650,0.4154
190800.0000,0.1544,15.4412,50.1650,0.4154,50.1650,0.0591,50.1650,0.4154
190800.0000,0.1593,15.9314,50.1650,0.4154,50.1650,0.0591,50.1650,0.4154
190800.0000,0.1642,16.4216,50.1650,0.4154,50.1650,0.0591,50.1650,0.4154
190800.0000,0.1691,16.9118,50.1650,0.4154,50.1650,0.0591,50.1650,0.4154
190800.0000,0.1740,17.4020,50.1650,0.4153,50.1650,0.0591,50.1650,0.4153
190800.0000,0.1789,17.8922,50.1650,0.4153,50.1650,0.0591,50.1650,0.4153
190800.0000,0.1838,18.3824,50.1650,0.4152,50.1650,0.0591,50.1650,0.4152
190800.0000,0.1887,18.8725,50.1650,0.4150,50.1650,0.0591,50.1650,0.4150
190800.0000,0.1936,19.3627,50.1650,0.4147,50.1650,0.0590,50.1650,0.4147
190800.0000,0.1985,19.8529,50.1650,0.4142,50.1650,0.0590,50.1650,0.4142
190800.0000,0.2034,20.3431,50.1650,0.4134,50.1650,0.0589,50.1650,0.4134
190800.0000,0.2083,20.8333,50.1650,0.4122,50.1650,0.0589,50.1650,0.4122
190800.0000,0.2132,21.3235,50.1650,0.4102,50.1650,0.0587,50.1650,0.4102
190800.0000,0.2181,21.8137,50.1650,0.4071,50.1650,0.0585,50.1650,0.4071
190800.0000,0.2230,22.3039,50.1650,0.4023,50.1650,0.0582,50.1650,0.4023
190800.0000,0.2279,22.7941,50.1650,0.3945,50.1650,0.0577,50.1650,0.3945
190800.0000,0.2328,23.2843,50.1650,0.3820,50.1650,0.0569,50.1650,0.3820
190800.0000,0.2377,23.7745,50.1650,0.3609,50.1650,0.0557,50.1650,0.3609
190800.0000,0.2426,24.2647,50.1650,0.3221,50.1650,0.0537,50.1650,0.3221
190800.0000,0.2475,24.7549,50.1650,0.2181,50.1650,0.0506,50.1650,0.0594
194400.0000,0.0025,0.2451,50.1650,0.2167,50.1650,0.0506,50.1650,0.0591
194400.0000,0.0074,0.7353,50.1650,0.3195,50.1650,0.0536,50.1650,0.3195
194400.0000,0.0123,1.2255,50.1650,0.3579,50.1650,0.0555,50.1650,0.3579
194400.0000,0.0172,1.7157,50.1650,0.3787,50.1650,0.0567,50.1650,0.3787
194400.0000,0.0221,2.2059,50.1650,0.3910,50.1650,0.0574,50.1650,0.3910
194400.0000,0.0270,2.6961,50.1650,0.3986,50.1650,0.0579,50.1650,0.3986
194400.0000,0.0319,3.1863,50.1650,0.4034,50.1650,0.0582,50.1650,0.4034
194400.0000,0.0368,3.6765,50.1650,0.4065,50.1650,0.0584,50.1650,0.4065
194400.0000,0.0417,4.1667,50.1650,0.4084,50.1650,0.0586,50.1650,0.4084
194400.0000,0.0466,4.6569,50.1650,0.4096,50.1650,0.0586,50.1650,0.4096
194400.0000,0.0515,5.1471,50.1650,0.4104,50.1650,0.0587,50.1650,0.4104
194400.0000,0.0564,5.6373,50.1650,0.4108,50.1650,0.0587,50.1650,0.4108
194400.0000,0.0613,6.1275,50.1650,0.4111,50.1650,0.0587,50.1650,0.4111
194400.0000,0.0662,6.6176,50.1650,0.4113,50.1650,0.0588,50.1650,0.4113
194400.0000,0.0711,7.1078,50.1650,0.4114,50.1650,0.0588,50.1650,0.4114
194400.0000,0.0760,7.5980,50.1650,0.4115,50.1650,0.0588,50.1650,0.4115
194400.0000,0.0809,8.0882,50.1650,0.4115,50.1650,0.0588,50.1650,0.4115
194400.0000,0.0858,8.5784,50.1650,0.4115,50.1650,0.0588,50.1650,0.4115
194400.0000,0.0907,9.0686,50.1650,0.4116,50.1650,0.0588,50.1650,0.4116
194400.0000,0.0956,9.5588,50.1650,0.4116,50.1650,0.0588,50.1650,0.4116
194400.0000,0.1005,10.0490,50.1650,0.4116,50.1650,0.0588,50.1650,0.4116
194400.0000,0.1054,10.5392,50.1650,0.4116,50.1650,0.0588,50.1650,0.4116
194400.0000,0.1103,11.0294,50.1650,0.4116,50.1650,0.0588,50.1650,0.4116
194400.0000,0.1152,11.5196,50.1650,0.4116,50.1650,0.0588,50.1650,0.4116
194400.0000,0.1201,12.0098,50.1650,0.4116,50.1650,0.0588,50.1650,0.4116
194400.0000,0.1250,12.5000,50.1650,0.4116,50.1650,0.0588,50.1650,0.4116
194400.0000,0.1299,12.9902,50.1650,0.4116,50.1650,0.0588,50.1650,0.4116
194400.0000,0.1348,13.4804,50.1650,0.4116,50.1650,0.0588,50.1650,0.4116
194400.0000,0.1397,13.9706,50.1650,0.4116,50.1650,0.0588,50.1650,0.4116
194400.0000,0.1446,14.4608,50.1650,0.4116,50.1650,0.0588,50.1650,0.4116
194400.0000,0.1495,14.9510,50.1650,0.4116,50.1650,0.0588,50.1650,0.4116
194400.0000,0.1544,15.4412,50.1650,0.4116,50.1650,0.0588,50.1650,0.4116
194400.0000,0.1593,15.9314,50.1650,0.4116,50.1650,0.0588,50.1650,0.4116
194400.0000,0.1642,16.4216,50.1650,0.4115,50.1650,0.0588,50.1650,0.4115
194400.0000,0.1691,16.9118,50.1650,0.4115,50.1650,0.0588,50.1650,0.4115
194400.0000,0.1740,17.4020,50.1650,0.4115,50.1650,0.0588,50.1650,0.4115
194400.0000,0.1789,17.8922,50.1650,0.4114,50.1650,0.0588,50.1650,0.4114
194400.0000,0.1838,18.3824,50.1650,0.4113,50.1650,0.0588,50.1650,0.4113
194400.0000,0.1887,18.8725,50.1650,0.4111,50.1650,0.0587,50.1650,0.4111
194400.0000,0.1936,19.3627,50.1650,0.4108,50.1650,0.0587,50.1650,0.4108
194400.0000,0.1985,19.8529,50.1650,0.4104,50.1650,0.0587,50.1650,0.4104
194400.0000,0.2034,20.3431,50.1650,0.4096,50.1650,0.0586,50.1650,0.4096
194400.0000,0.2083,20.8333,50.1650,0.4084,50.1650,0.0586,50.1650,0.4084
194400.0000,0.2132,21.3235,50.1650,0.4065,50.1650,0.0584,50.1650,0.4065
194400.0000,0.2181,21.8137,50.1650,0.4034,50.1650,0.0582,50.1650,0.4034
194400.0000,0.2230,22.3039,50.1650,0.3986,50.1650,0.0579,50.1650,0.3986
194400.0000,0.2279,22.7941,50.1650,0.3910,50.1650,0.0574,50.1650,0.3910
194400.0000,0.2328,23.2843,50.1650,0.3787,50.1650,0.0567,50.1650,0.3787
194400.0000,0.2377,23.7745,50.1650,0.3579,50.1650,0.0555,50.1650,0.3579
194400.0000,0.2426,24.2647,50.1650,0.3195,50.1650,0.0536,50.1650,0.3195
194400.0000,0.2475,24.7549,50.1650,0.2167,50.1650,0.0506,50.1650,0.0591
198000.0000,0.0025,0.2451,50.1650,0.2154,50.1650,0.0505,50.1650,0.0588
198000.0000,0.0074,0.7353,50.1650,0.3171,50.1650,0.0535,50.1650,0.3171
198000.0000,0.0123,1.2255,50.1650,0.3550,50.1650,0.0553,50.1650,0.3550
198000.0000,0.0172,1.7157,50.1650,0.3755,50.1650,0.0564,50.1650,0.3755
198000.0000,0.0221,2.2059,50.1650,0.3877,50.1650,0.0572,50.1650,0.3877
198000.0000,0.0270,2.6961,50.1650,0.3951,50.1650,0.0576,50.1650,0.3951
198000.0000,0.0319,3.1863,50.1650,0.3998,50.1650,0.0579,50.1650,0.3998
198000.0000,0.0368,3.6765,50.1650,0.4028,50.1650,0.0581,50.1650,0.4028
198000.0000,0.0417,4.1667,50.1650,0.4047,50.1650,0.0583,50.1650,0.4047
198000.0000,0.0466,4.6569,50.1650,0.4059,50.1650,0.0583,50.1650,0.4059
198000.0000,0.0515,5.1471,50.1650,0.4067,50.1650,0.0584,50.1650,0.4067
198000.0000,0.0564,5.6373,50.1650,0.4072,50.1650,0.0584,50.1650,0.4072
198000.0000,0.0613,6.1275,50.1650,0.4074,50.1650,0.0585,50.1650,0.4074
198000.0000,0.0662,6.6176,50.1650,0.4076,50.1650,0.0585,50.1650,0.4076
198000.0000,0.0711,7.1078,50.1650,0.4077,50.1650,0.0585,50.1650,0.4077
198000.0000,0.0760,7.5980,50.1650,0.4078,50.1650,0.0585,50.1650,0.4078
198000.0000,0.0809,8.0882,50.1650,0.4078,50.1650,0.0585,50.1650,0.4078
198000.0000,0.0858,8.5784,50.1650,0.4078,50.1650,0.0585,50.1650,0.4078
198000.0000,0.0907,9.0686,50.1650,0.4079,50.1650,0.0585,50.1650,0.4079
198000.0000,0.0956,9.5588,50.1650,0.4079,50.1650,0.0585,50.1650,0.4079
198000.0000,0.1005,10.0490,50.1650,0.4079,50.1650,0.0585,50.1650,0.4079
198000.0000,0.1054,10.5392,50.1650,0.4079,50.1650,0.0585,50.1650,0.4079
198000.0000,0.1103,11.0294,50.1650,0.4079,50.1650,0.0585,50.1650,0.4079
198000.0000,0.1152,11.5196,50.1650,0.4079,50.1650,0.0585,50.1650,0.4079
198000.0000,0.1201,12.0098,50.1650,0.4079,50.1650,0.0585,50.1650,0.4079
198000.0000,0.1250,12.5000,50.1650,0.4079,50.1650,0.0585,50.1650,0.4079
198000.0000,0.1299,12.9902,50.1650,0.4079,50.1650,0.0585,50.1650,0.4079
198000.0000,0.1348,13.4804,50.1650,0.4079,50.1650,0.0585,50.1650,0.4079
198000.0000,0.1397,13.9706,50.1650,0.4079,50.1650,0.0585,50.1650,0.4079
198000.0000,0.1446,14.4608,50.1650,0.4079,50.1650,0.0585,50.1650,0.4079
198000.0000,0.1495,14.9510,50.1650,0.4079,50.1650,0.0585,50.1650,0.4079
198000.0000,0.1544,15.4412,50.1650,0.4079,50.1650,0.0585,50.1650,0.4079
198000.0000,0.1593,15.9314,50.1650,0.4079,50.1650,0.0585,50.1650,0.4079
198000.0000,0.1642,16.4216,50.1650,0.4078,50.1650,0.0585,50.1650,0.4078
198000.0000,0.1691,16.9118,50.1650,0.4078,50.1650,0.0585,50.1650,0.4078
198000.0000,0.1740,17.4020,50.1650,0.4078,50.1650,0.0585,50.1650,0.4078
198000.0000,0.1789,17.8922,50.1650,0.4077,50.1650,0.0585,50.1650,0.4077
198000.0000,0.1838,18.3824,50.1650,0.4076,50.1650,0.0585,50.1650,0.4076
198000.0000,0.1887,18.8725,50.1650,0.4074,50.1650,0.0585,50.1650,0.4074
198000.0000,0.1936,19.3627,50.1650,0.4072,50.1650,0.0584,50.1650,0.4072
198000.0000,0.1985,19.8529,50.1650,0.4067,50.1650,0.0584,50.1650,0.4067
198000.0000,0.2034,20.3431,50.1650,0.4059,50.1650,0.0583,50.1650,0.4059
198000.0000,0.2083,20.8333,50.1650,0.4047,50.1650,0.0583,50.1650,0.4047
198000.0000,0.2132,21.3235,50.1650,0.4028,50.1650,0.0581,50.1650,0.4028
198000.0000,0.2181,21.8137,50.1650,0.3998,50.1650,0.0579,50.1650,0.3998
198000.0000,0.2230,22.3039,50.1650,0.3951,50.1650,0.0576,50.1650,0.3951
198000.0000,0.2279,22.7941,50.1650,0.3877,50.1650,0.0572,50.1650,0.3877
198000.0000,0.2328,23.2843,50.1650,0.3755,50.1650,0.0564,50.1650,0.3755
198000.0000,0.2377,23.7745,50.1650,0.3550,50.1650,0.0553,50.1650,0.3550
198000.0000,0.2426,24.2647,50.1650,0.3171,50.1650,0.0535,50.1650,0.3171
198000.0000,0.2475,24.7549,50.1650,0.2154,50.1650,0.0505,50.1650,0.0588
201600.0000,0.0025,0.2451,50.1650,0.2140,50.1650,0.0505,50.1650,0.0585
201600.0000,0.0074,0.7353,50.1650,0.3148,50.1650,0.0534,50.1650,0.3148
201600.0000,0.0123,1.2255,50.1650,0.3522,50.1650,0.0551,50.1650,0.3522
201600.0000,0.0172,1.7157,50.1650,0.3724,50.1650,0.0562,50.1650,0.3724
201600.0000,0.0221,2.2059,50.1650,0.3844,50.1650,0.0569,50.1650,0.3844
201600.0000,0.0270,2.6961,50.1650,0.3918,50.1650,0.0574,50.1650,0.3918
201600.0000,0.0319,3.1863,50.1650,0.3964,50.1650,0.0577,50.1650,0.3964
201600.0000,0.0368,3.6765,50.1650,0.3993,50.1650,0.0579,50.1650,0.3993
201600.0000,0.0417,4.1667,50.1650,0.4012,50.1650,0.0580,50.1650,0.4012
201600.0000,0.0466,4.6569,50.1650,0.4024,50.1650,0.0581,50.1650,0.4024
201600.0000,0.0515,5.1471,50.1650,0.4031,50.1650,0.0581,50.1650,0.4031
201600.0000,0.0564,5.6373,50.1650,0.4036,50.1650,0.0582,50.1650,0.4036
201600.0000,0.0613,6.1275,50.1650,0.4039,50.1650,0.0582,50.1650,0.4039
201600.0000,0.0662,6.6176,50.1650,0.4041,50.1650,0.0582,50.1650,0.4041
201600.0000,0.0711,7.1078,50.1650,0.4042,50.1650,0.0582,50.1650,0.4042
201600.0000,0.0760,7.5980,50.1650,0.4042,50.1650,0.0582,50.1650,0.4042
201600.0000,0.0809,8.0882,50.1650,0.4043,50.1650,0.0582,50.1650,0.4043
201600.0000,0.0858,8.5784,50.1650,0.4043,50.1650,0.0582,50.1650,0.4043
201600.0000,0.0907,9.0686,50.1650,0.4043,50.1650,0.0582,50.1650,0.4043
201600.0000,0.0956,9.5588,50.1650,0.4043,50.1650,0.0582,50.1650,0.4043
201600.0000,0.1005,10.0490,50.1650,0.4043,50.1650,0.0582,50.1650,0.4043
201600.0000,0.1054,10.5392,50.1650,0.4043,50.1650,0.0582,50.1650,0.4043
201600.0000,0.1103,11.0294,50.1650,0.4043,50.1650,0.0582,50.1650,0.4043
201600.0000,0.1152,11.5196,50.1650,0.4043,50.1650,0.0582,50.1650,0.4043
201600.0000,0.1201,12.0098,50.1650,0.4043,50.1650,0.0582,50.1650,0.4043
201600.0000,0.1250,12.5000,50.1650,0.4043,50.1650,0.0582,50.1650,0.4043
201600.0000,0.1299,12.9902,50.1650,0.4043,50.1650,0.0582,50.1650,0.4043
201600.0000,0.1348,13.4804,50.1650,0.4043,50.1650,0.0582,50.1650,0.4043
201600.0000,0.1397,13.9706,50.1650,0.4043,50.1650,0.0582,50.1650,0.4043
201600.0000,0.1446,14.4608,50.1650,0.4043,50.1650,0.0582,50.1650,0.4043
201600.0000,0.1495,14.9510,50.1650,0.4043,50.1650,0.0582,50.1650,0.4043
201600.0000,0.1544,15.4412,50.1650,0.4043,50.1650,0.0582,50.1650,0.4043
201600.0000,0.1593,15.9314,50.1650,0.4043,50.1650,0.0582,50.1650,0.4043
201600.0000,0.1642,16.4216,50.1650,0.4043,50.1650,0.0582,50.1650,0.4043
201600.0000,0.1691,16.9118,50.1650,0.4043,50.1650,0.0582,50.1650,0.4043
201600.0000,0.1740,17.4020,50.1650,0.4042,50.1650,0.0582,50.1650,0.4042
201600.0000,0.1789,17.8922,50.1650,0.4042,50.1650,0.0582,50.1650,0.4042
201600.0000,0.1838,18.3824,50.1650,0.4041,50.1650,0.0582,50.1650,0.4041
201600.0000,0.1887,18.8725,50.1650,0.4039,50.1650,0.0582,50.1650,0.4039
201600.0000,0.1936,19.3627,50.1650,0.4036,50.1650,0.0582,50.1650,0.4036
201600.0000,0.1985,19.8529,50.1650,0.4031,50.1650,0.0581,50.1650,0.4031
201600.0000,0.2034,20.3431,50.1650,0.4024,50.1650,0.0581,50.1650,0.4024
201600.0000,0.2083,20.8333,50.1650,0.4012,50.1650,0.0580,50.1650,0.4012
201600.0000,0.2132,21.3235,50.1650,0.3993,50.1650,0.0579,50.1650,0.3993
201600.0000,0.2181,21.8137,50.1650,0.3964,50.1650,0.0577,50.1650,0.3964
201600.0000,0.2230,22.3039,50.1650,0.3918,50.1650,0.0574,50.1650,0.3918
201600.0000,0.2279,22.7941,50.1650,0.3844,50.1650,0.0569,50.1650,0.3844
201600.0000,0.2328,23.2843,50.1650,0.3724,50.1650,0.0562,50.1650,0.3724
201600.0000,0.2377,23.7745,50.1650,0.3522,50.1650,0.0551,50.1650,0.3522
201600.0000,0.2426,24.2647,50.1650,0.3148,50.1650,0.0534,50.1650,0.3148
201600.0000,0.2475,24.7549,50.1650,0.2140,50.1650,0.0505,50.1650,0.0585
205200.0000,0.0025,0.2451,50.1650,0.2128,50.1650,0.0505,50.1650,0.0583
205200.0000,0.0074,0.7353,50.1650,0.3125,50.1650,0.0532,50.1650,0.3125
205200.0000,0.0123,1.2255,50.1650,0.3494,50.1650,0.0550,50.1650,0.3494
205200.0000,0.0172,1.7157,50.1650,0.3694,50.1650,0.0560,50.1650,0.3694
205200.0000,0.0221,2.2059,50.1650,0.3812,50.1650,0.0567,50.1650,0.3812
205200.0000,0.0270,2.6961,50.1650,0.3885,50.1650,0.0572,50.1650,0.3885
205200.0000,0.0319,3.1863,50.1650,0.3931,50.1650,0.0574,50.1650,0.3931
205200.0000,0.0368,3.6765,50.1650,0.3959,50.1650,0.0576,50.1650,0.3959
205200.0000,0.0417,4.1667,50.1650,0.3978,50.1650,0.0577,50.1650,0.3978
205200.0000,0.0466,4.6569,50.1650,0.3989,50.1650,0.0578,50.1650,0.3989
205200.0000,0.0515,5.1471,50.1650,0.3997,50.1650,0.0579,50.1650,0.3997
205200.0000,0.0564,5.6373,50.1650,0.4001,50.1650,0.0579,50.1650,0.4001
205200.0000,0.0613,6.1275,50.1650,0.4004,50.1650,0.0579,50.1650,0.4004
205200.0000,0.0662,6.6176,50.1650,0.4006,50.1650,0.0579,50.1650,0.4006
205200.0000,0.0711,7.1078,50.1650,0.4007,50.1650,0.0579,50.1650,0.4007
205200.0000,0.0760,7.5980,50.1650,0.4008,50.1650,0.0579,50.1650,0.4008
205200.0000,0.0809,8.0882,50.1650,0.4008,50.1650,0.0579,50.1650,0.4008
205200.0000,0.0858,8.5784,50.1650,0.4008,50.1650,0.0579,50.1650,0.4008
205200.0000,0.0907,9.0686,50.1650,0.4008,50.1650,0.0579,50.1650,0.4008
205200.0000,0.0956,9.5588,50.1650,0.4008,50.1650,0.0579,50.1650,0.4008
205200.0000,0.1005,10.0490,50.1650,0.4008,50.1650,0.0579,50.1650,0.4008
205200.0000,0.1054,10.5392,50.1650,0.4008,50.1650,0.0579,50.1650,0.4008
205200.0000,0.1103,11.0294,50.1650,0.4008,50.1650,0.0579,50.1650,0.4008
205200.0000,0.1152,11.5196,50.1650,0.4008,50.1650,0.0579,50.1650,0.4008
205200.0000,0.1201,12.0098,50.1650,0.4008,50.1650,0.0579,50.1650,0.4008
205200.0000,0.1250,12.5000,50.1650,0.4008,50.1650,0.0579,50.1650,0.4008
205200.0000,0.1299,12.9902,50.1650,0.4008,50.1650,0.0579,50.1650,0.4008
205200.0000,0.1348,13.4804,50.1650,0.4008,50.1650,0.0579,50.1650,0.4008
205200.0000,0.1397,13.9706,50.1650,0.4008,50.1650,0.0579,50.1650,0.4008
205200.0000,0.1446,14.4608,50.1650,0.4008,50.1650,0.0579,50.1650,0.4008
205200.0000,0.1495,14.9510,50.1650,0.4008,50.1650,0.0579,50.1650,0.4008
205200.0000,0.1544,15.4412,50.1650,0.4008,50.1650,0.0579,50.1650,0.4008
205200.0000,0.1593,15.9314,50.1650,0.4008,50.1650,0.0579,50.1650,0.4008
205200.0000,0.1642,16.4216,50.1650,0.4008,50.1650,0.0579,50.1650,0.4008
205200.0000,0.1691,16.9118,50.1650,0.4008,50.1650,0.0579,50.1650,0.4008
205200.0000,0.1740,17.4020,50.1650,0.4008,50.1650,0.0579,50.1650,0.4008
205200.0000,0.1789,17.8922,50.1650,0.4007,50.1650,0.0579,50.1650,0.4007
205200.0000,0.1838,18.3824,50.1650,0.4006,50.1650,0.0579,50.1650,0.4006
205200.0000,0.1887,18.8725,50.1650,0.4004,50.1650,0.0579,50.1650,0.4004
205200.0000,0.1936,19.3627,50.1650,0.4001,50.1650,0.0579,50.1650,0.4001
205200.0000,0.1985,19.8529,50.1650,0.3997,50.1650,0.0579,50.1650,0.3997
205200.0000,0.2034,20.3431,50.1650,0.3989,50.1650,0.0578,50.1650,0.3989
205200.0000,0.2083,20.8333,50.1650,0.3978,50.1650,0.0577,50.1650,0.3978
205200.0000,0.2132,21.3235,50.1650,0.3959,50.1650,0.0576,50.1650,0.3959
205200.0000,0.2181,21.8137,50.1650,0.3931,50.1650,0.0574,50.1650,0.3931
205200.0000,0.2230,22.3039,50.1650,0.3885,50.1650,0.0572,50.1650,0.3885
205200.0000,0.2279,22.7941,50.1650,0.3812,50.1650,0.0567,50.1650,0.3812
205200.0000,0.2328,23.2843,50.1650,0.3694,50.1650,0.0560,50.1650,0.3694
205200.0000,0.2377,23.7745,50.1650,0.3494,50.1650,0.0550,50.1650,0.3494
205200.0000,0.2426,24.2647,50.1650,0.3125,50.1650,0.0532,50.1650,0.3125
205200.0000,0.2475,24.7549,50.1650,0.2128,50.1650,0.0505,50.1650,0.0583
208800.0000,0.0025,0.2451,50.1650,0.2115,50.1650,0.0505,50.1650,0.0580
208800.0000,0.0074,0.7353,50.1650,0.3103,50.1650,0.0531,50.1650,0.3103
208800.0000,0.0123,1.2255,50.1650,0.3468,50.1650,0.0548,50.1650,0.3468
208800.0000,0.0172,1.7157,50.1650,0.3665,50.1650,0.0558,50.1650,0.3665
208800.0000,0.0221,2.2059,50.1650,0.3782,50.1650,0.0565,50.1650,0.3782
208800.0000,0.0270,2.6961,50.1650,0.3853,50.1650,0.0569,50.1650,0.3853
208800.0000,0.0319,3.1863,50.1650,0.3898,50.1650,0.0572,50.1650,0.3898
208800.0000,0.0368,3.6765,50.1650,0.3927,50.1650,0.0574,50.1650,0.3927
208800.0000,0.0417,4.1667,50.1650,0.3945,50.1650,0.0575,50.1650,0.3945
208800.0000,0.0466,4.6569,50.1650,0.3956,50.1650,0.0576,50.1650,0.3956
208800.0000,0.0515,5.1471,50.1650,0.3964,50.1650,0.0576,50.1650,0.3964
208800.0000,0.0564,5.6373,50.1650,0.3968,50.1650,0.0576,50.1650,0.3968
208800.0000,0.0613,6.1275,50.1650,0.3971,50.1650,0.0577,50.1650,0.3971
208800.0000,0.0662,6.6176,50.1650,0.3973,50.1650,0.0577,50.1650,0.3973
208800.0000,0.0711,7.1078,50.1650,0.3974,50.1650,0.0577,50.1650,0.3974
208800.0000,0.0760,7.5980,50.1650,0.3974,50.1650,0.0577,50.1650,0.3974
208800.0000,0.0809,8.0882,50.1650,0.3975,50.1650,0.0577,50.1650,0.3975
208800.0000,0.0858,8.5784,50.1650,0.3975,50.1650,0.0577,50.1650,0.3975
208800.0000,0.0907,9.0686,50.1650,0.3975,50.1650,0.0577,50.1650,0.3975
208800.0000,0.0956,9.5588,50.1650,0.3975,50.1650,0.0577,50.1650,0.3975
208800.0000,0.1005,10.0490,50.1650,0.3975,50.1650,0.0577,50.1650,0.3975
208800.0000,0.1054,10.5392,50.1650,0.3975,50.1650,0.0577,50.1650,0.3975
208800.0000,0.1103,11.0294,50.1650,0.3975,50.1650,0.0577,50.1650,0.3975
208800.0000,0.1152,11.5196,50.1650,0.3975,50.1650,0.0577,50.1650,0.3975
208800.0000,0.1201,12.0098,50.1650,0.3975,50.1650,0.0577,50.1650,0.3975
208800.0000,0.1250,12.5000,50.1650,0.3975,50.1650,0.0577,50.1650,0.3975
208800.0000,0.1299,12.9902,50.1650,0.3975,50.1650,0.0577,50.1650,0.3975
208800.0000,0.1348,13.4804,50.1650,0.3975,50.1650,0.0577,50.1650,0.3975
208800.0000,0.1397,13.9706,50.1650,0.3975,50.1650,0.0577,50.1650,0.3975
208800.0000,0.1446,14.4608,50.1650,0.3975,50.1650,0.0577,50.1650,0.3975
208800.0000,0.1495,14.9510,50.1650,0.3975,50.1650,0.0577,50.1650,0.3975
208800.0000,0.1544,15.4412,50.1650,0.3975,50.1650,0.0577,50.1650,0.3975
208800.0000,0.1593,15.9314,50.1650,0.3975,50.1650,0.0577,50.1650,0.3975
208800.0000,0.1642,16.4216,50.1650,0.3975,50.1650,0.0577,50.1650,0.3975
208800.0000,0.1691,16.9118,50.1650,0.3975,50.1650,0.0577,50.1650,0.3975
208800.0000,0.1740,17.4020,50.1650,0.3974,50.1650,0.0577,50.1650,0.3974
208800.0000,0.1789,17.8922,50.1650,0.3974,50.1650,0.0577,50.1650,0.3974
208800.0000,0.1838,18.3824,50.1650,0.3973,50.1650,0.0577,50.1650,0.3973
208800.0000,0.1887,18.8725,50.1650,0.3971,50.1650,0.0577,50.1650,0.3971
208800.0000,0.1936,19.3627,50.1650,0.3968,50.1650,0.0576,50.1650,0.3968
208800.0000,0.1985,19.8529,50.1650,0.3964,50.1650,0.0576,50.1650,0.3964
208800.0000,0.2034,20.3431,50.1650,0.3956,50.1650,0.0576,50.1650,0.3956
208800.0000,0.2083,20.8333,50.1650,0.3945,50.1650,0.0575,50.1650,0.3945
208800.0000,0.2132,21.3235,50.1650,0.3927,50.1650,0.0574,50.1650,0.3927
208800.0000,0.2181,21.8137,50.1650,0.3898,50.1650,0.0572,50.1650,0.3898
208800.0000,0.2230,22.3039,50.1650,0.3853,50.1650,0.0569,50.1650,0.3853
208800.0000,0.2279,22.7941,50.1650,0.3782,50.1650,0.0565,50.1650,0.3782
208800.0000,0.2328,23.2843,50.1650,0.3665,50.1650,0.0558,50.1650,0.3665
208800.0000,0.2377,23.7745,50.1650,0.3468,50.1650,0.0548,50.1650,0.3468
208800.0000,0.2426,24.2647,50.1650,0.3103,50.1650,0.0531,50.1650,0.3103
208800.0000,0.2475,24.7549,50.1650,0.2115,50.1650,0.0505,50.1650,0.0580
212400.0000,0.0025,0.2451,50.1650,0.2103,50.1650,0.0505,50.1650,0.0578
212400.0000,0.0074,0.7353,50.1650,0.3081,50.1650,0.0530,50.1650,0.3081
212400.0000,0.0123,1.2255,50.1650,0.3442,50.1650,0.0547,50.1650,0.3442
212400.0000,0.0172,1.7157,50.1650,0.3637,50.1650,0.0557,50.1650,0.3637
212400.0000,0.0221,2.2059,50.1650,0.3752,50.1650,0.0563,50.1650,0.3752
212400.0000,0.0270,2.6961,50.1650,0.3823,50.1650,0.0567,50.1650,0.3823
212400.0000,0.0319,3.1863,50.1650,0.3867,50.1650,0.0570,50.1650,0.3867
212400.0000,0.0368,3.6765,50.1650,0.3895,50.1650,0.0572,50.1650,0.3895
212400.0000,0.0417,4.1667,50.1650,0.3913,50.1650,0.0573,50.1650,0.3913
212400.0000,0.0466,4.6569,50.1650,0.3924,50.1650,0.0573,50.1650,0.3924
212400.0000,0.0515,5.1471,50.1650,0.3931,50.1650,0.0574,50.1650,0.3931
212400.0000,0.0564,5.6373,50.1650,0.3936,50.1650,0.0574,50.1650,0.3936
212400.0000,0.0613,6.1275,50.1650,0.3939,50.1650,0.0574,50.1650,0.3939
212400.0000,0.0662,6.6176,50.1650,0.3940,50.1650,0.0574,50.1650,0.3940
212400.0000,0.0711,7.1078,50.1650,0.3941,50.1650,0.0574,50.1650,0.3941
212400.0000,0.0760,7.5980,50.1650,0.3942,50.1650,0.0574,50.1650,0.3942
212400.0000,0.0809,8.0882,50.1650,0.3942,50.1650,0.0574,50.1650,0.3942
212400.0000,0.0858,8.5784,50.1650,0.3942,50.1650,0.0574,50.1650,0.3942
212400.0000,0.0907,9.0686,50.1650,0.3943,50.1650,0.0574,50.1650,0.3943
212400.0000,0.0956,9.5588,50.1650,0.3943,50.1650,0.0574,50.1650,0.3943
212400.0000,0.1005,10.0490,50.1650,0.3943,50.1650,0.0574,50.1650,0.3943
212400.0000,0.1054,10.5392,50.1650,0.3943,50.1650,0.0574,50.1650,0.3943
212400.0000,0.1103,11.0294,50.1650,0.3943,50.1650,0.0574,50.1650,0.3943
212400.0000,0.1152,11.5196,50.1650,0.3943,50.1650,0.0574,50.1650,0.3943
212400.0000,0.1201,12.0098,50.1650,0.3943,50.1650,0.0574,50.1650,0.3943
212400.0000,0.1250,12.5000,50.1650,0.3943,50.1650,0.0574,50.1650,0.3943
212400.0000,0.1299,12.9902,50.1650,0.3943,50.1650,0.0574,50.1650,0.3943
212400.0000,0.1348,13.4804,50.1650,0.3943,50.1650,0.0574,50.1650,0.3943
212400.0000,0.1397,13.9706,50.1650,0.3943,50.1650,0.0574,50.1650,0.3943
212400.0000,0.1446,14.4608,50.1650,0.3943,50.1650,0.0574,50.1650,0.3943
212400.0000,0.1495,14.9510,50.1650,0.3943,50.1650,0.0574,50.1650,0.3943
212400.0000,0.1544,15.4412,50.1650,0.3943,50.1650,0.0574,50.1650,0.3943
212400.0000,0.1593,15.9314,50.1650,0.3943,50.1650,0.0574,50.1650,0.3943
212400.0000,0.1642,16.4216,50.1650,0.3942,50.1650,0.0574,50.1650,0.3942
212400.0000,0.1691,16.9118,50.1650,0.3942,50.1650,0.0574,50.1650,0.3942
212400.0000,0.1740,17.4020,50.1650,0.3942,50.1650,0.0574,50.1650,0.3942
212400.0000,0.1789,17.8922,50.1650,0.3941,50.1650,0.0574,50.1650,0.3941
212400.0000,0.1838,18.3824,50.1650,0.3940,50.1650,0.0574,50.1650,0.3940
212400.0000,0.1887,18.8725,50.1650,0.3939,50.1650,0.0574,50.1650,0.3939
212400.0000,0.1936,19.3627,50.1650,0.3936,50.1650,0.0574,50.1650,0.3936
212400.0000,0.1985,19.8529,50.1650,0.3931,50.1650,0.0574,50.1650,0.3931
212400.0000,0.2034,20.3431,50.1650,0.3924,50.1650,0.0573,50.1650,0.3924
212400.0000,0.2083,20.8333,50.1650,0.3913,50.1650,0.0573,50.1650,0.3913
212400.0000,0.2132,21.3235,50.1650,0.3895,50.1650,0.0572,50.1650,0.3895
212400.0000,0.2181,21.8137,50.1650,0.3867,50.1650,0.0570,50.1650,0.3867
212400.0000,0.2230,22.3039,50.1650,0.3823,50.1650,0.0567,50.1650,0.3823
212400.0000,0.2279,22.7941,50.1650,0.3752,50.1650,0.0563,50.1650,0.3752
212400.0000,0.2328,23.2843,50.1650,0.3637,50.1650,0.0557,50.1650,0.3637
212400.0000,0.2377,23.7745,50.1650,0.3442,50.1650,0.0547,50.1650,0.3442
212400.0000,0.2426,24.2647,50.1650,0.3081,50.1650,0.0530,50.1650,0.3081
212400.0000,0.2475,24.7549,50.1650,0.2103,50.1650,0.0505,50.1650,0.0578
216000.0000,0.0025,0.2451,50.1650,0.2092,50.1650,0.0504,50.1650,0.0575
216000.0000,0.0074,0.7353,50.1650,0.3060,50.1650,0.0530,50.1650,0.3060
216000.0000,0.0123,1.2255,50.1650,0.3418,50.1650,0.0545,50.1650,0.3418
216000.0000,0.0172,1.7157,50.1650,0.3610,50.1650,0.0555,50.1650,0.3610
216000.0000,0.0221,2.2059,50.1650,0.3723,50.1650,0.0561,50.1650,0.3723
216000.0000,0.0270,2.6961,50.1650,0.3793,50.1650,0.0565,50.1650,0.3793
216000.0000,0.0319,3.1863,50.1650,0.3837,50.1650,0.0568,50.1650,0.3837
216000.0000,0.0368,3.6765,50.1650,0.3864,50.1650,0.0569,50.1650,0.3864
216000.0000,0.0417,4.1667,50.1650,0.3882,50.1650,0.0570,50.1650,0.3882
216000.0000,0.0466,4.6569,50.1650,0.3893,50.1650,0.0571,50.1650,0.3893
216000.0000,0.0515,5.1471,50.1650,0.3900,50.1650,0.0572,50.1650,0.3900
216000.0000,0.0564,5.6373,50.1650,0.3905,50.1650,0.0572,50.1650,0.3905
216000.0000,0.0613,6.1275,50.1650,0.3907,50.1650,0.0572,50.1650,0.3907
216000.0000,0.0662,6.6176,50.1650,0.3909,50.1650,0.0572,50.1650,0.3909
216000.0000,0.0711,7.1078,50.1650,0.3910,50.1650,0.0572,50.1650,0.3910
216000.0000,0.0760,7.5980,50.1650,0.3911,50.1650,0.0572,50.1650,0.3911
216000.0000,0.0809,8.0882,50.1650,0.3911,50.1650,0.0572,50.1650,0.3911
216000.0000,0.0858,8.5784,50.1650,0.3911,50.1650,0.0572,50.1650,0.3911
216000.0000,0.0907,9.0686,50.1650,0.3911,50.1650,0.0572,50.1650,0.3911
216000.0000,0.0956,9.5588,50.1650,0.3911,50.1650,0.0572,50.1650,0.3911
216000.0000,0.1005,10.0490,50.1650,0.3911,50.1650,0.0572,50.1650,0.3911
216000.0000,0.1054,10.5392,50.1650,0.3911,50.1650,0.0572,50.1650,0.3911
216000.0000,0.1103,11.0294,50.1650,0.3911,50.1650,0.0572,50.1650,0.3911
216000.0000,0.1152,11.5196,50.1650,0.3911,50.1650,0.0572,50.1650,0.3911
216000.0000,0.1201,12.0098,50.1650,0.3911,50.1650,0.0572,50.1650,0.3911
216000.0000,0.1250,12.5000,50.1650,0.3911,50.1650,0.0572,50.1650,0.3911
216000.0000,0.1299,12.9902,50.1650,0.3911,50.1650,0.0572,50.1650,0.3911
216000.0000,0.1348,13.4804,50.1650,0.3911,50.1650,0.0572,50.1650,0.3911
216000.0000,0.1397,13.9706,50.1650,0.3911,50.1650,0.0572,50.1650,0.3911
216000.0000,0.1446,14.4608,50.1650,0.3911,50.1650,0.0572,50.1650,0.3911
216000.0000,0.1495,14.9510,50.1650,0.3911,50.1650,0.0572,50.1650,0.3911
216000.0000,0.1544,15.4412,50.1650,0.3911,50.1650,0.0572,50.1650,0.3911
216000.0000,0.1593,15.9314,50.1650,0.3911,50.1650,0.0572,50.1650,0.3911
216000.0000,0.1642,16.4216,50.1650,0.3911,50.1650,0.0572,50.1650,0.3911
216000.0000,0.1691,16.9118,50.1650,0.3911,50.1650,0.0572,50.1650,0.3911
216000.0000,0.1740,17.4020,50.1650,0.3911,50.1650,0.0572,50.1650,0.3911
216000.0000,0.1789,17.8922,50.1650,0.3910,50.1650,0.0572,50.1650,0.3910
216000.0000,0.1838,18.3824,50.1650,0.3909,50.1650,0.0572,50.1650,0.3909
216000.0000,0.1887,18.8725,50.1650,0.3907,50.1650,0.0572,50.1650,0.3907
216000.0000,0.1936,19.3627,50.1650,0.3905,50.1650,0.0572,50.1650,0.3905
216000.0000,0.1985,19.8529,50.1650,0.3900,50.1650,0.0572,50.1650,0.3900
216000.0000,0.2034,20.3431,50.1650,0.3893,50.1650,0.0571,50.1650,0.3893
216000.0000,0.2083,20.8333,50.1650,0.3882,50.1650,0.0570,50.1650,0.3882
216000.0000,0.2132,21.3235,50.1650,0.3864,50.1650,0.0569,50.1650,0.3864
216000.0000,0.2181,21.8137,50.1650,0.3837,50.1650,0.0568,50.1650,0.3837
216000.0000,0.2230,22.3039,50.1650,0.3793,50.1650,0.0565,50.1650,0.3793
216000.0000,0.2279,22.7941,50.1650,0.3723,50.1650,0.0561,50.1650,0.3723
216000.0000,0.2328,23.2843,50.1650,0.3610,50.1650,0.0555,50.1650,0.3610
216000.0000,0.2377,23.7745,50.1650,0.3418,50.1650,0.0545,50.1650,0.3418
216000.0000,0.2426,24.2647,50.1650,0.3060,50.1650,0.0530,50.1650,0.3060
216000.0000,0.2475,24.7549,50.1650,0.2092,50.1650,0.0504,50.1650,0.0575
219600.0000,0.0025,0.2451,50.1650,0.2080,50.1650,0.0504,50.1650,0.0573
219600.0000,0.0074,0.7353,50.1650,0.3040,50.1650,0.0529,50.1650,0.3040
219600.0000,0.0123,1.2255,50.1650,0.3393,50.1650,0.0544,50.1650,0.3393
219600.0000,0.0172,1.7157,50.1650,0.3583,50.1650,0.0553,50.1650,0.3583
219600.0000,0.0221,2.2059,50.1650,0.3696,50.1650,0.0559,50.1650,0.3696
219600.0000,0.0270,2.6961,50.1650,0.3764,50.1650,0.0563,50.1650,0.3764
219600.0000,0.0319,3.1863,50.1650,0.3807,50.1650,0.0566,50.1650,0.3807
219600.0000,0.0368,3.6765,50.1650,0.3835,50.1650,0.0567,50.1650,0.3835
219600.0000,0.0417,4.1667,50.1650,0.3852,50.1650,0.0568,50.1650,0.3852
219600.0000,0.0466,4.6569,50.1650,0.3863,50.1650,0.0569,50.1650,0.3863
219600.0000,0.0515,5.1471,50.1650,0.3870,50.1650,0.0569,50.1650,0.3870
219600.0000,0.0564,5.6373,50.1650,0.3874,50.1650,0.0570,50.1650,0.3874
219600.0000,0.0613,6.1275,50.1650,0.3877,50.1650,0.0570,50.1650,0.3877
219600.0000,0.0662,6.6176,50.1650,0.3879,50.1650,0.0570,50.1650,0.3879
219600.0000,0.0711,7.1078,50.1650,0.3880,50.1650,0.0570,50.1650,0.3880
219600.0000,0.0760,7.5980,50.1650,0.3880,50.1650,0.0570,50.1650,0.3880
219600.0000,0.0809,8.0882,50.1650,0.3881,50.1650,0.0570,50.1650,0.3881
219600.0000,0.0858,8.5784,50.1650,0.3881,50.1650,0.0570,50.1650,0.3881
219600.0000,0.0907,9.0686,50.1650,0.3881,50.1650,0.0570,50.1650,0.3881
219600.0000,0.0956,9.5588,50.1650,0.3881,50.1650,0.0570,50.1650,0.3881
219600.0000,0.1005,10.0490,50.1650,0.3881,50.1650,0.0570,50.1650,0.3881
219600.0000,0.1054,10.5392,50.1650,0.3881,50.1650,0.0570,50.1650,0.3881
219600.0000,0.1103,11.0294,50.1650,0.3881,50.1650,0.0570,50.1650,0.3881
219600.0000,0.1152,11.5196,50.1650,0.3881,50.1650,0.0570,50.1650,0.3881
219600.0000,0.1201,12.0098,50.1650,0.3881,50.1650,0.0570,50.1650,0.3881
219600.0000,0.1250,12.5000,50.1650,0.3881,50.1650,0.0570,50.1650,0.3881
219600.0000,0.1299,12.9902,50.1650,0.3881,50.1650,0.0570,50.1650,0.3881
219600.0000,0.1348,13.4804,50.1650,0.3881,50.1650,0.0570,50.1650,0.3881
219600.0000,0.1397,13.9706,50.1650,0.3881,50.1650,0.0570,50.1650,0.3881
219600.0000,0.1446,14.4608,50.1650,0.3881,50.1650,0.0570,50.1650,0.3881
219600.0000,0.1495,14.9510,50.1650,0.3881,50.1650,0.0570,50.1650,0.3881
219600.0000,0.1544,15.4412,50.1650,0.3881,50.1650,0.0570,50.1650,0.3881
219600.0000,0.1593,15.9314,50.1650,0.3881,50.1650,0.0570,50.1650,0.3881
219600.0000,0.1642,16.4216,50.1650,0.3881,50.1650,0.0570,50.1650,0.3881
219600.0000,0.1691,16.9118,50.1650,0.3881,50.1650,0.0570,50.1650,0.3881
219600.0000,0.1740,17.4020,50.1650,0.3880,50.1650,0.0570,50.1650,0.3880
219600.0000,0.1789,17.8922,50.1650,0.3880,50.1650,0.0570,50.1650,0.3880
219600.0000,0.1838,18.3824,50.1650,0.3879,50.1650,0.0570,50.1650,0.3879
219600.0000,0.1887,18.8725,50.1650,0.3877,50.1650,0.0570,50.1650,0.3877
219600.0000,0.1936,19.3627,50.1650,0.3874,50.1650,0.0570,50.1650,0.3874
219600.0000,0.1985,19.8529,50.1650,0.3870,50.1650,0.0569,50.1650,0.3870
219600.0000,0.2034,20.3431,50.1650,0.3863,50.1650,0.0569,50.1650,0.3863
219600.0000,0.2083,20.8333,50.1650,0.3852,50.1650,0.0568,50.1650,0.3852
219600.0000,0.2132,21.3235,50.1650,0.3835,50.1650,0.0567,50.1650,0.3835
219600.0000,0.2181,21.8137,50.1650,0.3807,50.1650,0.0566,50.1650,0.3807
219600.0000,0.2230,22.3039,50.1650,0.3764,50.1650,0.0563,50.1650,0.3764
219600.0000,0.2279,22.7941,50.1650,0.3696,50.1650,0.0559,50.1650,0.3696
219600.0000,0.2328,23.2843,50.1650,0.3583,50.1650,0.0553,50.1650,0.3583
219600.0000,0.2377,23.7745,50.1650,0.3393,50.1650,0.0544,50.1650,0.3393
219600.0000,0.2426,24.2647,50.1650,0.3040,50.1650,0.0529,50.1650,0.3040
219600.0000,0.2475,24.7549,50.1650,0.2080,50.1650,0.0504,50.1650,0.0573
223200.0000,0.0025,0.2451,50.1650,0.2069,50.1650,0.0504,50.1650,0.0571
223200.0000,0.0074,0.7353,50.1650,0.3021,50.1650,0.0528,50.1650,0.3021
223200.0000,0.0123,1.2255,50.1650,0.3370,50.1650,0.0543,50.1650,0.3370
223200.0000,0.0172,1.7157,50.1650,0.3558,50.1650,0.0552,50.1650,0.3558
223200.0000,0.0221,2.2059,50.1650,0.3669,50.1650,0.0558,50.1650,0.3669
223200.0000,0.0270,2.6961,50.1650,0.3736,50.1650,0.0561,50.1650,0.3736
223200.0000,0.0319,3.1863,50.1650,0.3779,50.1650,0.0564,50.1650,0.3779
223200.0000,0.0368,3.6765,50.1650,0.3806,50.1650,0.0565,50.1650,0.3806
223200.0000,0.0417,4.1667,50.1650,0.3823,50.1650,0.0566,50.1650,0.3823
223200.0000,0.0466,4.6569,50.1650,0.3834,50.1650,0.0567,50.1650,0.3834
223200.0000,0.0515,5.1471,50.1650,0.3841,50.1650,0.0567,50.1650,0.3841
223200.0000,0.0564,5.6373,50.1650,0.3845,50.1650,0.0568,50.1650,0.3845
223200.0000,0.0613,6.1275,50.1650,0.3848,50.1650,0.0568,50.1650,0.3848
223200.0000,0.0662,6.6176,50.1650,0.3849,50.1650,0.0568,50.1650,0.3849
223200.0000,0.0711,7.1078,50.1650,0.3850,50.1650,0.0568,50.1650,0.3850
223200.0000,0.0760,7.5980,50.1650,0.3851,50.1650,0.0568,50.1650,0.3851
223200.0000,0.0809,8.0882,50.1650,0.3851,50.1650,0.0568,50.1650,0.3851
223200.0000,0.0858,8.5784,50.1650,0.3851,50.1650,0.0568,50.1650,0.3851
223200.0000,0.0907,9.0686,50.1650,0.3851,50.1650,0.0568,50.1650,0.3851
223200.0000,0.0956,9.5588,50.1650,0.3851,50.1650,0.0568,50.1650,0.3851
223200.0000,0.1005,10.0490,50.1650,0.3851,50.1650,0.0568,50.1650,0.3851
223200.0000,0.1054,10.5392,50.1650,0.3851,50.1650,0.0568,50.1650,0.3851
223200.0000,0.1103,11.0294,50.1650,0.3851,50.1650,0.0568,50.1650,0.3851
223200.0000,0.1152,11.5196,50.1650,0.3851,50.1650,0.0568,50.1650,0.3851
223200.0000,0.1201,12.0098,50.1650,0.3852,50.1650,0.0568,50.1650,0.3852
223200.0000,0.1250,12.5000,50.1650,0.3852,50.1650,0.0568,50.1650,0.3852
223200.0000,0.1299,12.9902,50.1650,0.3852,50.1650,0.0568,50.1650,0.3852
223200.0000,0.1348,13.4804,50.1650,0.3851,50.1650,0.0568,50.1650,0.3851
223200.0000,0.1397,13.9706,50.1650,0.3851,50.1650,0.0568,50.1650,0.3851
223200.0000,0.1446,14.4608,50.1650,0.3851,50.1650,0.0568,50.1650,0.3851
223200.0000,0.1495,14.9510,50.1650,0.3851,50.1650,0.0568,50.1650,0.3851
223200.0000,0.1544,15.4412,50.1650,0.3851,50.1650,0.0568,50.1650,0.3851
223200.0000,0.1593,15.9314,50.1650,0.3851,50.1650,0.0568,50.1650,0.3851
223200.0000,0.1642,16.4216,50.1650,0.3851,50.1650,0.0568,50.1650,0.3851
223200.0000,0.1691,16.9118,50.1650,0.3851,50.1650,0.0568,50.1650,0.3851
223200.0000,0.1740,17.4020,50.1650,0.3851,50.1650,0.0568,50.1650,0.3851
223200.0000,0.1789,17.8922,50.1650,0.3850,50.1650,0.0568,50.1650,0.3850
223200.0000,0.1838,18.3824,50.1650,0.3849,50.1650,0.0568,50.1650,0.3849
223200.0000,0.1887,18.8725,50.1650,0.3848,50.1650,0.0568,50.1650,0.3848
223200.0000,0.1936,19.3627,50.1650,0.3845,50.1650,0.0568,50.1650,0.3845
223200.0000,0.1985,19.8529,50.1650,0.3841,50.1650,0.0567,50.1650,0.3841
223200.0000,0.2034,20.3431,50.1650,0.3834,50.1650,0.0567,50.1650,0.3834
223200.0000,0.2083,20.8333,50.1650,0.3823,50.1650,0.0566,50.1650,0.3823
223200.0000,0.2132,21.3235,50.1650,0.3806,50.1650,0.0565,50.1650,0.3806
223200.0000,0.2181,21.8137,50.1650,0.3779,50.1650,0.0564,50.1650,0.3779
223200.0000,0.2230,22.3039,50.1650,0.3736,50.1650,0.0561,50.1650,0.3736
223200.0000,0.2279,22.7941,50.1650,0.3669,50.1650,0.0558,50.1650,0.3669
223200.0000,0.2328,23.2843,50.1650,0.3558,50.1650,0.0552,50.1650,0.3558
223200.0000,0.2377,23.7745,50.1650,0.3370,50.1650,0.0543,50.1650,0.3370
223200.0000,0.2426,24.2647,50.1650,0.3021,50.1650,0.0528,50.1650,0.3021
223200.0000,0.2475,24.7549,50.1650,0.2069,50.1650,0.0504,50.1650,0.0571
226800.0000,0.0025,0.2451,50.1650,0.2059,50.1650,0.0504,50.1650,0.0569
226800.0000,0.0074,0.7353,50.1650,0.3002,50.1650,0.0527,50.1650,0.3002
226800.0000,0.0123,1.2255,50.1650,0.3347,50.1650,0.0541,50.1650,0.3347
226800.0000,0.0172,1.7157,50.1650,0.3533,50.1650,0.0550,50.1650,0.3533
226800.0000,0.0221,2.2059,50.1650,0.3642,50.1650,0.0556,50.1650,0.3642
226800.0000,0.0270,2.6961,50.1650,0.3709,50.1650,0.0560,50.1650,0.3709
226800.0000,0.0319,3.1863,50.1650,0.3751,50.1650,0.0562,50.1650,0.3751
226800.0000,0.0368,3.6765,50.1650,0.3778,50.1650,0.0563,50.1650,0.3778
226800.0000,0.0417,4.1667,50.1650,0.3795,50.1650,0.0564,50.1650,0.3795
226800.0000,0.0466,4.6569,50.1650,0.3805,50.1650,0.0565,50.1650,0.3805
226800.0000,0.0515,5.1471,50.1650,0.3812,50.1650,0.0565,50.1650,0.3812
226800.0000,0.0564,5.6373,50.1650,0.3816,50.1650,0.0566,50.1650,0.3816
226800.0000,0.0613,6.1275,50.1650,0.3819,50.1650,0.0566,50.1650,0.3819
226800.0000,0.0662,6.6176,50.1650,0.3821,50.1650,0.0566,50.1650,0.3821
226800.0000,0.0711,7.1078,50.1650,0.3822,50.1650,0.0566,50.1650,0.3822
226800.0000,0.0760,7.5980,50.1650,0.3822,50.1650,0.0566,50.1650,0.3822
226800.0000,0.0809,8.0882,50.1650,0.3823,50.1650,0.0566,50.1650,0.3823
226800.0000,0.0858,8.5784,50.1650,0.3823,50.1650,0.0566,50.1650,0.3823
226800.0000,0.0907,9.0686,50.1650,0.3823,50.1650,0.0566,50.1650,0.3823
226800.0000,0.0956,9.5588,50.1650,0.3823,50.1650,0.0566,50.1650,0.3823
226800.0000,0.1005,10.0490,50.1650,0.3823,50.1650,0.0566,50.1650,0.3823
226800.0000,0.1054,10.5392,50.1650,0.3823,50.1650,0.0566,50.1650,0.3823
226800.0000,0.1103,11.0294,50.1650,0.3823,50.1650,0.0566,50.1650,0.3823
226800.0000,0.1152,11.5196,50.1650,0.3823,50.1650,0.0566,50.1650,0.3823
226800.0000,0.1201,12.0098,50.1650,0.3823,50.1650,0.0566,50.1650,0.3823
226800.0000,0.1250,12.5000,50.1650,0.3823,50.1650,0.0566,50.1650,0.3823
226800.0000,0.1299,12.9902,50.1650,0.3823,50.1650,0.0566,50.1650,0.3823
226800.0000,0.1348,13.4804,50.1650,0.3823,50.1650,0.0566,50.1650,0.3823
226800.0000,0.1397,13.9706,50.1650,0.3823,50.1650,0.0566,50.1650,0.3823
226800.0000,0.1446,14.4608,50.1650,0.3823,50.1650,0.0566,50.1650,0.3823
226800.0000,0.1495,14.9510,50.1650,0.3823,50.1650,0.0566,50.1650,0.3823
226800.0000,0.1544,15.4412,50.1650,0.3823,50.1650,0.0566,50.1650,0.3823
226800.0000,0.1593,15.9314,50.1650,0.3823,50.1650,0.0566,50.1650,0.3823
226800.0000,0.1642,16.4216,50.1650,0.3823,50.1650,0.0566,50.1650,0.3823
226800.0000,0.1691,16.9118,50.1650,0.3823,50.1650,0.0566,50.1650,0.3823
226800.0000,0.1740,17.4020,50.1650,0.3822,50.1650,0.0566,50.1650,0.3822
226800.0000,0.1789,17.8922,50.1650,0.3822,50.1650,0.0566,50.1650,0.3822
226800.0000,0.1838,18.3824,50.1650,0.3821,50.1650,0.0566,50.1650,0.3821
226800.0000,0.1887,18.8725,50.1650,0.3819,50.1650,0.0566,50.1650,0.3819
226800.0000,0.1936,19.3627,50.1650,0.3816,50.1650,0.0566,50.1650,0.3816
226800.0000,0.1985,19.8529,50.1650,0.3812,50.1650,0.0565,50.1650,0.3812
226800.0000,0.2034,20.3431,50.1650,0.3805,50.1650,0.0565,50.1650,0.3805
226800.0000,0.2083,20.8333,50.1650,0.3795,50.1650,0.0564,50.1650,0.3795
226800.0000,0.2132,21.3235,50.1650,0.3778,50.1650,0.0563,50.1650,0.3778
226800.0000,0.2181,21.8137,50.1650,0.3751,50.1650,0.0562,50.1650,0.3751
226800.0000,0.2230,22.3039,50.1650,0.3709,50.1650,0.0560,50.1650,0.3709
226800.0000,0.2279,22.7941,50.1650,0.3642,50.1650,0.0556,50.1650,0.3642
226800.0000,0.2328,23.2843,50.1650,0.3533,50.1650,0.0550,50.1650,0.3533
226800.0000,0.2377,23.7745,50.1650,0.3347,50.1650,0.0541,50.1650,0.3347
226800.0000,0.2426,24.2647,50.1650,0.3002,50.1650,0.0527,50.1650,0.3002
226800.0000,0.2475,24.7549,50.1650,0.2059,50.1650,0.0504,50.1650,0.0569
230400.0000,0.0025,0.2451,50.1650,0.2048,50.1650,0.0504,50.1650,0.0567
230400.0000,0.0074,0.7353,50.1650,0.2983,50.1650,0.0526,50.1650,0.2983
230400.0000,0.0123,1.2255,50.1650,0.3325,50.1650,0.0540,50.1650,0.3325
230400.0000,0.0172,1.7157,50.1650,0.3509,50.1650,0.0549,50.1650,0.3509
230400.0000,0.0221,2.2059,50.1650,0.3617,50.1650,0.0554,50.1650,0.3617
230400.0000,0.0270,2.6961,50.1650,0.3683,50.1650,0.0558,50.1650,0.3683
230400.0000,0.0319,3.1863,50.1650,0.3724,50.1650,0.0560,50.1650,0.3724
230400.0000,0.0368,3.6765,50.1650,0.3751,50.1650,0.0562,50.1650,0.3751
230400.0000,0.0417,4.1667,50.1650,0.3767,50.1650,0.0563,50.1650,0.3767
230400.0000,0.0466,4.6569,50.1650,0.3778,50.1650,0.0563,50.1650,0.3778
230400.0000,0.0515,5.1471,50.1650,0.3784,50.1650,0.0564,50.1650,0.3784
230400.0000,0.0564,5.6373,50.1650,0.3789,50.1650,0.0564,50.1650,0.3789
230400.0000,0.0613,6.1275,50.1650,0.3791,50.1650,0.0564,50.1650,0.3791
230400.0000,0.0662,6.6176,50.1650,0.3793,50.1650,0.0564,50.1650,0.3793
230400.0000,0.0711,7.1078,50.1650,0.3794,50.1650,0.0564,50.1650,0.3794
230400.0000,0.0760,7.5980,50.1650,0.3794,50.1650,0.0564,50.1650,0.3794
230400.0000,0.0809,8.0882,50.1650,0.3795,50.1650,0.0564,50.1650,0.3795
230400.0000,0.0858,8.5784,50.1650,0.3795,50.1650,0.0564,50.1650,0.3795
230400.0000,0.0907,9.0686,50.1650,0.3795,50.1650,0.0564,50.1650,0.3795
230400.0000,0.0956,9.5588,50.1650,0.3795,50.1650,0.0564,50.1650,0.3795
230400.0000,0.1005,10.0490,50.1650,0.3795,50.1650,0.0564,50.1650,0.3795
230400.0000,0.1054,10.5392,50.1650,0.3795,50.1650,0.0564,50.1650,0.3795
230400.0000,0.1103,11.0294,50.1650,0.3795,50.1650,0.0564,50.1650,0.3795
230400.0000,0.1152,11.5196,50.1650,0.3795,50.1650,0.0564,50.1650,0.3795
230400.0000,0.1201,12.0098,50.1650,0.3795,50.1650,0.0564,50.1650,0.3795
230400.0000,0.1250,12.5000,50.1650,0.3795,50.1650,0.0564,50.1650,0.3795
230400.0000,0.1299,12.9902,50.1650,0.3795,50.1650,0.0564,50.1650,0.3795
230400.0000,0.1348,13.4804,50.1650,0.3795,50.1650,0.0564,50.1650,0.3795
230400.0000,0.1397,13.9706,50.1650,0.3795,50.1650,0.0564,50.1650,0.3795
230400.0000,0.1446,14.4608,50.1650,0.3795,50.1650,0.0564,50.1650,0.3795
230400.0000,0.1495,14.9510,50.1650,0.3795,50.1650,0.0564,50.1650,0.3795
230400.0000,0.1544,15.4412,50.1650,0.3795,50.1650,0.0564,50.1650,0.3795
230400.0000,0.1593,15.9314,50.1650,0.3795,50.1650,0.0564,50.1650,0.3795
230400.0000,0.1642,16.4216,50.1650,0.3795,50.1650,0.0564,50.1650,0.3795
230400.0000,0.1691,16.9118,50.1650,0.3795,50.1650,0.0564,50.1650,0.3795
230400.0000,0.1740,17.4020,50.1650,0.3794,50.1650,0.0564,50.1650,0.3794
230400.0000,0.1789,17.8922,50.1650,0.3794,50.1650,0.0564,50.1650,0.3794
230400.0000,0.1838,18.3824,50.1650,0.3793,50.1650,0.0564,50.1650,0.3793
230400.0000,0.1887,18.8725,50.1650,0.3791,50.1650,0.0564,50.1650,0.3791
230400.0000,0.1936,19.3627,50.1650,0.3789,50.1650,0.0564,50.1650,0.3789
230400.0000,0.1985,19.8529,50.1650,0.3784,50.1650,0.0564,50.1650,0.3784
230400.0000,0.2034,20.3431,50.1650,0.3778,50.1650,0.0563,50.1650,0.3778
230400.0000,0.2083,20.8333,50.1650,0.3767,50.1650,0.0563,50.1650,0.3767
230400.0000,0.2132,21.3235,50.1650,0.3751,50.1650,0.0562,50.1650,0.3751
230400.0000,0.2181,21.8137,50.1650,0.3724,50.1650,0.0560,50.1650,0.3724
230400.0000,0.2230,22.3039,50.1650,0.3683,50.1650,0.0558,50.1650,0.3683
230400.0000,0.2279,22.7941,50.1650,0.3617,50.1650,0.0554,50.1650,0.3617
230400.0000,0.2328,23.2843,50.1650,0.3509,50.1650,0.0549,50.1650,0.3509
230400.0000,0.2377,23.7745,50.1650,0.3325,50.1650,0.0540,50.1650,0.3325
230400.0000,0.2426,24.2647,50.1650,0.2983,50.1650,0.0526,50.1650,0.2983
230400.0000,0.2475,24.7549,50.1650,0.2048,50.1650,0.0504,50.1650,0.0567
234000.0000,0.0025,0.2451,50.1650,0.2038,50.1650,0.0504,50.1650,0.0565
234000.0000,0.0074,0.7353,50.1650,0.2965,50.1650,0.0526,50.1650,0.2965
234000.0000,0.0123,1.2255,50.1650,0.3304,50.1650,0.0539,50.1650,0.3304
234000.0000,0.0172,1.7157,50.1650,0.3485,50.1650,0.0547,50.1650,0.3485
234000.0000,0.0221,2.2059,50.1650,0.3592,50.1650,0.0553,50.1650,0.3592
234000.0000,0.0270,2.6961,50.1650,0.3658,50.1650,0.0556,50.1650,0.3658
234000.0000,0.0319,3.1863,50.1650,0.3698,50.1650,0.0558,50.1650,0.3698
234000.0000,0.0368,3.6765,50.1650,0.3724,50.1650,0.0560,50.1650,0.3724
234000.0000,0.0417,4.1667,50.1650,0.3741,50.1650,0.0561,50.1650,0.3741
234000.0000,0.0466,4.6569,50.1650,0.3751,50.1650,0.0561,50.1650,0.3751
234000.0000,0.0515,5.1471,50.1650,0.3758,50.1650,0.0562,50.1650,0.3758
234000.0000,0.0564,5.6373,50.1650,0.3762,50.1650,0.0562,50.1650,0.3762
234000.0000,0.0613,6.1275,50.1650,0.3764,50.1650,0.0562,50.1650,0.3764
234000.0000,0.0662,6.6176,50.1650,0.3766,50.1650,0.0562,50.1650,0.3766
234000.0000,0.0711,7.1078,50.1650,0.3767,50.1650,0.0562,50.1650,0.3767
234000.0000,0.0760,7.5980,50.1650,0.3768,50.1650,0.0562,50.1650,0.3768
234000.0000,0.0809,8.0882,50.1650,0.3768,50.1650,0.0562,50.1650,0.3768
234000.0000,0.0858,8.5784,50.1650,0.3768,50.1650,0.0562,50.1650,0.3768
234000.0000,0.0907,9.0686,50.1650,0.3768,50.1650,0.0562,50.1650,0.3768
234000.0000,0.0956,9.5588,50.1650,0.3768,50.1650,0.0562,50.1650,0.3768
234000.0000,0.1005,10.0490,50.1650,0.3768,50.1650,0.0562,50.1650,0.3768
234000.0000,0.1054,10.5392,50.1650,0.3768,50.1650,0.0562,50.1650,0.3768
234000.0000,0.1103,11.0294,50.1650,0.3768,50.1650,0.0562,50.1650,0.3768
234000.0000,0.1152,11.5196,50.1650,0.3768,50.1650,0.0562,50.1650,0.3768
234000.0000,0.1201,12.0098,50.1650,0.3768,50.1650,0.0562,50.1650,0.3768
234000.0000,0.1250,12.5000,50.1650,0.3768,50.1650,0.0562,50.1650,0.3768
234000.0000,0.1299,12.9902,50.1650,0.3768,50.1650,0.0562,50.1650,0.3768
234000.0000,0.1348,13.4804,50.1650,0.3768,50.1650,0.0562,50.1650,0.3768
234000.0000,0.1397,13.9706,50.1650,0.3768,50.1650,0.0562,50.1650,0.3768
234000.0000,0.1446,14.4608,50.1650,0.3768,50.1650,0.0562,50.1650,0.3768
234000.0000,0.1495,14.9510,50.1650,0.3768,50.1650,0.0562,50.1650,0.3768
234000.0000,0.1544,15.4412,50.1650,0.3768,50.1650,0.0562,50.1650,0.3768
234000.0000,0.1593,15.9314,50.1650,0.3768,50.1650,0.0562,50.1650,0.3768
234000.0000,0.1642,16.4216,50.1650,0.3768,50.1650,0.0562,50.1650,0.3768
234000.0000,0.1691,16.9118,50.1650,0.3768,50.1650,0.0562,50.1650,0.3768
234000.0000,0.1740,17.4020,50.1650,0.3768,50.1650,0.0562,50.1650,0.3768
234000.0000,0.1789,17.8922,50.1650,0.3767,50.1650,0.0562,50.1650,0.3767
234000.0000,0.1838,18.3824,50.1650,0.3766,50.1650,0.0562,50.1650,0.3766
234000.0000,0.1887,18.8725,50.1650,0.3764,50.1650,0.0562,50.1650,0.3764
234000.0000,0.1936,19.3627,50.1650,0.3762,50.1650,0.0562,50.1650,0.3762
234000.0000,0.1985,19.8529,50.1650,0.3758,50.1650,0.0562,50.1650,0.3758
234000.0000,0.2034,20.3431,50.1650,0.3751,50.1650,0.0561,50.1650,0.3751
234000.0000,0.2083,20.8333,50.1650,0.3741,50.1650,0.0561,50.1650,0.3741
234000.0000,0.2132,21.3235,50.1650,0.3724,50.1650,0.0560,50.1650,0.3724
234000.0000,0.2181,21.8137,50.1650,0.3698,50.1650,0.0558,50.1650,0.3698
234000.0000,0.2230,22.3039,50.1650,0.3658,50.1650,0.0556,50.1650,0.3658
234000.0000,0.2279,22.7941,50.1650,0.3592,50.1650,0.0553,50.1650,0.3592
234000.0000,0.2328,23.2843,50.1650,0.3485,50.1650,0.0547,50.1650,0.3485
234000.0000,0.2377,23.7745,50.1650,0.3304,50.1650,0.0539,50.1650,0.3304
234000.0000,0.2426,24.2647,50.1650,0.2965,50.1650,0.0526,50.1650,0.2965
234000.0000,0.2475,24.7549,50.1650,0.2038,50.1650,0.0504,50.1650,0.0565
237600.0000,0.0025,0.2451,50.1650,0.2029,50.1650,0.0504,50.1650,0.0564
237600.0000,0.0074,0.7353,50.1650,0.2948,50.1650,0.0525,50.1650,0.2948
237600.0000,0.0123,1.2255,50.1650,0.3283,50.1650,0.0538,50.1650,0.3283
237600.0000,0.0172,1.7157,50.1650,0.3463,50.1650,0.0546,50.1650,0.3463
237600.0000,0.0221,2.2059,50.1650,0.3568,50.1650,0.0551,50.1650,0.3568
237600.0000,0.0270,2.6961,50.1650,0.3633,50.1650,0.0555,50.1650,0.3633
237600.0000,0.0319,3.1863,50.1650,0.3673,50.1650,0.0557,50.1650,0.3673
237600.0000,0.0368,3.6765,50.1650,0.3699,50.1650,0.0558,50.1650,0.3699
237600.0000,0.0417,4.1667,50.1650,0.3715,50.1650,0.0559,50.1650,0.3715
237600.0000,0.0466,4.6569,50.1650,0.3725,50.1650,0.0560,50.1650,0.3725
237600.0000,0.0515,5.1471,50.1650,0.3732,50.1650,0.0560,50.1650,0.3732
237600.0000,0.0564,5.6373,50.1650,0.3736,50.1650,0.0560,50.1650,0.3736
237600.0000,0.0613,6.1275,50.1650,0.3738,50.1650,0.0560,50.1650,0.3738
237600.0000,0.0662,6.6176,50.1650,0.3740,50.1650,0.0561,50.1650,0.3740
237600.0000,0.0711,7.1078,50.1650,0.3741,50.1650,0.0561,50.1650,0.3741
237600.0000,0.0760,7.5980,50.1650,0.3741,50.1650,0.0561,50.1650,0.3741
237600.0000,0.0809,8.0882,50.1650,0.3742,50.1650,0.0561,50.1650,0.3742
237600.0000,0.0858,8.5784,50.1650,0.3742,50.1650,0.0561,50.1650,0.3742
237600.0000,0.0907,9.0686,50.1650,0.3742,50.1650,0.0561,50.1650,0.3742
237600.0000,0.0956,9.5588,50.1650,0.3742,50.1650,0.0561,50.1650,0.3742
237600.0000,0.1005,10.0490,50.1650,0.3742,50.1650,0.0561,50.1650,0.3742
237600.0000,0.1054,10.5392,50.1650,0.3742,50.1650,0.0561,50.1650,0.3742
237600.0000,0.1103,11.0294,50.1650,0.3742,50.1650,0.0561,50.1650,0.3742
237600.0000,0.1152,11.5196,50.1650,0.3742,50.1650,0.0561,50.1650,0.3742
237600.0000,0.1201,12.0098,50.1650,0.3742,50.1650,0.0561,50.1650,0.3742
237600.0000,0.1250,12.5000,50.1650,0.3742,50.1650,0.0561,50.1650,0.3742
237600.0000,0.1299,12.9902,50.1650,0.3742,50.1650,0.0561,50.1650,0.3742
237600.0000,0.1348,13.4804,50.1650,0.3742,50.1650,0.0561,50.1650,0.3742
237600.0000,0.1397,13.9706,50.1650,0.3742,50.1650,0.0561,50.1650,0.3742
237600.0000,0.1446,14.4608,50.1650,0.3742,50.1650,0.0561,50.1650,0.3742
237600.0000,0.1495,14.9510,50.1650,0.3742,50.1650,0.0561,50.1650,0.3742
237600.0000,0.1544,15.4412,50.1650,0.3742,50.1650,0.0561,50.1650,0.3742
237600.0000,0.1593,15.9314,50.1650,0.3742,50.1650,0.0561,50.1650,0.3742
237600.0000,0.1642,16.4216,50.1650,0.3742,50.1650,0.0561,50.1650,0.3742
237600.0000,0.1691,16.9118,50.1650,0.3742,50.1650,0.0561,50.1650,0.3742
237600.0000,0.1740,17.4020,50.1650,0.3741,50.1650,0.0561,50.1650,0.3741
237600.0000,0.1789,17.8922,50.1650,0.3741,50.1650,0.0561,50.1650,0.3741
237600.0000,0.1838,18.3824,50.1650,0.3740,50.1650,0.0561,50.1650,0.3740
237600.0000,0.1887,18.8725,50.1650,0.3738,50.1650,0.0560,50.1650,0.3738
237600.0000,0.1936,19.3627,50.1650,0.3736,50.1650,0.0560,50.1650,0.3736
237600.0000,0.1985,19.8529,50.1650,0.3732,50.1650,0.0560,50.1650,0.3732
237600.0000,0.2034,20.3431,50.1650,0.3725,50.1650,0.0560,50.1650,0.3725
237600.0000,0.2083,20.8333,50.1650,0.3715,50.1650,0.0559,50.1650,0.3715
237600.0000,0.2132,21.3235,50.1650,0.3699,50.1650,0.0558,50.1650,0.3699
237600.0000,0.2181,21.8137,50.1650,0.3673,50.1650,0.0557,50.1650,0.3673
237600.0000,0.2230,22.3039,50.1650,0.3633,50.1650,0.0555,50.1650,0.3633
237600.0000,0.2279,22.7941,50.1650,0.3568,50.1650,0.0551,50.1650,0.3568
237600.0000,0.2328,23.2843,50.1650,0.3463,50.1650,0.0546,50.1650,0.3463
237600.0000,0.2377,23.7745,50.1650,0.3283,50.1650,0.0538,50.1650,0.3283
237600.0000,0.2426,24.2647,50.1650,0.2948,50.1650,0.0525,50.1650,0.2948
237600.0000,0.2475,24.7549,50.1650,0.2029,50.1650,0.0504,50.1650,0.0564
241200.0000,0.0025,0.2451,50.1650,0.2019,50.1650,0.0503,50.1650,0.0562
241200.0000,0.0074,0.7353,50.1650,0.2931,50.1650,0.0524,50.1650,0.2931
241200.0000,0.0123,1.2255,50.1650,0.3263,50.1650,0.0537,50.1650,0.3263
241200.0000,0.0172,1.7157,50.1650,0.3440,50.1650,0.0545,50.1650,0.3440
241200.0000,0.0221,2.2059,50.1650,0.3545,50.1650,0.0550,50.1650,0.3545
241200.0000,0.0270,2.6961,50.1650,0.3609,50.1650,0.0553,50.1650,0.3609
241200.0000,0.0319,3.1863,50.1650,0.3648,50.1650,0.0555,50.1650,0.3648
241200.0000,0.0368,3.6765,50.1650,0.3674,50.1650,0.0557,50.1650,0.3674
241200.0000,0.0417,4.1667,50.1650,0.3690,50.1650,0.0558,50.1650,0.3690
241200.0000,0.0466,4.6569,50.1650,0.3700,50.1650,0.0558,50.1650,0.3700
241200.0000,0.0515,5.1471,50.1650,0.3706,50.1650,0.0558,50.1650,0.3706
241200.0000,0.0564,5.6373,50.1650,0.3710,50.1650,0.0559,50.1650,0.3710
241200.0000,0.0613,6.1275,50.1650,0.3713,50.1650,0.0559,50.1650,0.3713
241200.0000,0.0662,6.6176,50.1650,0.3714,50.1650,0.0559,50.1650,0.3714
241200.0000,0.0711,7.1078,50.1650,0.3715,50.1650,0.0559,50.1650,0.3715
241200.0000,0.0760,7.5980,50.1650,0.3716,50.1650,0.0559,50.1650,0.3716
241200.0000,0.0809,8.0882,50.1650,0.3716,50.1650,0.0559,50.1650,0.3716
241200.0000,0.0858,8.5784,50.1650,0.3716,50.1650,0.0559,50.1650,0.3716
241200.0000,0.0907,9.0686,50.1650,0.3717,50.1650,0.0559,50.1650,0.3717
241200.0000,0.0956,9.5588,50.1650,0.3717,50.1650,0.0559,50.1650,0.3717
241200.0000,0.1005,10.0490,50.1650,0.3717,50.1650,0.0559,50.1650,0.3717
241200.0000,0.1054,10.5392,50.1650,0.3717,50.1650,0.0559,50.1650,0.3717
241200.0000,0.1103,11.0294,50.1650,0.3717,50.1650,0.0559,50.1650,0.3717
241200.0000,0.1152,11.5196,50.1650,0.3717,50.1650,0.0559,50.1650,0.3717
241200.0000,0.1201,12.0098,50.1650,0.3717,50.1650,0.0559,50.1650,0.3717
241200.0000,0.1250,12.5000,50.1650,0.3717,50.1650,0.0559,50.1650,0.3717
241200.0000,0.1299,12.9902,50.1650,0.3717,50.1650,0.0559,50.1650,0.3717
241200.0000,0.1348,13.4804,50.1650,0.3717,50.1650,0.0559,50.1650,0.3717
241200.0000,0.1397,13.9706,50.1650,0.3717,50.1650,0.0559,50.1650,0.3717
241200.0000,0.1446,14.4608,50.1650,0.3717,50.1650,0.0559,50.1650,0.3717
241200.0000,0.1495,14.9510,50.1650,0.3717,50.1650,0.0559,50.1650,0.3717
241200.0000,0.1544,15.4412,50.1650,0.3717,50.1650,0.0559,50.1650,0.3717
241200.0000,0.1593,15.9314,50.1650,0.3717,50.1650,0.0559,50.1650,0.3717
241200.0000,0.1642,16.4216,50.1650,0.3716,50.1650,0.0559,50.1650,0.3716
241200.0000,0.1691,16.9118,50.1650,0.3716,50.1650,0.0559,50.1650,0.3716
241200.0000,0.1740,17.4020,50.1650,0.3716,50.1650,0.0559,50.1650,0.3716
241200.0000,0.1789,17.8922,50.1650,0.3715,50.1650,0.0559,50.1650,0.3715
241200.0000,0.1838,18.3824,50.1650,0.3714,50.1650,0.0559,50.1650,0.3714
241200.0000,0.1887,18.8725,50.1650,0.3713,50.1650,0.0559,50.1650,0.3713
241200.0000,0.1936,19.3627,50.1650,0.3710,50.1650,0.0559,50.1650,0.3710
241200.0000,0.1985,19.8529,50.1650,0.3706,50.1650,0.0558,50.1650,0.3706
241200.0000,0.2034,20.3431,50.1650,0.3700,50.1650,0.0558,50.1650,0.3700
241200.0000,0.2083,20.8333,50.1650,0.3690,50.1650,0.0558,50.1650,0.3690
241200.0000,0.2132,21.3235,50.1650,0.3674,50.1650,0.0557,50.1650,0.3674
241200.0000,0.2181,21.8137,50.1650,0.3648,50.1650,0.0555,50.1650,0.3648
241200.0000,0.2230,22.3039,50.1650,0.3609,50.1650,0.0553,50.1650,0.3609
241200.0000,0.2279,22.7941,50.1650,0.3545,50.1650,0.0550,50.1650,0.3545
241200.0000,0.2328,23.2843,50.1650,0.3440,50.1650,0.0545,50.1650,0.3440
241200.0000,0.2377,23.7745,50.1650,0.3263,50.1650,0.0537,50.1650,0.3263
241200.0000,0.2426,24.2647,50.1650,0.2931,50.1650,0.0524,50.1650,0.2931
241200.0000,0.2475,24.7549,50.1650,0.2019,50.1650,0.0503,50.1650,0.0562
244800.0000,0.0025,0.2451,50.1650,0.2010,50.1650,0.0503,50.1650,0.0560
244800.0000,0.0074,0.7353,50.1650,0.2914,50.1650,0.0523,50.1650,0.2914
244800.0000,0.0123,1.2255,50.1650,0.3243,50.1650,0.0536,50.1650,0.3243
244800.0000,0.0172,1.7157,50.1650,0.3419,50.1650,0.0544,50.1650,0.3419
244800.0000,0.0221,2.2059,50.1650,0.3522,50.1650,0.0549,50.1650,0.3522
244800.0000,0.0270,2.6961,50.1650,0.3585,50.1650,0.0552,50.1650,0.3585
244800.0000,0.0319,3.1863,50.1650,0.3625,50.1650,0.0554,50.1650,0.3625
244800.0000,0.0368,3.6765,50.1650,0.3649,50.1650,0.0555,50.1650,0.3649
244800.0000,0.0417,4.1667,50.1650,0.3665,50.1650,0.0556,50.1650,0.3665
244800.0000,0.0466,4.6569,50.1650,0.3675,50.1650,0.0557,50.1650,0.3675
244800.0000,0.0515,5.1471,50.1650,0.3682,50.1650,0.0557,50.1650,0.3682
244800.0000,0.0564,5.6373,50.1650,0.3686,50.1650,0.0557,50.1650,0.3686
244800.0000,0.0613,6.1275,50.1650,0.3688,50.1650,0.0557,50.1650,0.3688
244800.0000,0.0662,6.6176,50.1650,0.3690,50.1650,0.0557,50.1650,0.3690
244800.0000,0.0711,7.1078,50.1650,0.3691,50.1650,0.0557,50.1650,0.3691
244800.0000,0.0760,7.5980,50.1650,0.3691,50.1650,0.0557,50.1650,0.3691
244800.0000,0.0809,8.0882,50.1650,0.3691,50.1650,0.0557,50.1650,0.3691
244800.0000,0.0858,8.5784,50.1650,0.3692,50.1650,0.0557,50.1650,0.3692
244800.0000,0.0907,9.0686,50.1650,0.3692,50.1650,0.0557,50.1650,0.3692
244800.0000,0.0956,9.5588,50.1650,0.3692,50.1650,0.0557,50.1650,0.3692
244800.0000,0.1005,10.0490,50.1650,0.3692,50.1650,0.0557,50.1650,0.3692
244800.0000,0.1054,10.5392,50.1650,0.3692,50.1650,0.0557,50.1650,0.3692
244800.0000,0.1103,11.0294,50.1650,0.3692,50.1650,0.0557,50.1650,0.3692
244800.0000,0.1152,11.5196,50.1650,0.3692,50.1650,0.0557,50.1650,0.3692
244800.0000,0.1201,12.0098,50.1650,0.3692,50.1650,0.0557,50.1650,0.3692
244800.0000,0.1250,12.5000,50.1650,0.3692,50.1650,0.0557,50.1650,0.3692
244800.0000,0.1299,12.9902,50.1650,0.3692,50.1650,0.0557,50.1650,0.3692
244800.0000,0.1348,13.4804,50.1650,0.3692,50.1650,0.0557,50.1650,0.3692
244800.0000,0.1397,13.9706,50.1650,0.3692,50.1650,0.0557,50.1650,0.3692
244800.0000,0.1446,14.4608,50.1650,0.3692,50.1650,0.0557,50.1650,0.3692
244800.0000,0.1495,14.9510,50.1650,0.3692,50.1650,0.0557,50.1650,0.3692
244800.0000,0.1544,15.4412,50.1650,0.3692,50.1650,0.0557,50.1650,0.3692
244800.0000,0.1593,15.9314,50.1650,0.3692,50.1650,0.0557,50.1650,0.3692
244800.0000,0.1642,16.4216,50.1650,0.3692,50.1650,0.0557,50.1650,0.3692
244800.0000,0.1691,16.9118,50.1650,0.3691,50.1650,0.0557,50.1650,0.3691
244800.0000,0.1740,17.4020,50.1650,0.3691,50.1650,0.0557,50.1650,0.3691
244800.0000,0.1789,17.8922,50.1650,0.3691,50.1650,0.0557,50.1650,0.3691
244800.0000,0.1838,18.3824,50.1650,0.3690,50.1650,0.0557,50.1650,0.3690
244800.0000,0.1887,18.8725,50.1650,0.3688,50.1650,0.0557,50.1650,0.3688
244800.0000,0.1936,19.3627,50.1650,0.3686,50.1650,0.0557,50.1650,0.3686
244800.0000,0.1985,19.8529,50.1650,0.3682,50.1650,0.0557,50.1650,0.3682
244800.0000,0.2034,20.3431,50.1650,0.3675,50.1650,0.0557,50.1650,0.3675
244800.0000,0.2083,20.8333,50.1650,0.3665,50.1650,0.0556,50.1650,0.3665
244800.0000,0.2132,21.3235,50.1650,0.3649,50.1650,0.0555,50.1650,0.3649
244800.0000,0.2181,21.8137,50.1650,0.3625,50.1650,0.0554,50.1650,0.3625
244800.0000,0.2230,22.3039,50.1650,0.3585,50.1650,0.0552,50.1650,0.3585
244800.0000,0.2279,22.7941,50.1650,0.3522,50.1650,0.0549,50.1650,0.3522
244800.0000,0.2328,23.2843,50.1650,0.3419,50.1650,0.0544,50.1650,0.3419
244800.0000,0.2377,23.7745,50.1650,0.3243,50.1650,0.0536,50.1650,0.3243
244800.0000,0.2426,24.2647,50.1650,0.2914,50.1650,0.0523,50.1650,0.2914
244800.0000,0.2475,24.7549,50.1650,0.2010,50.1650,0.0503,50.1650,0.0560
248400.0000,0.0025,0.2451,50.1650,0.2001,50.1650,0.0503,50.1650,0.0559
248400.0000,0.0074,0.7353,50.1650,0.2898,50.1650,0.0523,50.1650,0.2898
248400.0000,0.0123,1.2255,50.1650,0.3224,50.1650,0.0535,50.1650,0.3224
248400.0000,0.0172,1.7157,50.1650,0.3398,50.1650,0.0543,50.1650,0.3398
248400.0000,0.0221,2.2059,50.1650,0.3500,50.1650,0.0547,50.1650,0.3500
248400.0000,0.0270,2.6961,50.1650,0.3562,50.1650,0.0550,50.1650,0.3562
248400.0000,0.0319,3.1863,50.1650,0.3601,50.1650,0.0552,50.1650,0.3601
248400.0000,0.0368,3.6765,50.1650,0.3626,50.1650,0.0554,50.1650,0.3626
248400.0000,0.0417,4.1667,50.1650,0.3641,50.1650,0.0555,50.1650,0.3641
248400.0000,0.0466,4.6569,50.1650,0.3651,50.1650,0.0555,50.1650,0.3651
248400.0000,0.0515,5.1471,50.1650,0.3658,50.1650,0.0555,50.1650,0.3658
248400.0000,0.0564,5.6373,50.1650,0.3662,50.1650,0.0556,50.1650,0.3662
248400.0000,0.0613,6.1275,50.1650,0.3664,50.1650,0.0556,50.1650,0.3664
248400.0000,0.0662,6.6176,50.1650,0.3666,50.1650,0.0556,50.1650,0.3666
248400.0000,0.0711,7.1078,50.1650,0.3666,50.1650,0.0556,50.1650,0.3666
248400.0000,0.0760,7.5980,50.1650,0.3667,50.1650,0.0556,50.1650,0.3667
248400.0000,0.0809,8.0882,50.1650,0.3667,50.1650,0.0556,50.1650,0.3667
248400.0000,0.0858,8.5784,50.1650,0.3668,50.1650,0.0556,50.1650,0.3668
248400.0000,0.0907,9.0686,50.1650,0.3668,50.1650,0.0556,50.1650,0.3668
248400.0000,0.0956,9.5588,50.1650,0.3668,50.1650,0.0556,50.1650,0.3668
248400.0000,0.1005,10.0490,50.1650,0.3668,50.1650,0.0556,50.1650,0.3668
248400.0000,0.1054,10.5392,50.1650,0.3668,50.1650,0.0556,50.1650,0.3668
248400.0000,0.1103,11.0294,50.1650,0.3668,50.1650,0.0556,50.1650,0.3668
248400.0000,0.1152,11.5196,50.1650,0.3668,50.1650,0.0556,50.1650,0.3668
248400.0000,0.1201,12.0098,50.1650,0.3668,50.1650,0.0556,50.1650,0.3668
248400.0000,0.1250,12.5000,50.1650,0.3668,50.1650,0.0556,50.1650,0.3668
248400.0000,0.1299,12.9902,50.1650,0.3668,50.1650,0.0556,50.1650,0.3668
248400.0000,0.1348,13.4804,50.1650,0.3668,50.1650,0.0556,50.1650,0.3668
248400.0000,0.1397,13.9706,50.1650,0.3668,50.1650,0.0556,50.1650,0.3668
248400.0000,0.1446,14.4608,50.1650,0.3668,50.1650,0.0556,50.1650,0.3668
248400.0000,0.1495,14.9510,50.1650,0.3668,50.1650,0.0556,50.1650,0.3668
248400.0000,0.1544,15.4412,50.1650,0.3668,50.1650,0.0556,50.1650,0.3668
248400.0000,0.1593,15.9314,50.1650,0.3668,50.1650,0.0556,50.1650,0.3668
248400.0000,0.1642,16.4216,50.1650,0.3668,50.1650,0.0556,50.1650,0.3668
248400.0000,0.1691,16.9118,50.1650,0.3667,50.1650,0.0556,50.1650,0.3667
248400.0000,0.1740,17.4020,50.1650,0.3667,50.1650,0.0556,50.1650,0.3667
248400.0000,0.1789,17.8922,50.1650,0.3666,50.1650,0.0556,50.1650,0.3666
248400.0000,0.1838,18.3824,50.1650,0.3666,50.1650,0.0556,50.1650,0.3666
248400.0000,0.1887,18.8725,50.1650,0.3664,50.1650,0.0556,50.1650,0.3664
248400.0000,0.1936,19.3627,50.1650,0.3662,50.1650,0.0556,50.1650,0.3662
248400.0000,0.1985,19.8529,50.1650,0.3658,50.1650,0.0555,50.1650,0.3658
248400.0000,0.2034,20.3431,50.1650,0.3651,50.1650,0.0555,50.1650,0.3651
248400.0000,0.2083,20.8333,50.1650,0.3641,50.1650,0.0555,50.1650,0.3641
248400.0000,0.2132,21.3235,50.1650,0.3626,50.1650,0.0554,50.1650,0.3626
248400.0000,0.2181,21.8137,50.1650,0.3601,50.1650,0.0552,50.1650,0.3601
248400.0000,0.2230,22.3039,50.1650,0.3562,50.1650,0.0550,50.1650,0.3562
248400.0000,0.2279,22.7941,50.1650,0.3500,50.1650,0.0547,50.1650,0.3500
248400.0000,0.2328,23.2843,50.1650,0.3398,50.1650,0.0543,50.1650,0.3398
248400.0000,0.2377,23.7745,50.1650,0.3224,50.1650,0.0535,50.1650,0.3224
248400.0000,0.2426,24.2647,50.1650,0.2898,50.1650,0.0523,50.1650,0.2898
248400.0000,0.2475,24.7549,50.1650,0.2001,50.1650,0.0503,50.1650,0.0559
252000.0000,0.0025,0.2451,50.1650,0.1992,50.1650,0.0503,50.1650,0.0557
252000.0000,0.0074,0.7353,50.1650,0.2882,50.1650,0.0522,50.1650,0.2882
252000.0000,0.0123,1.2255,50.1650,0.3205,50.1650,0.0534,50.1650,0.3205
252000.0000,0.0172,1.7157,50.1650,0.3377,50.1650,0.0542,50.1650,0.3377
252000.0000,0.0221,2.2059,50.1650,0.3478,50.1650,0.0546,50.1650,0.3478
252000.0000,0.0270,2.6961,50.1650,0.3540,50.1650,0.0549,50.1650,0.3540
252000.0000,0.0319,3.1863,50.1650,0.3579,50.1650,0.0551,50.1650,0.3579
252000.0000,0.0368,3.6765,50.1650,0.3603,50.1650,0.0552,50.1650,0.3603
252000.0000,0.0417,4.1667,50.1650,0.3618,50.1650,0.0553,50.1650,0.3618
252000.0000,0.0466,4.6569,50.1650,0.3628,50.1650,0.0554,50.1650,0.3628
252000.0000,0.0515,5.1471,50.1650,0.3634,50.1650,0.0554,50.1650,0.3634
252000.0000,0.0564,5.6373,50.1650,0.3638,50.1650,0.0554,50.1650,0.3638
252000.0000,0.0613,6.1275,50.1650,0.3641,50.1650,0.0554,50.1650,0.3641
252000.0000,0.0662,6.6176,50.1650,0.3642,50.1650,0.0554,50.1650,0.3642
252000.0000,0.0711,7.1078,50.1650,0.3643,50.1650,0.0554,50.1650,0.3643
252000.0000,0.0760,7.5980,50.1650,0.3644,50.1650,0.0554,50.1650,0.3644
252000.0000,0.0809,8.0882,50.1650,0.3644,50.1650,0.0554,50.1650,0.3644
252000.0000,0.0858,8.5784,50.1650,0.3644,50.1650,0.0554,50.1650,0.3644
252000.0000,0.0907,9.0686,50.1650,0.3644,50.1650,0.0554,50.1650,0.3644
252000.0000,0.0956,9.5588,50.1650,0.3644,50.1650,0.0554,50.1650,0.3644
252000.0000,0.1005,10.0490,50.1650,0.3644,50.1650,0.0554,50.1650,0.3644
252000.0000,0.1054,10.5392,50.1650,0.3644,50.1650,0.0554,50.1650,0.3644
252000.0000,0.1103,11.0294,50.1650,0.3644,50.1650,0.0554,50.1650,0.3644
252000.0000,0.1152,11.5196,50.1650,0.3644,50.1650,0.0554,50.1650,0.3644
252000.0000,0.1201,12.0098,50.1650,0.3644,50.1650,0.0554,50.1650,0.3644
252000.0000,0.1250,12.5000,50.1650,0.3644,50.1650,0.0554,50.1650,0.3644
252000.0000,0.1299,12.9902,50.1650,0.3644,50.1650,0.0554,50.1650,0.3644
252000.0000,0.1348,13.4804,50.1650,0.3644,50.1650,0.0554,50.1650,0.3644
252000.0000,0.1397,13.9706,50.1650,0.3644,50.1650,0.0554,50.1650,0.3644
252000.0000,0.1446,14.4608,50.1650,0.3644,50.1650,0.0554,50.1650,0.3644
252000.0000,0.1495,14.9510,50.1650,0.3644,50.1650,0.0554,50.1650,0.3644
252000.0000,0.1544,15.4412,50.1650,0.3644,50.1650,0.0554,50.1650,0.3644
252000.0000,0.1593,15.9314,50.1650,0.3644,50.1650,0.0554,50.1650,0.3644
252000.0000,0.1642,16.4216,50.1650,0.3644,50.1650,0.0554,50.1650,0.3644
252000.0000,0.1691,16.9118,50.1650,0.3644,50.1650,0.0554,50.1650,0.3644
252000.0000,0.1740,17.4020,50.1650,0.3644,50.1650,0.0554,50.1650,0.3644
252000.0000,0.1789,17.8922,50.1650,0.3643,50.1650,0.0554,50.1650,0.3643
252000.0000,0.1838,18.3824,50.1650,0.3642,50.1650,0.0554,50.1650,0.3642
252000.0000,0.1887,18.8725,50.1650,0.3641,50.1650,0.0554,50.1650,0.3641
252000.0000,0.1936,19.3627,50.1650,0.3638,50.1650,0.0554,50.1650,0.3638
252000.0000,0.1985,19.8529,50.1650,0.3634,50.1650,0.0554,50.1650,0.3634
252000.0000,0.2034,20.3431,50.1650,0.3628,50.1650,0.0554,50.1650,0.3628
252000.0000,0.2083,20.8333,50.1650,0.3618,50.1650,0.0553,50.1650,0.3618
252000.0000,0.2132,21.3235,50.1650,0.3603,50.1650,0.0552,50.1650,0.3603
252000.0000,0.2181,21.8137,50.1650,0.3579,50.1650,0.0551,50.1650,0.3579
252000.0000,0.2230,22.3039,50.1650,0.3540,50.1650,0.0549,50.1650,0.3540
252000.0000,0.2279,22.7941,50.1650,0.3478,50.1650,0.0546,50.1650,0.3478
252000.0000,0.2328,23.2843,50.1650,0.3377,50.1650,0.0542,50.1650,0.3377
252000.0000,0.2377,23.7745,50.1650,0.3205,50.1650,0.0534,50.1650,0.3205
252000.0000,0.2426,24.2647,50.1650,0.2882,50.1650,0.0522,50.1650,0.2882
252000.0000,0.2475,24.7549,50.1650,0.1992,50.1650,0.0503,50.1650,0.0557
255600.0000,0.0025,0.2451,50.1650,0.1983,50.1650,0.0503,50.1650,0.0556
255600.0000,0.0074,0.7353,50.1650,0.2867,50.1650,0.0522,50.1650,0.2867
255600.0000,0.0123,1.2255,50.1650,0.3187,50.1650,0.0533,50.1650,0.3187
255600.0000,0.0172,1.7157,50.1650,0.3358,50.1650,0.0540,50.1650,0.3358
255600.0000,0.0221,2.2059,50.1650,0.3457,50.1650,0.0545,50.1650,0.3457
255600.0000,0.0270,2.6961,50.1650,0.3518,50.1650,0.0548,50.1650,0.3518
255600.0000,0.0319,3.1863,50.1650,0.3556,50.1650,0.0550,50.1650,0.3556
255600.0000,0.0368,3.6765,50.1650,0.3580,50.1650,0.0551,50.1650,0.3580
255600.0000,0.0417,4.1667,50.1650,0.3596,50.1650,0.0552,50.1650,0.3596
255600.0000,0.0466,4.6569,50.1650,0.3605,50.1650,0.0552,50.1650,0.3605
255600.0000,0.0515,5.1471,50.1650,0.3612,50.1650,0.0553,50.1650,0.3612
255600.0000,0.0564,5.6373,50.1650,0.3615,50.1650,0.0553,50.1650,0.3615
255600.0000,0.0613,6.1275,50.1650,0.3618,50.1650,0.0553,50.1650,0.3618
255600.0000,0.0662,6.6176,50.1650,0.3619,50.1650,0.0553,50.1650,0.3619
255600.0000,0.0711,7.1078,50.1650,0.3620,50.1650,0.0553,50.1650,0.3620
255600.0000,0.0760,7.5980,50.1650,0.3621,50.1650,0.0553,50.1650,0.3621
255600.0000,0.0809,8.0882,50.1650,0.3621,50.1650,0.0553,50.1650,0.3621
255600.0000,0.0858,8.5784,50.1650,0.3621,50.1650,0.0553,50.1650,0.3621
255600.0000,0.0907,9.0686,50.1650,0.3621,50.1650,0.0553,50.1650,0.3621
255600.0000,0.0956,9.5588,50.1650,0.3621,50.1650,0.0553,50.1650,0.3621
255600.0000,0.1005,10.0490,50.1650,0.3621,50.1650,0.0553,50.1650,0.3621
255600.0000,0.1054,10.5392,50.1650,0.3621,50.1650,0.0553,50.1650,0.3621
255600.0000,0.1103,11.0294,50.1650,0.3621,50.1650,0.0553,50.1650,0.3621
255600.0000,0.1152,11.5196,50.1650,0.3621,50.1650,0.0553,50.1650,0.3621
255600.0000,0.1201,12.0098,50.1650,0.3621,50.1650,0.0553,50.1650,0.3621
255600.0000,0.1250,12.5000,50.1650,0.3621,50.1650,0.0553,50.1650,0.3621
255600.0000,0.1299,12.9902,50.1650,0.3621,50.1650,0.0553,50.1650,0.3621
255600.0000,0.1348,13.4804,50.1650,0.3621,50.1650,0.0553,50.1650,0.3621
255600.0000,0.1397,13.9706,50.1650,0.3621,50.1650,0.0553,50.1650,0.3621
255600.0000,0.1446,14.4608,50.1650,0.3621,50.1650,0.0553,50.1650,0.3621
255600.0000,0.1495,14.9510,50.1650,0.3621,50.1650,0.0553,50.1650,0.3621
255600.0000,0.1544,15.4412,50.1650,0.3621,50.1650,0.0553,50.1650,0.3621
255600.0000,0.1593,15.9314,50.1650,0.3621,50.1650,0.0553,50.1650,0.3621
255600.0000,0.1642,16.4216,50.1650,0.3621,50.1650,0.0553,50.1650,0.3621
255600.0000,0.1691,16.9118,50.1650,0.3621,50.1650,0.0553,50.1650,0.3621
255600.0000,0.1740,17.4020,50.1650,0.3621,50.1650,0.0553,50.1650,0.3621
255600.0000,0.1789,17.8922,50.1650,0.3620,50.1650,0.0553,50.1650,0.3620
255600.0000,0.1838,18.3824,50.1650,0.3619,50.1650,0.0553,50.1650,0.3619
255600.0000,0.1887,18.8725,50.1650,0.3618,50.1650,0.0553,50.1650,0.3618
255600.0000,0.1936,19.3627,50.1650,0.3615,50.1650,0.0553,50.1650,0.3615
255600.0000,0.1985,19.8529,50.1650,0.3612,50.1650,0.0553,50.1650,0.3612
255600.0000,0.2034,20.3431,50.1650,0.3605,50.1650,0.0552,50.1650,0.3605
255600.0000,0.2083,20.8333,50.1650,0.3596,50.1650,0.0552,50.1650,0.3596
255600.0000,0.2132,21.3235,50.1650,0.3580,50.1650,0.0551,50.1650,0.3580
255600.0000,0.2181,21.8137,50.1650,0.3556,50.1650,0.0550,50.1650,0.3556
255600.0000,0.2230,22.3039,50.1650,0.3518,50.1650,0.0548,50.1650,0.3518
255600.0000,0.2279,22.7941,50.1650,0.3457,50.1650,0.0545,50.1650,0.3457
255600.0000,0.2328,23.2843,50.1650,0.3358,50.1650,0.0540,50.1650,0.3358
255600.0000,0.2377,23.7745,50.1650,0.3187,50.1650,0.0533,50.1650,0.3187
255600.0000,0.2426,24.2647,50.1650,0.2867,50.1650,0.0522,50.1650,0.2867
255600.0000,0.2475,24.7549,50.1650,0.1983,50.1650,0.0503,50.1650,0.0556
259200.0000,0.0025,0.2451,50.1650,0.1975,50.1650,0.0503,50.1650,0.0555
259200.0000,0.0074,0.7353,50.1650,0.2852,50.1650,0.0521,50.1650,0.2852
259200.0000,0.0123,1.2255,50.1650,0.3169,50.1650,0.0532,50.1650,0.3169
259200.0000,0.0172,1.7157,50.1650,0.3338,50.1650,0.0539,50.1650,0.3338
259200.0000,0.0221,2.2059,50.1650,0.3437,50.1650,0.0544,50.1650,0.3437
259200.0000,0.0270,2.6961,50.1650,0.3497,50.1650,0.0547,50.1650,0.3497
259200.0000,0.0319,3.1863,50.1650,0.3535,50.1650,0.0549,50.1650,0.3535
259200.0000,0.0368,3.6765,50.1650,0.3559,50.1650,0.0550,50.1650,0.3559
259200.0000,0.0417,4.1667,50.1650,0.3574,50.1650,0.0550,50.1650,0.3574
259200.0000,0.0466,4.6569,50.1650,0.3583,50.1650,0.0551,50.1650,0.3583
259200.0000,0.0515,5.1471,50.1650,0.3589,50.1650,0.0551,50.1650,0.3589
259200.0000,0.0564,5.6373,50.1650,0.3593,50.1650,0.0551,50.1650,0.3593
259200.0000,0.0613,6.1275,50.1650,0.3596,50.1650,0.0552,50.1650,0.3596
259200.0000,0.0662,6.6176,50.1650,0.3597,50.1650,0.0552,50.1650,0.3597
259200.0000,0.0711,7.1078,50.1650,0.3598,50.1650,0.0552,50.1650,0.3598
259200.0000,0.0760,7.5980,50.1650,0.3598,50.1650,0.0552,50.1650,0.3598
259200.0000,0.0809,8.0882,50.1650,0.3599,50.1650,0.0552,50.1650,0.3599
259200.0000,0.0858,8.5784,50.1650,0.3599,50.1650,0.0552,50.1650,0.3599
259200.0000,0.0907,9.0686,50.1650,0.3599,50.1650,0.0552,50.1650,0.3599
259200.0000,0.0956,9.5588,50.1650,0.3599,50.1650,0.0552,50.1650,0.3599
259200.0000,0.1005,10.0490,50.1650,0.3599,50.1650,0.0552,50.1650,0.3599
259200.0000,0.1054,10.5392,50.1650,0.3599,50.1650,0.0552,50.1650,0.3599
259200.0000,0.1103,11.0294,50.1650,0.3599,50.1650,0.0552,50.1650,0.3599
259200.0000,0.1152,11.5196,50.1650,0.3599,50.1650,0.0552,50.1650,0.3599
259200.0000,0.1201,12.0098,50.1650,0.3599,50.1650,0.0552,50.1650,0.3599
259200.0000,0.1250,12.5000,50.1650,0.3599,50.1650,0.0552,50.1650,0.3599
259200.0000,0.1299,12.9902,50.1650,0.3599,50.1650,0.0552,50.1650,0.3599
259200.0000,0.1348,13.4804,50.1650,0.3599,50.1650,0.0552,50.1650,0.3599
259200.0000,0.1397,13.9706,50.1650,0.3599,50.1650,0.0552,50.1650,0.3599
259200.0000,0.1446,14.4608,50.1650,0.3599,50.1650,0.0552,50.1650,0.3599
259200.0000,0.1495,14.9510,50.1650,0.3599,50.1650,0.0552,50.1650,0.3599
259200.0000,0.1544,15.4412,50.1650,0.3599,50.1650,0.0552,50.1650,0.3599
259200.0000,0.1593,15.9314,50.1650,0.3599,50.1650,0.0552,50.1650,0.3599
259200.0000,0.1642,16.4216,50.1650,0.3599,50.1650,0.0552,50.1650,0.3599
259200.0000,0.1691,16.9118,50.1650,0.3599,50.1650,0.0552,50.1650,0.3599
259200.0000,0.1740,17.4020,50.1650,0.3598,50.1650,0.0552,50.1650,0.3598
259200.0000,0.1789,17.8922,50.1650,0.3598,50.1650,0.0552,50.1650,0.3598
259200.0000,0.1838,18.3824,50.1650,0.3597,50.1650,0.0552,50.1650,0.3597
259200.0000,0.1887,18.8725,50.1650,0.3596,50.1650,0.0552,50.1650,0.3596
259200.0000,0.1936,19.3627,50.1650,0.3593,50.1650,0.0551,50.1650,0.3593
259200.0000,0.1985,19.8529,50.1650,0.3589,50.1650,0.0551,50.1650,0.3589
259200.0000,0.2034,20.3431,50.1650,0.3583,50.1650,0.0551,50.1650,0.3583
259200.0000,0.2083,20.8333,50.1650,0.3574,50.1650,0.0550,50.1650,0.3574
259200.0000,0.2132,21.3235,50.1650,0.3559,50.1650,0.0550,50.1650,0.3559
259200.0000,0.2181,21.8137,50.1650,0.3535,50.1650,0.0549,50.1650,0.3535
259200.0000,0.2230,22.3039,50.1650,0.3497,50.1650,0.0547,50.1650,0.3497
259200.0000,0.2279,22.7941,50.1650,0.3437,50.1650,0.0544,50.1650,0.3437
259200.0000,0.2328,23.2843,50.1650,0.3338,50.1650,0.0539,50.1650,0.3338
259200.0000,0.2377,23.7745,50.1650,0.3169,50.1650,0.0532,50.1650,0.3169
259200.0000,0.2426,24.2647,50.1650,0.2852,50.1650,0.0521,50.1650,0.2852
259200.0000,0.2475,24.7549,50.1650,0.1975,50.1650,0.0503,50.1650,0.0555
