time_s,r_m,r_cm,T_2d_mid_C,C_2d_mid,T_1d_C,C_1d,dT_2d_minus_1d_C,dC_2d_minus_1d
0.0000,0.0000,0.0000,28.0000,2.5500,28.0000,2.5500,0.0000,0.0000
0.0000,0.0010,0.1000,28.0000,2.5500,28.0000,2.5500,0.0000,0.0000
0.0000,0.0020,0.2000,28.0000,2.5500,28.0000,2.5500,0.0000,0.0000
0.0000,0.0030,0.3000,28.0000,2.5500,28.0000,2.5500,0.0000,0.0000
0.0000,0.0040,0.4000,28.0000,2.5500,28.0000,2.5500,0.0000,0.0000
0.0000,0.0050,0.5000,28.0000,2.5500,28.0000,2.5500,0.0000,0.0000
0.0000,0.0060,0.6000,28.0000,2.5500,28.0000,2.5500,0.0000,0.0000
0.0000,0.0070,0.7000,28.0000,2.5500,28.0000,2.5500,0.0000,0.0000
0.0000,0.0080,0.8000,28.0000,2.5500,28.0000,2.5500,0.0000,0.0000
0.0000,0.0090,0.9000,28.0000,2.5500,28.0000,2.5500,0.0000,0.0000
0.0000,0.0100,1.0000,28.0000,2.5500,28.0000,2.5500,0.0000,0.0000
0.0000,0.0110,1.1000,28.0000,2.5500,28.0000,2.5500,0.0000,0.0000
0.0000,0.0120,1.2000,28.0000,2.5500,28.0000,2.5500,0.0000,0.0000
0.0000,0.0130,1.3000,28.0000,2.5500,28.0000,2.5500,0.0000,0.0000
0.0000,0.0140,1.4000,28.0000,2.5500,28.0000,2.5500,0.0000,0.0000
0.0000,0.0150,1.5000,28.0000,2.5500,28.0000,2.5500,0.0000,0.0000
0.0000,0.0160,1.6000,28.0000,2.5500,28.0000,2.5500,0.0000,0.0000
0.0000,0.0170,1.7000,28.0000,2.5500,28.0000,2.5500,0.0000,0.0000
0.0000,0.0180,1.8000,28.0000,2.5500,28.0000,2.5500,0.0000,0.0000
0.0000,0.0190,1.9000,28.0000,2.5500,28.0000,2.5500,0.0000,0.0000
0.0000,0.0200,2.0000,28.0000,2.5500,28.0000,2.5500,0.0000,0.0000
1800.0000,0.0000,0.0000,33.6487,2.5500,33.6487,2.5500,0.0000,-0.0000
1800.0000,0.0010,0.1000,33.6565,2.5500,33.6565,2.5500,0.0000,-0.0000
1800.0000,0.0020,0.2000,33.6798,2.5499,33.6798,2.5499,0.0000,-0.0000
1800.0000,0.0030,0.3000,33.7187,2.5499,33.7187,2.5499,0.0000,-0.0000
1800.0000,0.0040,0.4000,33.7732,2.5497,33.7732,2.5497,0.0000,-0.0000
1800.0000,0.0050,0.5000,33.8434,2.5495,33.8434,2.5495,0.0000,-0.0000
1800.0000,0.0060,0.6000,33.9292,2.5489,33.9292,2.5489,0.0000,-0.0000
1800.0000,0.0070,0.7000,34.0307,2.5479,34.0307,2.5479,0.0000,-0.0000
1800.0000,0.0080,0.8000,34.1479,2.5460,34.1479,2.5460,0.0000,-0.0000
1800.0000,0.0090,0.9000,34.2810,2.5425,34.2810,2.5425,0.0000,-0.0000
1800.0000,0.0100,1.0000,34.4301,2.5364,34.4301,2.5364,0.0000,0.0000
1800.0000,0.0110,1.1000,34.5953,2.5258,34.5953,2.5258,0.0000,-0.0000
1800.0000,0.0120,1.2000,34.7767,2.5082,34.7767,2.5082,0.0000,-0.0000
1800.0000,0.0130,1.3000,34.9743,2.4802,34.9743,2.4802,0.0000,-0.0000
1800.0000,0.0140,1.4000,35.1884,2.4373,35.1884,2.4373,0.0000,-0.0000
1800.0000,0.0150,1.5000,35.4190,2.3740,35.4190,2.3740,0.0000,0.0000
1800.0000,0.0160,1.6000,35.6665,2.2840,35.6665,2.2840,0.0000,0.0000
1800.0000,0.0170,1.7000,35.9309,2.1605,35.9309,2.1605,0.0000,-0.0000
1800.0000,0.0180,1.8000,36.2125,1.9966,36.2125,1.9966,0.0000,0.0000
1800.0000,0.0190,1.9000,36.5115,1.7847,36.5115,1.7847,0.0000,0.0000
1800.0000,0.0200,2.0000,36.8281,1.5163,36.7487,1.5887,0.0794,-0.0724
3600.0000,0.0000,0.0000,42.3119,2.5455,42.3118,2.5455,0.0001,-0.0000
3600.0000,0.0010,0.1000,42.3176,2.5451,42.3175,2.5451,0.0001,-0.0000
3600.0000,0.0020,0.2000,42.3346,2.5441,42.3345,2.5441,0.0001,-0.0000
3600.0000,0.0030,0.3000,42.3629,2.5420,42.3628,2.5420,0.0001,-0.0000
3600.0000,0.0040,0.4000,42.4024,2.5388,42.4023,2.5388,0.0001,-0.0000
3600.0000,0.0050,0.5000,42.4532,2.5339,42.4531,2.5339,0.0001,-0.0000
3600.0000,0.0060,0.6000,42.5150,2.5266,42.5149,2.5266,0.0001,-0.0000
3600.0000,0.0070,0.7000,42.5878,2.5162,42.5877,2.5162,0.0001,-0.0000
3600.0000,0.0080,0.8000,42.6714,2.5014,42.6713,2.5014,0.0001,-0.0000
3600.0000,0.0090,0.9000,42.7657,2.4809,42.7656,2.4809,0.0001,-0.0000
3600.0000,0.0100,1.0000,42.8705,2.4531,42.8704,2.4531,0.0001,0.0000
3600.0000,0.0110,1.1000,42.9857,2.4158,42.9856,2.4158,0.0001,0.0000
3600.0000,0.0120,1.2000,43.1111,2.3670,43.1111,2.3670,0.0001,0.0000
3600.0000,0.0130,1.3000,43.2465,2.3042,43.2464,2.3042,0.0001,-0.0000
3600.0000,0.0140,1.4000,43.3917,2.2249,43.3916,2.2249,0.0001,-0.0000
3600.0000,0.0150,1.5000,43.5465,2.1265,43.5465,2.1265,0.0001,-0.0000
3600.0000,0.0160,1.6000,43.7110,2.0062,43.7109,2.0062,0.0001,-0.0000
3600.0000,0.0170,1.7000,43.8850,1.8610,43.8849,1.8610,0.0001,0.0000
3600.0000,0.0180,1.8000,44.0686,1.6875,44.0686,1.6875,0.0001,-0.0000
3600.0000,0.0190,1.9000,44.2623,1.4802,44.2623,1.4802,0.0001,-0.0000
3600.0000,0.0200,2.0000,44.4665,1.2311,44.4153,1.2969,0.0512,-0.0658
5400.0000,0.0000,0.0000,47.0863,2.5184,47.0858,2.5184,0.0005,-0.0000
5400.0000,0.0010,0.1000,47.0888,2.5172,47.0883,2.5172,0.0005,-0.0000
5400.0000,0.0020,0.2000,47.0962,2.5135,47.0957,2.5135,0.0005,-0.0000
5400.0000,0.0030,0.3000,47.1086,2.5071,47.1081,2.5071,0.0005,-0.0000
5400.0000,0.0040,0.4000,47.1259,2.4976,47.1254,2.4976,0.0005,-0.0000
5400.0000,0.0050,0.5000,47.1480,2.4844,47.1475,2.4844,0.0005,-0.0000
5400.0000,0.0060,0.6000,47.1750,2.4668,47.1745,2.4668,0.0005,-0.0000
5400.0000,0.0070,0.7000,47.2067,2.4440,47.2062,2.4440,0.0005,-0.0000
5400.0000,0.0080,0.8000,47.2430,2.4149,47.2426,2.4149,0.0005,-0.0000
5400.0000,0.0090,0.9000,47.2840,2.3785,47.2835,2.3785,0.0004,-0.0000
5400.0000,0.0100,1.0000,47.3293,2.3334,47.3289,2.3334,0.0004,0.0000
5400.0000,0.0110,1.1000,47.3791,2.2783,47.3787,2.2783,0.0004,0.0000
5400.0000,0.0120,1.2000,47.4330,2.2118,47.4326,2.2118,0.0004,0.0000
5400.0000,0.0130,1.3000,47.4909,2.1324,47.4905,2.1324,0.0004,-0.0000
5400.0000,0.0140,1.4000,47.5527,2.0388,47.5523,2.0388,0.0004,-0.0000
5400.0000,0.0150,1.5000,47.6180,1.9294,47.6177,1.9294,0.0004,0.0000
5400.0000,0.0160,1.6000,47.6867,1.8023,47.6864,1.8023,0.0003,-0.0000
5400.0000,0.0170,1.7000,47.7585,1.6555,47.7581,1.6555,0.0003,-0.0000
5400.0000,0.0180,1.8000,47.8328,1.4858,47.8325,1.4858,0.0003,-0.0000
5400.0000,0.0190,1.9000,47.9093,1.2876,47.9090,1.2876,0.0003,0.0000
5400.0000,0.0200,2.0000,47.9873,1.0513,47.9679,1.1136,0.0194,-0.0622
7200.0000,0.0000,0.0000,49.0321,2.4604,49.0314,2.4604,0.0007,-0.0000
7200.0000,0.0010,0.1000,49.0331,2.4583,49.0323,2.4583,0.0007,-0.0000
7200.0000,0.0020,0.2000,49.0360,2.4522,49.0353,2.4522,0.0007,-0.0000
7200.0000,0.0030,0.3000,49.0408,2.4417,49.0401,2.4417,0.0007,-0.0000
7200.0000,0.0040,0.4000,49.0476,2.4266,49.0469,2.4266,0.0007,-0.0000
7200.0000,0.0050,0.5000,49.0563,2.4064,49.0555,2.4064,0.0007,-0.0000
7200.0000,0.0060,0.6000,49.0668,2.3806,49.0661,2.3806,0.0007,-0.0000
7200.0000,0.0070,0.7000,49.0792,2.3487,49.0785,2.3487,0.0007,-0.0000
7200.0000,0.0080,0.8000,49.0934,2.3097,49.0928,2.3097,0.0007,-0.0000
7200.0000,0.0090,0.9000,49.1095,2.2631,49.1088,2.2631,0.0007,-0.0000
7200.0000,0.0100,1.0000,49.1272,2.2080,49.1266,2.2080,0.0006,-0.0000
7200.0000,0.0110,1.1000,49.1467,2.1433,49.1461,2.1433,0.0006,-0.0000
7200.0000,0.0120,1.2000,49.1679,2.0683,49.1673,2.0683,0.0006,-0.0000
7200.0000,0.0130,1.3000,49.1906,1.9821,49.1900,1.9821,0.0006,-0.0000
7200.0000,0.0140,1.4000,49.2148,1.8836,49.2143,1.8836,0.0006,-0.0000
7200.0000,0.0150,1.5000,49.2405,1.7717,49.2400,1.7717,0.0005,-0.0000
7200.0000,0.0160,1.6000,49.2676,1.6449,49.2671,1.6449,0.0005,-0.0000
7200.0000,0.0170,1.7000,49.2960,1.5014,49.2955,1.5014,0.0005,-0.0000
7200.0000,0.0180,1.8000,49.3256,1.3378,49.3252,1.3378,0.0005,-0.0000
7200.0000,0.0190,1.9000,49.3564,1.1480,49.3559,1.1480,0.0004,-0.0000
7200.0000,0.0200,2.0000,49.3881,0.9202,49.3799,0.9804,0.0083,-0.0602
9000.0000,0.0000,0.0000,49.6865,2.3786,49.6859,2.3786,0.0006,-0.0000
9000.0000,0.0010,0.1000,49.6868,2.3760,49.6862,2.3760,0.0006,-0.0000
9000.0000,0.0020,0.2000,49.6876,2.3682,49.6870,2.3682,0.0006,-0.0000
9000.0000,0.0030,0.3000,49.6890,2.3550,49.6884,2.3550,0.0006,-0.0000
9000.0000,0.0040,0.4000,49.6909,2.3363,49.6903,2.3363,0.0006,-0.0000
9000.0000,0.0050,0.5000,49.6933,2.3117,49.6927,2.3117,0.0006,-0.0000
9000.0000,0.0060,0.6000,49.6962,2.2809,49.6956,2.2809,0.0006,-0.0000
9000.0000,0.0070,0.7000,49.6997,2.2436,49.6991,2.2436,0.0006,-0.0000
9000.0000,0.0080,0.8000,49.7036,2.1991,49.7031,2.1991,0.0006,-0.0000
9000.0000,0.0090,0.9000,49.7081,2.1471,49.7075,2.1471,0.0006,-0.0000
9000.0000,0.0100,1.0000,49.7131,2.0869,49.7125,2.0869,0.0005,-0.0000
9000.0000,0.0110,1.1000,49.7186,2.0180,49.7180,2.0180,0.0005,-0.0000
9000.0000,0.0120,1.2000,49.7246,1.9397,49.7241,1.9397,0.0005,-0.0000
9000.0000,0.0130,1.3000,49.7313,1.8515,49.7308,1.8515,0.0005,-0.0000
9000.0000,0.0140,1.4000,49.7387,1.7525,49.7382,1.7525,0.0005,-0.0000
9000.0000,0.0150,1.5000,49.7471,1.6418,49.7466,1.6418,0.0005,-0.0000
9000.0000,0.0160,1.6000,49.7566,1.5181,49.7562,1.5181,0.0004,-0.0000
9000.0000,0.0170,1.7000,49.7678,1.3793,49.7674,1.3793,0.0004,-0.0000
9000.0000,0.0180,1.8000,49.7812,1.2222,49.7808,1.2222,0.0004,-0.0000
9000.0000,0.0190,1.9000,49.7978,1.0396,49.7974,1.0396,0.0004,-0.0000
9000.0000,0.0200,2.0000,49.8189,0.8176,49.8127,0.8766,0.0062,-0.0591
10800.0000,0.0000,0.0000,49.9292,2.2834,49.9288,2.2834,0.0004,-0.0000
10800.0000,0.0010,0.1000,49.9293,2.2805,49.9290,2.2805,0.0004,-0.0000
10800.0000,0.0020,0.2000,49.9298,2.2718,49.9294,2.2718,0.0004,-0.0000
10800.0000,0.0030,0.3000,49.9306,2.2572,49.9303,2.2572,0.0004,-0.0000
10800.0000,0.0040,0.4000,49.9318,2.2365,49.9314,2.2365,0.0004,-0.0000
10800.0000,0.0050,0.5000,49.9333,2.2097,49.9329,2.2097,0.0004,-0.0000
10800.0000,0.0060,0.6000,49.9352,2.1764,49.9348,2.1764,0.0004,-0.0000
10800.0000,0.0070,0.7000,49.9375,2.1364,49.9371,2.1364,0.0004,-0.0000
10800.0000,0.0080,0.8000,49.9402,2.0895,49.9398,2.0895,0.0003,-0.0000
10800.0000,0.0090,0.9000,49.9434,2.0352,49.9430,2.0352,0.0003,-0.0000
10800.0000,0.0100,1.0000,49.9471,1.9733,49.9468,1.9733,0.0003,-0.0000
10800.0000,0.0110,1.1000,49.9514,1.9033,49.9510,1.9033,0.0003,-0.0000
10800.0000,0.0120,1.2000,49.9562,1.8247,49.9559,1.8247,0.0003,-0.0000
10800.0000,0.0130,1.3000,49.9617,1.7371,49.9614,1.7371,0.0003,-0.0000
10800.0000,0.0140,1.4000,49.9679,1.6399,49.9676,1.6399,0.0003,-0.0000
10800.0000,0.0150,1.5000,49.9747,1.5321,49.9745,1.5321,0.0003,-0.0000
10800.0000,0.0160,1.6000,49.9824,1.4125,49.9821,1.4125,0.0003,-0.0000
10800.0000,0.0170,1.7000,49.9908,1.2791,49.9906,1.2791,0.0003,-0.0000
10800.0000,0.0180,1.8000,50.0001,1.1282,49.9999,1.1282,0.0002,-0.0000
10800.0000,0.0190,1.9000,50.0104,0.9521,50.0102,0.9521,0.0002,-0.0000
10800.0000,0.0200,2.0000,50.0218,0.7338,50.0187,0.7924,0.0031,-0.0586
12600.0000,0.0000,0.0000,49.9712,2.1827,49.9710,2.1827,0.0002,-0.0000
12600.0000,0.0010,0.1000,49.9711,2.1797,49.9710,2.1797,0.0002,-0.0000
12600.0000,0.0020,0.2000,49.9710,2.1706,49.9708,2.1706,0.0002,-0.0000
12600.0000,0.0030,0.3000,49.9707,2.1554,49.9705,2.1554,0.0002,-0.0000
12600.0000,0.0040,0.4000,49.9703,2.1340,49.9702,2.1340,0.0002,-0.0000
12600.0000,0.0050,0.5000,49.9699,2.1063,49.9697,2.1063,0.0002,-0.0000
12600.0000,0.0060,0.6000,49.9694,2.0722,49.9692,2.0722,0.0002,-0.0000
12600.0000,0.0070,0.7000,49.9688,2.0315,49.9686,2.0315,0.0002,-0.0000
12600.0000,0.0080,0.8000,49.9682,1.9840,49.9680,1.9840,0.0002,-0.0000
12600.0000,0.0090,0.9000,49.9675,1.9296,49.9674,1.9296,0.0002,-0.0000
12600.0000,0.0100,1.0000,49.9670,1.8678,49.9668,1.8678,0.0002,-0.0000
12600.0000,0.0110,1.1000,49.9665,1.7985,49.9664,1.7985,0.0002,-0.0000
12600.0000,0.0120,1.2000,49.9662,1.7214,49.9661,1.7214,0.0002,-0.0000
12600.0000,0.0130,1.3000,49.9662,1.6359,49.9660,1.6359,0.0001,-0.0000
12600.0000,0.0140,1.4000,49.9665,1.5416,49.9663,1.5416,0.0001,-0.0000
12600.0000,0.0150,1.5000,49.9673,1.4376,49.9671,1.4376,0.0001,-0.0000
12600.0000,0.0160,1.6000,49.9687,1.3226,49.9686,1.3226,0.0001,-0.0000
12600.0000,0.0170,1.7000,49.9711,1.1946,49.9709,1.1946,0.0001,-0.0000
12600.0000,0.0180,1.8000,49.9745,1.0497,49.9744,1.0497,0.0001,-0.0000
12600.0000,0.0190,1.9000,49.9795,0.8792,49.9793,0.8792,0.0001,-0.0000
12600.0000,0.0200,2.0000,49.9861,0.6633,49.9842,0.7220,0.0020,-0.0586
14400.0000,0.0000,0.0000,50.0025,2.0818,50.0025,2.0818,0.0001,-0.0000
14400.0000,0.0010,0.1000,50.0026,2.0788,50.0025,2.0788,0.0001,-0.0000
14400.0000,0.0020,0.2000,50.0026,2.0696,50.0025,2.0696,0.0001,-0.0000
14400.0000,0.0030,0.3000,50.0026,2.0544,50.0025,2.0544,0.0001,-0.0000
14400.0000,0.0040,0.4000,50.0027,2.0330,50.0026,2.0330,0.0001,-0.0000
14400.0000,0.0050,0.5000,50.0027,2.0054,50.0026,2.0054,0.0001,-0.0000
14400.0000,0.0060,0.6000,50.0027,1.9714,50.0026,1.9714,0.0001,-0.0000
14400.0000,0.0070,0.7000,50.0026,1.9311,50.0025,1.9311,0.0001,-0.0000
14400.0000,0.0080,0.8000,50.0025,1.8843,50.0024,1.8843,0.0001,-0.0000
14400.0000,0.0090,0.9000,50.0022,1.8307,50.0022,1.8307,0.0001,-0.0000
14400.0000,0.0100,1.0000,50.0019,1.7704,50.0018,1.7704,0.0001,-0.0000
14400.0000,0.0110,1.1000,50.0014,1.7029,50.0014,1.7029,0.0001,-0.0000
14400.0000,0.0120,1.2000,50.0009,1.6281,50.0008,1.6281,0.0001,-0.0000
14400.0000,0.0130,1.3000,50.0002,1.5455,50.0002,1.5455,0.0001,-0.0000
14400.0000,0.0140,1.4000,49.9997,1.4547,49.9996,1.4547,0.0001,-0.0000
14400.0000,0.0150,1.5000,49.9993,1.3549,49.9992,1.3549,0.0001,-0.0000
14400.0000,0.0160,1.6000,49.9994,1.2447,49.9993,1.2447,0.0001,-0.0000
14400.0000,0.0170,1.7000,50.0003,1.1221,50.0003,1.1221,0.0001,-0.0000
14400.0000,0.0180,1.8000,50.0028,0.9828,50.0027,0.9828,0.0001,-0.0000
14400.0000,0.0190,1.9000,50.0075,0.8175,50.0074,0.8175,0.0000,-0.0000
14400.0000,0.0200,2.0000,50.0156,0.6028,50.0131,0.6619,0.0026,-0.0591
18000.0000,0.0000,0.0000,50.1546,1.8900,50.1545,1.8900,0.0000,-0.0000
18000.0000,0.0010,0.1000,50.1546,1.8871,50.1546,1.8871,0.0000,-0.0000
18000.0000,0.0020,0.2000,50.1546,1.8784,50.1546,1.8784,0.0000,-0.0000
18000.0000,0.0030,0.3000,50.1547,1.8639,50.1547,1.8639,0.0000,-0.0000
18000.0000,0.0040,0.4000,50.1548,1.8436,50.1548,1.8436,0.0000,-0.0000
18000.0000,0.0050,0.5000,50.1549,1.8175,50.1549,1.8175,0.0000,-0.0000
18000.0000,0.0060,0.6000,50.1550,1.7855,50.1550,1.7855,0.0000,-0.0000
18000.0000,0.0070,0.7000,50.1552,1.7476,50.1552,1.7476,0.0000,-0.0000
18000.0000,0.0080,0.8000,50.1554,1.7037,50.1554,1.7037,0.0000,-0.0000
18000.0000,0.0090,0.9000,50.1556,1.6539,50.1556,1.6539,0.0000,-0.0000
18000.0000,0.0100,1.0000,50.1558,1.5978,50.1558,1.5978,0.0000,-0.0000
18000.0000,0.0110,1.1000,50.1561,1.5354,50.1561,1.5354,0.0000,-0.0000
18000.0000,0.0120,1.2000,50.1564,1.4665,50.1564,1.4665,0.0000,-0.0000
18000.0000,0.0130,1.3000,50.1567,1.3907,50.1567,1.3907,0.0000,-0.0000
18000.0000,0.0140,1.4000,50.1570,1.3076,50.1570,1.3076,0.0000,-0.0000
18000.0000,0.0150,1.5000,50.1573,1.2163,50.1573,1.2163,0.0000,-0.0000
18000.0000,0.0160,1.6000,50.1577,1.1155,50.1576,1.1155,0.0000,-0.0000
18000.0000,0.0170,1.7000,50.1580,1.0031,50.1580,1.0031,0.0000,-0.0000
18000.0000,0.0180,1.8000,50.1584,0.8744,50.1584,0.8744,0.0000,-0.0000
18000.0000,0.0190,1.9000,50.1588,0.7185,50.1588,0.7185,0.0000,-0.0000
18000.0000,0.0200,2.0000,50.1592,0.5036,50.1591,0.5647,0.0001,-0.0612
21600.0000,0.0000,0.0000,50.1645,1.7189,50.1645,1.7189,0.0000,-0.0000
21600.0000,0.0010,0.1000,50.1645,1.7163,50.1645,1.7163,0.0000,-0.0000
21600.0000,0.0020,0.2000,50.1645,1.7083,50.1645,1.7083,0.0000,-0.0000
21600.0000,0.0030,0.3000,50.1645,1.6950,50.1645,1.6950,0.0000,-0.0000
21600.0000,0.0040,0.4000,50.1645,1.6763,50.1645,1.6763,0.0000,-0.0000
21600.0000,0.0050,0.5000,50.1645,1.6524,50.1645,1.6524,0.0000,-0.0000
21600.0000,0.0060,0.6000,50.1645,1.6231,50.1645,1.6231,0.0000,-0.0000
21600.0000,0.0070,0.7000,50.1645,1.5884,50.1645,1.5884,0.0000,-0.0000
21600.0000,0.0080,0.8000,50.1645,1.5483,50.1645,1.5483,0.0000,-0.0000
21600.0000,0.0090,0.9000,50.1645,1.5028,50.1645,1.5028,0.0000,-0.0000
21600.0000,0.0100,1.0000,50.1645,1.4517,50.1645,1.4517,0.0000,-0.0000
21600.0000,0.0110,1.1000,50.1646,1.3949,50.1645,1.3949,0.0000,-0.0000
21600.0000,0.0120,1.2000,50.1646,1.3321,50.1646,1.3321,0.0000,-0.0000
21600.0000,0.0130,1.3000,50.1646,1.2632,50.1646,1.2632,0.0000,-0.0000
21600.0000,0.0140,1.4000,50.1646,1.1876,50.1646,1.1876,0.0000,-0.0000
21600.0000,0.0150,1.5000,50.1646,1.1045,50.1646,1.1045,0.0000,-0.0000
21600.0000,0.0160,1.6000,50.1646,1.0126,50.1646,1.0126,0.0000,-0.0000
21600.0000,0.0170,1.7000,50.1647,0.9095,50.1646,0.9095,0.0000,-0.0000
21600.0000,0.0180,1.8000,50.1647,0.7904,50.1647,0.7904,0.0000,-0.0000
21600.0000,0.0190,1.9000,50.1647,0.6430,50.1647,0.6430,0.0000,-0.0000
21600.0000,0.0200,2.0000,50.1647,0.4255,50.1647,0.4899,0.0000,-0.0644
25200.0000,0.0000,0.0000,50.1650,1.5702,50.1650,1.5702,0.0000,-0.0000
25200.0000,0.0010,0.1000,50.1650,1.5678,50.1650,1.5678,0.0000,-0.0000
25200.0000,0.0020,0.2000,50.1650,1.5605,50.1650,1.5605,0.0000,-0.0000
25200.0000,0.0030,0.3000,50.1650,1.5485,50.1650,1.5485,0.0000,-0.0000
25200.0000,0.0040,0.4000,50.1650,1.5316,50.1650,1.5316,0.0000,-0.0000
25200.0000,0.0050,0.5000,50.1650,1.5098,50.1650,1.5098,0.0000,-0.0000
25200.0000,0.0060,0.6000,50.1650,1.4832,50.1650,1.4832,0.0000,-0.0000
25200.0000,0.0070,0.7000,50.1650,1.4518,50.1650,1.4518,0.0000,-0.0000
25200.0000,0.0080,0.8000,50.1650,1.4155,50.1650,1.4155,0.0000,-0.0000
25200.0000,0.0090,0.9000,50.1650,1.3742,50.1650,1.3742,0.0000,-0.0000
25200.0000,0.0100,1.0000,50.1650,1.3279,50.1650,1.3279,0.0000,-0.0000
25200.0000,0.0110,1.1000,50.1650,1.2764,50.1650,1.2764,0.0000,-0.0000
25200.0000,0.0120,1.2000,50.1650,1.2195,50.1650,1.2195,0.0000,-0.0000
25200.0000,0.0130,1.3000,50.1650,1.1570,50.1650,1.1570,0.0000,-0.0000
25200.0000,0.0140,1.4000,50.1650,1.0883,50.1650,1.0883,0.0000,-0.0000
25200.0000,0.0150,1.5000,50.1650,1.0126,50.1650,1.0126,0.0000,-0.0000
25200.0000,0.0160,1.6000,50.1650,0.9287,50.1650,0.9287,0.0000,-0.0000
25200.0000,0.0170,1.7000,50.1650,0.8341,50.1650,0.8341,0.0000,-0.0000
25200.0000,0.0180,1.8000,50.1650,0.7238,50.1650,0.7238,0.0000,-0.0000
25200.0000,0.0190,1.9000,50.1650,0.5844,50.1650,0.5844,0.0000,-0.0000
25200.0000,0.0200,2.0000,50.1650,0.3630,50.1650,0.4316,0.0000,-0.0686
28800.0000,0.0000,0.0000,50.1650,1.4421,50.1650,1.4421,0.0000,-0.0000
28800.0000,0.0010,0.1000,50.1650,1.4399,50.1650,1.4399,0.0000,-0.0000
28800.0000,0.0020,0.2000,50.1650,1.4333,50.1650,1.4333,0.0000,-0.0000
28800.0000,0.0030,0.3000,50.1650,1.4224,50.1650,1.4224,0.0000,-0.0000
28800.0000,0.0040,0.4000,50.1650,1.4071,50.1650,1.4071,0.0000,-0.0000
28800.0000,0.0050,0.5000,50.1650,1.3875,50.1650,1.3875,0.0000,-0.0000
28800.0000,0.0060,0.6000,50.1650,1.3634,50.1650,1.3634,0.0000,-0.0000
28800.0000,0.0070,0.7000,50.1650,1.3350,50.1650,1.3350,0.0000,-0.0000
28800.0000,0.0080,0.8000,50.1650,1.3021,50.1650,1.3021,0.0000,-0.0000
28800.0000,0.0090,0.9000,50.1650,1.2648,50.1650,1.2648,0.0000,-0.0000
28800.0000,0.0100,1.0000,50.1650,1.2228,50.1650,1.2228,0.0000,-0.0000
28800.0000,0.0110,1.1000,50.1650,1.1761,50.1650,1.1761,0.0000,-0.0000
28800.0000,0.0120,1.2000,50.1650,1.1245,50.1650,1.1245,0.0000,-0.0000
28800.0000,0.0130,1.3000,50.1650,1.0677,50.1650,1.0677,0.0000,-0.0000
28800.0000,0.0140,1.4000,50.1650,1.0052,50.1650,1.0052,0.0000,-0.0000
28800.0000,0.0150,1.5000,50.1650,0.9362,50.1650,0.9362,0.0000,-0.0000
28800.0000,0.0160,1.6000,50.1650,0.8594,50.1650,0.8594,0.0000,-0.0000
28800.0000,0.0170,1.7000,50.1650,0.7724,50.1650,0.7724,0.0000,-0.0000
28800.0000,0.0180,1.8000,50.1650,0.6702,50.1650,0.6702,0.0000,-0.0000
28800.0000,0.0190,1.9000,50.1650,0.5384,50.1650,0.5384,0.0000,-0.0000
28800.0000,0.0200,2.0000,50.1650,0.3126,50.1650,0.3860,0.0000,-0.0734
32400.0000,0.0000,0.0000,50.1650,1.3319,50.1650,1.3319,0.0000,-0.0000
32400.0000,0.0010,0.1000,50.1650,1.3300,50.1650,1.3300,0.0000,-0.0000
32400.0000,0.0020,0.2000,50.1650,1.3240,50.1650,1.3240,0.0000,-0.0000
32400.0000,0.0030,0.3000,50.1650,1.3142,50.1650,1.3142,0.0000,-0.0000
32400.0000,0.0040,0.4000,50.1650,1.3003,50.1650,1.3003,0.0000,-0.0000
32400.0000,0.0050,0.5000,50.1650,1.2825,50.1650,1.2825,0.0000,-0.0000
32400.0000,0.0060,0.6000,50.1650,1.2608,50.1650,1.2608,0.0000,-0.0000
32400.0000,0.0070,0.7000,50.1650,1.2350,50.1650,1.2350,0.0000,-0.0000
32400.0000,0.0080,0.8000,50.1650,1.2052,50.1650,1.2052,0.0000,-0.0000
32400.0000,0.0090,0.9000,50.1650,1.1713,50.1650,1.1713,0.0000,-0.0000
32400.0000,0.0100,1.0000,50.1650,1.1332,50.1650,1.1332,0.0000,-0.0000
32400.0000,0.0110,1.1000,50.1650,1.0908,50.1650,1.0908,0.0000,-0.0000
32400.0000,0.0120,1.2000,50.1650,1.0439,50.1650,1.0439,0.0000,-0.0000
32400.0000,0.0130,1.3000,50.1650,0.9921,50.1650,0.9921,0.0000,-0.0000
32400.0000,0.0140,1.4000,50.1650,0.9350,50.1650,0.9350,0.0000,-0.0000
32400.0000,0.0150,1.5000,50.1650,0.8719,50.1650,0.8719,0.0000,-0.0000
32400.0000,0.0160,1.6000,50.1650,0.8014,50.1650,0.8014,0.0000,-0.0000
32400.0000,0.0170,1.7000,50.1650,0.7212,50.1650,0.7212,0.0000,-0.0000
32400.0000,0.0180,1.8000,50.1650,0.6262,50.1650,0.6262,0.0000,-0.0000
32400.0000,0.0190,1.9000,50.1650,0.5017,50.1650,0.5017,0.0000,-0.0000
32400.0000,0.0200,2.0000,50.1650,0.2720,50.1650,0.3505,0.0000,-0.0785
36000.0000,0.0000,0.0000,50.1650,1.2371,50.1650,1.2371,0.0000,-0.0000
36000.0000,0.0010,0.1000,50.1650,1.2353,50.1650,1.2353,0.0000,-0.0000
36000.0000,0.0020,0.2000,50.1650,1.2300,50.1650,1.2300,0.0000,-0.0000
36000.0000,0.0030,0.3000,50.1650,1.2210,50.1650,1.2210,0.0000,-0.0000
36000.0000,0.0040,0.4000,50.1650,1.2084,50.1650,1.2084,0.0000,-0.0000
36000.0000,0.0050,0.5000,50.1650,1.1923,50.1650,1.1923,0.0000,-0.0000
36000.0000,0.0060,0.6000,50.1650,1.1725,50.1650,1.1725,0.0000,-0.0000
36000.0000,0.0070,0.7000,50.1650,1.1491,50.1650,1.1491,0.0000,-0.0000
36000.0000,0.0080,0.8000,50.1650,1.1220,50.1650,1.1220,0.0000,-0.0000
36000.0000,0.0090,0.9000,50.1650,1.0911,50.1650,1.0911,0.0000,-0.0000
36000.0000,0.0100,1.0000,50.1650,1.0565,50.1650,1.0565,0.0000,-0.0000
36000.0000,0.0110,1.1000,50.1650,1.0178,50.1650,1.0178,0.0000,-0.0000
36000.0000,0.0120,1.2000,50.1650,0.9749,50.1650,0.9749,0.0000,-0.0000
36000.0000,0.0130,1.3000,50.1650,0.9276,50.1650,0.9276,0.0000,-0.0000
36000.0000,0.0140,1.4000,50.1650,0.8753,50.1650,0.8753,0.0000,-0.0000
36000.0000,0.0150,1.5000,50.1650,0.8173,50.1650,0.8173,0.0000,-0.0000
36000.0000,0.0160,1.6000,50.1650,0.7523,50.1650,0.7523,0.0000,-0.0000
36000.0000,0.0170,1.7000,50.1650,0.6781,50.1650,0.6781,0.0000,-0.0000
36000.0000,0.0180,1.8000,50.1650,0.5897,50.1650,0.5897,0.0000,-0.0000
36000.0000,0.0190,1.9000,50.1650,0.4720,50.1650,0.4720,0.0000,-0.0000
36000.0000,0.0200,2.0000,50.1650,0.2392,50.1650,0.3225,0.0000,-0.0833
39600.0000,0.0000,0.0000,50.1650,1.1552,50.1650,1.1552,0.0000,-0.0000
39600.0000,0.0010,0.1000,50.1650,1.1536,50.1650,1.1536,0.0000,-0.0000
39600.0000,0.0020,0.2000,50.1650,1.1487,50.1650,1.1487,0.0000,-0.0000
39600.0000,0.0030,0.3000,50.1650,1.1405,50.1650,1.1405,0.0000,-0.0000
39600.0000,0.0040,0.4000,50.1650,1.1291,50.1650,1.1291,0.0000,-0.0000
39600.0000,0.0050,0.5000,50.1650,1.1144,50.1650,1.1144,0.0000,-0.0000
39600.0000,0.0060,0.6000,50.1650,1.0963,50.1650,1.0963,0.0000,-0.0000
39600.0000,0.0070,0.7000,50.1650,1.0749,50.1650,1.0749,0.0000,-0.0000
39600.0000,0.0080,0.8000,50.1650,1.0502,50.1650,1.0502,0.0000,-0.0000
39600.0000,0.0090,0.9000,50.1650,1.0220,50.1650,1.0220,0.0000,-0.0000
39600.0000,0.0100,1.0000,50.1650,0.9903,50.1650,0.9903,0.0000,-0.0000
39600.0000,0.0110,1.1000,50.1650,0.9548,50.1650,0.9548,0.0000,-0.0000
39600.0000,0.0120,1.2000,50.1650,0.9155,50.1650,0.9155,0.0000,-0.0000
39600.0000,0.0130,1.3000,50.1650,0.8721,50.1650,0.8721,0.0000,-0.0000
39600.0000,0.0140,1.4000,50.1650,0.8239,50.1650,0.8239,0.0000,-0.0000
39600.0000,0.0150,1.5000,50.1650,0.7705,50.1650,0.7705,0.0000,-0.0000
39600.0000,0.0160,1.6000,50.1650,0.7104,50.1650,0.7104,0.0000,-0.0000
39600.0000,0.0170,1.7000,50.1650,0.6415,50.1650,0.6415,0.0000,-0.0000
39600.0000,0.0180,1.8000,50.1650,0.5588,50.1650,0.5588,0.0000,-0.0000
39600.0000,0.0190,1.9000,50.1650,0.4475,50.1650,0.4475,0.0000,-0.0000
39600.0000,0.0200,2.0000,50.1650,0.2126,50.1650,0.3004,0.0000,-0.0878
43200.0000,0.0000,0.0000,50.1650,1.0842,50.1650,1.0842,-0.0000,-0.0000
43200.0000,0.0010,0.1000,50.1650,1.0827,50.1650,1.0827,-0.0000,-0.0000
43200.0000,0.0020,0.2000,50.1650,1.0782,50.1650,1.0782,-0.0000,-0.0000
43200.0000,0.0030,0.3000,50.1650,1.0707,50.1650,1.0707,-0.0000,-0.0000
43200.0000,0.0040,0.4000,50.1650,1.0603,50.1650,1.0603,-0.0000,-0.0000
43200.0000,0.0050,0.5000,50.1650,1.0468,50.1650,1.0468,-0.0000,-0.0000
43200.0000,0.0060,0.6000,50.1650,1.0302,50.1650,1.0302,-0.0000,-0.0000
43200.0000,0.0070,0.7000,50.1650,1.0106,50.1650,1.0106,-0.0000,-0.0000
43200.0000,0.0080,0.8000,50.1650,0.9879,50.1650,0.9879,-0.0000,-0.0000
43200.0000,0.0090,0.9000,50.1650,0.9620,50.1650,0.9620,-0.0000,-0.0000
43200.0000,0.0100,1.0000,50.1650,0.9329,50.1650,0.9329,-0.0000,-0.0000
43200.0000,0.0110,1.1000,50.1650,0.9003,50.1650,0.9003,-0.0000,-0.0000
43200.0000,0.0120,1.2000,50.1650,0.8641,50.1650,0.8641,-0.0000,-0.0000
43200.0000,0.0130,1.3000,50.1650,0.8240,50.1650,0.8240,-0.0000,-0.0000
43200.0000,0.0140,1.4000,50.1650,0.7795,50.1650,0.7795,-0.0000,-0.0000
43200.0000,0.0150,1.5000,50.1650,0.7300,50.1650,0.7300,-0.0000,-0.0000
43200.0000,0.0160,1.6000,50.1650,0.6742,50.1650,0.6742,-0.0000,-0.0000
43200.0000,0.0170,1.7000,50.1650,0.6099,50.1650,0.6099,-0.0000,-0.0000
43200.0000,0.0180,1.8000,50.1650,0.5324,50.1650,0.5324,-0.0000,-0.0000
43200.0000,0.0190,1.9000,50.1650,0.4268,50.1650,0.4268,-0.0000,-0.0000
43200.0000,0.0200,2.0000,50.1650,0.1910,50.1650,0.2826,-0.0000,-0.0917
46800.0000,0.0000,0.0000,50.1650,1.0222,50.1650,1.0222,-0.0000,-0.0000
46800.0000,0.0010,0.1000,50.1650,1.0208,50.1650,1.0208,-0.0000,-0.0000
46800.0000,0.0020,0.2000,50.1650,1.0167,50.1650,1.0167,-0.0000,-0.0000
46800.0000,0.0030,0.3000,50.1650,1.0098,50.1650,1.0098,-0.0000,-0.0000
46800.0000,0.0040,0.4000,50.1650,1.0002,50.1650,1.0002,-0.0000,-0.0000
46800.0000,0.0050,0.5000,50.1650,0.9878,50.1650,0.9878,-0.0000,-0.0000
46800.0000,0.0060,0.6000,50.1650,0.9726,50.1650,0.9726,-0.0000,-0.0000
46800.0000,0.0070,0.7000,50.1650,0.9545,50.1650,0.9545,-0.0000,-0.0000
46800.0000,0.0080,0.8000,50.1650,0.9336,50.1650,0.9336,-0.0000,-0.0000
46800.0000,0.0090,0.9000,50.1650,0.9097,50.1650,0.9097,-0.0000,-0.0000
46800.0000,0.0100,1.0000,50.1650,0.8828,50.1650,0.8828,-0.0000,-0.0000
46800.0000,0.0110,1.1000,50.1650,0.8527,50.1650,0.8527,-0.0000,-0.0000
46800.0000,0.0120,1.2000,50.1650,0.8192,50.1650,0.8192,-0.0000,-0.0000
46800.0000,0.0130,1.3000,50.1650,0.7820,50.1650,0.7820,-0.0000,-0.0000
46800.0000,0.0140,1.4000,50.1650,0.7407,50.1650,0.7407,-0.0000,-0.0000
46800.0000,0.0150,1.5000,50.1650,0.6946,50.1650,0.6946,-0.0000,-0.0000
46800.0000,0.0160,1.6000,50.1650,0.6425,50.1650,0.6425,-0.0000,-0.0000
46800.0000,0.0170,1.7000,50.1650,0.5824,50.1650,0.5824,-0.0000,-0.0000
46800.0000,0.0180,1.8000,50.1650,0.5095,50.1650,0.5095,-0.0000,-0.0000
46800.0000,0.0190,1.9000,50.1650,0.4092,50.1650,0.4092,-0.0000,-0.0000
46800.0000,0.0200,2.0000,50.1650,0.1731,50.1650,0.2681,-0.0000,-0.0950
50400.0000,0.0000,0.0000,50.1650,0.9678,50.1650,0.9678,-0.0000,-0.0000
50400.0000,0.0010,0.1000,50.1650,0.9666,50.1650,0.9666,-0.0000,-0.0000
50400.0000,0.0020,0.2000,50.1650,0.9628,50.1650,0.9628,-0.0000,-0.0000
50400.0000,0.0030,0.3000,50.1650,0.9564,50.1650,0.9564,-0.0000,-0.0000
50400.0000,0.0040,0.4000,50.1650,0.9475,50.1650,0.9475,-0.0000,-0.0000
50400.0000,0.0050,0.5000,50.1650,0.9360,50.1650,0.9360,-0.0000,-0.0000
50400.0000,0.0060,0.6000,50.1650,0.9220,50.1650,0.9220,-0.0000,-0.0000
50400.0000,0.0070,0.7000,50.1650,0.9053,50.1650,0.9053,-0.0000,-0.0000
50400.0000,0.0080,0.8000,50.1650,0.8859,50.1650,0.8859,-0.0000,-0.0000
50400.0000,0.0090,0.9000,50.1650,0.8638,50.1650,0.8638,-0.0000,-0.0000
50400.0000,0.0100,1.0000,50.1650,0.8388,50.1650,0.8388,-0.0000,-0.0000
50400.0000,0.0110,1.1000,50.1650,0.8108,50.1650,0.8108,-0.0000,-0.0000
50400.0000,0.0120,1.2000,50.1650,0.7797,50.1650,0.7797,-0.0000,-0.0000
50400.0000,0.0130,1.3000,50.1650,0.7451,50.1650,0.7451,-0.0000,-0.0000
50400.0000,0.0140,1.4000,50.1650,0.7066,50.1650,0.7066,-0.0000,-0.0000
50400.0000,0.0150,1.5000,50.1650,0.6635,50.1650,0.6635,-0.0000,-0.0000
50400.0000,0.0160,1.6000,50.1650,0.6147,50.1650,0.6147,-0.0000,-0.0000
50400.0000,0.0170,1.7000,50.1650,0.5582,50.1650,0.5582,-0.0000,-0.0000
50400.0000,0.0180,1.8000,50.1650,0.4894,50.1650,0.4894,-0.0000,-0.0000
50400.0000,0.0190,1.9000,50.1650,0.3939,50.1650,0.3939,-0.0000,-0.0000
50400.0000,0.0200,2.0000,50.1650,0.1584,50.1650,0.2561,-0.0000,-0.0977
54000.0000,0.0000,0.0000,50.1650,0.9199,50.1650,0.9199,-0.0000,-0.0000
54000.0000,0.0010,0.1000,50.1650,0.9187,50.1650,0.9187,-0.0000,-0.0000
54000.0000,0.0020,0.2000,50.1650,0.9152,50.1650,0.9152,-0.0000,-0.0000
54000.0000,0.0030,0.3000,50.1650,0.9093,50.1650,0.9093,-0.0000,-0.0000
54000.0000,0.0040,0.4000,50.1650,0.9011,50.1650,0.9011,-0.0000,-0.0000
54000.0000,0.0050,0.5000,50.1650,0.8904,50.1650,0.8904,-0.0000,-0.0000
54000.0000,0.0060,0.6000,50.1650,0.8773,50.1650,0.8773,-0.0000,-0.0000
54000.0000,0.0070,0.7000,50.1650,0.8618,50.1650,0.8618,-0.0000,-0.0000
54000.0000,0.0080,0.8000,50.1650,0.8438,50.1650,0.8438,-0.0000,-0.0000
54000.0000,0.0090,0.9000,50.1650,0.8232,50.1650,0.8232,-0.0000,-0.0000
54000.0000,0.0100,1.0000,50.1650,0.8000,50.1650,0.8000,-0.0000,-0.0000
54000.0000,0.0110,1.1000,50.1650,0.7739,50.1650,0.7739,-0.0000,-0.0000
54000.0000,0.0120,1.2000,50.1650,0.7448,50.1650,0.7448,-0.0000,-0.0000
54000.0000,0.0130,1.3000,50.1650,0.7124,50.1650,0.7124,-0.0000,-0.0000
54000.0000,0.0140,1.4000,50.1650,0.6764,50.1650,0.6764,-0.0000,-0.0000
54000.0000,0.0150,1.5000,50.1650,0.6360,50.1650,0.6360,-0.0000,-0.0000
54000.0000,0.0160,1.6000,50.1650,0.5901,50.1650,0.5901,-0.0000,-0.0000
54000.0000,0.0170,1.7000,50.1650,0.5368,50.1650,0.5368,-0.0000,-0.0000
54000.0000,0.0180,1.8000,50.1650,0.4716,50.1650,0.4716,-0.0000,-0.0000
54000.0000,0.0190,1.9000,50.1650,0.3804,50.1650,0.3804,-0.0000,-0.0000
54000.0000,0.0200,2.0000,50.1650,0.1460,50.1650,0.2459,-0.0000,-0.0999
57600.0000,0.0000,0.0000,50.1650,0.8774,50.1650,0.8774,-0.0000,-0.0000
57600.0000,0.0010,0.1000,50.1650,0.8763,50.1650,0.8763,-0.0000,-0.0000
57600.0000,0.0020,0.2000,50.1650,0.8730,50.1650,0.8730,-0.0000,-0.0000
57600.0000,0.0030,0.3000,50.1650,0.8676,50.1650,0.8676,-0.0000,-0.0000
57600.0000,0.0040,0.4000,50.1650,0.8598,50.1650,0.8598,-0.0000,-0.0000
57600.0000,0.0050,0.5000,50.1650,0.8499,50.1650,0.8499,-0.0000,-0.0000
57600.0000,0.0060,0.6000,50.1650,0.8377,50.1650,0.8377,-0.0000,-0.0000
57600.0000,0.0070,0.7000,50.1650,0.8232,50.1650,0.8232,-0.0000,-0.0000
57600.0000,0.0080,0.8000,50.1650,0.8064,50.1650,0.8064,-0.0000,-0.0000
57600.0000,0.0090,0.9000,50.1650,0.7872,50.1650,0.7872,-0.0000,-0.0000
57600.0000,0.0100,1.0000,50.1650,0.7654,50.1650,0.7654,-0.0000,-0.0000
57600.0000,0.0110,1.1000,50.1650,0.7410,50.1650,0.7410,-0.0000,-0.0000
57600.0000,0.0120,1.2000,50.1650,0.7138,50.1650,0.7138,-0.0000,-0.0000
57600.0000,0.0130,1.3000,50.1650,0.6834,50.1650,0.6834,-0.0000,-0.0000
57600.0000,0.0140,1.4000,50.1650,0.6495,50.1650,0.6495,-0.0000,-0.0000
57600.0000,0.0150,1.5000,50.1650,0.6114,50.1650,0.6114,-0.0000,-0.0000
57600.0000,0.0160,1.6000,50.1650,0.5682,50.1650,0.5682,-0.0000,-0.0000
57600.0000,0.0170,1.7000,50.1650,0.5177,50.1650,0.5177,-0.0000,-0.0000
57600.0000,0.0180,1.8000,50.1650,0.4558,50.1650,0.4558,-0.0000,-0.0000
57600.0000,0.0190,1.9000,50.1650,0.3685,50.1650,0.3685,-0.0000,-0.0000
57600.0000,0.0200,2.0000,50.1650,0.1355,50.1650,0.2372,-0.0000,-0.1017
61200.0000,0.0000,0.0000,50.1650,0.8396,50.1650,0.8396,-0.0000,-0.0000
61200.0000,0.0010,0.1000,50.1650,0.8385,50.1650,0.8385,-0.0000,-0.0000
61200.0000,0.0020,0.2000,50.1650,0.8355,50.1650,0.8355,-0.0000,-0.0000
61200.0000,0.0030,0.3000,50.1650,0.8303,50.1650,0.8303,-0.0000,-0.0000
61200.0000,0.0040,0.4000,50.1650,0.8231,50.1650,0.8231,-0.0000,-0.0000
61200.0000,0.0050,0.5000,50.1650,0.8138,50.1650,0.8138,-0.0000,-0.0000
61200.0000,0.0060,0.6000,50.1650,0.8024,50.1650,0.8024,-0.0000,-0.0000
61200.0000,0.0070,0.7000,50.1650,0.7888,50.1650,0.7888,-0.0000,-0.0000
61200.0000,0.0080,0.8000,50.1650,0.7730,50.1650,0.7730,-0.0000,-0.0000
61200.0000,0.0090,0.9000,50.1650,0.7550,50.1650,0.7550,-0.0000,-0.0000
61200.0000,0.0100,1.0000,50.1650,0.7346,50.1650,0.7346,-0.0000,-0.0000
61200.0000,0.0110,1.1000,50.1650,0.7116,50.1650,0.7116,-0.0000,-0.0000
61200.0000,0.0120,1.2000,50.1650,0.6860,50.1650,0.6860,-0.0000,-0.0000
61200.0000,0.0130,1.3000,50.1650,0.6574,50.1650,0.6574,-0.0000,-0.0000
61200.0000,0.0140,1.4000,50.1650,0.6254,50.1650,0.6254,-0.0000,-0.0000
61200.0000,0.0150,1.5000,50.1650,0.5894,50.1650,0.5894,-0.0000,-0.0000
61200.0000,0.0160,1.6000,50.1650,0.5485,50.1650,0.5485,-0.0000,-0.0000
61200.0000,0.0170,1.7000,50.1650,0.5006,50.1650,0.5006,-0.0000,-0.0000
61200.0000,0.0180,1.8000,50.1650,0.4415,50.1650,0.4415,-0.0000,-0.0000
61200.0000,0.0190,1.9000,50.1650,0.3578,50.1650,0.3578,-0.0000,-0.0000
61200.0000,0.0200,2.0000,50.1650,0.1267,50.1650,0.2297,-0.0000,-0.1031
64800.0000,0.0000,0.0000,50.1650,0.8056,50.1650,0.8056,-0.0000,-0.0000
64800.0000,0.0010,0.1000,50.1650,0.8047,50.1650,0.8047,-0.0000,-0.0000
64800.0000,0.0020,0.2000,50.1650,0.8018,50.1650,0.8018,-0.0000,-0.0000
64800.0000,0.0030,0.3000,50.1650,0.7970,50.1650,0.7970,-0.0000,-0.0000
64800.0000,0.0040,0.4000,50.1650,0.7902,50.1650,0.7902,-0.0000,-0.0000
64800.0000,0.0050,0.5000,50.1650,0.7815,50.1650,0.7815,-0.0000,-0.0000
64800.0000,0.0060,0.6000,50.1650,0.7707,50.1650,0.7707,-0.0000,-0.0000
64800.0000,0.0070,0.7000,50.1650,0.7580,50.1650,0.7580,-0.0000,-0.0000
64800.0000,0.0080,0.8000,50.1650,0.7431,50.1650,0.7431,-0.0000,-0.0000
64800.0000,0.0090,0.9000,50.1650,0.7261,50.1650,0.7261,-0.0000,-0.0000
64800.0000,0.0100,1.0000,50.1650,0.7069,50.1650,0.7069,-0.0000,-0.0000
64800.0000,0.0110,1.1000,50.1650,0.6852,50.1650,0.6852,-0.0000,-0.0000
64800.0000,0.0120,1.2000,50.1650,0.6610,50.1650,0.6610,-0.0000,-0.0000
64800.0000,0.0130,1.3000,50.1650,0.6340,50.1650,0.6340,-0.0000,-0.0000
64800.0000,0.0140,1.4000,50.1650,0.6037,50.1650,0.6037,-0.0000,-0.0000
64800.0000,0.0150,1.5000,50.1650,0.5696,50.1650,0.5696,-0.0000,-0.0000
64800.0000,0.0160,1.6000,50.1650,0.5307,50.1650,0.5307,-0.0000,-0.0000
64800.0000,0.0170,1.7000,50.1650,0.4851,50.1650,0.4851,-0.0000,-0.0000
64800.0000,0.0180,1.8000,50.1650,0.4287,50.1650,0.4287,-0.0000,-0.0000
64800.0000,0.0190,1.9000,50.1650,0.3482,50.1650,0.3482,-0.0000,-0.0000
64800.0000,0.0200,2.0000,50.1650,0.1191,50.1650,0.2232,-0.0000,-0.1041
68400.0000,0.0000,0.0000,50.1650,0.7751,50.1650,0.7751,-0.0000,-0.0000
68400.0000,0.0010,0.1000,50.1650,0.7742,50.1650,0.7742,-0.0000,-0.0000
68400.0000,0.0020,0.2000,50.1650,0.7715,50.1650,0.7715,-0.0000,-0.0000
68400.0000,0.0030,0.3000,50.1650,0.7669,50.1650,0.7669,-0.0000,-0.0000
68400.0000,0.0040,0.4000,50.1650,0.7605,50.1650,0.7605,-0.0000,-0.0000
68400.0000,0.0050,0.5000,50.1650,0.7523,50.1650,0.7523,-0.0000,-0.0000
68400.0000,0.0060,0.6000,50.1650,0.7422,50.1650,0.7422,-0.0000,-0.0000
68400.0000,0.0070,0.7000,50.1650,0.7301,50.1650,0.7301,-0.0000,-0.0000
68400.0000,0.0080,0.8000,50.1650,0.7161,50.1650,0.7161,-0.0000,-0.0000
68400.0000,0.0090,0.9000,50.1650,0.7001,50.1650,0.7001,-0.0000,-0.0000
68400.0000,0.0100,1.0000,50.1650,0.6819,50.1650,0.6819,-0.0000,-0.0000
68400.0000,0.0110,1.1000,50.1650,0.6614,50.1650,0.6614,-0.0000,-0.0000
68400.0000,0.0120,1.2000,50.1650,0.6385,50.1650,0.6385,-0.0000,-0.0000
68400.0000,0.0130,1.3000,50.1650,0.6128,50.1650,0.6128,-0.0000,-0.0000
68400.0000,0.0140,1.4000,50.1650,0.5841,50.1650,0.5841,-0.0000,-0.0000
68400.0000,0.0150,1.5000,50.1650,0.5517,50.1650,0.5517,-0.0000,-0.0000
68400.0000,0.0160,1.6000,50.1650,0.5146,50.1650,0.5146,-0.0000,-0.0000
68400.0000,0.0170,1.7000,50.1650,0.4710,50.1650,0.4710,-0.0000,-0.0000
68400.0000,0.0180,1.8000,50.1650,0.4170,50.1650,0.4170,-0.0000,-0.0000
68400.0000,0.0190,1.9000,50.1650,0.3394,50.1650,0.3394,-0.0000,-0.0000
68400.0000,0.0200,2.0000,50.1650,0.1126,50.1650,0.2174,-0.0000,-0.1048
72000.0000,0.0000,0.0000,50.1650,0.7475,50.1650,0.7475,-0.0000,-0.0000
72000.0000,0.0010,0.1000,50.1650,0.7467,50.1650,0.7467,-0.0000,-0.0000
72000.0000,0.0020,0.2000,50.1650,0.7441,50.1650,0.7441,-0.0000,-0.0000
72000.0000,0.0030,0.3000,50.1650,0.7398,50.1650,0.7398,-0.0000,-0.0000
72000.0000,0.0040,0.4000,50.1650,0.7337,50.1650,0.7337,-0.0000,-0.0000
72000.0000,0.0050,0.5000,50.1650,0.7259,50.1650,0.7259,-0.0000,-0.0000
72000.0000,0.0060,0.6000,50.1650,0.7164,50.1650,0.7164,-0.0000,-0.0000
72000.0000,0.0070,0.7000,50.1650,0.7050,50.1650,0.7050,-0.0000,-0.0000
72000.0000,0.0080,0.8000,50.1650,0.6917,50.1650,0.6917,-0.0000,-0.0000
72000.0000,0.0090,0.9000,50.1650,0.6765,50.1650,0.6765,-0.0000,-0.0000
72000.0000,0.0100,1.0000,50.1650,0.6592,50.1650,0.6592,-0.0000,-0.0000
72000.0000,0.0110,1.1000,50.1650,0.6398,50.1650,0.6398,-0.0000,-0.0000
72000.0000,0.0120,1.2000,50.1650,0.6180,50.1650,0.6180,-0.0000,-0.0000
72000.0000,0.0130,1.3000,50.1650,0.5936,50.1650,0.5936,-0.0000,-0.0000
72000.0000,0.0140,1.4000,50.1650,0.5662,50.1650,0.5662,-0.0000,-0.0000
72000.0000,0.0150,1.5000,50.1650,0.5353,50.1650,0.5353,-0.0000,-0.0000
72000.0000,0.0160,1.6000,50.1650,0.4999,50.1650,0.4999,-0.0000,-0.0000
72000.0000,0.0170,1.7000,50.1650,0.4582,50.1650,0.4582,-0.0000,-0.0000
72000.0000,0.0180,1.8000,50.1650,0.4063,50.1650,0.4063,-0.0000,-0.0000
72000.0000,0.0190,1.9000,50.1650,0.3315,50.1650,0.3315,-0.0000,-0.0000
72000.0000,0.0200,2.0000,50.1650,0.1069,50.1650,0.2122,-0.0000,-0.1053
75600.0000,0.0000,0.0000,50.1650,0.7225,50.1650,0.7225,-0.0000,-0.0000
75600.0000,0.0010,0.1000,50.1650,0.7216,50.1650,0.7216,-0.0000,-0.0000
75600.0000,0.0020,0.2000,50.1650,0.7192,50.1650,0.7192,-0.0000,-0.0000
75600.0000,0.0030,0.3000,50.1650,0.7151,50.1650,0.7151,-0.0000,-0.0000
75600.0000,0.0040,0.4000,50.1650,0.7094,50.1650,0.7094,-0.0000,-0.0000
75600.0000,0.0050,0.5000,50.1650,0.7020,50.1650,0.7020,-0.0000,-0.0000
75600.0000,0.0060,0.6000,50.1650,0.6929,50.1650,0.6929,-0.0000,-0.0000
75600.0000,0.0070,0.7000,50.1650,0.6821,50.1650,0.6821,-0.0000,-0.0000
75600.0000,0.0080,0.8000,50.1650,0.6695,50.1650,0.6695,-0.0000,-0.0000
75600.0000,0.0090,0.9000,50.1650,0.6550,50.1650,0.6550,-0.0000,-0.0000
75600.0000,0.0100,1.0000,50.1650,0.6386,50.1650,0.6386,-0.0000,-0.0000
75600.0000,0.0110,1.1000,50.1650,0.6201,50.1650,0.6201,-0.0000,-0.0000
75600.0000,0.0120,1.2000,50.1650,0.5993,50.1650,0.5993,-0.0000,-0.0000
75600.0000,0.0130,1.3000,50.1650,0.5761,50.1650,0.5761,-0.0000,-0.0000
75600.0000,0.0140,1.4000,50.1650,0.5500,50.1650,0.5500,-0.0000,-0.0000
75600.0000,0.0150,1.5000,50.1650,0.5204,50.1650,0.5204,-0.0000,-0.0000
75600.0000,0.0160,1.6000,50.1650,0.4865,50.1650,0.4865,-0.0000,-0.0000
75600.0000,0.0170,1.7000,50.1650,0.4465,50.1650,0.4465,-0.0000,-0.0000
75600.0000,0.0180,1.8000,50.1650,0.3965,50.1650,0.3965,-0.0000,-0.0000
75600.0000,0.0190,1.9000,50.1650,0.3242,50.1650,0.3242,-0.0000,-0.0000
75600.0000,0.0200,2.0000,50.1650,0.1019,50.1650,0.2076,-0.0000,-0.1056
79200.0000,0.0000,0.0000,50.1650,0.6996,50.1650,0.6996,-0.0000,-0.0000
79200.0000,0.0010,0.1000,50.1650,0.6988,50.1650,0.6988,-0.0000,-0.0000
79200.0000,0.0020,0.2000,50.1650,0.6965,50.1650,0.6965,-0.0000,-0.0000
79200.0000,0.0030,0.3000,50.1650,0.6926,50.1650,0.6926,-0.0000,-0.0000
79200.0000,0.0040,0.4000,50.1650,0.6872,50.1650,0.6872,-0.0000,-0.0000
79200.0000,0.0050,0.5000,50.1650,0.6802,50.1650,0.6802,-0.0000,-0.0000
79200.0000,0.0060,0.6000,50.1650,0.6715,50.1650,0.6715,-0.0000,-0.0000
79200.0000,0.0070,0.7000,50.1650,0.6612,50.1650,0.6612,-0.0000,-0.0000
79200.0000,0.0080,0.8000,50.1650,0.6492,50.1650,0.6492,-0.0000,-0.0000
79200.0000,0.0090,0.9000,50.1650,0.6354,50.1650,0.6354,-0.0000,-0.0000
79200.0000,0.0100,1.0000,50.1650,0.6198,50.1650,0.6198,-0.0000,-0.0000
79200.0000,0.0110,1.1000,50.1650,0.6021,50.1650,0.6021,-0.0000,-0.0000
79200.0000,0.0120,1.2000,50.1650,0.5823,50.1650,0.5823,-0.0000,-0.0000
79200.0000,0.0130,1.3000,50.1650,0.5600,50.1650,0.5600,-0.0000,-0.0000
79200.0000,0.0140,1.4000,50.1650,0.5350,50.1650,0.5350,-0.0000,-0.0000
79200.0000,0.0150,1.5000,50.1650,0.5067,50.1650,0.5067,-0.0000,-0.0000
79200.0000,0.0160,1.6000,50.1650,0.4742,50.1650,0.4742,-0.0000,-0.0000
79200.0000,0.0170,1.7000,50.1650,0.4357,50.1650,0.4357,-0.0000,-0.0000
79200.0000,0.0180,1.8000,50.1650,0.3876,50.1650,0.3876,-0.0000,-0.0000
79200.0000,0.0190,1.9000,50.1650,0.3175,50.1650,0.3175,-0.0000,-0.0000
79200.0000,0.0200,2.0000,50.1650,0.0976,50.1650,0.2034,-0.0000,-0.1058
82800.0000,0.0000,0.0000,50.1650,0.6787,50.1650,0.6787,-0.0000,-0.0000
82800.0000,0.0010,0.1000,50.1650,0.6780,50.1650,0.6780,-0.0000,-0.0000
82800.0000,0.0020,0.2000,50.1650,0.6758,50.1650,0.6758,-0.0000,-0.0000
82800.0000,0.0030,0.3000,50.1650,0.6721,50.1650,0.6721,-0.0000,-0.0000
82800.0000,0.0040,0.4000,50.1650,0.6669,50.1650,0.6669,-0.0000,-0.0000
82800.0000,0.0050,0.5000,50.1650,0.6602,50.1650,0.6602,-0.0000,-0.0000
82800.0000,0.0060,0.6000,50.1650,0.6519,50.1650,0.6519,-0.0000,-0.0000
82800.0000,0.0070,0.7000,50.1650,0.6421,50.1650,0.6421,-0.0000,-0.0000
82800.0000,0.0080,0.8000,50.1650,0.6306,50.1650,0.6306,-0.0000,-0.0000
82800.0000,0.0090,0.9000,50.1650,0.6174,50.1650,0.6174,-0.0000,-0.0000
82800.0000,0.0100,1.0000,50.1650,0.6025,50.1650,0.6025,-0.0000,-0.0000
82800.0000,0.0110,1.1000,50.1650,0.5856,50.1650,0.5856,-0.0000,-0.0000
82800.0000,0.0120,1.2000,50.1650,0.5666,50.1650,0.5666,-0.0000,-0.0000
82800.0000,0.0130,1.3000,50.1650,0.5453,50.1650,0.5453,-0.0000,-0.0000
82800.0000,0.0140,1.4000,50.1650,0.5213,50.1650,0.5213,-0.0000,-0.0000
82800.0000,0.0150,1.5000,50.1650,0.4941,50.1650,0.4941,-0.0000,-0.0000
82800.0000,0.0160,1.6000,50.1650,0.4628,50.1650,0.4628,-0.0000,-0.0000
82800.0000,0.0170,1.7000,50.1650,0.4257,50.1650,0.4257,-0.0000,-0.0000
82800.0000,0.0180,1.8000,50.1650,0.3793,50.1650,0.3793,-0.0000,-0.0000
82800.0000,0.0190,1.9000,50.1650,0.3113,50.1650,0.3113,-0.0000,-0.0000
82800.0000,0.0200,2.0000,50.1650,0.0938,50.1650,0.1996,-0.0000,-0.1058
86400.0000,0.0000,0.0000,50.1650,0.6595,50.1650,0.6595,-0.0000,-0.0000
86400.0000,0.0010,0.1000,50.1650,0.6588,50.1650,0.6588,-0.0000,-0.0000
86400.0000,0.0020,0.2000,50.1650,0.6567,50.1650,0.6567,-0.0000,-0.0000
86400.0000,0.0030,0.3000,50.1650,0.6532,50.1650,0.6532,-0.0000,-0.0000
86400.0000,0.0040,0.4000,50.1650,0.6482,50.1650,0.6482,-0.0000,-0.0000
86400.0000,0.0050,0.5000,50.1650,0.6418,50.1650,0.6418,-0.0000,-0.0000
86400.0000,0.0060,0.6000,50.1650,0.6339,50.1650,0.6339,-0.0000,-0.0000
86400.0000,0.0070,0.7000,50.1650,0.6245,50.1650,0.6245,-0.0000,-0.0000
86400.0000,0.0080,0.8000,50.1650,0.6135,50.1650,0.6135,-0.0000,-0.0000
86400.0000,0.0090,0.9000,50.1650,0.6009,50.1650,0.6009,-0.0000,-0.0000
86400.0000,0.0100,1.0000,50.1650,0.5866,50.1650,0.5866,-0.0000,-0.0000
86400.0000,0.0110,1.1000,50.1650,0.5704,50.1650,0.5704,-0.0000,-0.0000
86400.0000,0.0120,1.2000,50.1650,0.5522,50.1650,0.5522,-0.0000,-0.0000
86400.0000,0.0130,1.3000,50.1650,0.5317,50.1650,0.5317,-0.0000,-0.0000
86400.0000,0.0140,1.4000,50.1650,0.5087,50.1650,0.5087,-0.0000,-0.0000
86400.0000,0.0150,1.5000,50.1650,0.4825,50.1650,0.4825,-0.0000,-0.0000
86400.0000,0.0160,1.6000,50.1650,0.4523,50.1650,0.4523,-0.0000,-0.0000
86400.0000,0.0170,1.7000,50.1650,0.4165,50.1650,0.4165,-0.0000,-0.0000
86400.0000,0.0180,1.8000,50.1650,0.3716,50.1650,0.3716,-0.0000,-0.0000
86400.0000,0.0190,1.9000,50.1650,0.3055,50.1650,0.3055,-0.0000,-0.0000
86400.0000,0.0200,2.0000,50.1650,0.0904,50.1650,0.1961,-0.0000,-0.1057
90000.0000,0.0000,0.0000,50.1650,0.6418,50.1650,0.6418,-0.0000,-0.0000
90000.0000,0.0010,0.1000,50.1650,0.6412,50.1650,0.6412,-0.0000,-0.0000
90000.0000,0.0020,0.2000,50.1650,0.6391,50.1650,0.6391,-0.0000,-0.0000
90000.0000,0.0030,0.3000,50.1650,0.6358,50.1650,0.6358,-0.0000,-0.0000
90000.0000,0.0040,0.4000,50.1650,0.6310,50.1650,0.6310,-0.0000,-0.0000
90000.0000,0.0050,0.5000,50.1650,0.6249,50.1650,0.6249,-0.0000,-0.0000
90000.0000,0.0060,0.6000,50.1650,0.6173,50.1650,0.6173,-0.0000,-0.0000
90000.0000,0.0070,0.7000,50.1650,0.6083,50.1650,0.6083,-0.0000,-0.0000
90000.0000,0.0080,0.8000,50.1650,0.5977,50.1650,0.5977,-0.0000,-0.0000
90000.0000,0.0090,0.9000,50.1650,0.5857,50.1650,0.5857,-0.0000,-0.0000
90000.0000,0.0100,1.0000,50.1650,0.5719,50.1650,0.5719,-0.0000,-0.0000
90000.0000,0.0110,1.1000,50.1650,0.5563,50.1650,0.5563,-0.0000,-0.0000
90000.0000,0.0120,1.2000,50.1650,0.5388,50.1650,0.5388,-0.0000,-0.0000
90000.0000,0.0130,1.3000,50.1650,0.5192,50.1650,0.5192,-0.0000,-0.0000
90000.0000,0.0140,1.4000,50.1650,0.4970,50.1650,0.4970,-0.0000,-0.0000
90000.0000,0.0150,1.5000,50.1650,0.4717,50.1650,0.4717,-0.0000,-0.0000
90000.0000,0.0160,1.6000,50.1650,0.4426,50.1650,0.4426,-0.0000,-0.0000
90000.0000,0.0170,1.7000,50.1650,0.4080,50.1650,0.4080,-0.0000,-0.0000
90000.0000,0.0180,1.8000,50.1650,0.3644,50.1650,0.3644,-0.0000,-0.0000
90000.0000,0.0190,1.9000,50.1650,0.3002,50.1650,0.3002,-0.0000,-0.0000
90000.0000,0.0200,2.0000,50.1650,0.0874,50.1650,0.1929,-0.0000,-0.1055
93600.0000,0.0000,0.0000,50.1650,0.6255,50.1650,0.6255,-0.0000,-0.0000
93600.0000,0.0010,0.1000,50.1650,0.6249,50.1650,0.6249,-0.0000,-0.0000
93600.0000,0.0020,0.2000,50.1650,0.6229,50.1650,0.6229,-0.0000,-0.0000
93600.0000,0.0030,0.3000,50.1650,0.6197,50.1650,0.6197,-0.0000,-0.0000
93600.0000,0.0040,0.4000,50.1650,0.6151,50.1650,0.6151,-0.0000,-0.0000
93600.0000,0.0050,0.5000,50.1650,0.6092,50.1650,0.6092,-0.0000,-0.0000
93600.0000,0.0060,0.6000,50.1650,0.6019,50.1650,0.6019,-0.0000,-0.0000
93600.0000,0.0070,0.7000,50.1650,0.5933,50.1650,0.5933,-0.0000,-0.0000
93600.0000,0.0080,0.8000,50.1650,0.5832,50.1650,0.5832,-0.0000,-0.0000
93600.0000,0.0090,0.9000,50.1650,0.5715,50.1650,0.5715,-0.0000,-0.0000
93600.0000,0.0100,1.0000,50.1650,0.5583,50.1650,0.5583,-0.0000,-0.0000
93600.0000,0.0110,1.1000,50.1650,0.5433,50.1650,0.5433,-0.0000,-0.0000
93600.0000,0.0120,1.2000,50.1650,0.5265,50.1650,0.5265,-0.0000,-0.0000
93600.0000,0.0130,1.3000,50.1650,0.5075,50.1650,0.5075,-0.0000,-0.0000
93600.0000,0.0140,1.4000,50.1650,0.4861,50.1650,0.4861,-0.0000,-0.0000
93600.0000,0.0150,1.5000,50.1650,0.4617,50.1650,0.4617,-0.0000,-0.0000
93600.0000,0.0160,1.6000,50.1650,0.4336,50.1650,0.4336,-0.0000,-0.0000
93600.0000,0.0170,1.7000,50.1650,0.4000,50.1650,0.4000,-0.0000,-0.0000
93600.0000,0.0180,1.8000,50.1650,0.3578,50.1650,0.3578,-0.0000,-0.0000
93600.0000,0.0190,1.9000,50.1650,0.2952,50.1650,0.2952,-0.0000,-0.0000
93600.0000,0.0200,2.0000,50.1650,0.0848,50.1650,0.1900,-0.0000,-0.1053
97200.0000,0.0000,0.0000,50.1650,0.6104,50.1650,0.6104,-0.0000,-0.0000
97200.0000,0.0010,0.1000,50.1650,0.6097,50.1650,0.6098,-0.0000,-0.0000
97200.0000,0.0020,0.2000,50.1650,0.6079,50.1650,0.6079,-0.0000,-0.0000
97200.0000,0.0030,0.3000,50.1650,0.6048,50.1650,0.6048,-0.0000,-0.0000
97200.0000,0.0040,0.4000,50.1650,0.6004,50.1650,0.6004,-0.0000,-0.0000
97200.0000,0.0050,0.5000,50.1650,0.5947,50.1650,0.5947,-0.0000,-0.0000
97200.0000,0.0060,0.6000,50.1650,0.5877,50.1650,0.5877,-0.0000,-0.0000
97200.0000,0.0070,0.7000,50.1650,0.5794,50.1650,0.5794,-0.0000,-0.0000
97200.0000,0.0080,0.8000,50.1650,0.5696,50.1650,0.5696,-0.0000,-0.0000
97200.0000,0.0090,0.9000,50.1650,0.5584,50.1650,0.5584,-0.0000,-0.0000
97200.0000,0.0100,1.0000,50.1650,0.5457,50.1650,0.5457,-0.0000,-0.0000
97200.0000,0.0110,1.1000,50.1650,0.5312,50.1650,0.5312,-0.0000,-0.0000
97200.0000,0.0120,1.2000,50.1650,0.5150,50.1650,0.5150,-0.0000,-0.0000
97200.0000,0.0130,1.3000,50.1650,0.4967,50.1650,0.4967,-0.0000,-0.0000
97200.0000,0.0140,1.4000,50.1650,0.4760,50.1650,0.4760,-0.0000,-0.0000
97200.0000,0.0150,1.5000,50.1650,0.4524,50.1650,0.4524,-0.0000,-0.0000
97200.0000,0.0160,1.6000,50.1650,0.4251,50.1650,0.4251,-0.0000,-0.0000
97200.0000,0.0170,1.7000,50.1650,0.3926,50.1650,0.3926,-0.0000,-0.0000
97200.0000,0.0180,1.8000,50.1650,0.3515,50.1650,0.3515,-0.0000,-0.0000
97200.0000,0.0190,1.9000,50.1650,0.2906,50.1650,0.2906,-0.0000,-0.0000
97200.0000,0.0200,2.0000,50.1650,0.0824,50.1650,0.1873,-0.0000,-0.1049
100800.0000,0.0000,0.0000,50.1650,0.5963,50.1650,0.5963,-0.0000,-0.0000
100800.0000,0.0010,0.1000,50.1650,0.5957,50.1650,0.5957,-0.0000,-0.0000
100800.0000,0.0020,0.2000,50.1650,0.5939,50.1650,0.5939,-0.0000,-0.0000
100800.0000,0.0030,0.3000,50.1650,0.5909,50.1650,0.5909,-0.0000,-0.0000
100800.0000,0.0040,0.4000,50.1650,0.5867,50.1650,0.5867,-0.0000,-0.0000
100800.0000,0.0050,0.5000,50.1650,0.5812,50.1650,0.5812,-0.0000,-0.0000
100800.0000,0.0060,0.6000,50.1650,0.5745,50.1650,0.5745,-0.0000,-0.0000
100800.0000,0.0070,0.7000,50.1650,0.5664,50.1650,0.5664,-0.0000,-0.0000
100800.0000,0.0080,0.8000,50.1650,0.5570,50.1650,0.5570,-0.0000,-0.0000
100800.0000,0.0090,0.9000,50.1650,0.5462,50.1650,0.5462,-0.0000,-0.0000
100800.0000,0.0100,1.0000,50.1650,0.5339,50.1650,0.5339,-0.0000,-0.0000
100800.0000,0.0110,1.1000,50.1650,0.5200,50.1650,0.5200,-0.0000,-0.0000
100800.0000,0.0120,1.2000,50.1650,0.5043,50.1650,0.5043,-0.0000,-0.0000
100800.0000,0.0130,1.3000,50.1650,0.4865,50.1650,0.4865,-0.0000,-0.0000
100800.0000,0.0140,1.4000,50.1650,0.4665,50.1650,0.4665,-0.0000,-0.0000
100800.0000,0.0150,1.5000,50.1650,0.4437,50.1650,0.4437,-0.0000,-0.0000
100800.0000,0.0160,1.6000,50.1650,0.4172,50.1650,0.4172,-0.0000,-0.0000
100800.0000,0.0170,1.7000,50.1650,0.3857,50.1650,0.3857,-0.0000,-0.0000
100800.0000,0.0180,1.8000,50.1650,0.3457,50.1650,0.3457,-0.0000,-0.0000
100800.0000,0.0190,1.9000,50.1650,0.2862,50.1650,0.2862,-0.0000,-0.0000
100800.0000,0.0200,2.0000,50.1650,0.0802,50.1650,0.1848,-0.0000,-0.1046
104400.0000,0.0000,0.0000,50.1650,0.5832,50.1650,0.5832,-0.0000,-0.0000
104400.0000,0.0010,0.1000,50.1650,0.5826,50.1650,0.5826,-0.0000,-0.0000
104400.0000,0.0020,0.2000,50.1650,0.5809,50.1650,0.5809,-0.0000,-0.0000
104400.0000,0.0030,0.3000,50.1650,0.5780,50.1650,0.5780,-0.0000,-0.0000
104400.0000,0.0040,0.4000,50.1650,0.5739,50.1650,0.5739,-0.0000,-0.0000
104400.0000,0.0050,0.5000,50.1650,0.5686,50.1650,0.5686,-0.0000,-0.0000
104400.0000,0.0060,0.6000,50.1650,0.5621,50.1650,0.5621,-0.0000,-0.0000
104400.0000,0.0070,0.7000,50.1650,0.5544,50.1650,0.5544,-0.0000,-0.0000
104400.0000,0.0080,0.8000,50.1650,0.5453,50.1650,0.5453,-0.0000,-0.0000
104400.0000,0.0090,0.9000,50.1650,0.5348,50.1650,0.5348,-0.0000,-0.0000
104400.0000,0.0100,1.0000,50.1650,0.5229,50.1650,0.5229,-0.0000,-0.0000
104400.0000,0.0110,1.1000,50.1650,0.5094,50.1650,0.5094,-0.0000,-0.0000
104400.0000,0.0120,1.2000,50.1650,0.4942,50.1650,0.4942,-0.0000,-0.0000
104400.0000,0.0130,1.3000,50.1650,0.4771,50.1650,0.4771,-0.0000,-0.0000
104400.0000,0.0140,1.4000,50.1650,0.4577,50.1650,0.4577,-0.0000,-0.0000
104400.0000,0.0150,1.5000,50.1650,0.4355,50.1650,0.4355,-0.0000,-0.0000
104400.0000,0.0160,1.6000,50.1650,0.4099,50.1650,0.4099,-0.0000,-0.0000
104400.0000,0.0170,1.7000,50.1650,0.3792,50.1650,0.3792,-0.0000,-0.0000
104400.0000,0.0180,1.8000,50.1650,0.3402,50.1650,0.3402,-0.0000,-0.0000
104400.0000,0.0190,1.9000,50.1650,0.2821,50.1650,0.2821,-0.0000,-0.0000
104400.0000,0.0200,2.0000,50.1650,0.0783,50.1650,0.1824,-0.0000,-0.1041
108000.0000,0.0000,0.0000,50.1650,0.5710,50.1650,0.5710,-0.0000,-0.0000
108000.0000,0.0010,0.1000,50.1650,0.5704,50.1650,0.5704,-0.0000,-0.0000
108000.0000,0.0020,0.2000,50.1650,0.5687,50.1650,0.5687,-0.0000,-0.0000
108000.0000,0.0030,0.3000,50.1650,0.5659,50.1650,0.5659,-0.0000,-0.0000
108000.0000,0.0040,0.4000,50.1650,0.5620,50.1650,0.5620,-0.0000,-0.0000
108000.0000,0.0050,0.5000,50.1650,0.5569,50.1650,0.5569,-0.0000,-0.0000
108000.0000,0.0060,0.6000,50.1650,0.5506,50.1650,0.5506,-0.0000,-0.0000
108000.0000,0.0070,0.7000,50.1650,0.5431,50.1650,0.5431,-0.0000,-0.0000
108000.0000,0.0080,0.8000,50.1650,0.5343,50.1650,0.5343,-0.0000,-0.0000
108000.0000,0.0090,0.9000,50.1650,0.5242,50.1650,0.5242,-0.0000,-0.0000
108000.0000,0.0100,1.0000,50.1650,0.5127,50.1650,0.5127,-0.0000,-0.0000
108000.0000,0.0110,1.1000,50.1650,0.4996,50.1650,0.4996,-0.0000,-0.0000
108000.0000,0.0120,1.2000,50.1650,0.4849,50.1650,0.4849,-0.0000,-0.0000
108000.0000,0.0130,1.3000,50.1650,0.4682,50.1650,0.4682,-0.0000,-0.0000
108000.0000,0.0140,1.4000,50.1650,0.4494,50.1650,0.4494,-0.0000,-0.0000
108000.0000,0.0150,1.5000,50.1650,0.4279,50.1650,0.4279,-0.0000,-0.0000
108000.0000,0.0160,1.6000,50.1650,0.4029,50.1650,0.4029,-0.0000,-0.0000
108000.0000,0.0170,1.7000,50.1650,0.3730,50.1650,0.3730,-0.0000,-0.0000
108000.0000,0.0180,1.8000,50.1650,0.3351,50.1650,0.3351,-0.0000,-0.0000
108000.0000,0.0190,1.9000,50.1650,0.2782,50.1650,0.2782,-0.0000,-0.0000
108000.0000,0.0200,2.0000,50.1650,0.0765,50.1650,0.1802,-0.0000,-0.1037
111600.0000,0.0000,0.0000,50.1650,0.5595,50.1650,0.5595,-0.0000,-0.0000
111600.0000,0.0010,0.1000,50.1650,0.5589,50.1650,0.5589,-0.0000,-0.0000
111600.0000,0.0020,0.2000,50.1650,0.5573,50.1650,0.5573,-0.0000,-0.0000
111600.0000,0.0030,0.3000,50.1650,0.5546,50.1650,0.5546,-0.0000,-0.0000
111600.0000,0.0040,0.4000,50.1650,0.5508,50.1650,0.5508,-0.0000,-0.0000
111600.0000,0.0050,0.5000,50.1650,0.5459,50.1650,0.5459,-0.0000,-0.0000
111600.0000,0.0060,0.6000,50.1650,0.5398,50.1650,0.5398,-0.0000,-0.0000
111600.0000,0.0070,0.7000,50.1650,0.5325,50.1650,0.5325,-0.0000,-0.0000
111600.0000,0.0080,0.8000,50.1650,0.5240,50.1650,0.5240,-0.0000,-0.0000
111600.0000,0.0090,0.9000,50.1650,0.5142,50.1650,0.5142,-0.0000,-0.0000
111600.0000,0.0100,1.0000,50.1650,0.5030,50.1650,0.5030,-0.0000,-0.0000
111600.0000,0.0110,1.1000,50.1650,0.4904,50.1650,0.4904,-0.0000,-0.0000
111600.0000,0.0120,1.2000,50.1650,0.4761,50.1650,0.4761,-0.0000,-0.0000
111600.0000,0.0130,1.3000,50.1650,0.4599,50.1650,0.4599,-0.0000,-0.0000
111600.0000,0.0140,1.4000,50.1650,0.4416,50.1650,0.4416,-0.0000,-0.0000
111600.0000,0.0150,1.5000,50.1650,0.4207,50.1650,0.4207,-0.0000,-0.0000
111600.0000,0.0160,1.6000,50.1650,0.3964,50.1650,0.3964,-0.0000,-0.0000
111600.0000,0.0170,1.7000,50.1650,0.3673,50.1650,0.3673,-0.0000,-0.0000
111600.0000,0.0180,1.8000,50.1650,0.3302,50.1650,0.3302,-0.0000,-0.0000
111600.0000,0.0190,1.9000,50.1650,0.2746,50.1650,0.2746,-0.0000,-0.0000
111600.0000,0.0200,2.0000,50.1650,0.0749,50.1650,0.1781,-0.0000,-0.1032
115200.0000,0.0000,0.0000,50.1650,0.5487,50.1650,0.5487,-0.0000,-0.0000
115200.0000,0.0010,0.1000,50.1650,0.5482,50.1650,0.5482,-0.0000,-0.0000
115200.0000,0.0020,0.2000,50.1650,0.5466,50.1650,0.5466,-0.0000,-0.0000
115200.0000,0.0030,0.3000,50.1650,0.5440,50.1650,0.5440,-0.0000,-0.0000
115200.0000,0.0040,0.4000,50.1650,0.5403,50.1650,0.5403,-0.0000,-0.0000
115200.0000,0.0050,0.5000,50.1650,0.5355,50.1650,0.5355,-0.0000,-0.0000
115200.0000,0.0060,0.6000,50.1650,0.5296,50.1650,0.5296,-0.0000,-0.0000
115200.0000,0.0070,0.7000,50.1650,0.5226,50.1650,0.5226,-0.0000,-0.0000
115200.0000,0.0080,0.8000,50.1650,0.5143,50.1650,0.5143,-0.0000,-0.0000
115200.0000,0.0090,0.9000,50.1650,0.5048,50.1650,0.5048,-0.0000,-0.0000
115200.0000,0.0100,1.0000,50.1650,0.4940,50.1650,0.4940,-0.0000,-0.0000
115200.0000,0.0110,1.1000,50.1650,0.4817,50.1650,0.4817,-0.0000,-0.0000
115200.0000,0.0120,1.2000,50.1650,0.4678,50.1650,0.4678,-0.0000,-0.0000
115200.0000,0.0130,1.3000,50.1650,0.4521,50.1650,0.4521,-0.0000,-0.0000
115200.0000,0.0140,1.4000,50.1650,0.4343,50.1650,0.4343,-0.0000,-0.0000
115200.0000,0.0150,1.5000,50.1650,0.4139,50.1650,0.4139,-0.0000,-0.0000
115200.0000,0.0160,1.6000,50.1650,0.3902,50.1650,0.3902,-0.0000,-0.0000
115200.0000,0.0170,1.7000,50.1650,0.3618,50.1650,0.3618,-0.0000,-0.0000
115200.0000,0.0180,1.8000,50.1650,0.3256,50.1650,0.3256,-0.0000,-0.0000
115200.0000,0.0190,1.9000,50.1650,0.2711,50.1650,0.2711,-0.0000,-0.0000
115200.0000,0.0200,2.0000,50.1650,0.0734,50.1650,0.1762,-0.0000,-0.1027
118800.0000,0.0000,0.0000,50.1650,0.5386,50.1650,0.5386,-0.0000,-0.0000
118800.0000,0.0010,0.1000,50.1650,0.5381,50.1650,0.5381,-0.0000,-0.0000
118800.0000,0.0020,0.2000,50.1650,0.5366,50.1650,0.5366,-0.0000,-0.0000
118800.0000,0.0030,0.3000,50.1650,0.5340,50.1650,0.5340,-0.0000,-0.0000
118800.0000,0.0040,0.4000,50.1650,0.5305,50.1650,0.5305,-0.0000,-0.0000
118800.0000,0.0050,0.5000,50.1650,0.5258,50.1650,0.5258,-0.0000,-0.0000
118800.0000,0.0060,0.6000,50.1650,0.5201,50.1650,0.5201,-0.0000,-0.0000
118800.0000,0.0070,0.7000,50.1650,0.5132,50.1650,0.5132,-0.0000,-0.0000
118800.0000,0.0080,0.8000,50.1650,0.5052,50.1650,0.5052,-0.0000,-0.0000
118800.0000,0.0090,0.9000,50.1650,0.4960,50.1650,0.4960,-0.0000,-0.0000
118800.0000,0.0100,1.0000,50.1650,0.4855,50.1650,0.4855,-0.0000,-0.0000
118800.0000,0.0110,1.1000,50.1650,0.4735,50.1650,0.4735,-0.0000,-0.0000
118800.0000,0.0120,1.2000,50.1650,0.4600,50.1650,0.4600,-0.0000,-0.0000
118800.0000,0.0130,1.3000,50.1650,0.4447,50.1650,0.4447,-0.0000,-0.0000
118800.0000,0.0140,1.4000,50.1650,0.4274,50.1650,0.4274,-0.0000,-0.0000
118800.0000,0.0150,1.5000,50.1650,0.4075,50.1650,0.4075,-0.0000,-0.0000
118800.0000,0.0160,1.6000,50.1650,0.3844,50.1650,0.3844,-0.0000,-0.0000
118800.0000,0.0170,1.7000,50.1650,0.3567,50.1650,0.3567,-0.0000,-0.0000
118800.0000,0.0180,1.8000,50.1650,0.3213,50.1650,0.3213,-0.0000,-0.0000
118800.0000,0.0190,1.9000,50.1650,0.2679,50.1650,0.2679,-0.0000,-0.0000
118800.0000,0.0200,2.0000,50.1650,0.0721,50.1650,0.1743,-0.0000,-0.1022
122400.0000,0.0000,0.0000,50.1650,0.5291,50.1650,0.5291,-0.0000,-0.0000
122400.0000,0.0010,0.1000,50.1650,0.5286,50.1650,0.5286,-0.0000,-0.0000
122400.0000,0.0020,0.2000,50.1650,0.5271,50.1650,0.5271,-0.0000,-0.0000
122400.0000,0.0030,0.3000,50.1650,0.5247,50.1650,0.5247,-0.0000,-0.0000
122400.0000,0.0040,0.4000,50.1650,0.5212,50.1650,0.5212,-0.0000,-0.0000
122400.0000,0.0050,0.5000,50.1650,0.5167,50.1650,0.5167,-0.0000,-0.0000
122400.0000,0.0060,0.6000,50.1650,0.5111,50.1650,0.5111,-0.0000,-0.0000
122400.0000,0.0070,0.7000,50.1650,0.5044,50.1650,0.5044,-0.0000,-0.0000
122400.0000,0.0080,0.8000,50.1650,0.4967,50.1650,0.4967,-0.0000,-0.0000
122400.0000,0.0090,0.9000,50.1650,0.4877,50.1650,0.4877,-0.0000,-0.0000
122400.0000,0.0100,1.0000,50.1650,0.4774,50.1650,0.4774,-0.0000,-0.0000
122400.0000,0.0110,1.1000,50.1650,0.4658,50.1650,0.4658,-0.0000,-0.0000
122400.0000,0.0120,1.2000,50.1650,0.4526,50.1650,0.4526,-0.0000,-0.0000
122400.0000,0.0130,1.3000,50.1650,0.4378,50.1650,0.4378,-0.0000,-0.0000
122400.0000,0.0140,1.4000,50.1650,0.4209,50.1650,0.4209,-0.0000,-0.0000
122400.0000,0.0150,1.5000,50.1650,0.4015,50.1650,0.4015,-0.0000,-0.0000
122400.0000,0.0160,1.6000,50.1650,0.3789,50.1650,0.3789,-0.0000,-0.0000
122400.0000,0.0170,1.7000,50.1650,0.3518,50.1650,0.3518,-0.0000,-0.0000
122400.0000,0.0180,1.8000,50.1650,0.3172,50.1650,0.3172,-0.0000,-0.0000
122400.0000,0.0190,1.9000,50.1650,0.2648,50.1650,0.2648,-0.0000,-0.0000
122400.0000,0.0200,2.0000,50.1650,0.0709,50.1650,0.1726,-0.0000,-0.1017
126000.0000,0.0000,0.0000,50.1650,0.5201,50.1650,0.5201,-0.0000,-0.0000
126000.0000,0.0010,0.1000,50.1650,0.5196,50.1650,0.5196,-0.0000,-0.0000
126000.0000,0.0020,0.2000,50.1650,0.5182,50.1650,0.5182,-0.0000,-0.0000
126000.0000,0.0030,0.3000,50.1650,0.5158,50.1650,0.5158,-0.0000,-0.0000
126000.0000,0.0040,0.4000,50.1650,0.5124,50.1650,0.5124,-0.0000,-0.0000
126000.0000,0.0050,0.5000,50.1650,0.5080,50.1650,0.5080,-0.0000,-0.0000
126000.0000,0.0060,0.6000,50.1650,0.5026,50.1650,0.5026,-0.0000,-0.0000
126000.0000,0.0070,0.7000,50.1650,0.4961,50.1650,0.4961,-0.0000,-0.0000
126000.0000,0.0080,0.8000,50.1650,0.4885,50.1650,0.4885,-0.0000,-0.0000
126000.0000,0.0090,0.9000,50.1650,0.4798,50.1650,0.4798,-0.0000,-0.0000
126000.0000,0.0100,1.0000,50.1650,0.4698,50.1650,0.4698,-0.0000,-0.0000
126000.0000,0.0110,1.1000,50.1650,0.4585,50.1650,0.4585,-0.0000,-0.0000
126000.0000,0.0120,1.2000,50.1650,0.4457,50.1650,0.4457,-0.0000,-0.0000
126000.0000,0.0130,1.3000,50.1650,0.4312,50.1650,0.4312,-0.0000,-0.0000
126000.0000,0.0140,1.4000,50.1650,0.4147,50.1650,0.4147,-0.0000,-0.0000
126000.0000,0.0150,1.5000,50.1650,0.3958,50.1650,0.3958,-0.0000,-0.0000
126000.0000,0.0160,1.6000,50.1650,0.3737,50.1650,0.3737,-0.0000,-0.0000
126000.0000,0.0170,1.7000,50.1650,0.3472,50.1650,0.3472,-0.0000,-0.0000
126000.0000,0.0180,1.8000,50.1650,0.3133,50.1650,0.3133,-0.0000,-0.0000
126000.0000,0.0190,1.9000,50.1650,0.2618,50.1650,0.2618,-0.0000,-0.0000
126000.0000,0.0200,2.0000,50.1650,0.0698,50.1650,0.1710,-0.0000,-0.1012
129600.0000,0.0000,0.0000,50.1650,0.5116,50.1650,0.5116,-0.0000,-0.0000
129600.0000,0.0010,0.1000,50.1650,0.5112,50.1650,0.5112,-0.0000,-0.0000
129600.0000,0.0020,0.2000,50.1650,0.5098,50.1650,0.5098,-0.0000,-0.0000
129600.0000,0.0030,0.3000,50.1650,0.5074,50.1650,0.5074,-0.0000,-0.0000
129600.0000,0.0040,0.4000,50.1650,0.5041,50.1650,0.5041,-0.0000,-0.0000
129600.0000,0.0050,0.5000,50.1650,0.4998,50.1650,0.4998,-0.0000,-0.0000
129600.0000,0.0060,0.6000,50.1650,0.4946,50.1650,0.4946,-0.0000,-0.0000
129600.0000,0.0070,0.7000,50.1650,0.4883,50.1650,0.4883,-0.0000,-0.0000
129600.0000,0.0080,0.8000,50.1650,0.4809,50.1650,0.4809,-0.0000,-0.0000
129600.0000,0.0090,0.9000,50.1650,0.4724,50.1650,0.4724,-0.0000,-0.0000
129600.0000,0.0100,1.0000,50.1650,0.4626,50.1650,0.4626,-0.0000,-0.0000
129600.0000,0.0110,1.1000,50.1650,0.4516,50.1650,0.4516,-0.0000,-0.0000
129600.0000,0.0120,1.2000,50.1650,0.4391,50.1650,0.4391,-0.0000,-0.0000
129600.0000,0.0130,1.3000,50.1650,0.4249,50.1650,0.4249,-0.0000,-0.0000
129600.0000,0.0140,1.4000,50.1650,0.4088,50.1650,0.4088,-0.0000,-0.0000
129600.0000,0.0150,1.5000,50.1650,0.3903,50.1650,0.3903,-0.0000,-0.0000
129600.0000,0.0160,1.6000,50.1650,0.3688,50.1650,0.3688,-0.0000,-0.0000
129600.0000,0.0170,1.7000,50.1650,0.3428,50.1650,0.3428,-0.0000,-0.0000
129600.0000,0.0180,1.8000,50.1650,0.3096,50.1650,0.3096,-0.0000,-0.0000
129600.0000,0.0190,1.9000,50.1650,0.2590,50.1650,0.2590,-0.0000,-0.0000
129600.0000,0.0200,2.0000,50.1650,0.0687,50.1650,0.1694,-0.0000,-0.1007
133200.0000,0.0000,0.0000,50.1650,0.5036,50.1650,0.5036,-0.0000,-0.0000
133200.0000,0.0010,0.1000,50.1650,0.5031,50.1650,0.5031,-0.0000,-0.0000
133200.0000,0.0020,0.2000,50.1650,0.5018,50.1650,0.5018,-0.0000,-0.0000
133200.0000,0.0030,0.3000,50.1650,0.4995,50.1650,0.4995,-0.0000,-0.0000
133200.0000,0.0040,0.4000,50.1650,0.4963,50.1650,0.4963,-0.0000,-0.0000
133200.0000,0.0050,0.5000,50.1650,0.4921,50.1650,0.4921,-0.0000,-0.0000
133200.0000,0.0060,0.6000,50.1650,0.4870,50.1650,0.4870,-0.0000,-0.0000
133200.0000,0.0070,0.7000,50.1650,0.4808,50.1650,0.4808,-0.0000,-0.0000
133200.0000,0.0080,0.8000,50.1650,0.4736,50.1650,0.4736,-0.0000,-0.0000
133200.0000,0.0090,0.9000,50.1650,0.4653,50.1650,0.4653,-0.0000,-0.0000
133200.0000,0.0100,1.0000,50.1650,0.4558,50.1650,0.4558,-0.0000,-0.0000
133200.0000,0.0110,1.1000,50.1650,0.4450,50.1650,0.4450,-0.0000,-0.0000
133200.0000,0.0120,1.2000,50.1650,0.4328,50.1650,0.4328,-0.0000,-0.0000
133200.0000,0.0130,1.3000,50.1650,0.4190,50.1650,0.4190,-0.0000,-0.0000
133200.0000,0.0140,1.4000,50.1650,0.4033,50.1650,0.4033,-0.0000,-0.0000
133200.0000,0.0150,1.5000,50.1650,0.3852,50.1650,0.3852,-0.0000,-0.0000
133200.0000,0.0160,1.6000,50.1650,0.3641,50.1650,0.3641,-0.0000,-0.0000
133200.0000,0.0170,1.7000,50.1650,0.3387,50.1650,0.3387,-0.0000,-0.0000
133200.0000,0.0180,1.8000,50.1650,0.3060,50.1650,0.3060,-0.0000,-0.0000
133200.0000,0.0190,1.9000,50.1650,0.2563,50.1650,0.2563,-0.0000,-0.0000
133200.0000,0.0200,2.0000,50.1650,0.0678,50.1650,0.1679,-0.0000,-0.1001
136800.0000,0.0000,0.0000,50.1650,0.4960,50.1650,0.4960,-0.0000,-0.0000
136800.0000,0.0010,0.1000,50.1650,0.4955,50.1650,0.4955,-0.0000,-0.0000
136800.0000,0.0020,0.2000,50.1650,0.4942,50.1650,0.4942,-0.0000,-0.0000
136800.0000,0.0030,0.3000,50.1650,0.4920,50.1650,0.4920,-0.0000,-0.0000
136800.0000,0.0040,0.4000,50.1650,0.4888,50.1650,0.4888,-0.0000,-0.0000
136800.0000,0.0050,0.5000,50.1650,0.4848,50.1650,0.4848,-0.0000,-0.0000
136800.0000,0.0060,0.6000,50.1650,0.4798,50.1650,0.4798,-0.0000,-0.0000
136800.0000,0.0070,0.7000,50.1650,0.4738,50.1650,0.4738,-0.0000,-0.0000
136800.0000,0.0080,0.8000,50.1650,0.4667,50.1650,0.4667,-0.0000,-0.0000
136800.0000,0.0090,0.9000,50.1650,0.4586,50.1650,0.4586,-0.0000,-0.0000
136800.0000,0.0100,1.0000,50.1650,0.4494,50.1650,0.4494,-0.0000,-0.0000
136800.0000,0.0110,1.1000,50.1650,0.4388,50.1650,0.4388,-0.0000,-0.0000
136800.0000,0.0120,1.2000,50.1650,0.4269,50.1650,0.4269,-0.0000,-0.0000
136800.0000,0.0130,1.3000,50.1650,0.4134,50.1650,0.4134,-0.0000,-0.0000
136800.0000,0.0140,1.4000,50.1650,0.3980,50.1650,0.3980,-0.0000,-0.0000
136800.0000,0.0150,1.5000,50.1650,0.3803,50.1650,0.3803,-0.0000,-0.0000
136800.0000,0.0160,1.6000,50.1650,0.3596,50.1650,0.3596,-0.0000,-0.0000
136800.0000,0.0170,1.7000,50.1650,0.3347,50.1650,0.3347,-0.0000,-0.0000
136800.0000,0.0180,1.8000,50.1650,0.3027,50.1650,0.3027,-0.0000,-0.0000
136800.0000,0.0190,1.9000,50.1650,0.2538,50.1650,0.2538,-0.0000,-0.0000
136800.0000,0.0200,2.0000,50.1650,0.0669,50.1650,0.1665,-0.0000,-0.0996
140400.0000,0.0000,0.0000,50.1650,0.4887,50.1650,0.4887,-0.0000,-0.0000
140400.0000,0.0010,0.1000,50.1650,0.4883,50.1650,0.4883,-0.0000,-0.0000
140400.0000,0.0020,0.2000,50.1650,0.4870,50.1650,0.4870,-0.0000,-0.0000
140400.0000,0.0030,0.3000,50.1650,0.4848,50.1650,0.4848,-0.0000,-0.0000
140400.0000,0.0040,0.4000,50.1650,0.4818,50.1650,0.4818,-0.0000,-0.0000
140400.0000,0.0050,0.5000,50.1650,0.4778,50.1650,0.4778,-0.0000,-0.0000
140400.0000,0.0060,0.6000,50.1650,0.4729,50.1650,0.4729,-0.0000,-0.0000
140400.0000,0.0070,0.7000,50.1650,0.4670,50.1650,0.4670,-0.0000,-0.0000
140400.0000,0.0080,0.8000,50.1650,0.4602,50.1650,0.4602,-0.0000,-0.0000
140400.0000,0.0090,0.9000,50.1650,0.4523,50.1650,0.4523,-0.0000,-0.0000
140400.0000,0.0100,1.0000,50.1650,0.4432,50.1650,0.4432,-0.0000,-0.0000
140400.0000,0.0110,1.1000,50.1650,0.4329,50.1650,0.4329,-0.0000,-0.0000
140400.0000,0.0120,1.2000,50.1650,0.4212,50.1650,0.4212,-0.0000,-0.0000
140400.0000,0.0130,1.3000,50.1650,0.4080,50.1650,0.4080,-0.0000,-0.0000
140400.0000,0.0140,1.4000,50.1650,0.3929,50.1650,0.3929,-0.0000,-0.0000
140400.0000,0.0150,1.5000,50.1650,0.3756,50.1650,0.3756,-0.0000,-0.0000
140400.0000,0.0160,1.6000,50.1650,0.3554,50.1650,0.3554,-0.0000,-0.0000
140400.0000,0.0170,1.7000,50.1650,0.3309,50.1650,0.3309,-0.0000,-0.0000
140400.0000,0.0180,1.8000,50.1650,0.2994,50.1650,0.2994,-0.0000,-0.0000
140400.0000,0.0190,1.9000,50.1650,0.2514,50.1650,0.2514,-0.0000,-0.0000
140400.0000,0.0200,2.0000,50.1650,0.0661,50.1650,0.1652,-0.0000,-0.0991
144000.0000,0.0000,0.0000,50.1650,0.4818,50.1650,0.4818,-0.0000,-0.0000
144000.0000,0.0010,0.1000,50.1650,0.4814,50.1650,0.4814,-0.0000,-0.0000
144000.0000,0.0020,0.2000,50.1650,0.4801,50.1650,0.4801,-0.0000,-0.0000
144000.0000,0.0030,0.3000,50.1650,0.4780,50.1650,0.4780,-0.0000,-0.0000
144000.0000,0.0040,0.4000,50.1650,0.4750,50.1650,0.4750,-0.0000,-0.0000
144000.0000,0.0050,0.5000,50.1650,0.4712,50.1650,0.4712,-0.0000,-0.0000
144000.0000,0.0060,0.6000,50.1650,0.4664,50.1650,0.4664,-0.0000,-0.0000
144000.0000,0.0070,0.7000,50.1650,0.4606,50.1650,0.4606,-0.0000,-0.0000
144000.0000,0.0080,0.8000,50.1650,0.4539,50.1650,0.4539,-0.0000,-0.0000
144000.0000,0.0090,0.9000,50.1650,0.4462,50.1650,0.4462,-0.0000,-0.0000
144000.0000,0.0100,1.0000,50.1650,0.4373,50.1650,0.4373,-0.0000,-0.0000
144000.0000,0.0110,1.1000,50.1650,0.4273,50.1650,0.4273,-0.0000,-0.0000
144000.0000,0.0120,1.2000,50.1650,0.4158,50.1650,0.4158,-0.0000,-0.0000
144000.0000,0.0130,1.3000,50.1650,0.4029,50.1650,0.4029,-0.0000,-0.0000
144000.0000,0.0140,1.4000,50.1650,0.3881,50.1650,0.3881,-0.0000,-0.0000
144000.0000,0.0150,1.5000,50.1650,0.3711,50.1650,0.3711,-0.0000,-0.0000
144000.0000,0.0160,1.6000,50.1650,0.3513,50.1650,0.3513,-0.0000,-0.0000
144000.0000,0.0170,1.7000,50.1650,0.3273,50.1650,0.3273,-0.0000,-0.0000
144000.0000,0.0180,1.8000,50.1650,0.2964,50.1650,0.2964,-0.0000,-0.0000
144000.0000,0.0190,1.9000,50.1650,0.2490,50.1650,0.2490,-0.0000,-0.0000
144000.0000,0.0200,2.0000,50.1650,0.0654,50.1650,0.1639,-0.0000,-0.0986
147600.0000,0.0000,0.0000,50.1650,0.4753,50.1650,0.4753,-0.0000,-0.0000
147600.0000,0.0010,0.1000,50.1650,0.4749,50.1650,0.4749,-0.0000,-0.0000
147600.0000,0.0020,0.2000,50.1650,0.4736,50.1650,0.4736,-0.0000,-0.0000
147600.0000,0.0030,0.3000,50.1650,0.4716,50.1650,0.4716,-0.0000,-0.0000
147600.0000,0.0040,0.4000,50.1650,0.4686,50.1650,0.4686,-0.0000,-0.0000
147600.0000,0.0050,0.5000,50.1650,0.4648,50.1650,0.4648,-0.0000,-0.0000
147600.0000,0.0060,0.6000,50.1650,0.4602,50.1650,0.4602,-0.0000,-0.0000
147600.0000,0.0070,0.7000,50.1650,0.4546,50.1650,0.4546,-0.0000,-0.0000
147600.0000,0.0080,0.8000,50.1650,0.4480,50.1650,0.4480,-0.0000,-0.0000
147600.0000,0.0090,0.9000,50.1650,0.4404,50.1650,0.4404,-0.0000,-0.0000
147600.0000,0.0100,1.0000,50.1650,0.4318,50.1650,0.4318,-0.0000,-0.0000
147600.0000,0.0110,1.1000,50.1650,0.4219,50.1650,0.4219,-0.0000,-0.0000
147600.0000,0.0120,1.2000,50.1650,0.4107,50.1650,0.4107,-0.0000,-0.0000
147600.0000,0.0130,1.3000,50.1650,0.3980,50.1650,0.3980,-0.0000,-0.0000
147600.0000,0.0140,1.4000,50.1650,0.3835,50.1650,0.3835,-0.0000,-0.0000
147600.0000,0.0150,1.5000,50.1650,0.3669,50.1650,0.3669,-0.0000,-0.0000
147600.0000,0.0160,1.6000,50.1650,0.3474,50.1650,0.3474,-0.0000,-0.0000
147600.0000,0.0170,1.7000,50.1650,0.3238,50.1650,0.3238,-0.0000,-0.0000
147600.0000,0.0180,1.8000,50.1650,0.2934,50.1650,0.2934,-0.0000,-0.0000
147600.0000,0.0190,1.9000,50.1650,0.2468,50.1650,0.2468,-0.0000,-0.0000
147600.0000,0.0200,2.0000,50.1650,0.0647,50.1650,0.1627,-0.0000,-0.0980
151200.0000,0.0000,0.0000,50.1650,0.4690,50.1650,0.4690,-0.0000,-0.0000
151200.0000,0.0010,0.1000,50.1650,0.4686,50.1650,0.4686,-0.0000,-0.0000
151200.0000,0.0020,0.2000,50.1650,0.4674,50.1650,0.4674,-0.0000,-0.0000
151200.0000,0.0030,0.3000,50.1650,0.4654,50.1650,0.4654,-0.0000,-0.0000
151200.0000,0.0040,0.4000,50.1650,0.4625,50.1650,0.4625,-0.0000,-0.0000
151200.0000,0.0050,0.5000,50.1650,0.4588,50.1650,0.4588,-0.0000,-0.0000
151200.0000,0.0060,0.6000,50.1650,0.4542,50.1650,0.4542,-0.0000,-0.0000
151200.0000,0.0070,0.7000,50.1650,0.4488,50.1650,0.4488,-0.0000,-0.0000
151200.0000,0.0080,0.8000,50.1650,0.4423,50.1650,0.4423,-0.0000,-0.0000
151200.0000,0.0090,0.9000,50.1650,0.4349,50.1650,0.4349,-0.0000,-0.0000
151200.0000,0.0100,1.0000,50.1650,0.4264,50.1650,0.4264,-0.0000,-0.0000
151200.0000,0.0110,1.1000,50.1650,0.4168,50.1650,0.4168,-0.0000,-0.0000
151200.0000,0.0120,1.2000,50.1650,0.4058,50.1650,0.4058,-0.0000,-0.0000
151200.0000,0.0130,1.3000,50.1650,0.3933,50.1650,0.3933,-0.0000,-0.0000
151200.0000,0.0140,1.4000,50.1650,0.3791,50.1650,0.3791,-0.0000,-0.0000
151200.0000,0.0150,1.5000,50.1650,0.3628,50.1650,0.3628,-0.0000,-0.0000
151200.0000,0.0160,1.6000,50.1650,0.3437,50.1650,0.3437,-0.0000,-0.0000
151200.0000,0.0170,1.7000,50.1650,0.3205,50.1650,0.3205,-0.0000,-0.0000
151200.0000,0.0180,1.8000,50.1650,0.2906,50.1650,0.2906,-0.0000,-0.0000
151200.0000,0.0190,1.9000,50.1650,0.2446,50.1650,0.2446,-0.0000,-0.0000
151200.0000,0.0200,2.0000,50.1650,0.0640,50.1650,0.1615,-0.0000,-0.0975
154800.0000,0.0000,0.0000,50.1650,0.4631,50.1650,0.4631,-0.0000,-0.0000
154800.0000,0.0010,0.1000,50.1650,0.4627,50.1650,0.4627,-0.0000,-0.0000
154800.0000,0.0020,0.2000,50.1650,0.4615,50.1650,0.4615,-0.0000,-0.0000
154800.0000,0.0030,0.3000,50.1650,0.4595,50.1650,0.4595,-0.0000,-0.0000
154800.0000,0.0040,0.4000,50.1650,0.4567,50.1650,0.4567,-0.0000,-0.0000
154800.0000,0.0050,0.5000,50.1650,0.4531,50.1650,0.4531,-0.0000,-0.0000
154800.0000,0.0060,0.6000,50.1650,0.4486,50.1650,0.4486,-0.0000,-0.0000
154800.0000,0.0070,0.7000,50.1650,0.4432,50.1650,0.4432,-0.0000,-0.0000
154800.0000,0.0080,0.8000,50.1650,0.4369,50.1650,0.4369,-0.0000,-0.0000
154800.0000,0.0090,0.9000,50.1650,0.4296,50.1650,0.4296,-0.0000,-0.0000
154800.0000,0.0100,1.0000,50.1650,0.4213,50.1650,0.4213,-0.0000,-0.0000
154800.0000,0.0110,1.1000,50.1650,0.4118,50.1650,0.4118,-0.0000,-0.0000
154800.0000,0.0120,1.2000,50.1650,0.4011,50.1650,0.4011,-0.0000,-0.0000
154800.0000,0.0130,1.3000,50.1650,0.3889,50.1650,0.3889,-0.0000,-0.0000
154800.0000,0.0140,1.4000,50.1650,0.3750,50.1650,0.3750,-0.0000,-0.0000
154800.0000,0.0150,1.5000,50.1650,0.3589,50.1650,0.3589,-0.0000,-0.0000
154800.0000,0.0160,1.6000,50.1650,0.3401,50.1650,0.3401,-0.0000,-0.0000
154800.0000,0.0170,1.7000,50.1650,0.3173,50.1650,0.3173,-0.0000,-0.0000
154800.0000,0.0180,1.8000,50.1650,0.2879,50.1650,0.2879,-0.0000,-0.0000
154800.0000,0.0190,1.9000,50.1650,0.2426,50.1650,0.2426,-0.0000,-0.0000
154800.0000,0.0200,2.0000,50.1650,0.0634,50.1650,0.1604,-0.0000,-0.0970
158400.0000,0.0000,0.0000,50.1650,0.4574,50.1650,0.4574,-0.0000,-0.0000
158400.0000,0.0010,0.1000,50.1650,0.4570,50.1650,0.4570,-0.0000,-0.0000
158400.0000,0.0020,0.2000,50.1650,0.4558,50.1650,0.4558,-0.0000,-0.0000
158400.0000,0.0030,0.3000,50.1650,0.4539,50.1650,0.4539,-0.0000,-0.0000
158400.0000,0.0040,0.4000,50.1650,0.4511,50.1650,0.4511,-0.0000,-0.0000
158400.0000,0.0050,0.5000,50.1650,0.4476,50.1650,0.4476,-0.0000,-0.0000
158400.0000,0.0060,0.6000,50.1650,0.4432,50.1650,0.4432,-0.0000,-0.0000
158400.0000,0.0070,0.7000,50.1650,0.4379,50.1650,0.4379,-0.0000,-0.0000
158400.0000,0.0080,0.8000,50.1650,0.4317,50.1650,0.4317,-0.0000,-0.0000
158400.0000,0.0090,0.9000,50.1650,0.4246,50.1650,0.4246,-0.0000,-0.0000
158400.0000,0.0100,1.0000,50.1650,0.4164,50.1650,0.4164,-0.0000,-0.0000
158400.0000,0.0110,1.1000,50.1650,0.4071,50.1650,0.4071,-0.0000,-0.0000
158400.0000,0.0120,1.2000,50.1650,0.3966,50.1650,0.3966,-0.0000,-0.0000
158400.0000,0.0130,1.3000,50.1650,0.3846,50.1650,0.3846,-0.0000,-0.0000
158400.0000,0.0140,1.4000,50.1650,0.3709,50.1650,0.3709,-0.0000,-0.0000
158400.0000,0.0150,1.5000,50.1650,0.3552,50.1650,0.3552,-0.0000,-0.0000
158400.0000,0.0160,1.6000,50.1650,0.3367,50.1650,0.3367,-0.0000,-0.0000
158400.0000,0.0170,1.7000,50.1650,0.3143,50.1650,0.3143,-0.0000,-0.0000
158400.0000,0.0180,1.8000,50.1650,0.2853,50.1650,0.2853,-0.0000,-0.0000
158400.0000,0.0190,1.9000,50.1650,0.2406,50.1650,0.2406,-0.0000,-0.0000
158400.0000,0.0200,2.0000,50.1650,0.0628,50.1650,0.1593,-0.0000,-0.0965
162000.0000,0.0000,0.0000,50.1650,0.4519,50.1650,0.4519,-0.0000,-0.0000
162000.0000,0.0010,0.1000,50.1650,0.4515,50.1650,0.4515,-0.0000,-0.0000
162000.0000,0.0020,0.2000,50.1650,0.4504,50.1650,0.4504,-0.0000,-0.0000
162000.0000,0.0030,0.3000,50.1650,0.4485,50.1650,0.4485,-0.0000,-0.0000
162000.0000,0.0040,0.4000,50.1650,0.4458,50.1650,0.4458,-0.0000,-0.0000
162000.0000,0.0050,0.5000,50.1650,0.4423,50.1650,0.4423,-0.0000,-0.0000
162000.0000,0.0060,0.6000,50.1650,0.4380,50.1650,0.4380,-0.0000,-0.0000
162000.0000,0.0070,0.7000,50.1650,0.4328,50.1650,0.4328,-0.0000,-0.0000
162000.0000,0.0080,0.8000,50.1650,0.4268,50.1650,0.4268,-0.0000,-0.0000
162000.0000,0.0090,0.9000,50.1650,0.4198,50.1650,0.4198,-0.0000,-0.0000
162000.0000,0.0100,1.0000,50.1650,0.4118,50.1650,0.4118,-0.0000,-0.0000
162000.0000,0.0110,1.1000,50.1650,0.4026,50.1650,0.4026,-0.0000,-0.0000
162000.0000,0.0120,1.2000,50.1650,0.3923,50.1650,0.3923,-0.0000,-0.0000
162000.0000,0.0130,1.3000,50.1650,0.3805,50.1650,0.3805,-0.0000,-0.0000
162000.0000,0.0140,1.4000,50.1650,0.3671,50.1650,0.3671,-0.0000,-0.0000
162000.0000,0.0150,1.5000,50.1650,0.3516,50.1650,0.3516,-0.0000,-0.0000
162000.0000,0.0160,1.6000,50.1650,0.3334,50.1650,0.3334,-0.0000,-0.0000
162000.0000,0.0170,1.7000,50.1650,0.3113,50.1650,0.3113,-0.0000,-0.0000
162000.0000,0.0180,1.8000,50.1650,0.2828,50.1650,0.2828,-0.0000,-0.0000
162000.0000,0.0190,1.9000,50.1650,0.2387,50.1650,0.2387,-0.0000,-0.0000
162000.0000,0.0200,2.0000,50.1650,0.0623,50.1650,0.1583,-0.0000,-0.0960
165600.0000,0.0000,0.0000,50.1650,0.4467,50.1650,0.4467,-0.0000,-0.0000
165600.0000,0.0010,0.1000,50.1650,0.4463,50.1650,0.4463,-0.0000,-0.0000
165600.0000,0.0020,0.2000,50.1650,0.4452,50.1650,0.4452,-0.0000,-0.0000
165600.0000,0.0030,0.3000,50.1650,0.4433,50.1650,0.4433,-0.0000,-0.0000
165600.0000,0.0040,0.4000,50.1650,0.4407,50.1650,0.4407,-0.0000,-0.0000
165600.0000,0.0050,0.5000,50.1650,0.4372,50.1650,0.4372,-0.0000,-0.0000
165600.0000,0.0060,0.6000,50.1650,0.4330,50.1650,0.4330,-0.0000,-0.0000
165600.0000,0.0070,0.7000,50.1650,0.4280,50.1650,0.4280,-0.0000,-0.0000
165600.0000,0.0080,0.8000,50.1650,0.4220,50.1650,0.4220,-0.0000,-0.0000
165600.0000,0.0090,0.9000,50.1650,0.4152,50.1650,0.4152,-0.0000,-0.0000
165600.0000,0.0100,1.0000,50.1650,0.4073,50.1650,0.4073,-0.0000,-0.0000
165600.0000,0.0110,1.1000,50.1650,0.3983,50.1650,0.3983,-0.0000,-0.0000
165600.0000,0.0120,1.2000,50.1650,0.3882,50.1650,0.3882,-0.0000,-0.0000
165600.0000,0.0130,1.3000,50.1650,0.3766,50.1650,0.3766,-0.0000,-0.0000
165600.0000,0.0140,1.4000,50.1650,0.3634,50.1650,0.3634,-0.0000,-0.0000
165600.0000,0.0150,1.5000,50.1650,0.3481,50.1650,0.3481,-0.0000,-0.0000
165600.0000,0.0160,1.6000,50.1650,0.3303,50.1650,0.3303,-0.0000,-0.0000
165600.0000,0.0170,1.7000,50.1650,0.3085,50.1650,0.3085,-0.0000,-0.0000
165600.0000,0.0180,1.8000,50.1650,0.2804,50.1650,0.2804,-0.0000,-0.0000
165600.0000,0.0190,1.9000,50.1650,0.2369,50.1650,0.2369,-0.0000,-0.0000
165600.0000,0.0200,2.0000,50.1650,0.0618,50.1650,0.1573,-0.0000,-0.0955
169200.0000,0.0000,0.0000,50.1650,0.4417,50.1650,0.4417,-0.0000,-0.0000
169200.0000,0.0010,0.1000,50.1650,0.4413,50.1650,0.4413,-0.0000,-0.0000
169200.0000,0.0020,0.2000,50.1650,0.4402,50.1650,0.4402,-0.0000,-0.0000
169200.0000,0.0030,0.3000,50.1650,0.4384,50.1650,0.4384,-0.0000,-0.0000
169200.0000,0.0040,0.4000,50.1650,0.4358,50.1650,0.4358,-0.0000,-0.0000
169200.0000,0.0050,0.5000,50.1650,0.4324,50.1650,0.4324,-0.0000,-0.0000
169200.0000,0.0060,0.6000,50.1650,0.4283,50.1650,0.4283,-0.0000,-0.0000
169200.0000,0.0070,0.7000,50.1650,0.4233,50.1650,0.4233,-0.0000,-0.0000
169200.0000,0.0080,0.8000,50.1650,0.4175,50.1650,0.4175,-0.0000,-0.0000
169200.0000,0.0090,0.9000,50.1650,0.4107,50.1650,0.4107,-0.0000,-0.0000
169200.0000,0.0100,1.0000,50.1650,0.4030,50.1650,0.4030,-0.0000,-0.0000
169200.0000,0.0110,1.1000,50.1650,0.3942,50.1650,0.3942,-0.0000,-0.0000
169200.0000,0.0120,1.2000,50.1650,0.3842,50.1650,0.3842,-0.0000,-0.0000
169200.0000,0.0130,1.3000,50.1650,0.3728,50.1650,0.3728,-0.0000,-0.0000
169200.0000,0.0140,1.4000,50.1650,0.3598,50.1650,0.3598,-0.0000,-0.0000
169200.0000,0.0150,1.5000,50.1650,0.3448,50.1650,0.3448,-0.0000,-0.0000
169200.0000,0.0160,1.6000,50.1650,0.3272,50.1650,0.3272,-0.0000,-0.0000
169200.0000,0.0170,1.7000,50.1650,0.3058,50.1650,0.3058,-0.0000,-0.0000
169200.0000,0.0180,1.8000,50.1650,0.2781,50.1650,0.2781,-0.0000,-0.0000
169200.0000,0.0190,1.9000,50.1650,0.2351,50.1650,0.2351,-0.0000,-0.0000
169200.0000,0.0200,2.0000,50.1650,0.0614,50.1650,0.1564,-0.0000,-0.0950
172800.0000,0.0000,0.0000,50.1650,0.4368,50.1650,0.4368,-0.0000,-0.0000
172800.0000,0.0010,0.1000,50.1650,0.4365,50.1650,0.4365,-0.0000,-0.0000
172800.0000,0.0020,0.2000,50.1650,0.4354,50.1650,0.4354,-0.0000,-0.0000
172800.0000,0.0030,0.3000,50.1650,0.4336,50.1650,0.4336,-0.0000,-0.0000
172800.0000,0.0040,0.4000,50.1650,0.4311,50.1650,0.4311,-0.0000,-0.0000
172800.0000,0.0050,0.5000,50.1650,0.4278,50.1650,0.4278,-0.0000,-0.0000
172800.0000,0.0060,0.6000,50.1650,0.4237,50.1650,0.4237,-0.0000,-0.0000
172800.0000,0.0070,0.7000,50.1650,0.4188,50.1650,0.4188,-0.0000,-0.0000
172800.0000,0.0080,0.8000,50.1650,0.4131,50.1650,0.4131,-0.0000,-0.0000
172800.0000,0.0090,0.9000,50.1650,0.4065,50.1650,0.4065,-0.0000,-0.0000
172800.0000,0.0100,1.0000,50.1650,0.3989,50.1650,0.3989,-0.0000,-0.0000
172800.0000,0.0110,1.1000,50.1650,0.3902,50.1650,0.3902,-0.0000,-0.0000
172800.0000,0.0120,1.2000,50.1650,0.3804,50.1650,0.3804,-0.0000,-0.0000
172800.0000,0.0130,1.3000,50.1650,0.3692,50.1650,0.3692,-0.0000,-0.0000
172800.0000,0.0140,1.4000,50.1650,0.3564,50.1650,0.3564,-0.0000,-0.0000
172800.0000,0.0150,1.5000,50.1650,0.3417,50.1650,0.3417,-0.0000,-0.0000
172800.0000,0.0160,1.6000,50.1650,0.3243,50.1650,0.3243,-0.0000,-0.0000
172800.0000,0.0170,1.7000,50.1650,0.3032,50.1650,0.3032,-0.0000,-0.0000
172800.0000,0.0180,1.8000,50.1650,0.2758,50.1650,0.2758,-0.0000,-0.0000
172800.0000,0.0190,1.9000,50.1650,0.2334,50.1650,0.2334,-0.0000,-0.0000
172800.0000,0.0200,2.0000,50.1650,0.0609,50.1650,0.1554,-0.0000,-0.0945
176400.0000,0.0000,0.0000,50.1650,0.4322,50.1650,0.4322,-0.0000,-0.0000
176400.0000,0.0010,0.1000,50.1650,0.4319,50.1650,0.4319,-0.0000,-0.0000
176400.0000,0.0020,0.2000,50.1650,0.4308,50.1650,0.4308,-0.0000,-0.0000
176400.0000,0.0030,0.3000,50.1650,0.4290,50.1650,0.4290,-0.0000,-0.0000
176400.0000,0.0040,0.4000,50.1650,0.4265,50.1650,0.4265,-0.0000,-0.0000
176400.0000,0.0050,0.5000,50.1650,0.4233,50.1650,0.4233,-0.0000,-0.0000
176400.0000,0.0060,0.6000,50.1650,0.4193,50.1650,0.4193,-0.0000,-0.0000
176400.0000,0.0070,0.7000,50.1650,0.4145,50.1650,0.4145,-0.0000,-0.0000
176400.0000,0.0080,0.8000,50.1650,0.4089,50.1650,0.4089,-0.0000,-0.0000
176400.0000,0.0090,0.9000,50.1650,0.4024,50.1650,0.4024,-0.0000,-0.0000
176400.0000,0.0100,1.0000,50.1650,0.3949,50.1650,0.3949,-0.0000,-0.0000
176400.0000,0.0110,1.1000,50.1650,0.3864,50.1650,0.3864,-0.0000,-0.0000
176400.0000,0.0120,1.2000,50.1650,0.3767,50.1650,0.3767,-0.0000,-0.0000
176400.0000,0.0130,1.3000,50.1650,0.3657,50.1650,0.3657,-0.0000,-0.0000
176400.0000,0.0140,1.4000,50.1650,0.3531,50.1650,0.3531,-0.0000,-0.0000
176400.0000,0.0150,1.5000,50.1650,0.3386,50.1650,0.3386,-0.0000,-0.0000
176400.0000,0.0160,1.6000,50.1650,0.3215,50.1650,0.3215,-0.0000,-0.0000
176400.0000,0.0170,1.7000,50.1650,0.3007,50.1650,0.3007,-0.0000,-0.0000
176400.0000,0.0180,1.8000,50.1650,0.2737,50.1650,0.2737,-0.0000,-0.0000
176400.0000,0.0190,1.9000,50.1650,0.2318,50.1650,0.2318,-0.0000,-0.0000
176400.0000,0.0200,2.0000,50.1650,0.0605,50.1650,0.1545,-0.0000,-0.0940
180000.0000,0.0000,0.0000,50.1650,0.4278,50.1650,0.4278,-0.0000,-0.0000
180000.0000,0.0010,0.1000,50.1650,0.4274,50.1650,0.4274,-0.0000,-0.0000
180000.0000,0.0020,0.2000,50.1650,0.4264,50.1650,0.4264,-0.0000,-0.0000
180000.0000,0.0030,0.3000,50.1650,0.4246,50.1650,0.4246,-0.0000,-0.0000
180000.0000,0.0040,0.4000,50.1650,0.4222,50.1650,0.4222,-0.0000,-0.0000
180000.0000,0.0050,0.5000,50.1650,0.4190,50.1650,0.4190,-0.0000,-0.0000
180000.0000,0.0060,0.6000,50.1650,0.4151,50.1650,0.4151,-0.0000,-0.0000
180000.0000,0.0070,0.7000,50.1650,0.4104,50.1650,0.4104,-0.0000,-0.0000
180000.0000,0.0080,0.8000,50.1650,0.4048,50.1650,0.4048,-0.0000,-0.0000
180000.0000,0.0090,0.9000,50.1650,0.3984,50.1650,0.3984,-0.0000,-0.0000
180000.0000,0.0100,1.0000,50.1650,0.3911,50.1650,0.3911,-0.0000,-0.0000
180000.0000,0.0110,1.1000,50.1650,0.3827,50.1650,0.3827,-0.0000,-0.0000
180000.0000,0.0120,1.2000,50.1650,0.3732,50.1650,0.3732,-0.0000,-0.0000
180000.0000,0.0130,1.3000,50.1650,0.3623,50.1650,0.3623,-0.0000,-0.0000
180000.0000,0.0140,1.4000,50.1650,0.3500,50.1650,0.3500,-0.0000,-0.0000
180000.0000,0.0150,1.5000,50.1650,0.3356,50.1650,0.3356,-0.0000,-0.0000
180000.0000,0.0160,1.6000,50.1650,0.3188,50.1650,0.3188,-0.0000,-0.0000
180000.0000,0.0170,1.7000,50.1650,0.2983,50.1650,0.2983,-0.0000,-0.0000
180000.0000,0.0180,1.8000,50.1650,0.2716,50.1650,0.2716,-0.0000,-0.0000
180000.0000,0.0190,1.9000,50.1650,0.2302,50.1650,0.2302,-0.0000,-0.0000
180000.0000,0.0200,2.0000,50.1650,0.0601,50.1650,0.1537,-0.0000,-0.0936
183600.0000,0.0000,0.0000,50.1650,0.4235,50.1650,0.4235,-0.0000,-0.0000
183600.0000,0.0010,0.1000,50.1650,0.4232,50.1650,0.4232,-0.0000,-0.0000
183600.0000,0.0020,0.2000,50.1650,0.4221,50.1650,0.4221,-0.0000,-0.0000
183600.0000,0.0030,0.3000,50.1650,0.4204,50.1650,0.4204,-0.0000,-0.0000
183600.0000,0.0040,0.4000,50.1650,0.4180,50.1650,0.4180,-0.0000,-0.0000
183600.0000,0.0050,0.5000,50.1650,0.4149,50.1650,0.4149,-0.0000,-0.0000
183600.0000,0.0060,0.6000,50.1650,0.4110,50.1650,0.4110,-0.0000,-0.0000
183600.0000,0.0070,0.7000,50.1650,0.4064,50.1650,0.4064,-0.0000,-0.0000
183600.0000,0.0080,0.8000,50.1650,0.4009,50.1650,0.4009,-0.0000,-0.0000
183600.0000,0.0090,0.9000,50.1650,0.3946,50.1650,0.3946,-0.0000,-0.0000
183600.0000,0.0100,1.0000,50.1650,0.3874,50.1650,0.3874,-0.0000,-0.0000
183600.0000,0.0110,1.1000,50.1650,0.3791,50.1650,0.3791,-0.0000,-0.0000
183600.0000,0.0120,1.2000,50.1650,0.3698,50.1650,0.3698,-0.0000,-0.0000
183600.0000,0.0130,1.3000,50.1650,0.3591,50.1650,0.3591,-0.0000,-0.0000
183600.0000,0.0140,1.4000,50.1650,0.3469,50.1650,0.3469,-0.0000,-0.0000
183600.0000,0.0150,1.5000,50.1650,0.3328,50.1650,0.3328,-0.0000,-0.0000
183600.0000,0.0160,1.6000,50.1650,0.3162,50.1650,0.3162,-0.0000,-0.0000
183600.0000,0.0170,1.7000,50.1650,0.2959,50.1650,0.2959,-0.0000,-0.0000
183600.0000,0.0180,1.8000,50.1650,0.2696,50.1650,0.2696,-0.0000,-0.0000
183600.0000,0.0190,1.9000,50.1650,0.2286,50.1650,0.2286,-0.0000,-0.0000
183600.0000,0.0200,2.0000,50.1650,0.0598,50.1650,0.1529,-0.0000,-0.0931
187200.0000,0.0000,0.0000,50.1650,0.4194,50.1650,0.4194,-0.0000,-0.0000
187200.0000,0.0010,0.1000,50.1650,0.4190,50.1650,0.4190,-0.0000,-0.0000
187200.0000,0.0020,0.2000,50.1650,0.4180,50.1650,0.4180,-0.0000,-0.0000
187200.0000,0.0030,0.3000,50.1650,0.4163,50.1650,0.4163,-0.0000,-0.0000
187200.0000,0.0040,0.4000,50.1650,0.4140,50.1650,0.4140,-0.0000,-0.0000
187200.0000,0.0050,0.5000,50.1650,0.4109,50.1650,0.4109,-0.0000,-0.0000
187200.0000,0.0060,0.6000,50.1650,0.4071,50.1650,0.4071,-0.0000,-0.0000
187200.0000,0.0070,0.7000,50.1650,0.4025,50.1650,0.4025,-0.0000,-0.0000
187200.0000,0.0080,0.8000,50.1650,0.3972,50.1650,0.3972,-0.0000,-0.0000
187200.0000,0.0090,0.9000,50.1650,0.3910,50.1650,0.3910,-0.0000,-0.0000
187200.0000,0.0100,1.0000,50.1650,0.3838,50.1650,0.3838,-0.0000,-0.0000
187200.0000,0.0110,1.1000,50.1650,0.3757,50.1650,0.3757,-0.0000,-0.0000
187200.0000,0.0120,1.2000,50.1650,0.3665,50.1650,0.3665,-0.0000,-0.0000
187200.0000,0.0130,1.3000,50.1650,0.3560,50.1650,0.3560,-0.0000,-0.0000
187200.0000,0.0140,1.4000,50.1650,0.3439,50.1650,0.3439,-0.0000,-0.0000
187200.0000,0.0150,1.5000,50.1650,0.3300,50.1650,0.3300,-0.0000,-0.0000
187200.0000,0.0160,1.6000,50.1650,0.3136,50.1650,0.3136,-0.0000,-0.0000
187200.0000,0.0170,1.7000,50.1650,0.2937,50.1650,0.2937,-0.0000,-0.0000
187200.0000,0.0180,1.8000,50.1650,0.2677,50.1650,0.2677,-0.0000,-0.0000
187200.0000,0.0190,1.9000,50.1650,0.2272,50.1650,0.2272,-0.0000,-0.0000
187200.0000,0.0200,2.0000,50.1650,0.0594,50.1650,0.1521,-0.0000,-0.0927
190800.0000,0.0000,0.0000,50.1650,0.4154,50.1650,0.4154,-0.0000,-0.0000
190800.0000,0.0010,0.1000,50.1650,0.4151,50.1650,0.4151,-0.0000,-0.0000
190800.0000,0.0020,0.2000,50.1650,0.4141,50.1650,0.4141,-0.0000,-0.0000
190800.0000,0.0030,0.3000,50.1650,0.4124,50.1650,0.4124,-0.0000,-0.0000
190800.0000,0.0040,0.4000,50.1650,0.4101,50.1650,0.4101,-0.0000,-0.0000
190800.0000,0.0050,0.5000,50.1650,0.4071,50.1650,0.4071,-0.0000,-0.0000
190800.0000,0.0060,0.6000,50.1650,0.4033,50.1650,0.4033,-0.0000,-0.0000
190800.0000,0.0070,0.7000,50.1650,0.3988,50.1650,0.3988,-0.0000,-0.0000
190800.0000,0.0080,0.8000,50.1650,0.3935,50.1650,0.3935,-0.0000,-0.0000
190800.0000,0.0090,0.9000,50.1650,0.3874,50.1650,0.3874,-0.0000,-0.0000
190800.0000,0.0100,1.0000,50.1650,0.3804,50.1650,0.3804,-0.0000,-0.0000
190800.0000,0.0110,1.1000,50.1650,0.3724,50.1650,0.3724,-0.0000,-0.0000
190800.0000,0.0120,1.2000,50.1650,0.3633,50.1650,0.3633,-0.0000,-0.0000
190800.0000,0.0130,1.3000,50.1650,0.3530,50.1650,0.3530,-0.0000,-0.0000
190800.0000,0.0140,1.4000,50.1650,0.3411,50.1650,0.3411,-0.0000,-0.0000
190800.0000,0.0150,1.5000,50.1650,0.3274,50.1650,0.3274,-0.0000,-0.0000
190800.0000,0.0160,1.6000,50.1650,0.3112,50.1650,0.3112,-0.0000,-0.0000
190800.0000,0.0170,1.7000,50.1650,0.2915,50.1650,0.2915,-0.0000,-0.0000
190800.0000,0.0180,1.8000,50.1650,0.2658,50.1650,0.2658,-0.0000,-0.0000
190800.0000,0.0190,1.9000,50.1650,0.2257,50.1650,0.2257,-0.0000,-0.0000
190800.0000,0.0200,2.0000,50.1650,0.0591,50.1650,0.1513,-0.0000,-0.0922
194400.0000,0.0000,0.0000,50.1650,0.4116,50.1650,0.4116,-0.0000,-0.0000
194400.0000,0.0010,0.1000,50.1650,0.4112,50.1650,0.4112,-0.0000,-0.0000
194400.0000,0.0020,0.2000,50.1650,0.4103,50.1650,0.4103,-0.0000,-0.0000
194400.0000,0.0030,0.3000,50.1650,0.4086,50.1650,0.4086,-0.0000,-0.0000
194400.0000,0.0040,0.4000,50.1650,0.4063,50.1650,0.4063,-0.0000,-0.0000
194400.0000,0.0050,0.5000,50.1650,0.4033,50.1650,0.4033,-0.0000,-0.0000
194400.0000,0.0060,0.6000,50.1650,0.3997,50.1650,0.3997,-0.0000,-0.0000
194400.0000,0.0070,0.7000,50.1650,0.3952,50.1650,0.3952,-0.0000,-0.0000
194400.0000,0.0080,0.8000,50.1650,0.3900,50.1650,0.3900,-0.0000,-0.0000
194400.0000,0.0090,0.9000,50.1650,0.3840,50.1650,0.3840,-0.0000,-0.0000
194400.0000,0.0100,1.0000,50.1650,0.3771,50.1650,0.3771,-0.0000,-0.0000
194400.0000,0.0110,1.1000,50.1650,0.3692,50.1650,0.3692,-0.0000,-0.0000
194400.0000,0.0120,1.2000,50.1650,0.3603,50.1650,0.3603,-0.0000,-0.0000
194400.0000,0.0130,1.3000,50.1650,0.3500,50.1650,0.3500,-0.0000,-0.0000
194400.0000,0.0140,1.4000,50.1650,0.3383,50.1650,0.3383,-0.0000,-0.0000
194400.0000,0.0150,1.5000,50.1650,0.3248,50.1650,0.3248,-0.0000,-0.0000
194400.0000,0.0160,1.6000,50.1650,0.3088,50.1650,0.3088,-0.0000,-0.0000
194400.0000,0.0170,1.7000,50.1650,0.2894,50.1650,0.2894,-0.0000,-0.0000
194400.0000,0.0180,1.8000,50.1650,0.2640,50.1650,0.2640,-0.0000,-0.0000
194400.0000,0.0190,1.9000,50.1650,0.2243,50.1650,0.2243,-0.0000,-0.0000
194400.0000,0.0200,2.0000,50.1650,0.0588,50.1650,0.1505,-0.0000,-0.0918
198000.0000,0.0000,0.0000,50.1650,0.4079,50.1650,0.4079,-0.0000,-0.0000
198000.0000,0.0010,0.1000,50.1650,0.4076,50.1650,0.4076,-0.0000,-0.0000
198000.0000,0.0020,0.2000,50.1650,0.4066,50.1650,0.4066,-0.0000,-0.0000
198000.0000,0.0030,0.3000,50.1650,0.4050,50.1650,0.4050,-0.0000,-0.0000
198000.0000,0.0040,0.4000,50.1650,0.4027,50.1650,0.4027,-0.0000,-0.0000
198000.0000,0.0050,0.5000,50.1650,0.3998,50.1650,0.3998,-0.0000,-0.0000
198000.0000,0.0060,0.6000,50.1650,0.3961,50.1650,0.3961,-0.0000,-0.0000
198000.0000,0.0070,0.7000,50.1650,0.3918,50.1650,0.3918,-0.0000,-0.0000
198000.0000,0.0080,0.8000,50.1650,0.3867,50.1650,0.3867,-0.0000,-0.0000
198000.0000,0.0090,0.9000,50.1650,0.3807,50.1650,0.3807,-0.0000,-0.0000
198000.0000,0.0100,1.0000,50.1650,0.3739,50.1650,0.3739,-0.0000,-0.0000
198000.0000,0.0110,1.1000,50.1650,0.3662,50.1650,0.3662,-0.0000,-0.0000
198000.0000,0.0120,1.2000,50.1650,0.3573,50.1650,0.3573,-0.0000,-0.0000
198000.0000,0.0130,1.3000,50.1650,0.3472,50.1650,0.3472,-0.0000,-0.0000
198000.0000,0.0140,1.4000,50.1650,0.3357,50.1650,0.3357,-0.0000,-0.0000
198000.0000,0.0150,1.5000,50.1650,0.3223,50.1650,0.3223,-0.0000,-0.0000
198000.0000,0.0160,1.6000,50.1650,0.3066,50.1650,0.3066,-0.0000,-0.0000
198000.0000,0.0170,1.7000,50.1650,0.2873,50.1650,0.2873,-0.0000,-0.0000
198000.0000,0.0180,1.8000,50.1650,0.2622,50.1650,0.2622,-0.0000,-0.0000
198000.0000,0.0190,1.9000,50.1650,0.2230,50.1650,0.2230,-0.0000,-0.0000
198000.0000,0.0200,2.0000,50.1650,0.0585,50.1650,0.1498,-0.0000,-0.0913
201600.0000,0.0000,0.0000,50.1650,0.4043,50.1650,0.4043,-0.0000,-0.0000
201600.0000,0.0010,0.1000,50.1650,0.4040,50.1650,0.4040,-0.0000,-0.0000
201600.0000,0.0020,0.2000,50.1650,0.4030,50.1650,0.4030,-0.0000,-0.0000
201600.0000,0.0030,0.3000,50.1650,0.4014,50.1650,0.4014,-0.0000,-0.0000
201600.0000,0.0040,0.4000,50.1650,0.3992,50.1650,0.3992,-0.0000,-0.0000
201600.0000,0.0050,0.5000,50.1650,0.3963,50.1650,0.3963,-0.0000,-0.0000
201600.0000,0.0060,0.6000,50.1650,0.3927,50.1650,0.3927,-0.0000,-0.0000
201600.0000,0.0070,0.7000,50.1650,0.3884,50.1650,0.3884,-0.0000,-0.0000
201600.0000,0.0080,0.8000,50.1650,0.3834,50.1650,0.3834,-0.0000,-0.0000
201600.0000,0.0090,0.9000,50.1650,0.3775,50.1650,0.3775,-0.0000,-0.0000
201600.0000,0.0100,1.0000,50.1650,0.3708,50.1650,0.3708,-0.0000,-0.0000
201600.0000,0.0110,1.1000,50.1650,0.3632,50.1650,0.3632,-0.0000,-0.0000
201600.0000,0.0120,1.2000,50.1650,0.3545,50.1650,0.3545,-0.0000,-0.0000
201600.0000,0.0130,1.3000,50.1650,0.3445,50.1650,0.3445,-0.0000,-0.0000
201600.0000,0.0140,1.4000,50.1650,0.3331,50.1650,0.3331,-0.0000,-0.0000
201600.0000,0.0150,1.5000,50.1650,0.3199,50.1650,0.3199,-0.0000,-0.0000
201600.0000,0.0160,1.6000,50.1650,0.3044,50.1650,0.3044,-0.0000,-0.0000
201600.0000,0.0170,1.7000,50.1650,0.2854,50.1650,0.2854,-0.0000,-0.0000
201600.0000,0.0180,1.8000,50.1650,0.2605,50.1650,0.2605,-0.0000,-0.0000
201600.0000,0.0190,1.9000,50.1650,0.2217,50.1650,0.2217,-0.0000,-0.0000
201600.0000,0.0200,2.0000,50.1650,0.0582,50.1650,0.1491,-0.0000,-0.0909
205200.0000,0.0000,0.0000,50.1650,0.4008,50.1650,0.4008,-0.0000,-0.0000
205200.0000,0.0010,0.1000,50.1650,0.4005,50.1650,0.4005,-0.0000,-0.0000
205200.0000,0.0020,0.2000,50.1650,0.3996,50.1650,0.3996,-0.0000,-0.0000
205200.0000,0.0030,0.3000,50.1650,0.3980,50.1650,0.3980,-0.0000,-0.0000
205200.0000,0.0040,0.4000,50.1650,0.3958,50.1650,0.3958,-0.0000,-0.0000
205200.0000,0.0050,0.5000,50.1650,0.3930,50.1650,0.3930,-0.0000,-0.0000
205200.0000,0.0060,0.6000,50.1650,0.3894,50.1650,0.3894,-0.0000,-0.0000
205200.0000,0.0070,0.7000,50.1650,0.3852,50.1650,0.3852,-0.0000,-0.0000
205200.0000,0.0080,0.8000,50.1650,0.3802,50.1650,0.3802,-0.0000,-0.0000
205200.0000,0.0090,0.9000,50.1650,0.3745,50.1650,0.3745,-0.0000,-0.0000
205200.0000,0.0100,1.0000,50.1650,0.3679,50.1650,0.3679,-0.0000,-0.0000
205200.0000,0.0110,1.1000,50.1650,0.3603,50.1650,0.3603,-0.0000,-0.0000
205200.0000,0.0120,1.2000,50.1650,0.3517,50.1650,0.3517,-0.0000,-0.0000
205200.0000,0.0130,1.3000,50.1650,0.3419,50.1650,0.3419,-0.0000,-0.0000
205200.0000,0.0140,1.4000,50.1650,0.3306,50.1650,0.3306,-0.0000,-0.0000
205200.0000,0.0150,1.5000,50.1650,0.3176,50.1650,0.3176,-0.0000,-0.0000
205200.0000,0.0160,1.6000,50.1650,0.3022,50.1650,0.3022,-0.0000,-0.0000
205200.0000,0.0170,1.7000,50.1650,0.2834,50.1650,0.2834,-0.0000,-0.0000
205200.0000,0.0180,1.8000,50.1650,0.2589,50.1650,0.2589,-0.0000,-0.0000
205200.0000,0.0190,1.9000,50.1650,0.2204,50.1650,0.2204,-0.0000,-0.0000
205200.0000,0.0200,2.0000,50.1650,0.0579,50.1650,0.1484,-0.0000,-0.0905
208800.0000,0.0000,0.0000,50.1650,0.3975,50.1650,0.3975,-0.0000,-0.0000
208800.0000,0.0010,0.1000,50.1650,0.3972,50.1650,0.3972,-0.0000,-0.0000
208800.0000,0.0020,0.2000,50.1650,0.3963,50.1650,0.3963,-0.0000,-0.0000
208800.0000,0.0030,0.3000,50.1650,0.3947,50.1650,0.3947,-0.0000,-0.0000
208800.0000,0.0040,0.4000,50.1650,0.3926,50.1650,0.3926,-0.0000,-0.0000
208800.0000,0.0050,0.5000,50.1650,0.3897,50.1650,0.3897,-0.0000,-0.0000
208800.0000,0.0060,0.6000,50.1650,0.3863,50.1650,0.3863,-0.0000,-0.0000
208800.0000,0.0070,0.7000,50.1650,0.3821,50.1650,0.3821,-0.0000,-0.0000
208800.0000,0.0080,0.8000,50.1650,0.3772,50.1650,0.3772,-0.0000,-0.0000
208800.0000,0.0090,0.9000,50.1650,0.3715,50.1650,0.3715,-0.0000,-0.0000
208800.0000,0.0100,1.0000,50.1650,0.3650,50.1650,0.3650,-0.0000,-0.0000
208800.0000,0.0110,1.1000,50.1650,0.3575,50.1650,0.3575,-0.0000,-0.0000
208800.0000,0.0120,1.2000,50.1650,0.3490,50.1650,0.3490,-0.0000,-0.0000
208800.0000,0.0130,1.3000,50.1650,0.3393,50.1650,0.3393,-0.0000,-0.0000
208800.0000,0.0140,1.4000,50.1650,0.3282,50.1650,0.3282,-0.0000,-0.0000
208800.0000,0.0150,1.5000,50.1650,0.3153,50.1650,0.3153,-0.0000,-0.0000
208800.0000,0.0160,1.6000,50.1650,0.3001,50.1650,0.3001,-0.0000,-0.0000
208800.0000,0.0170,1.7000,50.1650,0.2816,50.1650,0.2816,-0.0000,-0.0000
208800.0000,0.0180,1.8000,50.1650,0.2573,50.1650,0.2573,-0.0000,-0.0000
208800.0000,0.0190,1.9000,50.1650,0.2192,50.1650,0.2192,-0.0000,-0.0000
208800.0000,0.0200,2.0000,50.1650,0.0577,50.1650,0.1478,-0.0000,-0.0901
212400.0000,0.0000,0.0000,50.1650,0.3943,50.1650,0.3943,-0.0000,-0.0000
212400.0000,0.0010,0.1000,50.1650,0.3940,50.1650,0.3940,-0.0000,-0.0000
212400.0000,0.0020,0.2000,50.1650,0.3931,50.1650,0.3931,-0.0000,-0.0000
212400.0000,0.0030,0.3000,50.1650,0.3915,50.1650,0.3915,-0.0000,-0.0000
212400.0000,0.0040,0.4000,50.1650,0.3894,50.1650,0.3894,-0.0000,-0.0000
212400.0000,0.0050,0.5000,50.1650,0.3866,50.1650,0.3866,-0.0000,-0.0000
212400.0000,0.0060,0.6000,50.1650,0.3832,50.1650,0.3832,-0.0000,-0.0000
212400.0000,0.0070,0.7000,50.1650,0.3791,50.1650,0.3791,-0.0000,-0.0000
212400.0000,0.0080,0.8000,50.1650,0.3742,50.1650,0.3742,-0.0000,-0.0000
212400.0000,0.0090,0.9000,50.1650,0.3686,50.1650,0.3686,-0.0000,-0.0000
212400.0000,0.0100,1.0000,50.1650,0.3622,50.1650,0.3622,-0.0000,-0.0000
212400.0000,0.0110,1.1000,50.1650,0.3548,50.1650,0.3548,-0.0000,-0.0000
212400.0000,0.0120,1.2000,50.1650,0.3464,50.1650,0.3464,-0.0000,-0.0000
212400.0000,0.0130,1.3000,50.1650,0.3368,50.1650,0.3368,-0.0000,-0.0000
212400.0000,0.0140,1.4000,50.1650,0.3259,50.1650,0.3259,-0.0000,-0.0000
212400.0000,0.0150,1.5000,50.1650,0.3132,50.1650,0.3132,-0.0000,-0.0000
212400.0000,0.0160,1.6000,50.1650,0.2981,50.1650,0.2981,-0.0000,-0.0000
212400.0000,0.0170,1.7000,50.1650,0.2798,50.1650,0.2798,-0.0000,-0.0000
212400.0000,0.0180,1.8000,50.1650,0.2557,50.1650,0.2557,-0.0000,-0.0000
212400.0000,0.0190,1.9000,50.1650,0.2180,50.1650,0.2180,-0.0000,-0.0000
212400.0000,0.0200,2.0000,50.1650,0.0574,50.1650,0.1471,-0.0000,-0.0897
216000.0000,0.0000,0.0000,50.1650,0.3911,50.1650,0.3911,-0.0000,-0.0000
216000.0000,0.0010,0.1000,50.1650,0.3908,50.1650,0.3908,-0.0000,-0.0000
216000.0000,0.0020,0.2000,50.1650,0.3899,50.1650,0.3899,-0.0000,-0.0000
216000.0000,0.0030,0.3000,50.1650,0.3884,50.1650,0.3884,-0.0000,-0.0000
216000.0000,0.0040,0.4000,50.1650,0.3863,50.1650,0.3863,-0.0000,-0.0000
216000.0000,0.0050,0.5000,50.1650,0.3836,50.1650,0.3836,-0.0000,-0.0000
216000.0000,0.0060,0.6000,50.1650,0.3802,50.1650,0.3802,-0.0000,-0.0000
216000.0000,0.0070,0.7000,50.1650,0.3761,50.1650,0.3761,-0.0000,-0.0000
216000.0000,0.0080,0.8000,50.1650,0.3713,50.1650,0.3713,-0.0000,-0.0000
216000.0000,0.0090,0.9000,50.1650,0.3658,50.1650,0.3658,-0.0000,-0.0000
216000.0000,0.0100,1.0000,50.1650,0.3594,50.1650,0.3594,-0.0000,-0.0000
216000.0000,0.0110,1.1000,50.1650,0.3522,50.1650,0.3522,-0.0000,-0.0000
216000.0000,0.0120,1.2000,50.1650,0.3439,50.1650,0.3439,-0.0000,-0.0000
216000.0000,0.0130,1.3000,50.1650,0.3344,50.1650,0.3344,-0.0000,-0.0000
216000.0000,0.0140,1.4000,50.1650,0.3236,50.1650,0.3236,-0.0000,-0.0000
216000.0000,0.0150,1.5000,50.1650,0.3110,50.1650,0.3110,-0.0000,-0.0000
216000.0000,0.0160,1.6000,50.1650,0.2962,50.1650,0.2962,-0.0000,-0.0000
216000.0000,0.0170,1.7000,50.1650,0.2780,50.1650,0.2780,-0.0000,-0.0000
216000.0000,0.0180,1.8000,50.1650,0.2542,50.1650,0.2542,-0.0000,-0.0000
216000.0000,0.0190,1.9000,50.1650,0.2168,50.1650,0.2168,-0.0000,-0.0000
216000.0000,0.0200,2.0000,50.1650,0.0572,50.1650,0.1465,-0.0000,-0.0893
219600.0000,0.0000,0.0000,50.1650,0.3881,50.1650,0.3881,-0.0000,-0.0000
219600.0000,0.0010,0.1000,50.1650,0.3878,50.1650,0.3878,-0.0000,-0.0000
219600.0000,0.0020,0.2000,50.1650,0.3869,50.1650,0.3869,-0.0000,-0.0000
219600.0000,0.0030,0.3000,50.1650,0.3854,50.1650,0.3854,-0.0000,-0.0000
219600.0000,0.0040,0.4000,50.1650,0.3834,50.1650,0.3834,-0.0000,-0.0000
219600.0000,0.0050,0.5000,50.1650,0.3806,50.1650,0.3806,-0.0000,-0.0000
219600.0000,0.0060,0.6000,50.1650,0.3773,50.1650,0.3773,-0.0000,-0.0000
219600.0000,0.0070,0.7000,50.1650,0.3733,50.1650,0.3733,-0.0000,-0.0000
219600.0000,0.0080,0.8000,50.1650,0.3686,50.1650,0.3686,-0.0000,-0.0000
219600.0000,0.0090,0.9000,50.1650,0.3631,50.1650,0.3631,-0.0000,-0.0000
219600.0000,0.0100,1.0000,50.1650,0.3568,50.1650,0.3568,-0.0000,-0.0000
219600.0000,0.0110,1.1000,50.1650,0.3496,50.1650,0.3496,-0.0000,-0.0000
219600.0000,0.0120,1.2000,50.1650,0.3414,50.1650,0.3414,-0.0000,-0.0000
219600.0000,0.0130,1.3000,50.1650,0.3321,50.1650,0.3321,-0.0000,-0.0000
219600.0000,0.0140,1.4000,50.1650,0.3214,50.1650,0.3214,-0.0000,-0.0000
219600.0000,0.0150,1.5000,50.1650,0.3090,50.1650,0.3090,-0.0000,-0.0000
219600.0000,0.0160,1.6000,50.1650,0.2943,50.1650,0.2943,-0.0000,-0.0000
219600.0000,0.0170,1.7000,50.1650,0.2763,50.1650,0.2763,-0.0000,-0.0000
219600.0000,0.0180,1.8000,50.1650,0.2527,50.1650,0.2527,-0.0000,-0.0000
219600.0000,0.0190,1.9000,50.1650,0.2157,50.1650,0.2157,-0.0000,-0.0000
219600.0000,0.0200,2.0000,50.1650,0.0570,50.1650,0.1459,-0.0000,-0.0889
223200.0000,0.0000,0.0000,50.1650,0.3852,50.1650,0.3852,-0.0000,-0.0000
223200.0000,0.0010,0.1000,50.1650,0.3849,50.1650,0.3849,-0.0000,-0.0000
223200.0000,0.0020,0.2000,50.1650,0.3840,50.1650,0.3840,-0.0000,-0.0000
223200.0000,0.0030,0.3000,50.1650,0.3825,50.1650,0.3825,-0.0000,-0.0000
223200.0000,0.0040,0.4000,50.1650,0.3805,50.1650,0.3805,-0.0000,-0.0000
223200.0000,0.0050,0.5000,50.1650,0.3778,50.1650,0.3778,-0.0000,-0.0000
223200.0000,0.0060,0.6000,50.1650,0.3745,50.1650,0.3745,-0.0000,-0.0000
223200.0000,0.0070,0.7000,50.1650,0.3705,50.1650,0.3705,-0.0000,-0.0000
223200.0000,0.0080,0.8000,50.1650,0.3659,50.1650,0.3659,-0.0000,-0.0000
223200.0000,0.0090,0.9000,50.1650,0.3605,50.1650,0.3605,-0.0000,-0.0000
223200.0000,0.0100,1.0000,50.1650,0.3543,50.1650,0.3543,-0.0000,-0.0000
223200.0000,0.0110,1.1000,50.1650,0.3472,50.1650,0.3472,-0.0000,-0.0000
223200.0000,0.0120,1.2000,50.1650,0.3391,50.1650,0.3391,-0.0000,-0.0000
223200.0000,0.0130,1.3000,50.1650,0.3298,50.1650,0.3298,-0.0000,-0.0000
223200.0000,0.0140,1.4000,50.1650,0.3193,50.1650,0.3193,-0.0000,-0.0000
223200.0000,0.0150,1.5000,50.1650,0.3070,50.1650,0.3070,-0.0000,-0.0000
223200.0000,0.0160,1.6000,50.1650,0.2924,50.1650,0.2924,-0.0000,-0.0000
223200.0000,0.0170,1.7000,50.1650,0.2746,50.1650,0.2746,-0.0000,-0.0000
223200.0000,0.0180,1.8000,50.1650,0.2513,50.1650,0.2513,-0.0000,-0.0000
223200.0000,0.0190,1.9000,50.1650,0.2146,50.1650,0.2146,-0.0000,-0.0000
223200.0000,0.0200,2.0000,50.1650,0.0568,50.1650,0.1453,-0.0000,-0.0885
226800.0000,0.0000,0.0000,50.1650,0.3823,50.1650,0.3823,-0.0000,-0.0000
226800.0000,0.0010,0.1000,50.1650,0.3820,50.1650,0.3820,-0.0000,-0.0000
226800.0000,0.0020,0.2000,50.1650,0.3811,50.1650,0.3811,-0.0000,-0.0000
226800.0000,0.0030,0.3000,50.1650,0.3797,50.1650,0.3797,-0.0000,-0.0000
226800.0000,0.0040,0.4000,50.1650,0.3777,50.1650,0.3777,-0.0000,-0.0000
226800.0000,0.0050,0.5000,50.1650,0.3750,50.1650,0.3750,-0.0000,-0.0000
226800.0000,0.0060,0.6000,50.1650,0.3718,50.1650,0.3718,-0.0000,-0.0000
226800.0000,0.0070,0.7000,50.1650,0.3679,50.1650,0.3679,-0.0000,-0.0000
226800.0000,0.0080,0.8000,50.1650,0.3632,50.1650,0.3632,-0.0000,-0.0000
226800.0000,0.0090,0.9000,50.1650,0.3579,50.1650,0.3579,-0.0000,-0.0000
226800.0000,0.0100,1.0000,50.1650,0.3518,50.1650,0.3518,-0.0000,-0.0000
226800.0000,0.0110,1.1000,50.1650,0.3448,50.1650,0.3448,-0.0000,-0.0000
226800.0000,0.0120,1.2000,50.1650,0.3368,50.1650,0.3368,-0.0000,-0.0000
226800.0000,0.0130,1.3000,50.1650,0.3277,50.1650,0.3277,-0.0000,-0.0000
226800.0000,0.0140,1.4000,50.1650,0.3172,50.1650,0.3172,-0.0000,-0.0000
226800.0000,0.0150,1.5000,50.1650,0.3050,50.1650,0.3050,-0.0000,-0.0000
226800.0000,0.0160,1.6000,50.1650,0.2906,50.1650,0.2906,-0.0000,-0.0000
226800.0000,0.0170,1.7000,50.1650,0.2730,50.1650,0.2730,-0.0000,-0.0000
226800.0000,0.0180,1.8000,50.1650,0.2499,50.1650,0.2499,-0.0000,-0.0000
226800.0000,0.0190,1.9000,50.1650,0.2135,50.1650,0.2135,-0.0000,-0.0000
226800.0000,0.0200,2.0000,50.1650,0.0566,50.1650,0.1447,-0.0000,-0.0881
230400.0000,0.0000,0.0000,50.1650,0.3795,50.1650,0.3795,-0.0000,-0.0000
230400.0000,0.0010,0.1000,50.1650,0.3792,50.1650,0.3792,-0.0000,-0.0000
230400.0000,0.0020,0.2000,50.1650,0.3784,50.1650,0.3784,-0.0000,-0.0000
230400.0000,0.0030,0.3000,50.1650,0.3770,50.1650,0.3770,-0.0000,-0.0000
230400.0000,0.0040,0.4000,50.1650,0.3750,50.1650,0.3750,-0.0000,-0.0000
230400.0000,0.0050,0.5000,50.1650,0.3723,50.1650,0.3723,-0.0000,-0.0000
230400.0000,0.0060,0.6000,50.1650,0.3691,50.1650,0.3691,-0.0000,-0.0000
230400.0000,0.0070,0.7000,50.1650,0.3653,50.1650,0.3653,-0.0000,-0.0000
230400.0000,0.0080,0.8000,50.1650,0.3607,50.1650,0.3607,-0.0000,-0.0000
230400.0000,0.0090,0.9000,50.1650,0.3554,50.1650,0.3554,-0.0000,-0.0000
230400.0000,0.0100,1.0000,50.1650,0.3494,50.1650,0.3494,-0.0000,-0.0000
230400.0000,0.0110,1.1000,50.1650,0.3424,50.1650,0.3424,-0.0000,-0.0000
230400.0000,0.0120,1.2000,50.1650,0.3345,50.1650,0.3345,-0.0000,-0.0000
230400.0000,0.0130,1.3000,50.1650,0.3255,50.1650,0.3255,-0.0000,-0.0000
230400.0000,0.0140,1.4000,50.1650,0.3152,50.1650,0.3152,-0.0000,-0.0000
230400.0000,0.0150,1.5000,50.1650,0.3031,50.1650,0.3031,-0.0000,-0.0000
230400.0000,0.0160,1.6000,50.1650,0.2889,50.1650,0.2889,-0.0000,-0.0000
230400.0000,0.0170,1.7000,50.1650,0.2715,50.1650,0.2715,-0.0000,-0.0000
230400.0000,0.0180,1.8000,50.1650,0.2486,50.1650,0.2486,-0.0000,-0.0000
230400.0000,0.0190,1.9000,50.1650,0.2125,50.1650,0.2125,-0.0000,-0.0000
230400.0000,0.0200,2.0000,50.1650,0.0564,50.1650,0.1441,-0.0000,-0.0877
234000.0000,0.0000,0.0000,50.1650,0.3768,50.1650,0.3768,-0.0000,-0.0000
234000.0000,0.0010,0.1000,50.1650,0.3765,50.1650,0.3765,-0.0000,-0.0000
234000.0000,0.0020,0.2000,50.1650,0.3757,50.1650,0.3757,-0.0000,-0.0000
234000.0000,0.0030,0.3000,50.1650,0.3743,50.1650,0.3743,-0.0000,-0.0000
234000.0000,0.0040,0.4000,50.1650,0.3723,50.1650,0.3723,-0.0000,-0.0000
234000.0000,0.0050,0.5000,50.1650,0.3697,50.1650,0.3697,-0.0000,-0.0000
234000.0000,0.0060,0.6000,50.1650,0.3666,50.1650,0.3666,-0.0000,-0.0000
234000.0000,0.0070,0.7000,50.1650,0.3627,50.1650,0.3627,-0.0000,-0.0000
234000.0000,0.0080,0.8000,50.1650,0.3582,50.1650,0.3582,-0.0000,-0.0000
234000.0000,0.0090,0.9000,50.1650,0.3530,50.1650,0.3530,-0.0000,-0.0000
234000.0000,0.0100,1.0000,50.1650,0.3470,50.1650,0.3470,-0.0000,-0.0000
234000.0000,0.0110,1.1000,50.1650,0.3402,50.1650,0.3402,-0.0000,-0.0000
234000.0000,0.0120,1.2000,50.1650,0.3324,50.1650,0.3324,-0.0000,-0.0000
234000.0000,0.0130,1.3000,50.1650,0.3234,50.1650,0.3234,-0.0000,-0.0000
234000.0000,0.0140,1.4000,50.1650,0.3132,50.1650,0.3132,-0.0000,-0.0000
234000.0000,0.0150,1.5000,50.1650,0.3013,50.1650,0.3013,-0.0000,-0.0000
234000.0000,0.0160,1.6000,50.1650,0.2872,50.1650,0.2872,-0.0000,-0.0000
234000.0000,0.0170,1.7000,50.1650,0.2699,50.1650,0.2699,-0.0000,-0.0000
234000.0000,0.0180,1.8000,50.1650,0.2473,50.1650,0.2473,-0.0000,-0.0000
234000.0000,0.0190,1.9000,50.1650,0.2114,50.1650,0.2114,-0.0000,-0.0000
234000.0000,0.0200,2.0000,50.1650,0.0562,50.1650,0.1436,-0.0000,-0.0874
237600.0000,0.0000,0.0000,50.1650,0.3742,50.1650,0.3742,-0.0000,-0.0000
237600.0000,0.0010,0.1000,50.1650,0.3739,50.1650,0.3739,-0.0000,-0.0000
237600.0000,0.0020,0.2000,50.1650,0.3731,50.1650,0.3731,-0.0000,-0.0000
237600.0000,0.0030,0.3000,50.1650,0.3717,50.1650,0.3717,-0.0000,-0.0000
237600.0000,0.0040,0.4000,50.1650,0.3697,50.1650,0.3697,-0.0000,-0.0000
237600.0000,0.0050,0.5000,50.1650,0.3672,50.1650,0.3672,-0.0000,-0.0000
237600.0000,0.0060,0.6000,50.1650,0.3641,50.1650,0.3641,-0.0000,-0.0000
237600.0000,0.0070,0.7000,50.1650,0.3603,50.1650,0.3603,-0.0000,-0.0000
237600.0000,0.0080,0.8000,50.1650,0.3558,50.1650,0.3558,-0.0000,-0.0000
237600.0000,0.0090,0.9000,50.1650,0.3507,50.1650,0.3507,-0.0000,-0.0000
237600.0000,0.0100,1.0000,50.1650,0.3448,50.1650,0.3448,-0.0000,-0.0000
237600.0000,0.0110,1.1000,50.1650,0.3380,50.1650,0.3380,-0.0000,-0.0000
237600.0000,0.0120,1.2000,50.1650,0.3303,50.1650,0.3303,-0.0000,-0.0000
237600.0000,0.0130,1.3000,50.1650,0.3214,50.1650,0.3214,-0.0000,-0.0000
237600.0000,0.0140,1.4000,50.1650,0.3113,50.1650,0.3113,-0.0000,-0.0000
237600.0000,0.0150,1.5000,50.1650,0.2995,50.1650,0.2995,-0.0000,-0.0000
237600.0000,0.0160,1.6000,50.1650,0.2856,50.1650,0.2856,-0.0000,-0.0000
237600.0000,0.0170,1.7000,50.1650,0.2684,50.1650,0.2684,-0.0000,-0.0000
237600.0000,0.0180,1.8000,50.1650,0.2460,50.1650,0.2460,-0.0000,-0.0000
237600.0000,0.0190,1.9000,50.1650,0.2104,50.1650,0.2104,-0.0000,-0.0000
237600.0000,0.0200,2.0000,50.1650,0.0561,50.1650,0.1431,-0.0000,-0.0870
241200.0000,0.0000,0.0000,50.1650,0.3717,50.1650,0.3717,-0.0000,-0.0000
241200.0000,0.0010,0.1000,50.1650,0.3714,50.1650,0.3714,-0.0000,-0.0000
241200.0000,0.0020,0.2000,50.1650,0.3706,50.1650,0.3706,-0.0000,-0.0000
241200.0000,0.0030,0.3000,50.1650,0.3692,50.1650,0.3692,-0.0000,-0.0000
241200.0000,0.0040,0.4000,50.1650,0.3673,50.1650,0.3673,-0.0000,-0.0000
241200.0000,0.0050,0.5000,50.1650,0.3647,50.1650,0.3647,-0.0000,-0.0000
241200.0000,0.0060,0.6000,50.1650,0.3616,50.1650,0.3616,-0.0000,-0.0000
241200.0000,0.0070,0.7000,50.1650,0.3579,50.1650,0.3579,-0.0000,-0.0000
241200.0000,0.0080,0.8000,50.1650,0.3535,50.1650,0.3535,-0.0000,-0.0000
241200.0000,0.0090,0.9000,50.1650,0.3484,50.1650,0.3484,-0.0000,-0.0000
241200.0000,0.0100,1.0000,50.1650,0.3425,50.1650,0.3425,-0.0000,-0.0000
241200.0000,0.0110,1.1000,50.1650,0.3358,50.1650,0.3358,-0.0000,-0.0000
241200.0000,0.0120,1.2000,50.1650,0.3282,50.1650,0.3282,-0.0000,-0.0000
241200.0000,0.0130,1.3000,50.1650,0.3195,50.1650,0.3195,-0.0000,-0.0000
241200.0000,0.0140,1.4000,50.1650,0.3094,50.1650,0.3094,-0.0000,-0.0000
241200.0000,0.0150,1.5000,50.1650,0.2978,50.1650,0.2978,-0.0000,-0.0000
241200.0000,0.0160,1.6000,50.1650,0.2839,50.1650,0.2839,-0.0000,-0.0000
241200.0000,0.0170,1.7000,50.1650,0.2670,50.1650,0.2670,-0.0000,-0.0000
241200.0000,0.0180,1.8000,50.1650,0.2447,50.1650,0.2447,-0.0000,-0.0000
241200.0000,0.0190,1.9000,50.1650,0.2095,50.1650,0.2095,-0.0000,-0.0000
241200.0000,0.0200,2.0000,50.1650,0.0559,50.1650,0.1425,-0.0000,-0.0866
244800.0000,0.0000,0.0000,50.1650,0.3692,50.1650,0.3692,-0.0000,-0.0000
244800.0000,0.0010,0.1000,50.1650,0.3689,50.1650,0.3689,-0.0000,-0.0000
244800.0000,0.0020,0.2000,50.1650,0.3681,50.1650,0.3681,-0.0000,-0.0000
244800.0000,0.0030,0.3000,50.1650,0.3667,50.1650,0.3667,-0.0000,-0.0000
244800.0000,0.0040,0.4000,50.1650,0.3648,50.1650,0.3648,-0.0000,-0.0000
244800.0000,0.0050,0.5000,50.1650,0.3623,50.1650,0.3623,-0.0000,-0.0000
244800.0000,0.0060,0.6000,50.1650,0.3593,50.1650,0.3593,-0.0000,-0.0000
244800.0000,0.0070,0.7000,50.1650,0.3556,50.1650,0.3556,-0.0000,-0.0000
244800.0000,0.0080,0.8000,50.1650,0.3512,50.1650,0.3512,-0.0000,-0.0000
244800.0000,0.0090,0.9000,50.1650,0.3462,50.1650,0.3462,-0.0000,-0.0000
244800.0000,0.0100,1.0000,50.1650,0.3404,50.1650,0.3404,-0.0000,-0.0000
244800.0000,0.0110,1.1000,50.1650,0.3338,50.1650,0.3338,-0.0000,-0.0000
244800.0000,0.0120,1.2000,50.1650,0.3262,50.1650,0.3262,-0.0000,-0.0000
244800.0000,0.0130,1.3000,50.1650,0.3175,50.1650,0.3175,-0.0000,-0.0000
244800.0000,0.0140,1.4000,50.1650,0.3076,50.1650,0.3076,-0.0000,-0.0000
244800.0000,0.0150,1.5000,50.1650,0.2961,50.1650,0.2961,-0.0000,-0.0000
244800.0000,0.0160,1.6000,50.1650,0.2824,50.1650,0.2824,-0.0000,-0.0000
244800.0000,0.0170,1.7000,50.1650,0.2656,50.1650,0.2656,-0.0000,-0.0000
244800.0000,0.0180,1.8000,50.1650,0.2435,50.1650,0.2435,-0.0000,-0.0000
244800.0000,0.0190,1.9000,50.1650,0.2085,50.1650,0.2085,-0.0000,-0.0000
244800.0000,0.0200,2.0000,50.1650,0.0557,50.1650,0.1420,-0.0000,-0.0863
248400.0000,0.0000,0.0000,50.1650,0.3668,50.1650,0.3668,-0.0000,-0.0000
248400.0000,0.0010,0.1000,50.1650,0.3665,50.1650,0.3665,-0.0000,-0.0000
248400.0000,0.0020,0.2000,50.1650,0.3657,50.1650,0.3657,-0.0000,-0.0000
248400.0000,0.0030,0.3000,50.1650,0.3644,50.1650,0.3644,-0.0000,-0.0000
248400.0000,0.0040,0.4000,50.1650,0.3625,50.1650,0.3625,-0.0000,-0.0000
248400.0000,0.0050,0.5000,50.1650,0.3600,50.1650,0.3600,-0.0000,-0.0000
248400.0000,0.0060,0.6000,50.1650,0.3570,50.1650,0.3570,-0.0000,-0.0000
248400.0000,0.0070,0.7000,50.1650,0.3533,50.1650,0.3533,-0.0000,-0.0000
248400.0000,0.0080,0.8000,50.1650,0.3490,50.1650,0.3490,-0.0000,-0.0000
248400.0000,0.0090,0.9000,50.1650,0.3440,50.1650,0.3440,-0.0000,-0.0000
248400.0000,0.0100,1.0000,50.1650,0.3383,50.1650,0.3383,-0.0000,-0.0000
248400.0000,0.0110,1.1000,50.1650,0.3317,50.1650,0.3317,-0.0000,-0.0000
248400.0000,0.0120,1.2000,50.1650,0.3242,50.1650,0.3242,-0.0000,-0.0000
248400.0000,0.0130,1.3000,50.1650,0.3157,50.1650,0.3157,-0.0000,-0.0000
248400.0000,0.0140,1.4000,50.1650,0.3058,50.1650,0.3058,-0.0000,-0.0000
248400.0000,0.0150,1.5000,50.1650,0.2944,50.1650,0.2944,-0.0000,-0.0000
248400.0000,0.0160,1.6000,50.1650,0.2809,50.1650,0.2809,-0.0000,-0.0000
248400.0000,0.0170,1.7000,50.1650,0.2642,50.1650,0.2642,-0.0000,-0.0000
248400.0000,0.0180,1.8000,50.1650,0.2423,50.1650,0.2423,-0.0000,-0.0000
248400.0000,0.0190,1.9000,50.1650,0.2076,50.1650,0.2076,-0.0000,-0.0000
248400.0000,0.0200,2.0000,50.1650,0.0556,50.1650,0.1415,-0.0000,-0.0860
252000.0000,0.0000,0.0000,50.1650,0.3644,50.1650,0.3644,-0.0000,-0.0000
252000.0000,0.0010,0.1000,50.1650,0.3642,50.1650,0.3642,-0.0000,-0.0000
252000.0000,0.0020,0.2000,50.1650,0.3634,50.1650,0.3634,-0.0000,-0.0000
252000.0000,0.0030,0.3000,50.1650,0.3620,50.1650,0.3620,-0.0000,-0.0000
252000.0000,0.0040,0.4000,50.1650,0.3602,50.1650,0.3602,-0.0000,-0.0000
252000.0000,0.0050,0.5000,50.1650,0.3577,50.1650,0.3577,-0.0000,-0.0000
252000.0000,0.0060,0.6000,50.1650,0.3547,50.1650,0.3547,-0.0000,-0.0000
252000.0000,0.0070,0.7000,50.1650,0.3511,50.1650,0.3511,-0.0000,-0.0000
252000.0000,0.0080,0.8000,50.1650,0.3469,50.1650,0.3469,-0.0000,-0.0000
252000.0000,0.0090,0.9000,50.1650,0.3419,50.1650,0.3419,-0.0000,-0.0000
252000.0000,0.0100,1.0000,50.1650,0.3362,50.1650,0.3362,-0.0000,-0.0000
252000.0000,0.0110,1.1000,50.1650,0.3298,50.1650,0.3298,-0.0000,-0.0000
252000.0000,0.0120,1.2000,50.1650,0.3223,50.1650,0.3223,-0.0000,-0.0000
252000.0000,0.0130,1.3000,50.1650,0.3139,50.1650,0.3139,-0.0000,-0.0000
252000.0000,0.0140,1.4000,50.1650,0.3041,50.1650,0.3041,-0.0000,-0.0000
252000.0000,0.0150,1.5000,50.1650,0.2928,50.1650,0.2928,-0.0000,-0.0000
252000.0000,0.0160,1.6000,50.1650,0.2794,50.1650,0.2794,-0.0000,-0.0000
252000.0000,0.0170,1.7000,50.1650,0.2629,50.1650,0.2629,-0.0000,-0.0000
252000.0000,0.0180,1.8000,50.1650,0.2412,50.1650,0.2412,-0.0000,-0.0000
252000.0000,0.0190,1.9000,50.1650,0.2067,50.1650,0.2067,-0.0000,-0.0000
252000.0000,0.0200,2.0000,50.1650,0.0554,50.1650,0.1411,-0.0000,-0.0856
255600.0000,0.0000,0.0000,50.1650,0.3621,50.1650,0.3621,-0.0000,-0.0000
255600.0000,0.0010,0.1000,50.1650,0.3619,50.1650,0.3619,-0.0000,-0.0000
255600.0000,0.0020,0.2000,50.1650,0.3611,50.1650,0.3611,-0.0000,-0.0000
255600.0000,0.0030,0.3000,50.1650,0.3598,50.1650,0.3598,-0.0000,-0.0000
255600.0000,0.0040,0.4000,50.1650,0.3579,50.1650,0.3579,-0.0000,-0.0000
255600.0000,0.0050,0.5000,50.1650,0.3555,50.1650,0.3555,-0.0000,-0.0000
255600.0000,0.0060,0.6000,50.1650,0.3525,50.1650,0.3525,-0.0000,-0.0000
255600.0000,0.0070,0.7000,50.1650,0.3490,50.1650,0.3490,-0.0000,-0.0000
255600.0000,0.0080,0.8000,50.1650,0.3448,50.1650,0.3448,-0.0000,-0.0000
255600.0000,0.0090,0.9000,50.1650,0.3399,50.1650,0.3399,-0.0000,-0.0000
255600.0000,0.0100,1.0000,50.1650,0.3343,50.1650,0.3343,-0.0000,-0.0000
255600.0000,0.0110,1.1000,50.1650,0.3278,50.1650,0.3278,-0.0000,-0.0000
255600.0000,0.0120,1.2000,50.1650,0.3205,50.1650,0.3205,-0.0000,-0.0000
255600.0000,0.0130,1.3000,50.1650,0.3121,50.1650,0.3121,-0.0000,-0.0000
255600.0000,0.0140,1.4000,50.1650,0.3024,50.1650,0.3024,-0.0000,-0.0000
255600.0000,0.0150,1.5000,50.1650,0.2912,50.1650,0.2912,-0.0000,-0.0000
255600.0000,0.0160,1.6000,50.1650,0.2779,50.1650,0.2779,-0.0000,-0.0000
255600.0000,0.0170,1.7000,50.1650,0.2616,50.1650,0.2616,-0.0000,-0.0000
255600.0000,0.0180,1.8000,50.1650,0.2400,50.1650,0.2400,-0.0000,-0.0000
255600.0000,0.0190,1.9000,50.1650,0.2058,50.1650,0.2058,-0.0000,-0.0000
255600.0000,0.0200,2.0000,50.1650,0.0553,50.1650,0.1406,-0.0000,-0.0853
259200.0000,0.0000,0.0000,50.1650,0.3599,50.1650,0.3599,-0.0000,-0.0000
259200.0000,0.0010,0.1000,50.1650,0.3597,50.1650,0.3597,-0.0000,-0.0000
259200.0000,0.0020,0.2000,50.1650,0.3589,50.1650,0.3589,-0.0000,-0.0000
259200.0000,0.0030,0.3000,50.1650,0.3576,50.1650,0.3576,-0.0000,-0.0000
259200.0000,0.0040,0.4000,50.1650,0.3558,50.1650,0.3558,-0.0000,-0.0000
259200.0000,0.0050,0.5000,50.1650,0.3534,50.1650,0.3534,-0.0000,-0.0000
259200.0000,0.0060,0.6000,50.1650,0.3504,50.1650,0.3504,-0.0000,-0.0000
259200.0000,0.0070,0.7000,50.1650,0.3469,50.1650,0.3469,-0.0000,-0.0000
259200.0000,0.0080,0.8000,50.1650,0.3427,50.1650,0.3427,-0.0000,-0.0000
259200.0000,0.0090,0.9000,50.1650,0.3379,50.1650,0.3379,-0.0000,-0.0000
259200.0000,0.0100,1.0000,50.1650,0.3323,50.1650,0.3323,-0.0000,-0.0000
259200.0000,0.0110,1.1000,50.1650,0.3259,50.1650,0.3259,-0.0000,-0.0000
259200.0000,0.0120,1.2000,50.1650,0.3187,50.1650,0.3187,-0.0000,-0.0000
259200.0000,0.0130,1.3000,50.1650,0.3104,50.1650,0.3104,-0.0000,-0.0000
259200.0000,0.0140,1.4000,50.1650,0.3008,50.1650,0.3008,-0.0000,-0.0000
259200.0000,0.0150,1.5000,50.1650,0.2897,50.1650,0.2897,-0.0000,-0.0000
259200.0000,0.0160,1.6000,50.1650,0.2765,50.1650,0.2765,-0.0000,-0.0000
259200.0000,0.0170,1.7000,50.1650,0.2603,50.1650,0.2603,-0.0000,-0.0000
259200.0000,0.0180,1.8000,50.1650,0.2389,50.1650,0.2389,-0.0000,-0.0000
259200.0000,0.0190,1.9000,50.1650,0.2050,50.1650,0.2050,-0.0000,-0.0000
259200.0000,0.0200,2.0000,50.1650,0.0552,50.1650,0.1401,-0.0000,-0.0849
